date,equity_equal_weight,equity_min_variance,equity_max_sharpe,equity_risk_parity,equity_min_cvar,crypto_equal_weight,crypto_min_variance,crypto_max_sharpe,crypto_risk_parity,crypto_min_cvar,combined_equal_weight,combined_min_variance,combined_max_sharpe,combined_risk_parity,combined_min_cvar,equity_sentiment_tilt,equity_sentiment_momentum
2022-01-03,0.007893532580496583,-0.0005399560144231189,-0.0029108767461690915,0.004667528916201857,-0.0022766644935885935,-0.020728701930202723,-0.020015136625576323,-0.019803923159494734,-0.020611513600887112,-0.01908322728152765,0.003123160162046698,-0.0007410020063946518,-0.007793674612747846,0.002436140073030087,-0.0022766644935885904,-0.003293028762079893,-0.006872213747685695
2022-01-04,0.008287326862424099,0.0013543328653381954,-0.005167341672842755,0.005012913853615709,0.0008705399839905599,-0.011764087452726647,-0.0078032023268655775,-0.01092509141362261,-0.011383324155537618,-0.010789442176082024,0.0049454244765656415,0.0013143306475775385,-0.005707250269950414,0.0036611428627469833,0.0008705399839905568,-0.0023020638753648006,-0.00040506057909854044
2022-01-05,-0.00981102456784561,-0.001346841755270245,-0.011646219309956267,-0.008786352582377269,-0.003613782197055885,-0.06206812715046752,-0.06097843774503514,-0.05678020252083823,-0.061532829043610446,-0.05667731579245424,-0.018520541664949264,-0.0015521709001139888,-0.02663115967296914,-0.013463007471916859,-0.003613782197055873,-0.00755671923710088,0.011127280508972742
2022-01-06,0.0005963769310551341,-0.009510937244851964,-0.0064157237954850736,-0.0020100270993976743,-0.00583349004950099,-0.0008726027668847446,-0.005062074208373245,-0.0039030102705008675,-0.001665383487937011,-0.002475519962275561,0.00035154698139848727,-0.008990777430709874,-0.0032836251849944795,-0.001811896415836432,-0.005833490049500997,-0.007391988077683729,-0.0016719518145246197
2022-01-07,0.0013930725716407813,0.0038255190156335247,-0.014158778094795064,0.0011627008051908673,-0.00013579648814062892,-0.040404478130600344,-0.044552037966314566,-0.04755618029122449,-0.04074668318874149,-0.047496715961351965,-0.005573185878732738,0.003240018069687201,-0.024445502520508536,-0.002417446022062987,-0.00013579648814060442,-0.01367014081693795,0.002014303998832245
2022-01-10,-0.006524926800297903,-0.00705347854024487,-0.004495663226636465,-0.00693469154296989,-0.0066082046485066714,-0.03018341787231781,-0.026430671787356873,-0.028187799638601987,-0.0288348926384755,-0.027287312703601706,-0.010468008645634554,-0.006920476350631373,-0.006948462430949812,-0.008798589567246953,-0.006608204648506665,-0.004252365300367749,0.004636788432897185
2022-01-11,0.010108670902059984,0.005784707949488721,0.009055259888770931,0.008301300956184716,0.004761089156292834,0.03416218451646136,0.036182462036893986,0.03795313073623452,0.03392641368565241,0.03658770690881638,0.014117589837793546,0.005853680173139953,0.018025404848889454,0.01044124896307211,0.0047610891562928324,0.007548353660578177,-0.007078637284138294
2022-01-12,0.002808856818174212,0.006336593612072725,0.006645462999029518,0.0034449089999064614,0.003473081837036367,0.05390506305509349,0.053519179956542456,0.05767244700209408,0.05289536379590913,0.05761121974462996,0.011324891190994089,0.006163430986795417,0.021610111868274016,0.007751867700081812,0.0034730818370363667,0.007541478465097836,-0.0010208138068807046
2022-01-13,-0.005023576980461087,-0.002315000243496959,-0.017292409546335805,-0.004787163424360797,-0.006120706273718858,-0.034351553179315694,-0.03579253703626216,-0.03785659537984302,-0.034333532344970795,-0.03828900976217742,-0.009911573013603521,-0.0023544290604263656,-0.02514984047685427,-0.007339530294729376,-0.006120706273718852,-0.01740229136515661,0.0030379477615574066
2022-01-14,0.0018072024404420664,-0.0019527362511336421,-0.0008996419429364383,8.066051304931986e-05,-0.0049989380832873055,0.025946966258798367,0.027114981199462103,0.0235130967098347,0.025477381469369297,0.018626516041106274,0.005830496410168116,-0.001960002284941153,0.008495346918206522,0.0023624449588726193,-0.004998938083287303,-0.0020521198729297877,-0.004113869524179651
2022-01-18,-0.010761970773172893,-0.0017836294841588702,-0.015070248867931008,-0.00945145952138962,-0.004974132151102363,-0.015388287946141766,-0.026427168276072992,-0.016768147841117815,-0.015661444232035106,-0.025710843573200675,-0.011533023635334368,-0.0022931471926450234,-0.019542988545501634,-0.009900845675864415,-0.0049741321511023485,-0.016358808804638157,-0.008488766245121205
2022-01-19,-0.006784420342637871,0.0077600964998543395,-0.006570598145226006,-0.0033923284001713193,-0.0008592631477122902,-0.029012441761665654,-0.02456968269939126,-0.032267803831072465,-0.02811045711590454,-0.027870029334846957,-0.010489090579142503,0.006962911757210807,-0.016992503535988263,-0.005716180551771476,-0.0008592631477122754,-0.008740693045136635,-0.013761783545303483
2022-01-20,-0.011862060931541647,-0.010722439329119883,-0.021455032788121005,-0.011320973378222585,-0.010452835292483396,-0.04252286623358551,-0.03686939354254047,-0.0445130746290331,-0.04135923368128267,-0.03961651279311996,-0.016972195148548957,-0.011063941484439828,-0.027624568768689257,-0.013954584203820864,-0.010452835292483371,-0.022423946677395418,-0.006355161742353089
2022-01-21,-0.012930960558085396,-0.004297388046886893,-0.015245286881067622,-0.010531869224122681,-0.001382486812579024,-0.11571254110166601,-0.11741154795913247,-0.11697747107081388,-0.11556548522433296,-0.11630187356194187,-0.030061223982015495,-0.005360522508517545,-0.04609784169520112,-0.019762518315613462,-0.0013824868125790245,-0.0175688179620932,-0.005482536860465112
2022-01-24,0.002307455792883594,-0.002701826945454329,0.0027836898323663237,0.001515395573038304,-0.001958487536604843,-0.028662159065224815,-0.026495585840130773,-0.02797997249047754,-0.02711465681088943,-0.027687631512616124,-0.0028541466834678068,-0.0020717244927240808,-0.0070774296744757536,-0.001102896361357316,-0.001958487536604867,0.003969575472389989,0.000832754041260153
2022-01-25,-0.003389437755906941,-0.005456398846606855,-0.013146208579217906,-0.0056907663556038145,-0.002508922312592755,0.0004887591135445127,0.0012894624653655672,-0.0006705929521207191,0.0008454444715889013,0.0010748320241624246,-0.002743071610998366,-0.0053053036666194445,-0.010533934115823058,-0.0048592808084216505,-0.002508922312592762,-0.012436706002512406,-0.00884588129626826
2022-01-26,-0.008848441165001993,-0.013939403222045031,-0.007056415877617002,-0.010331775410570608,-0.019003322405239158,0.005058996734153465,0.005790632911012049,0.01036078045675261,0.004836078948049954,0.00930627686747148,-0.006530534848476083,-0.014161545697311893,-0.0009373229811597898,-0.009023281555973811,-0.019003322405239158,-0.00771183870636568,-0.00476592441277
2022-01-27,-0.0034117832324707773,0.0011560908913076397,-0.014927338054363902,-0.0031888223047454307,-0.001851288172422783,-0.008704446363619856,-0.008471543842191327,-0.011376052274053684,-0.00813845346724764,-0.01146301966069356,-0.004293893754328957,0.0009855757440642259,-0.01572032968776325,-0.003557134633015452,-0.001851288172422758,-0.010957787447161303,0.000863843401363793
2022-01-28,0.016886259704974198,0.010419074554198158,0.02424998103563078,0.016849616944073036,0.015639111695263913,0.025426408633765198,0.024574589266114777,0.026183934052384696,0.025129122443477248,0.024071151503688572,0.018309617859772698,0.010615539665572441,0.024586515387320765,0.017644834370445783,0.015639111695263927,0.02492984478595356,0.0011548716890348862
2022-01-31,0.014021638256743595,0.008709261459764486,0.024431068652202258,0.013465124663727073,0.0071857927903180244,0.014535726144460116,0.017562846201449153,0.020045910869436342,0.014812386556127972,0.018356272722531736,0.014107319571363013,0.008839180282649775,0.025202600925950617,0.013427221804423588,0.007185792790318014,0.0227871905302503,0.0031761944466296597
2022-02-01,0.010950258432124882,0.0010914601267680768,0.022735326796023823,0.007994578582393712,-0.004444740797605802,0.023033684182255224,0.026943933382225387,0.024500792917644544,0.022804892779546306,0.021088921042646203,0.012964162723813271,0.0017109925878803826,0.027516169762183518,0.009346016531438572,-0.004444740797605814,0.027401422918117768,0.0022735337837581694
2022-02-02,0.009991702955684325,0.009822081293858585,0.023906403474708633,0.010220289238218593,0.009380895105630652,-0.0392681340350189,-0.04164395496906335,-0.041613223112061934,-0.039690383687384125,-0.039604462458521894,0.0017817301239004546,0.008876639714181792,0.009407385184350943,0.00576039534953918,0.009380895105629469,0.027594307794411185,0.0027247917749138734
2022-02-03,-0.009513828554154826,-0.004341330162003231,-0.014624981791591296,-0.008503962747090716,-0.009437008060235235,0.015430349548788726,0.013088404186948082,0.010773670558120719,0.014823832827525186,0.013239886625577228,-0.00535646553699757,-0.003981108135603948,-0.007513308189295507,-0.006444323575394327,-0.009437008060236838,-0.014445051039466156,-0.006093500412220648
2022-02-04,-0.0009650934505631592,-0.006063565608585116,-0.0010442565950295887,-0.0021266696554016894,-0.003791279354799733,0.08722734863520698,0.09532599439331645,0.09207690676053819,0.08905013809185225,0.09290848331591174,0.013733646897065197,-0.005505886662006448,0.02231532979660903,0.005761046233427428,-0.0037912793548005733,-0.0015172605741855943,-0.0017385637312319435
2022-02-07,0.0023266470700742483,0.0032057797763481374,0.005282418948720077,0.001748535389123524,-0.002491515479991095,0.07049951598030697,0.058975065139080865,0.04770768058255552,0.06803603269522684,0.0602295517046819,0.013688791888446367,0.003249291727122856,0.014794950906954268,0.007734600809501345,-0.002491515479990863,0.004037734068751973,0.002280466479842369
2022-02-08,0.004025120961881328,-0.0008620152382005394,0.012650749150642768,0.0039893940534791285,-0.00218760003515676,-0.0025026088809162687,-0.0020426049747412087,0.0005857840574166676,-0.0022025743202019844,0.0018658406385300766,0.002937165988081728,-5.18384562095209e-05,0.009109704937106177,0.0034069715685703162,-0.002187600035154501,0.012690624402571387,0.002028714111785587
2022-02-09,0.012606793313618202,0.0020788628202828845,0.020134838406392387,0.010586642875693669,0.00855368135617157,0.019764412626272824,0.023276707600632055,0.01183652049543637,0.01962222576661209,0.018124697764266597,0.013799729865727304,0.0024041998047628996,0.02014001444205351,0.011316554596658772,0.0085536813561709,0.019982629640550562,-0.0026337823084616138
2022-02-10,-0.016922118858680186,-0.014560864061601857,-0.024263106082475446,-0.01772865349281519,-0.015310165410133419,-0.026291180600430487,-0.02952082222373364,-0.030105309133962466,-0.026251649478538197,-0.02950248131192452,-0.0184836291489719,-0.014514090221728147,-0.02593719655867145,-0.01846893181931292,-0.015310165410133589,-0.024956379683033148,-0.008542449146838707
2022-02-11,-0.010206802133622505,0.00022859066287485362,-0.026133969192561803,-0.009114314252088298,-0.008214035691574808,-0.05987846010561805,-0.05550499859573852,-0.056028787120305935,-0.058300399767526254,-0.05577101561755888,-0.018485411795621763,-0.0005145168294719389,-0.029179184817827872,-0.0133974978395258,-0.008214035691575836,-0.027108076394494467,0.003027087380397657
2022-02-14,-0.006341009055696149,-0.004309230033698409,-0.00026443696773321393,-0.005757735398105672,-0.007586052948258708,-0.004873680716226225,0.0014162470861189464,0.005556605991950608,-0.0037941564792505914,0.003371073003187769,-0.006096454332451163,-0.004275487176413582,0.003441742022853804,-0.005679878801813365,-0.007586052948257997,-0.000513241015625273,-0.003027570733267766
2022-02-15,0.010470141652055799,0.003946247340655597,0.024862114286083994,0.009038556165936193,0.005296866837208282,0.05531791979116256,0.056573140207192674,0.05445453685980212,0.05513929815856695,0.055697831577990096,0.017944771341906928,0.004434327177870823,0.033293582827437246,0.01295704289449585,0.005296866837208317,0.02271868216340409,-0.007364162462569154
2022-02-16,-0.00045210611220674723,-0.0010665917920738282,-0.0024649954867605934,-0.0007504939422397556,-0.00021599664733101462,-0.015403125009194408,-0.01686594109893373,-0.01314953891171188,-0.015514133345980207,-0.015318333580435333,-0.002943942595038024,-0.0010193081897360698,-0.004541401607467611,-0.0020267698061080565,-0.0002159966473311019,-0.003457190248731284,0.0011210048733456372
2022-02-17,-0.01523585324930586,-0.0016625450863519322,-0.020644330607201767,-0.012581348496351088,-0.014329473878001113,-0.07783500010761192,-0.07631589418961118,-0.07144175525008176,-0.0776587949538687,-0.07186720697364042,-0.025669044392356868,-0.002393147794187258,-0.031187624283276462,-0.01834865116146312,-0.014329473878000954,-0.02139210157597992,0.0020705770148354836
2022-02-18,-0.008409016441980766,-0.004301957972309261,-0.003793860075906263,-0.007564643930256221,-0.005628082590046728,-0.0078087634981973564,-0.010005843438661635,-0.012393181007769153,-0.008234321141704854,-0.009120607636418974,-0.00830897428468353,-0.004365482441344074,-0.008151148108573151,-0.007534000843928251,-0.005628082590045574,-0.002735032380406818,0.002454247494401742
2022-02-22,-0.006636163123505223,-0.005175262328851571,-0.005184474990410229,-0.0057413024706052035,-0.005764140455047526,0.039267972983908536,0.037057929488986896,0.03619331569670381,0.03879467793436576,0.036078839298408986,0.0010145262277304048,-0.005145247442248806,0.0032863392167665245,-0.0017116487724477781,-0.005764140455048404,-0.004450813528162346,0.008858336249866375
2022-02-23,-0.011444759515712766,-0.0001325750238354641,-0.01075173080652339,-0.010177038850681814,-0.0029495985845739594,-0.020894244531552655,-0.02182343031937336,-0.023111065104208846,-0.02111728320916876,-0.023664949133751164,-0.013019673685019413,-0.0011113084101842792,-0.011575276484710639,-0.011126295877382295,-0.0029495985845754565,-0.008720974014184936,-0.0010749564967128225
2022-02-24,0.00664616201331293,-0.005303612502434608,0.014082709445553374,0.0059181193284462315,0.0006170535406024749,0.0018385094903915376,0.0024214652164518524,0.0034114587694185385,0.0029346335018147567,0.004242279198699893,0.005844886592826033,-0.004386856928961742,0.012865410169603584,0.005466236456903363,0.0006170535406028325,0.014154228156791208,-0.0009193700977471264
2022-02-25,0.02542752148262096,0.023148299184533996,0.028542714025887553,0.02471941603711362,0.024736547615645494,0.0426568023198654,0.03838560552570617,0.035351103248740585,0.04160797908702178,0.03842564330038363,0.028299068288828368,0.022684005121588326,0.03446063914311992,0.026304648060017928,0.024736547615644706,0.02942082492057629,0.004628156877836964
2022-02-28,-0.002195598379704531,-0.009172537239219477,-0.005389162002481478,-0.004485518967475669,-0.007587033451503737,0.1008640657054067,0.10607836386423417,0.10595416003986308,0.10295228970565423,0.10642726465028218,0.01498101230114734,-0.008637695973045431,0.025294215676657586,0.004997344960192929,-0.007587033451503225,-0.005310894406731224,-0.008373481663602007
2022-03-01,-0.012896231197349313,-0.001380031987143212,-0.016900133210388,-0.010821421610820536,-0.009088133213271468,0.003119622193887295,0.009483953880817738,0.012369168339398353,0.004472701687868213,0.010371978720136649,-0.010226922298809879,-0.0017615082720691467,-0.005678219933523851,-0.009460165594794182,-0.009088133213272367,-0.017061396274386072,-0.0034585624926554326
2022-03-02,0.019780619392027854,0.012091458131649685,0.02404432002228995,0.017887740173233493,0.011343617647391231,-0.018961438742063776,-0.014447103090659821,-0.016983126072450085,-0.01825323834952669,-0.014967278745190694,0.013323609703012582,0.012320271211008215,0.017253564136359433,0.01471081614120023,0.011343617647391207,0.025342000435915106,-0.0029600591030188124
2022-03-03,-0.000841849061040849,0.006757350650121824,-0.004426623158041955,0.0013132066080499389,0.0030720859005260036,-0.01945143008743081,-0.023472771110971943,-0.027254247839666998,-0.020296738614055215,-0.029067054200241735,-0.003943445898772509,0.006609450305108415,-0.00949832720180942,-0.0003871426367364223,0.003072085900526058,-0.005651786339354695,0.0009749256142435178
2022-03-04,0.0018169686926337782,0.0077635013224030824,0.0022638076784338157,0.0026891660650647177,-0.0004142272445066988,-0.06963713259937182,-0.0674573813271828,-0.06884228333758498,-0.06978574793233666,-0.0644120212242821,-0.010092048189367153,0.007233135592782783,-0.013313053042899382,-0.003509548514807304,-0.0004142272445067086,0.0008263719912439008,0.016052920566024514
2022-03-07,-0.01776749892036473,-0.006575819712204751,-0.021763492083019406,-0.015133915908715484,-0.018174706191073857,-0.017777027863443554,-0.016470177144826795,-0.01760947990653619,-0.01743308968853565,-0.016881559544758885,-0.01776908707754453,-0.006925305252717586,-0.021590129815554984,-0.015267780485105239,-0.01817470619107367,-0.023682856629065017,0.007546498175250033
2022-03-08,-0.004451663647359794,-0.014276595487508792,-0.0077791487914541935,-0.0071926305937267745,-0.018790629496204442,0.019149664845266434,0.020590684174936404,0.017770515092882157,0.019296886546165976,0.020617714286874728,-0.0005181088985887553,-0.013777605686876264,-0.003844749114279934,-0.004856064031272634,-0.018790629496204362,-0.009205379065867514,-0.0071547884331879825
2022-03-09,0.015019626125899072,0.007191433473031615,0.019457079583181103,0.012978864512772338,0.01014192990626348,0.0614250133237116,0.055845115343984536,0.06434777078250434,0.06174905165628498,0.05552134398287809,0.02275385732553449,0.007345410684702282,0.03128178892740643,0.017106286958138393,0.010141929906263522,0.021933505163214434,-0.003467299729594123
2022-03-10,-0.0008810613935192379,-0.0003347580807469678,0.0012331510012908234,-0.001069105943223425,-0.0041921947259784,-0.04529719373610162,-0.042701213080069376,-0.0481704606709648,-0.04563537671376829,-0.044343909387467496,-0.008283750117282968,-0.0005180973680384812,-0.010123419717296574,-0.004905234378957355,-0.004192194725978281,-0.0011041823518843977,-0.0005952549007164284
2022-03-11,-0.008321164119682882,-0.006698477926629412,-0.011164370992495239,-0.008209129058068238,-0.007470798174368557,0.007251389353312222,0.0018961993782382561,-0.0023367634460555054,0.005874758922248914,-0.003959334140644226,-0.005725738540850364,-0.006596347514145329,-0.011832026160792788,-0.0068231742558028385,-0.007470798174368626,-0.010758363323075925,0.0038164232585025126
2022-03-14,-0.009521426509802988,-0.006885516216904293,-0.019972989020053837,-0.00899573163855631,-0.004388291547726067,0.025832757715324076,0.027864633286265452,0.02534624280339182,0.02675858189372274,0.026030470224676288,-0.003629062472281809,-0.006953077318431879,-0.006199644748989924,-0.005673189089332402,-0.004388291547726417,-0.021135027623724635,-0.0034049944152807375
2022-03-15,0.009821014009503297,0.01006543024971367,0.021849790359229494,0.010519697570955267,0.013622501089594853,0.002887432540878421,0.002548621256799031,0.0013868020555446638,0.0024911152218330163,3.155572038250241e-05,0.008665417098065818,0.010077129397429937,0.018587332537876422,0.009655608501691044,0.013622501089594903,0.02286029975156411,0.004153077649368418
2022-03-16,0.015830145929724593,0.006109915058648552,0.02132645973704572,0.014126651453465495,0.01006050246745354,0.04154673098381621,0.040281223619310656,0.04499373383448459,0.04162093625988704,0.04028178089831632,0.02011624343873986,0.006530370790660154,0.025523505254019762,0.016341556027534204,0.01006050246745364,0.02094409452451813,-0.010579777561250229
2022-03-17,0.014569366617528792,0.012069396680253593,0.009961181054381799,0.013185424168767496,0.011590981405145489,-0.0021367286149943324,-0.0008253610692053291,0.0009176792864883376,-0.002086252771906559,-0.0003641546611969698,0.011785017412108271,0.011987568898970184,0.008320871883465149,0.01195100358544604,0.01159098140514543,0.008482653420214075,0.0022941699242776756
2022-03-18,0.004900691902451891,0.003705144456858458,0.011604461425969182,0.004625742623691187,0.006511640253848637,0.02287071412696635,0.02364451972683752,0.02542351264360782,0.022967726631965946,0.02488901923173928,0.007895695606537636,0.0036762408725211806,0.015134228037876578,0.0060932432414120465,0.0065116402538486105,0.012649774159242767,-0.0013313191024684023
2022-03-21,0.0036164035562298484,0.003122561279601667,0.014190450566632682,0.002777571894680709,-0.001628753399943862,0.023983811636451392,0.013797916013996823,0.01945572794266609,0.022131273122346935,0.01721956657123632,0.007010971569600105,0.0029311486562148773,0.015768994543034022,0.004538491165695218,-0.001628753399943745,0.015506252824320263,0.010733401888858303
2022-03-22,0.0055469342443239394,0.004512635505503743,9.46985949573509e-05,0.005267719945923524,0.007711864307017469,0.06288462575961842,0.0431821059323714,0.05081739980528883,0.060293105348961824,0.048571147680168486,0.015103216163539686,0.004538074231172163,0.008709201107835468,0.01012190371353446,0.0077118643070174,0.0005466450033837733,-0.006099194964996388
2022-03-23,-0.009675333619606638,-0.005699299910231064,-0.005256333763396093,-0.009416244421260394,-0.009087663303987368,0.012081167675711225,0.022181857020240038,0.034576330314930424,0.012924723466951877,0.032929984905501246,-0.006049250070386996,-0.005714719301389558,0.009169413097771119,-0.007476363965569802,-0.009087663303987262,-0.005552499941896054,0.00349419125076125
2022-03-24,0.010775713212324893,0.005798502835495393,0.024618379416625192,0.010044936092831117,0.00784059345547986,0.02453322843609056,0.024980868165251503,0.027783033293453142,0.024563492354489267,0.02209030126973776,0.013068632416285834,0.005721274822004053,0.025665987785535856,0.011173222902705279,0.007840593455479841,0.02886563844993665,0.0012753232724054177
2022-03-25,0.009012400337871585,0.008165219753826407,0.007203074006390042,0.008689112641114664,0.007104803563341212,-0.011489590412916785,-0.00975043870428016,-0.009616712193371934,-0.010615425026226675,-0.0095732869449269,0.005595401879406856,0.008010755710835132,0.0037748881574147454,0.007065469998200985,0.007104803563341339,0.006341903646854065,-0.0008296141570858496
2022-03-28,0.0008465485017869992,0.005925180425391878,0.002241768507924548,0.0030718505938674167,0.007561770341836137,0.004451770657822229,0.0004548333297648864,0.0009476173780526575,0.004075631966944504,-0.00023490788329313874,0.001447418861126204,0.0059868437895793285,0.0028282198176527522,0.0031148718035894666,0.0075617703418360965,0.002886892060047505,0.004777777588980452
2022-03-29,0.012421936723784473,0.01227386459595248,0.007941593342260873,0.012603503557948351,0.017591201862912777,0.013999177555741139,0.01249978701209718,0.015561360545065003,0.013683885273453458,0.012458126480222757,0.012684810195777246,0.012247274717648958,0.009119738016292218,0.012668321221772253,0.01759120186291273,0.010188186495268968,0.0031316567595895736
2022-03-30,-0.004279865159334702,0.0019592306896110915,-0.007328708462983305,-0.003108920063481506,-0.0035724721043978317,0.009501167971384695,0.009535227073023862,0.0036329545580671904,0.008874639876647435,0.00977302114037295,-0.0019830263042148024,0.0018357948928870798,-0.005957868944075654,-0.0019358299997109009,-0.0035724721043977545,-0.009148817009969624,0.0010312237375623172
2022-03-31,-0.014612859704207259,-0.009843974138874272,-0.019753385500361237,-0.013205309700357454,-0.010818213199978414,-0.03077250341725826,-0.02980444891413664,-0.032347523606801966,-0.03062963658310404,-0.023863135832480696,-0.017306133656382425,-0.009983727841419751,-0.02211079280535511,-0.01466988750365801,-0.010818213199978426,-0.020670424623274848,0.0029285741607367063
2022-04-01,0.006186125023239843,0.008391175264587731,-0.001558425291503253,0.006890419528955066,0.008977665786332677,0.013142468892550918,0.02079525209999635,0.022172506940241428,0.013919249196864315,0.019962314808185347,0.007345515668125023,0.008215538777469389,0.004743340983289345,0.007557985673809843,0.008977665786332604,4.086118385794005e-05,0.00582231887453688
2022-04-04,0.0023851263573864538,0.0024913291296399438,-0.0017527844036761765,0.0023338093169938973,0.005233758195294809,-0.006553388346854017,-0.008869478232969753,0.0001288229979921978,-0.006366787528361459,-0.0030674097480467856,0.000895373906679708,0.0021501121779962584,-0.0008599733483891068,0.0015620119873641738,0.00523375819529482,-0.002503391109359585,-0.0021980086799708465
2022-04-05,-0.010698340505611342,-0.0043388995926454885,-0.013026335552675652,-0.007998352319947246,-0.006548754931559147,-0.028460521862655356,-0.02438219030513963,-0.03225658149273575,-0.02787430299104115,-0.02694680997348393,-0.013658704065118677,-0.004302200017364489,-0.014909809509760579,-0.009202707136857438,-0.006548754931559458,-0.01377876501588465,0.0009985465954010105
2022-04-06,-0.0012633246356550413,0.010811422224940222,-0.0011050721221772812,0.0021828337594709214,0.005582031641593577,-0.09165544300198733,-0.07970475549213632,-0.08972619945240032,-0.08887386413387494,-0.08129678755492047,-0.016328677696710422,0.009766377088178742,-0.007944092595703849,-0.0037794029987547645,0.005582031641593247,-0.0004006171847896723,0.0015484144123408927
2022-04-07,0.0016102370143205459,0.002675302182932121,0.008739218144524526,0.001597945764486308,0.004579902740997058,0.0361365525133895,0.02277602037990791,0.04395371040987666,0.03371613496311995,0.026346243640509415,0.007364622930832038,0.002810391462350815,0.010476148511042133,0.0037748208344174235,0.004579902740996838,0.006483443968255799,-2.406863504996788e-05
2022-04-08,0.003154132343436489,0.004665546946995228,0.0017806466185614136,0.002600426014814582,0.0042793335459087554,-0.041862478758459706,-0.03212833599450447,-0.041874517275871506,-0.04025193035832103,-0.03566463115271992,-0.004348636173546209,0.004077891096159924,-0.002048922476595303,-0.00015649141563521258,0.00427933354590876,0.0019195842986651239,0.0021720805276913687
2022-04-11,-0.011840453695113766,-0.008501439986863927,-0.01908911733650288,-0.011115754230855443,-0.013365736062585468,-0.08038746598850147,-0.07608710772918714,-0.07983488749062492,-0.07926847920417342,-0.07879055803262473,-0.023264955744011717,-0.009438415639822489,-0.026233799358628733,-0.0156482952943066,-0.013365736062585266,-0.020009299057721107,0.001844051399629989
2022-04-12,-0.0008602131354637924,-0.0015690452798945349,0.002065425847761631,-0.0015636953078984228,-0.004175733216190718,0.0283449435915488,0.02422078359976976,0.025942240737069553,0.027384479765201544,0.02617690589270037,0.004007312985704973,-0.0014184559712989997,0.004731406056650175,0.0004602168565522841,-0.004175733216190571,0.002788165667440795,0.002764373155705717
2022-04-13,0.009111691535789813,0.0033167691545463304,0.007208116344542444,0.007750170078991737,0.003066095184890396,0.037169341846512015,0.03284119085597843,0.022133222768161907,0.036377640297702775,0.031385106743519395,0.013787966587576849,0.0046705747952298406,0.009020503140553237,0.00954609522598609,0.003066095184890434,0.0071715555237055065,-0.0012488920192313356
2022-04-14,-0.002157609439999568,0.003089865127034251,-0.001140694073102667,-0.0018391841013821462,0.0005168395500801594,-0.023658564245833215,-0.027811066614808637,-0.03172605578634257,-0.024337501618825957,-0.027957490613089893,-0.00574110190763851,0.0018727233392495939,-0.004445856186204778,-0.0032094271362007906,0.0005168395500798322,-0.0027593793877087654,0.0038652220209493457
2022-04-18,0.0008561339045568396,-0.006744103981236427,0.007243626460518859,-0.0016097128430782994,-0.009729478342655957,0.022289250330103764,0.02259985632544944,0.0218563051141132,0.02255678150171521,0.022985071507032884,0.004428319975481326,-0.006397875888306175,0.009940950518997717,4.356248498252097e-05,-0.00972947834265596,0.007571725121112203,0.00284892704472282
2022-04-19,0.012514123824200307,0.009473712619570753,0.006093342362777802,0.012120741255595308,0.011207172919265696,0.021499995707293638,0.01914682068026709,0.01703998620691699,0.02094211215980515,0.017687525411575505,0.014011769138049197,0.00995179851175369,0.0064665607940351715,0.012690637856887182,0.011207172919265653,0.009174316690728823,-0.0018675695698817322
2022-04-20,0.001500873359236508,0.002612141519336827,0.0016192461751597445,0.002125594438376419,-0.0021222637906093025,-0.012096637850906013,-0.012960788384201527,-0.015154984160297067,-0.011928403366173353,-0.01398145608792088,-0.0007653785091205789,0.002757554813732522,0.0003094656142803078,0.0013322736751105757,-0.0021222637906098407,0.003656453051907662,0.002642092507422131
2022-04-21,-0.012365582660085608,-0.004653755778483644,-0.018246520882652696,-0.01110808210208014,-0.012389161900706498,-0.020877854849308077,0.003385587968219626,-0.011466967036349434,-0.018511997035918715,0.004951219740000012,-0.013784294691622685,-0.004999748408688065,-0.017921579105931312,-0.011265341460185476,-0.012389161900706776,-0.01862071644841804,0.001540935172263344
2022-04-22,-0.02310687701405425,-0.015316060885238396,-0.029397242013507414,-0.020630620792598718,-0.01671799027576301,-0.011750225224195165,-0.02053395137003263,-0.01011444423596884,-0.012785236479915882,-0.01846395486500876,-0.021214101715744407,-0.016341459223335516,-0.029087985289841013,-0.02026071460894468,-0.016717990275762606,-0.026766507545723957,-0.005513140680540336
2022-04-25,-0.0025623220050974235,-0.00117731881627122,-0.005556361936802322,-0.0017625365540950195,0.0005164872037576563,0.01016629986165194,0.012269262536410244,0.014483155260014022,0.01106087429358953,0.013900620957647906,-0.000440885027305863,-0.0010382835129368881,-0.0024508736098138827,-0.000993410669666885,0.0005164872037575636,-0.0069735098731904185,-0.005133298730370288
2022-04-26,-0.02058994664206025,-0.01857821866623245,-0.017856606005874492,-0.019509226079535185,-0.010058733522585706,-0.06831752801509475,-0.06353662071436356,-0.06967161146763089,-0.06743643446673128,-0.06572852937712727,-0.028544543537566,-0.017960826550711993,-0.022477995207874333,-0.022601743137408543,-0.010058733522585944,-0.01803179776986154,0.00040523311532942815
2022-04-27,0.0004532832337849468,-0.0038906002624830086,0.002988120094483051,-0.0002226885640265295,-0.0006767415600045886,0.024420882858019202,0.024192069559973235,0.023174248546743777,0.024635034075833635,0.024222698294512023,0.004447883171157322,-0.0026216073972114497,0.006079430654315856,0.0015585529703667194,-0.000676741560004749,0.005371308695965304,0.006819475966620718
2022-04-28,0.0175969767603209,0.013556593671330407,0.023687633346778977,0.016072038641043725,0.012431919821222437,0.00891174348381466,0.01142655895011484,0.007698191428602676,0.009310649533729176,0.0072851421781545975,0.016149437880903193,0.013040627928841437,0.02245167445797716,0.015499730008172433,0.01243191982122242,0.02670461491137999,0.007840754999756522
2022-04-29,-0.03513723368055066,-0.03263145222791963,-0.04448824543149303,-0.03469736517794061,-0.028460833649210385,-0.03646867383836266,-0.031197380856315078,-0.04011191088194893,-0.03575676842264087,-0.03386122050983759,-0.03535914037351934,-0.032054852197703466,-0.044645417743911814,-0.03474397039350526,-0.028460833649210353,-0.0467929262538822,0.0019817405274660757
2022-05-02,0.0042827520663408876,0.0008319436441336276,-0.0027890022683907103,0.002157703976740789,0.0018540831750210854,-0.0031505798137046906,-0.002720942493572346,-0.005761584991048833,-0.002862971951146917,-0.0052032275010671005,0.003043863419666624,0.0002407981539648513,-0.002257348955411634,0.001599079465811404,0.001854083175021319,-0.006729905979719772,-0.0017907713680531746
2022-05-03,0.006419254004216236,0.0024111575057492608,0.004230238584967686,0.004850778035791662,0.0024741712465232136,-0.010712090547274922,-0.004885617098585553,-0.006494035650297156,-0.010602242427744091,-0.00462569770371243,0.0035640299123010427,0.0027539132986219017,0.002567013952859355,0.004000050282902413,0.0024741712465231073,0.004396429740597207,-0.0035653648319316452
2022-05-04,0.030597475828033585,0.022292826244546003,0.021809164677138494,0.027678280423746086,0.028422254108595425,0.09768777207422855,0.10181661521618225,0.11683448610781878,0.09606333713209561,0.10647390508460614,0.04177919186906608,0.023577422707446144,0.027316314063501556,0.03205619902089565,0.02842225410859558,0.021120973518688274,0.0003257297916488635
2022-05-05,-0.025223333537134417,-0.014540826325570976,-0.027708015334577302,-0.022300597338756313,-0.01907154535324224,-0.08792760957755685,-0.09310648693219183,-0.09380002260108795,-0.08788720041011269,-0.09414384665898257,-0.03567404621053816,-0.016063062931650645,-0.03288355184173528,-0.026281079036447656,-0.019071545353242285,-0.0262429698710819,0.007240156797297781
2022-05-06,-0.003734814055229669,-0.007624175930977438,-0.007076959304253922,-0.004980146874756962,-0.010260853361312362,0.009911536356464601,0.022367083855823918,0.017863702469330306,0.009999943115098529,0.023456096796635392,-0.0014604223199472903,-0.006277595811963723,-0.00699693621868221,-0.0036557065192694815,-0.01026085336131238,-0.0028446305869101606,0.010952763391318218
2022-05-09,-0.03505511084284931,-0.014164751833279485,-0.03816095256839656,-0.02863433004061843,-0.02299079807923107,-0.13858540201932165,-0.14088008816265024,-0.13629919051383643,-0.1374939294862968,-0.1373758836251057,-0.05231015937226136,-0.016778320757166135,-0.04661417423415244,-0.035390192668223436,-0.02299079807923113,-0.03687205264300027,0.001354507572469658
2022-05-10,-0.00435015726679066,-0.008452862127380712,-0.004792628460297691,-0.006119590121679832,-0.008980761081815876,0.03548752611899278,0.03727019134099884,0.037366512417908074,0.0353126707520592,0.038277611235246096,0.002289456630839912,-0.0080959379501796,-0.001574013766632975,-0.0036348063264129366,-0.008980761081816002,-0.00578297244882607,0.002128085275360298
2022-05-11,-0.003418132781437833,0.0047773217166120945,-0.010233957758498403,-0.0010277532599153128,0.0065568058900263146,-0.14409244004091043,-0.11428096273853024,-0.1155358214763914,-0.13791306734902023,-0.11909781937684116,-0.026863850658016598,0.003582354142103999,-0.017698479109807614,-0.009542083901998982,0.0065568058900263675,-0.00842869607869715,0.009550408737125706
2022-05-12,0.0022033135934364763,0.006462515502310676,-0.0020950491037285816,0.003482519793297637,0.010401882673893406,-0.04872558742882796,-0.04760673317659194,-0.05144783954341822,-0.04647851587975418,-0.05765254931940685,-0.006284836576940929,0.006014393844289398,-0.003092367023600092,0.0004180047269454893,0.01040188267389332,-0.0014246199131601439,0.0012780856183352142
2022-05-13,0.022291124944625016,0.009466913574883553,0.019101085064393866,0.018384336558975246,0.01370672063481055,0.06680643620759522,0.059416899820372585,0.06700377574475697,0.06352807530298224,0.07020423229678302,0.029710343488453382,0.010709035171515193,0.019380847067073194,0.021185053877889517,0.013706720634810711,0.020615481982856478,0.005055611340388974
2022-05-16,0.0013181692032246063,0.005788875216389455,-0.0012831067671182025,0.0018874674330841242,0.0039003644205710844,-0.05961559892154226,-0.05550585746268139,-0.0554709389588498,-0.058685249585627625,-0.054496102925694304,-0.008837458817569869,0.005084520432612567,-0.005731670564497527,-0.0018376852175097194,0.0039003644205710185,0.0004518831068482828,0.008419760581771176
2022-05-17,0.01945053993405474,0.0004912822858301035,0.005927493121907636,0.014360764042452633,0.017789844774246562,0.04388035967930752,0.04246704838048179,0.03626371753183152,0.042678588413038496,0.03467971454116485,0.02352217655826354,0.002868204695492552,0.008129692633700194,0.016145532997412473,0.01778984477424639,0.0042812243946168125,-0.008740496381559446
2022-05-18,-0.02801387185213911,-0.021984363370548196,-0.03805454298711544,-0.025365766875018632,-0.018113231583161176,-0.07934075845361611,-0.07096659452957788,-0.07562954511730509,-0.0776177860568105,-0.07096901911988343,-0.03656835295238527,-0.022273752498019047,-0.041165527881900074,-0.028496360064831902,-0.018113231583161415,-0.03672914742746245,0.0004107519895087176
2022-05-19,-0.0018228315479148116,-0.004659529449662267,-0.0004355987781549959,-0.0021772766509401717,-0.0024266666059232474,0.04750690560771123,0.053885420318004994,0.04913985531415438,0.048447543574775986,0.047002502648957625,0.006398791311356195,-0.004095158111137556,0.004558490029822784,0.000946345058852646,-0.002426666605923287,-0.00163958952823141,-0.0061084017077144715
2022-05-20,0.0006859801810684969,0.0028566456358141267,-0.0005035197256840752,0.002657750298218724,0.00121480113690518,-0.031759637146683804,-0.03313489305165625,-0.03137680280102211,-0.03205297313099872,-0.02917618153244264,-0.00472162270689022,0.003125163272862344,-0.0033144705579951673,0.0005633355066436082,0.0012148011369052727,-0.0006795569772368035,0.0070143458715022115
2022-05-23,0.019290594368582818,0.013542455167724475,0.017768448567948868,0.01722180561248428,0.01752539982140126,-0.03280431624764311,-0.035478954548861664,-0.028073176884785573,-0.03329155045633196,-0.03917973251058324,0.010608109265878497,0.013563759997577843,0.0124760922722173,0.014025123719335598,0.017525399821401364,0.01594912359675085,7.512429920307527e-05
2022-05-24,0.00041604997641936375,0.010661677359329614,0.0003863279896233388,0.004338615789548483,0.003646118022757244,0.03203904359740626,0.02541538163375028,0.038296012421682214,0.03080533127918307,0.0212368006572969,0.005686548913250513,0.010787577646206085,0.0026840767013987625,0.00617952173649269,0.00364611802275737,0.0003861517618159551,0.002799484244957923
2022-05-25,0.008934932428617258,0.0033941768492730855,0.013011730826219571,0.0068004500403254595,0.0065368933631022325,-0.009345323136245276,-0.0022966372160343152,-0.0017064427265525068,-0.008456825689815204,0.0016036155561835728,0.005888223167806833,0.0038941309700643986,0.011234906787268706,0.005886490810349042,0.006536893363102133,0.012693767308566575,0.0010267399753784723
2022-05-26,0.01523442887493036,0.0049569559421772,0.01773609992671951,0.01116849419326276,0.006684918681431247,-0.05070413016976659,-0.04550735521194335,-0.04862485170108728,-0.048733434043371784,-0.04096170239435548,0.004244669034147536,0.004965496458131052,0.012364808691068704,0.007354617238653115,0.0066849186814312974,0.0174565161060914,-0.0026731891470825886
2022-05-27,0.019582410573768305,0.011152391740796271,0.02274634656575621,0.0173818764528732,0.012451431251651792,-0.02852164180232375,-0.03206033089061534,-0.026522027744904572,-0.02865468889443647,-0.033730249191909895,0.0115650685110863,0.011693788574592304,0.01700886825159733,0.014483145990474483,0.012451431251651792,0.022551836113117504,-0.0003799607334903138
2022-05-31,-0.0076868323484519125,-0.0073173501312148856,-0.01383273712742366,-0.007604720409340613,-0.006724980473137683,0.011728387575256226,0.008974225707003685,0.01207472355921781,0.010807936191995979,0.01831690307738452,-0.004450962361167222,-0.007166227024022593,-0.012164881728367436,-0.006495147309816575,-0.006724980473137706,-0.014210121818297464,-0.003596785735136892
2022-06-01,-0.005248085487194568,-0.0064546012796867155,-0.007704750799693011,-0.005778054131895523,-0.005798890445952091,-0.0710803050374161,-0.06175442377108552,-0.0658651668503282,-0.06974600741131541,-0.06098686889271042,-0.016220122078898155,-0.006552516671225943,-0.012977236585267235,-0.00969071831510156,-0.005798890445952097,-0.007403072966050287,0.006280331770081181
2022-06-02,0.014666480722361937,0.006536662652808868,0.010686766915319126,0.012507121239444537,0.004463753675327857,0.0241083992323192,0.02075758380906129,0.023072598162596505,0.023548257672039028,0.021962177424429612,0.016240133807354812,0.007009313901525471,0.01016020536092755,0.01291475893955689,0.004463753675327974,0.00875546221856658,-0.001406457506866556
2022-06-03,-0.00828168804204499,-0.00722422530792984,-0.005687252457940155,-0.00805949395926167,-0.004305671373052435,-0.02621997954174823,-0.031980320399513804,-0.031226941435220507,-0.026759310203750518,-0.03413509376108264,-0.01127140329199553,-0.0073410954902647626,-0.006191836577979663,-0.009064708978854258,-0.004305671373052278,-0.003839421131673865,0.009184657795276996
2022-06-06,-0.0004726634839063061,-0.0030935504012627024,-0.0011463644896765543,-0.0008653257083954951,-0.0013304064414587605,0.029201446111795717,0.03133370773617564,0.035513520918220756,0.03019684700506417,0.0365277818205676,0.004473021448710697,-0.0025061377007145756,-0.0007524975548833403,0.0009400448266623784,-0.0013304064414587896,-0.0025456219480536925,-0.002104104492166294
2022-06-07,0.010212564518665373,0.007435327890144918,0.012601784689772836,0.009052217989272304,0.008638290079252986,-0.011969793902402005,-0.00733105427897127,-0.013065797756873596,-0.011454817134017584,-0.007118333952109971,0.006515504781820813,0.0077754238430060895,0.013096995168687708,0.007890679193379851,0.008638290079253022,0.013895627546792659,0.002565937155104549
2022-06-08,-0.01288874606797629,-0.011244366921876971,-0.02044816747109006,-0.012999018687963862,-0.010431689097635618,-0.013612383477299806,-0.014866964414953084,-0.007100919063140713,-0.014404515532524144,-0.010345370849604575,-0.013009352302863545,-0.01159173913487707,-0.020621886577737347,-0.013089682552745079,-0.01043168909763552,-0.02167843741825126,0.0012577213726062842
2022-06-09,-0.023559022078012803,-0.020042172116032275,-0.02898696025213957,-0.02207913805478838,-0.020974661260442146,-0.006290799584613549,-0.00553485777719801,-0.003943802692728978,-0.0060496976661529615,-0.004299062915066527,-0.020680984995779594,-0.020150787446820754,-0.02745119465322263,-0.02110994366196684,-0.02097466126044228,-0.030763633885543134,0.0011030263355075397
2022-06-10,-0.02572519852341478,-0.011380773631725774,-0.020625609570923187,-0.021341362863430784,-0.016122630791014034,-0.05238956967634552,-0.05153953641881805,-0.05405335628717198,-0.05165990723320137,-0.05206473629572237,-0.03016926038223657,-0.012554716361453288,-0.020981286739000942,-0.023114102535090858,-0.016122630791014208,-0.0202096275698281,0.0015375072529373044
2022-06-13,-0.04038529147505947,-0.03178891668448026,-0.04302571714837523,-0.03764444347045426,-0.03480555460403756,-0.12649945561716172,-0.13814093252030665,-0.14046087010918776,-0.12935322353161446,-0.14035075283593454,-0.054737652165409836,-0.032430304511694596,-0.048420362329751526,-0.0430754428822063,-0.03480555460403741,-0.043050266741627666,-0.0004684461042025272
2022-06-14,-0.0064914420956830995,-0.012882654593031699,-0.0013425317793895435,-0.00919966657034255,-0.01509912431830811,0.011680498107776516,-0.009118417420727495,-0.013621721355997523,0.008533739217513102,-0.01811560019168567,-0.0034627853951064978,-0.012887092681693073,-0.0054727214867342855,-0.00831461882099314,-0.015099124318308016,0.004150615126231921,0.002522324716724398
2022-06-15,0.010895650187921786,0.005334263856016843,0.005870953988333734,0.009963717382112004,0.007758517639501956,0.06542525357596155,0.06419235244063481,0.06804643620863819,0.0629180244835098,0.053935226418971756,0.019983917419261744,0.006323113983655802,0.010165635354489597,0.013059036525194398,0.007758517639502065,0.004990110717234509,0.0024787437725782993
2022-06-16,-0.028833026531388663,-0.009921293283313138,-0.023878717724156565,-0.023361428306032352,-0.015822711870432382,-0.1071884006610222,-0.10425078236497072,-0.10557798861833671,-0.1067309114920162,-0.10845298995754747,-0.04189225555299425,-0.012539994472194895,-0.02806485938207565,-0.02835613840204366,-0.015822711870432278,-0.02692045742652361,-1.5590088412228281e-06
2022-06-17,-0.0040129501461385695,-0.0028516147905554923,-0.006937520355557162,-0.003134327477487262,0.0023104672425507933,0.03646198203338853,0.028310280464058018,0.02056463849454575,0.0342715923718787,0.033479009037508785,0.0027328718837826126,-0.0024480442278784088,-0.007395593335493056,-0.0009659663809815507,0.00231046724255061,-0.007563673187569661,-0.0034221800651305823
2022-06-21,0.021283145794544635,0.022257618809427542,0.02213077322486189,0.021358831863089116,0.019395858613107227,0.005971368768382867,0.011815039321942177,0.005919454128681515,0.006455985701363438,0.008161275179069567,0.018731182956851007,0.021821196772874484,0.02360383183468424,0.020531861585152786,0.01939585861310728,0.021630484613468465,0.011058260765510492
2022-06-22,-0.0034361485113255366,0.004587262690558562,-0.002794476462502411,0.0003577140543222627,0.003984685236212136,-0.03599036081922781,-0.038950473777990866,-0.04356981860487238,-0.03647475624466802,-0.042786315284441656,-0.008861850562642581,0.004337476846920943,-0.0056927477645567545,-0.0017829275162809777,0.003984685236212088,-0.006968049114328171,0.002008529471761034
2022-06-23,0.0025338360448495245,0.01406568469346348,0.007303052520606516,0.007036248679742419,0.014462775707094753,0.04734050407033799,0.0509276704788882,0.04923350742163922,0.048244585968655,0.044818034451218,0.0100016140490976,0.013333480639978468,0.005987680192847661,0.009430008733584728,0.014462775707094555,0.004919226885455305,0.0004024102734063034
2022-06-24,0.028722864719396543,0.016173802443286506,0.02648241312018965,0.024650250167138822,0.016250762488259234,0.03819140914105865,0.03366936282561159,0.037638993641263024,0.03672205764394863,0.029080934718849098,0.03030095545634023,0.017076700391489105,0.027174194962207757,0.02535266439349634,0.01625076248825931,0.027291400705735006,-0.004654300143094611
2022-06-27,-0.00309911627675398,-0.003121466670979935,0.0019282061486282412,-0.003212708947274917,-0.005327912445992868,-0.0067536758927389095,-0.0025501199846866716,-0.0008349042539761049,-0.006613570924882997,-0.001987595521084058,-0.0037082095460848003,-0.0029783005507969373,0.003570001587394315,-0.003293436332568991,-0.005327912445992769,0.0028984453454720524,0.005597829879463365
2022-06-28,-0.009510549810128442,-0.011749654076705704,-0.004875915912978631,-0.010839966882254444,-0.011192441558715873,-0.04316380056562889,-0.03593586469147783,-0.035847600311340475,-0.041627213787012646,-0.03741558425236059,-0.015119424936045185,-0.011900768824660965,-0.003330532520738409,-0.012429674191907823,-0.011192441558715897,-0.0016978513194584976,0.007106918500622828
2022-06-29,-0.005108620032928052,0.001993755400490749,-0.007086682652820385,-0.0024025032452428393,0.0018950620508558444,-0.014634249838758707,-0.014290320770439909,-0.019497213072424947,-0.014558072507983803,-0.013114227113559463,-0.006696225000566496,0.0017538389631946566,-0.008187903888808664,-0.0031004771971041307,0.0018950620508557236,-0.009774527881087411,-0.004350688570402576
2022-06-30,-0.007570037860964431,-0.005089786101763069,-0.004812374788526462,-0.006169293458345422,-0.007009620033712544,-0.007364903002337221,-0.010870436651994268,-0.014246927046994245,-0.008221403691858585,-0.014737795154935436,-0.007535848717859894,-0.005076553183977916,-0.005135687298274318,-0.006163872407295711,-0.007009620033712693,-0.004772103972912575,0.0020347841397509604
2022-07-01,0.01073505233633957,0.014076265671071262,0.012044881697800415,0.012609416117190561,0.018519337682735032,-0.022743101604300778,-0.019692091704426613,-0.015500863602804185,-0.022436954991505675,-0.013968079790847465,0.005155360012899511,0.014526342761965447,0.011341707153820288,0.010649517561295783,0.018519337682734907,0.012302635860224882,0.0029411180959769464
2022-07-05,-0.006293927342713395,-0.004477807028410556,-0.01314387949200527,-0.006186704682578326,-0.0011492787325133019,-0.01903590126422474,-0.013395029771658669,-0.011600552817869314,-0.017775048365008355,-0.007858273902968976,-0.008417589662965285,-0.005310834118605665,-0.012955416967016206,-0.007049582715132687,-0.0011492787325133526,-0.013409222874528275,-0.0036368416501011856
2022-07-06,-0.0001359733330719327,0.0017009937129086284,0.0037720832401600315,0.0006545983969988714,0.00038601802198517054,0.01714929107079264,0.016255805048785568,0.014013792796317164,0.01724859486390473,0.01743001935814764,0.0027449040675721625,0.0012190842678371418,0.0030008827857984713,0.0015444467087967716,0.00038601802198521553,0.003564740205835625,0.001700295736398703
2022-07-07,0.01411019528266564,0.0028744501738038036,0.010137533733056274,0.009739532828960628,0.004168728065517636,0.03818408898870451,0.037161082160177016,0.03817037630371091,0.038705235900014186,0.035847593526655994,0.018122510900338784,0.003127558561907452,0.010993015226644143,0.011293944079239702,0.004168728065517593,0.011063836235320944,-0.005770933285226085
2022-07-08,-0.0033276940985262084,-0.002520591848826791,-0.0028462126303430897,-0.0030286747929284185,-0.0015510056493893403,-0.009716256354324614,-0.006432564780785461,-0.00601699536914218,-0.00886189429262102,-0.00339772896679863,-0.00439245447449261,-0.0025281695156432926,-0.0026737661519736673,-0.0033397004204217652,-0.0015510056493893574,-0.003312649801502733,0.0014861943285675602
2022-07-11,-0.007581620815643344,-0.0008053530689922278,-0.0019610565129713747,-0.004844034722941714,-0.0007046599407171162,-0.055941769132582544,-0.053410973287168845,-0.05142180749888675,-0.055206317463365476,-0.04786652947587111,-0.01564164553513321,-0.0011422038301088313,-0.0038642862942851793,-0.0076123295500493465,-0.0007046599407170863,-0.0010589688970886531,0.008276814617688
2022-07-12,-0.003861931864105577,-0.00530937082404993,-0.009545446211781727,-0.004440670332241807,-0.00456899148980615,-0.023506154582261487,-0.027784543010499083,-0.023272995766715224,-0.024411709772464117,-0.02380486665307789,-0.007135968983798228,-0.005314231958876847,-0.009729896077623772,-0.005563941435726083,-0.004568991489806113,-0.006185399838303334,0.002914395754500763
2022-07-13,-0.0037269688378600164,-0.0033599897463763456,-0.0010968116804943027,-0.003687480642619598,-0.00234537156656311,0.044277913752351544,0.04653073186513616,0.043011580261405655,0.044721108824536907,0.046070493688798765,0.004273844927175245,-0.0035231772006597693,-9.14818796791516e-06,-0.0010447038178252694,-0.0023453715665631343,-0.0011547839787594634,-0.0010983048377178274
2022-07-14,-0.0041632110087867465,-0.00208878764793088,-0.002225974156814839,-0.0036691623788701923,0.0010675161976701057,0.023188826061356818,0.027442107967684985,0.021686868218229138,0.023647354089703466,0.027563098838305315,0.0003954618362371808,-0.002881457846104168,-0.0021257825243222637,-0.002192997452454533,0.0010675161976701371,-0.0030735092456652064,0.002992775223512714
2022-07-15,0.018608815343360563,0.012242675700892446,0.015395571084908112,0.016447729539285142,0.009857223655970387,0.013295712298953433,0.014523184589678823,0.013035232307035738,0.013562698624215707,0.011734557366281227,0.01772329816929271,0.012873394566828813,0.015197562556262404,0.016315062571083564,0.00985722365597042,0.014493137306778455,-0.0011980693584192964
2022-07-18,-0.0032098002043968576,-0.011213724768651434,-0.0044011724771014765,-0.0065314086472602765,-0.012144734731500524,0.10792768941483928,0.09285611332414367,0.12981338917224564,0.10615990879309004,0.08780582241997797,0.015313114732142499,-0.01085592127459128,-0.002438826151826395,-0.00021142773759615487,-0.012144734731500548,-0.0033213128338219888,-0.004412467447068779
2022-07-19,0.02738512068575297,0.014243621486820998,0.018311645452575815,0.02298447902538667,0.013279301137873026,0.018286943077011585,0.012369331748599438,0.01611872696340133,0.018321502896091323,0.0158355635743826,0.02586875775096274,0.01505525140345941,0.018090858584443172,0.02267310095137126,0.013279301137873005,0.01630565267321882,-0.011231990743925016
2022-07-20,0.002652137007976472,-0.005814216247930581,-0.0038475673109553215,-0.0010216769886218034,-0.004128112235810952,-0.036229629495596855,-0.02330916938163748,-0.037822660267166706,-0.0337778362366618,-0.02607377323776969,-0.003828157409285749,-0.005882644991736193,-0.004046552212629978,-0.0029926174298045604,-0.004128112235810913,-0.0048097873293452996,-0.007315710423844526
2022-07-21,0.0053510570351762285,0.0013685424265264027,0.008791679827790782,0.004419756833058711,0.0045201114802057305,0.02456125802960221,0.016411967469341808,0.033324853440245786,0.02288673102964234,0.014985643700620672,0.00855275720091389,0.0016302193808194233,0.008601714819967358,0.0053304306282344555,0.004520111480205798,0.014784520951936548,0.006370062544995048
2022-07-22,-0.0049439479230477265,-0.000517782444904176,-0.005450273378013958,-0.002699370704032698,0.0013732388857333941,-0.00778936000425042,-0.022174741894728095,-0.024589456413358288,-0.009794389314100128,-0.0208307380402474,-0.005418183269914844,-0.0003231576557226391,-0.005936675254263007,-0.002913125744708918,0.0013732388857334316,-0.00798119338830075,0.0029201975111136287
2022-07-25,0.0035859017301082836,0.0009638368976823589,0.014229832596744624,0.002062052225974425,0.0065151062247090314,-0.07276478282443086,-0.06931210283051545,-0.06741323689387294,-0.07190309349787372,-0.06536017298038732,-0.009139212362314904,0.00059707580844256,0.012762745981581138,-0.0018281695970742125,0.006515106224709014,0.013401851500203744,0.0017411844778146383
2022-07-26,-0.004859655657097753,-0.0021912198215767445,-0.0020141429522151796,-0.0031112420175498975,-0.005242910234512174,0.00427972286266034,0.00040525075558530836,0.014603443666177373,0.0035910826315521064,0.000892495284349481,-0.0033364259038047373,-0.0011582264158718717,-0.0016848862728408595,-0.002590871253642571,-0.005242910234512158,-0.0005511857810495378,-0.0017408894320768047
2022-07-27,0.011691570468449711,0.0032868405725712474,0.009468240256259246,0.008468489443611515,0.002722435663291615,0.10911298957386757,0.09156693052775414,0.12405182077923145,0.10659690980013836,0.08130182815172585,0.02792847365268602,0.0032653542676439476,0.011144778807203784,0.013840908502378107,0.002722435663291535,0.010495808528280765,-0.008256618085147301
2022-07-28,0.010345161395059147,0.011671645793929692,0.01615657965985106,0.011335484412968251,0.009912723879772553,0.07791692582964406,0.05282844242436942,0.07317344425983856,0.07417965427632252,0.03452956047782358,0.021607122134156637,0.011404934516788048,0.016464474070511843,0.014954475728837407,0.009912723879772576,0.016407374548072885,-0.0007594707741177911
2022-07-29,0.009706179215131488,0.0047346905217797155,0.014275673398347236,0.007051199101634342,0.002438070587873551,-0.005829183344439626,-0.006151101456755269,0.0003671612667131068,-0.005638452583584187,-0.0011313638409397007,0.007116952121869635,0.004927897155638593,0.014352557933911044,0.006440631316043248,0.00243807058787358,0.012063650302562035,-0.003011921330697736
2022-08-01,-0.0016167632894356562,-0.00436774554611705,-0.0047681582122580625,-0.0023048739154686126,-0.0070862689308761285,-0.012699082640371008,-0.0057595812643264415,-0.007824733006770525,-0.011657711488508162,-0.0028620745208297214,-0.0034638165145915484,-0.004215707822938512,-0.0044341873886512995,-0.002881368743390566,-0.007086268930876101,-0.005465485896789219,0.004260898209477479
2022-08-02,-0.009763777204931854,-0.008501777813591417,-0.007125753167270774,-0.009216049158415649,-0.007861900497137487,-0.018731547141342078,-0.01832719131566575,-0.004659465910393645,-0.018436489733649968,-0.018014934367522766,-0.011258405527666892,-0.008530718792276062,-0.00624417580113521,-0.009781507993528398,-0.007861900497138145,-0.007693247194124897,0.000511024863645713
2022-08-03,0.0063489694907891345,0.009768038291461128,-0.0018009431245446217,0.007662867794918314,0.011510671712909808,-0.005898263614123967,-0.00483329570051556,-0.007740277931239459,-0.005813746662316222,-0.005794305635867793,0.0043077639733036166,0.009103886149668831,-0.0033654418194070754,0.006813194479456206,0.011510671712910162,-0.0032138686788920102,-0.0016588876363608238
2022-08-04,-0.0016205048618749824,-0.0041615103564634805,-0.007278137172290767,-0.0015193407878574831,-0.006484764031982844,0.0014520885855312201,0.005226869077431078,-0.006557759768213316,0.001344064778830353,0.00040373264040111036,-0.0011084059539739491,-0.003328628017848002,-0.007902452535087284,-0.001439139056469856,-0.006484764031981339,-0.007595086825831361,0.0018573401128323397
2022-08-05,0.0015885986438003053,-0.002565822539266349,0.004180146475162999,0.0001958487736921071,-0.002663035026260695,0.04574473649123466,0.0386830307401261,0.04918645969238517,0.044498318937860416,0.03405334806210493,0.00894795495170603,-0.0023678340055996623,0.007656368084544781,0.0027442299566551335,-0.0026630350262610777,0.004698546299412952,0.003168411422301058
2022-08-08,-0.00012185518376140353,0.002564548078736163,0.001242695060110515,0.0007342955695896427,0.0017685263203920751,0.022944762116980797,0.024202970099758754,0.022267036819319748,0.023313983279598594,0.026356137848058486,0.0037225810330289632,0.002327522314696964,0.0028957013331471827,0.002012082493756055,0.0017685263203928432,0.0018723928406775905,-0.0016101334219983715
2022-08-09,-0.0008059676403024054,0.0018163834201745264,0.009405197124974542,0.0004286326304340298,0.0007414810109581708,-0.04364255068394754,-0.03732438767545779,-0.0347002582611872,-0.042339206695068986,-0.03426965096290778,-0.007945398147576594,0.0019062635245247874,0.008439244539214647,-0.0018170630987109648,0.0007414810109576868,0.011561006425743824,0.008307742870016873
2022-08-10,0.016739152484819587,0.01029278241462027,0.012618070942052364,0.014514329838930397,0.010647472026323001,0.050017755892849645,0.046509281557601916,0.04975425900517434,0.04916875061707617,0.043872024986466515,0.02228558638615793,0.010843438760164895,0.013681763414794781,0.016359595907853318,0.010647472026324385,0.010655965118654276,-0.004390853174380386
2022-08-11,0.005926270642628073,-0.0007993473229216065,0.007237429281071172,0.0031980816403152004,-0.003657167920498545,0.013045285139439911,0.002915179820374937,0.02046375207643083,0.011591017561594138,0.0017133799381767194,0.00711277305876338,-0.0005470910816082275,0.010560484730931761,0.0037642090926103353,-0.003657167920498555,0.007262577919752345,-0.0022650042727678293
2022-08-12,0.014869254887947707,0.01535908331591095,0.01223055956846282,0.014894225537811228,0.013269116656249854,0.014118240519318504,0.016871488392253026,0.01933147762382232,0.014631357333302042,0.014312616114689442,0.014744085826509505,0.015011346990710174,0.011845115806577645,0.014755154908707251,0.013269116656251257,0.011897345536661167,-0.004789521055332972
2022-08-15,0.004334572828434533,0.008440532930293496,-0.0004146435061049348,0.005809605269032777,0.011177614185796804,-0.016734843725832005,-0.020152706575393926,-0.010529001872434931,-0.01666904457043978,-0.01427758465062721,0.0008230034027234435,0.007875638875024732,-0.0012649878273995549,0.004538824138430773,0.011177614185797423,-0.001811125318638103,-0.0019260904948493417
2022-08-16,0.0029590749949569162,0.011257468533618002,-7.49363105979735e-05,0.004367440286769742,0.01580842380925543,0.00209126616210481,-0.0002041434664855403,-0.011650697811043897,0.0012886765362595536,-0.002035752827289604,0.0028144401894815655,0.009186070230581456,-0.0014765305115152993,0.0041360374381397185,0.015808423809254728,0.0007966303010007443,-0.007515433542062328
2022-08-17,-0.008142599544448665,-0.0060822248064201214,-0.003811276224777658,-0.007322269061078171,-0.005166118899964109,-0.006078541612463406,-0.021523490527989967,-0.015008914995853469,-0.008304454295722812,-0.016576981125076416,-0.007798589889117789,-0.006230238573981773,-0.003610380427391301,-0.00722894637297797,-0.005166118899964502,-0.003134872986976422,0.006570316267870035
2022-08-18,0.003991893977378181,-0.0019359718475891717,0.010526168190772695,0.0018239890703039704,-0.0026009932746595276,-0.01733787946437029,-0.012092143454187809,-0.012040378604891976,-0.016268587111481318,-0.015148490357847433,0.00043693173708676857,-0.00151786365871325,0.009538292966671058,0.0008416071344394953,-0.0026009932746601364,0.011268676484581248,0.0020560863228308635
2022-08-19,-0.008808503379777,-0.004071516153643753,0.00396663601505075,-0.007384150472403439,-0.003945762603231683,-0.10808945972908332,-0.09798563945027121,-0.10878878930616435,-0.10676323158983826,-0.09315430263675083,-0.025355329437994716,-0.00420340112102345,-3.701380475309708e-05,-0.012751380093434416,-0.003945762603231968,0.005098851927910631,0.005783593317280303
2022-08-22,-0.019339684380979445,-0.015110523957121091,-0.01582137457515103,-0.01777559315035501,-0.01467198142985572,0.021473569506181945,0.0033450666661639186,-0.0012042951382902818,0.018460898507625008,-0.004380258497714128,-0.012537475399785877,-0.015017579964276304,-0.014908508755178143,-0.01564156920480549,-0.014671981429856429,-0.015141619296395806,0.0002673936641482235
2022-08-23,0.0019793433425868744,-0.005038725659712234,0.007337602983987827,-0.0011108466249700772,-0.005913543825467819,0.014107231905767193,0.01434016420632648,0.011659200946481324,0.013898238307292459,0.011641689282156708,0.004000658103116927,-0.004643357987036247,0.00817055476520319,-0.0002318353796918847,-0.005913543825468707,0.009259515862087946,-0.0023571611083195126
2022-08-24,0.0023558955475155587,-0.0006190428958519593,0.0014211350275600233,0.0015736807126104395,-0.0011578233145854164,-0.007648736420349412,-0.010918988794854267,-0.002186663810128357,-0.007904651962124918,-0.009445854550871317,0.0006884568862047304,-0.00037966795130565934,0.0021959343978975162,0.0010475771467562498,-0.00115782331458521,0.002040106471283768,-0.0019831602269094147
2022-08-25,0.013855207018783833,0.00807952048581692,0.012109986082959092,0.011872804734719872,0.008087202486644697,0.010942576991686858,0.011804143249525478,0.021292001898189066,0.011042641002674713,0.012904537015914746,0.013369768680934334,0.008318365728388104,0.013090078616785543,0.0117406185293178,0.0080872024866449,0.011202649635335094,-0.0013686283696699659
2022-08-26,-0.02769034731246524,-0.020457765167613235,-0.023063128315951885,-0.025504055386379707,-0.011473362632336155,-0.0780335941700781,-0.07497859266712081,-0.07464010595645348,-0.07721947503297209,-0.06596122949707166,-0.03608088845540071,-0.02105727071642019,-0.02425521671102449,-0.028302825710199965,-0.011473362632336545,-0.020575595517936644,0.006189856758215511
2022-08-29,-0.0038147275975503716,-0.005224240528859119,-0.0005935834818785618,-0.0039997068259033566,-0.005845456035600143,0.04925487420357118,0.04748398519195243,0.05535325761493952,0.04865038444925256,0.04442569413487501,0.0050302060359698865,-0.0047391553914116775,0.0032782691253732156,-0.0009409990637865187,-0.005845456035599877,0.0016600575009464822,0.003129135269847179
2022-08-30,-0.01336454234573552,-0.009082957977858396,-0.02002311484325157,-0.01198820104817294,-0.007935583003866414,-0.026894195820249902,-0.015322827184174636,-0.014942232077119328,-0.02554554349926637,-0.01185018464839465,-0.015619484591487917,-0.009568894023859817,-0.02002448460492491,-0.012784680987391689,-0.00793558300386676,-0.021240887692899682,-0.006171229139560785
2022-08-31,-0.007346647125874835,-0.0052176180118810875,-0.009724599050465701,-0.006440175958712026,-0.0035064596416727557,0.0032082975179153817,0.004027975776769879,0.0033024658553019864,0.0036850179563634013,0.0039359336633947774,-0.005587489685243132,-0.0051783309853696375,-0.00929244045208165,-0.0058668405874359765,-0.0035064596416727063,-0.009989394547312735,0.0007733267299480386
2022-09-01,-0.0006877551969647986,0.011163708103017398,-0.00015907883109627188,0.003780687708831762,0.012696278723296676,0.02437063798841811,0.01917837079970649,0.01096802156242348,0.022927137871283667,0.010693525119743483,0.003488643667265685,0.010370835648804925,0.0006547510282573906,0.004941564400404277,0.012696278723296215,-0.0001518127884683469,0.004879782848744052
2022-09-02,-0.009523452905370693,-0.01170502339166148,-0.004109777553211829,-0.01049394315738115,-0.011319052272093497,0.004941360554689911,0.0032558439929878855,-0.008626083191507997,0.004071933997425492,-0.007023322660339774,-0.00711265066202726,-0.01153719436439086,-0.0037755703300162277,-0.009631464832404957,-0.011319052272093476,-0.0038865143518178355,-0.003992050094477992
2022-09-06,-0.003960837321840623,-0.003682131365264174,0.0023037172865146113,-0.0030468940753140077,-0.002829184862845673,-0.0711698190596358,-0.05543684036715406,-0.05904037572189798,-0.06845026341375114,-0.04095595946042962,-0.01516233427813982,-0.003346047003976819,-0.004454565770648487,-0.006777782482696007,-0.0028291848628455647,0.00031283209146761156,0.004047469584738834
2022-09-07,0.015912572907354688,0.017273470512564344,0.010885690883024258,0.017075680288802058,0.015093516555096269,0.05776727663863668,0.03592338593649664,0.03902135213117497,0.05407479838737667,0.03212115052297246,0.02288835686256835,0.017323786381378166,0.013035636909756865,0.019126874667340428,0.015093516555096347,0.010726293246196209,0.000960407909843117
2022-09-08,0.006066542642071269,0.0007196161228139671,0.002370929747954786,0.004173818960155943,0.0038252480356593204,0.005849298003899805,0.004613274077243157,0.0001489763602166047,0.005614488160436817,0.003290521732838064,0.006030335202376025,0.0007705014086174354,0.002387848798878659,0.0041601998035141734,0.0038252480356593265,0.0014803771277108468,-0.005686934344460295
2022-09-09,0.01464305635253413,0.01076351715967059,0.010835221106910351,0.012844796820519944,0.010755527401021762,0.05861627705926811,0.060065070959075324,0.06550332520167793,0.060448951062022194,0.06793147000571302,0.021971926470323127,0.011042912965094877,0.013771707875216128,0.015465169901092039,0.010755527401021836,0.009930789581949427,-0.007853691172431457
2022-09-12,0.008484821861791864,0.010307291148282938,0.006632610659381317,0.00872082442910456,0.00900802469471641,-0.007453641423881053,-0.0047394403991489155,-0.0025175332837651817,-0.005907101812557306,-2.7588562569156238e-05,0.00582841131417971,0.009679322978435313,0.006416187762702641,0.00788388800404415,0.009008024694716352,0.008328352017209108,-0.0014381740666908958
2022-09-13,-0.04004930998571301,-0.029092480346687655,-0.027720852570587626,-0.036935486190361286,-0.029173747589266504,-0.07111080127953137,-0.06540767099083805,-0.06921235541365213,-0.07133508912095698,-0.07244457025954841,-0.04522622520134939,-0.030733305092872948,-0.02868666612604797,-0.038764338077351,-0.02917374758926652,-0.026385234707692586,0.012306689444912217
2022-09-14,0.0031318623014507828,0.003148026427745719,0.0003427667808857918,0.0030755359076378164,0.005820541817857157,0.02134357991808681,0.015959885729557848,0.028194621226156274,0.01986931737199731,0.013446432745802126,0.006167148570890118,0.003324677859780446,0.005027322456076981,0.0040279133440647005,0.005820541817857236,0.005888815844548947,0.00404160719252562
2022-09-15,-0.016171537094844503,-0.01166750653134201,-0.021166785804412374,-0.015800493782341458,-0.008005347902926927,-0.04826521767813677,-0.04440758367346458,-0.051869650285985155,-0.04700407902503045,-0.041092875308437464,-0.021520483858726545,-0.012992461051144237,-0.02487718916460639,-0.01748301405437973,-0.008005347902926983,-0.020138506902386097,-0.002001995169794963
2022-09-16,-0.007247144972022487,-0.0011244204424111,-0.0046573185261036395,-0.005116928810045289,-0.002861580939839135,0.013050713012939598,0.0037289810188881277,-0.003947878306239421,0.01169364372411269,0.021831723432160693,-0.0038641686411954737,-0.0015166968446884855,-0.006505000196875266,-0.004152260131906151,-0.0028615809398391924,-0.005365250233306581,0.005885674760257693
2022-09-19,0.006236594572679689,0.0037727163209478162,0.005349759383195863,0.005550863937011443,0.0030011243093315803,0.02205062184171413,0.013591626624213055,0.01964027794326768,0.020598110981995738,0.0284816922794026,0.008872265784185427,0.004061014471672765,0.006042994136397629,0.006367589356387022,0.003001124309331603,0.005416015969751136,-0.0026966260909187384
2022-09-20,-0.015572445225681552,-0.013497145451817556,-0.014423846233957411,-0.015360637143537255,-0.013247734648509889,0.00012092982397091633,-0.015231600129622887,-0.018359682036875293,-0.0027201252529771656,0.00526671908575781,-0.01295688271740614,-0.014099391724419251,-0.015853450618625586,-0.014544413453867,-0.013247734648509903,-0.012318325729205083,0.0034550095429871997
2022-09-21,-0.016955160199631784,-0.013836469238494782,-0.015701554458179952,-0.01636818628485919,-0.014781662509454535,-0.039127276267486556,-0.024936474525208006,-0.03258751330330462,-0.03691099037588878,-0.034869783290120415,-0.02065051287760758,-0.014607319081350902,-0.017173886401374645,-0.017578267553965278,-0.014781662509454545,-0.01577693445576441,0.003919108879035115
2022-09-22,-0.009265739650809665,5.493664047018991e-05,-0.004103502359934215,-0.006383740027312521,0.0015163119808116097,0.06731721632356923,0.05539419507266044,0.050701966562859815,0.06530000458462842,0.08568005869195425,0.00349808634492015,-0.0011079023209250797,-0.0022185846361332255,-0.002233376329774864,0.0015163119808115622,-0.003143662519763135,0.0073757851601230235
2022-09-23,-0.02221841628898861,-0.015403443216482623,-0.02521471533582496,-0.01940415171380636,-0.015524640678354688,0.011085161822327872,0.00897159856985178,0.0030559555376446406,0.010167677136982254,0.007561315837409212,-0.016667819937102535,-0.015809441786734806,-0.024709275982844805,-0.017741401247181068,-0.015524640678354752,-0.025317275417488683,0.007768916592223223
2022-09-26,-0.016062688619373502,-0.011569172611045078,-0.019132338982022348,-0.015235283247167749,-0.01025646048152043,0.0026776526631443354,0.009982806546805341,0.006083661209026312,0.004168061946596301,-0.004785909806212348,-0.012939298405620529,-0.012585686911731174,-0.017918856405891952,-0.01423232621182112,-0.01025646048152041,-0.019192821953195244,0.003508665266485434
2022-09-27,-0.0036657890507521204,-0.006973534450179543,-0.004404196574678564,-0.005408870478520291,-0.0037679945550116714,-0.01530393045398919,-0.00947127320006864,-0.009567494806721782,-0.014308184824539993,-0.015426130654774613,-0.005605479284624965,-0.007145291390933005,-0.004695287041832903,-0.006001539853034307,-0.0037679945550117516,-0.0037222665867324266,-0.006084904157730062
2022-09-28,0.021300718433708198,0.01913407051587337,0.02319329881969058,0.02005403485973414,0.020217042238559566,-0.0012962799289126913,0.005299063030929454,-0.0009585150937036413,3.574460986834039e-05,0.001842122327813426,0.01753455203993805,0.019219713573026084,0.021843864518228253,0.01887687792037919,0.020217042238559645,0.024467112560298813,-0.01054499632851991
2022-09-29,-0.019865724827656667,-0.02013264232342524,-0.019212440480663763,-0.020435251832974264,-0.019320899667358775,0.026085138651090946,0.015018992516665407,0.01670920335274831,0.02427512852318527,0.03216162276023588,-0.01220724758119873,-0.020500320215619816,-0.01723381322047188,-0.017864438498317394,-0.01932089966735884,-0.018166428034013107,-0.0008166424341474899
2022-09-30,-0.014866290633047612,-0.017022392441480308,-0.014786468584761446,-0.015171600417307501,-0.018152804904523284,-0.004491731472247418,-0.004821761394682343,-0.004938498884942765,-0.00456363043369717,-0.006443429196923925,-0.013137197439580917,-0.016640068905171362,-0.014074528682519466,-0.014554398039213115,-0.01815280490452332,-0.017011079066772093,0.00795977289522882
2022-10-03,0.0321847780436476,0.0259895082553538,0.034826050789531084,0.02996481036644873,0.028700588950318885,0.021773819619997272,0.02673635057835636,0.019459909361593152,0.022511996032666844,0.01837468891940183,0.030449618306372543,0.026755196184001642,0.03507526994008134,0.02949084776908794,0.028700588950318864,0.03527427545937628,-0.00922761330059306
2022-10-04,0.02965210942898404,0.02082553567035457,0.028844461589297283,0.026609292746676838,0.020461873748638518,0.024596952998144017,0.02594634542221132,0.026391374460760692,0.025209742468993296,0.02735917177143858,0.028809583357177364,0.02141696302234895,0.028763515403003436,0.026465921208137785,0.020461873748638684,0.022519879814640063,-0.009548494226638988
2022-10-05,-0.0032365855896064845,-0.007917142804386396,-0.0001798100484862791,-0.005580257718664367,-0.003416864992617878,-0.004256612742547317,-0.004672866082659817,-0.0008454482995833516,-0.004394563292719358,0.00087406814550275,-0.0034065901150966238,-0.008350418977227431,-0.000252922212178243,-0.0055397381072577025,-0.0034168649926177,-0.004483125123900037,-0.007686738795913672
2022-10-06,-0.011450484466690943,-0.012556745463048531,-0.006255681612994607,-0.013612248646797396,-0.006439985693078518,-0.006072386991168043,-0.005767659220621144,0.0020543574993589224,-0.006150926514791739,0.001194322653300556,-0.010554134887437127,-0.013646784902571067,-0.003963868925331893,-0.013312862189328164,-0.006439985693078819,-0.014517203508624656,-0.010197492600804735
2022-10-07,-0.023496317394339133,-0.017109860218953703,-0.013484151072523107,-0.021785826438063417,-0.014371001035043829,-0.004199723701290225,-0.008358326206748295,0.006661705984513572,-0.0051827897677856226,0.0071715111741587935,-0.02028021844549764,-0.017894682090204717,-0.012905294020384487,-0.02065794996555821,-0.014371001035043681,-0.015840611784445294,-0.0030451655655481555
2022-10-10,-0.005697925739041466,0.0021557065223136085,-0.0038965052258495623,-0.0034622888499351886,0.0007719745500200692,-0.04378364997925047,-0.02302500518079356,-0.0469354747228633,-0.04042888007913664,-0.028243922843967567,-0.012045546445742968,0.0011422171073091146,-0.011114538017188992,-0.005621581656095271,0.0007719745500200829,-0.003832515384297717,0.00030029230334390313
2022-10-11,-0.003330502897853404,0.006914440802363425,-0.002553834193921991,-0.0006786603148156155,0.010826843242274441,-0.018113253905372405,-0.014949587960035874,-0.025174967091107295,-0.017325710407944356,-0.023906625006447958,-0.005794294732439904,0.005290140285125499,-0.0033380717483633224,-0.0016315833087305913,0.010826843242274412,-0.002348177417923388,-0.0024472741324932288
2022-10-12,-0.0056226617637749115,-0.008940548710122124,-0.007974839639662822,-0.007821380732134646,-0.002789436499907837,0.0017588610791762658,0.002155527018967353,0.0052114475345113095,0.0020020303814387566,0.005904053646495892,-0.0043924079566163825,-0.009774384999757543,-0.005581066394879541,-0.007272361518453862,-0.0027894364999079954,-0.014302777927326383,-0.009181200556560553
2022-10-13,0.029678419866633287,0.022565123371612945,0.032216012381223624,0.027504280390755535,0.01632692037981691,-0.016872170705753243,-0.007864320952969827,-0.016700038047521546,-0.014880809903552356,-0.011618150035321004,0.021919988104568865,0.023198052384131727,0.030116962751639026,0.02515887486135248,0.01632692037981725,0.02819541304371046,-0.002768040490144559
2022-10-14,-0.018412143694895345,-0.011497939204372877,-0.021812946643589622,-0.016487931665629733,-0.01198314645741673,0.002402632020752704,0.005879370297804106,0.008885113614444511,0.0024138389538194867,0.013011238897153516,-0.014943014408954002,-0.012210610229875959,-0.020063092177765432,-0.015328311718477025,-0.01198314645741654,-0.016852653522476554,0.00743489338544926
2022-10-17,0.020060602583880396,0.014286740548997968,0.017795331116361134,0.01924966611971866,0.013384871406572971,0.011846976355508422,0.011917045091165358,0.015095062975980164,0.011961894116449514,0.012149806299256594,0.018691664879151734,0.015410364266070084,0.018002425915629686,0.01880056035379017,0.013384871406573087,0.018913563779436298,3.3077093322875966e-06
2022-10-18,0.011945856181977304,0.013850031439546641,0.01098166258792818,0.01246701247437969,0.011773741864564747,-0.015818455509828577,-0.013241393216199427,-0.017307084609978443,-0.015389793426995941,-0.01600484661512407,0.007318470900009656,0.013648441055498006,0.008660757612878286,0.010889356621113446,0.011773741864564827,0.01288982652412756,0.003139199172172003
2022-10-19,-0.007761574600824359,-0.009521338348344538,-0.0034039388060184087,-0.009658508309763007,-0.009219723776125914,-0.02432465924149701,-0.01700267340168315,-0.022895035875026355,-0.022966311274193886,-0.016359091989030974,-0.010522088707603135,-0.0105088934511962,-0.004464597992759536,-0.010401164831619696,-0.009219723776125842,-0.008198142268357822,-0.009295102698389953
2022-10-20,-0.004160841489002483,-0.002308485992788525,-0.0023260082020435473,-0.004873369046053474,0.0006294809202347008,-0.002619610516268812,-0.0033775006225016603,-0.009015296203024345,-0.002739259737513231,-0.002492371550276819,-0.003903969660213537,-0.003752215867726287,-0.002612090198822517,-0.004764673231564521,0.0006294809202345295,-0.007510034832571584,-0.004963596439140535
2022-10-21,0.023757129279621484,0.02052132030335592,0.027207091831168484,0.021564106922361194,0.020524012323539377,0.013255302797449076,0.008813879241485696,0.012394342152265418,0.012471686526330484,0.009419677854103237,0.022006824865926086,0.01951389145485346,0.02712603260489413,0.02102966504300855,0.020524012323539592,0.020823769893889833,-0.011574135891697153
2022-10-24,0.008125459137320446,0.01361893211402143,0.006536530343969512,0.009291032593657225,0.016805352325030932,-0.020039312732326498,-0.015298903930517836,-0.020227717087568892,-0.019177525212516103,-0.016041398323755694,0.0034313304923792873,0.012831353648602285,0.00316854126595961,0.007654489927485939,0.016805352325031053,0.007101642194951158,0.005535709764517135
2022-10-25,0.01680246788305665,0.010852300448467633,0.009044556126790308,0.01588298202587089,0.01077156026849596,0.053188844301937294,0.058057882391603546,0.0429593466319429,0.05306456741960424,0.03499373425215102,0.02286686395287009,0.01187789696465457,0.013279631279065928,0.01793784994456915,0.01077156026849596,0.01370241105597042,-0.0012951714252463751
2022-10-26,0.00496287504956456,0.009813060651761324,0.007700309360203858,0.00658110063342085,0.010573879699620758,0.02339555418738111,0.027687024982836466,0.027832495737497437,0.02438052534145733,0.030554385585440755,0.008034988239200652,0.00954135189290405,0.009727478066193855,0.00766966440388111,0.010573879699620585,0.004966354769384139,0.003146100051878441
2022-10-27,-0.0001484410730095846,0.0009040315019927603,-0.0009841744796906028,-0.00014271300896202466,0.0020267562787790855,-0.021055507328959756,-0.02382748686059284,-0.021238466759361738,-0.021418612274233723,-0.019864764400640316,-0.0036329521156679458,0.0006307325398701284,-0.002681007349389497,-0.0013127027816348094,0.002026756278779578,-0.0011741821205179265,-0.008362594169060444
2022-10-28,0.02428404944569426,0.02207250783458432,0.01370314245043079,0.02443045646358663,0.02130318714844515,0.020022714690651533,0.019032303650630546,0.019875717950557273,0.019769191018612284,0.017856060196190633,0.023573826986520472,0.023248800683852544,0.012324628493250932,0.024107954920993165,0.021303187148444827,0.018289098098263498,0.004150651244068801
2022-10-31,-0.007574400264519285,-0.0080031445317571,-0.006120064350499349,-0.00745265370375637,-0.009192943389787144,0.0012976892075733605,-0.0033266400467520532,-0.0006812870233019238,0.0004718958033472164,0.0005266109377201878,-0.006095718685837176,-0.007681903225195383,-0.006338611158399453,-0.006914471641475614,-0.009192943389787373,-0.006109259424201609,0.0006655195311841663
2022-11-01,0.0023824155053552665,-0.0007702450074732069,0.006900911096046911,0.0012966233955660857,-0.0012650737668097648,-0.004912792959008128,-0.002663212373715505,-0.005568445144881815,-0.0044977913878902495,-0.004020005103637096,0.0011665474279613675,-0.0004843182310053563,0.006437674132490122,0.001003929512605305,-0.0012650737668096431,0.0033345824067947923,-0.003813038082954895
2022-11-02,-0.017184054928434212,-0.013838650373129636,-0.02515836522145121,-0.016928972690769588,-0.012766983097492347,-0.014486227815160459,-0.006779365982219456,-0.03042495555030158,-0.01401291296808102,-0.024830580323635578,-0.016734417076221923,-0.015327703192596819,-0.026126927601327322,-0.01673619403284295,-0.012766983097492392,-0.025436518130554475,0.0008053985417212361
2022-11-03,-0.0024372190071154636,-0.005249444021271795,0.006357328096343323,-0.003599526819061799,-0.004345250238316787,0.01588385757417907,0.008964069633932578,0.014669535678894908,0.014574578768103044,0.006706412473405169,0.0006162937564336258,-0.005035775581275318,0.00883078769161084,-0.002368925496590783,-0.004345250238316745,0.0028647907640938085,0.0004755250726366494
2022-11-04,0.01858260290394176,0.01164026503420417,0.01021062463998734,0.01625102953494027,0.01528680515955542,0.06850595053729581,0.06553665498836372,0.0690617365783846,0.06730847719750005,0.06484035014712945,0.026903160842834097,0.01159099658782441,0.012785551174349506,0.019077468685837543,0.015286805159555576,0.012583911752108125,-0.0052743251158299965
2022-11-07,0.007644605369874352,0.006060093037931534,0.013324641352556612,0.00593807821352806,0.011122678269523144,0.00012663336940262873,-0.00576513858686463,-0.0036258006467946207,-0.0010629061553099914,-0.005955331789895652,0.006391610036462397,0.005224656701696151,0.013177933481410394,0.0053880567244249,0.011122678269523038,0.010780577160809754,-0.0037974356172789567
2022-11-08,0.006914344387095318,0.005472389252977874,0.009211451092568558,0.007188227148830438,0.0041423810453478874,-0.1167796687963813,-0.10937387562245347,-0.11317139003003647,-0.11531166734852419,-0.10666545756981936,-0.01370132447681745,0.005485950804040818,0.0029243615760440765,-0.00013611611663837163,0.004142381045347838,0.008688252392915484,0.0027923193019602113
2022-11-09,-0.02140736571925811,-0.011648735397191662,-0.0277580583667156,-0.018101355386522758,-0.008650453976181763,-0.14533737478270545,-0.13682991493112656,-0.1524493368289762,-0.14443211068652187,-0.15002155505034379,-0.042062367229832656,-0.01253932685893518,-0.03432358587444681,-0.025639444792359675,-0.008650453976181744,-0.020937037774972172,0.014549629367788893
2022-11-10,0.0495644501631361,0.029524512347648843,0.026818044461153854,0.04539944425202329,0.025358644474417644,0.15718182435819014,0.14378624593677383,0.15727929155624493,0.15383237794982993,0.1456770821772877,0.06750067919564509,0.03216234786221187,0.034078522264362296,0.051664874228761266,0.02535864447441773,0.026733678432055416,-0.012188082217488804
2022-11-11,0.011668351522039636,-0.001806417661178492,0.0035120059450289335,0.007279959933448795,-0.003012738501323619,-0.017450224027057114,-0.019338317718386303,-0.023900643434080566,-0.018184162065306413,-0.024495661583592183,0.0068152555971901785,-0.0007017778296689451,0.003919247822763064,0.005733125162814192,-0.00301273850132358,-0.0006065292268442536,-0.01297620697569218
2022-11-14,-0.008784826109372682,-0.006122175029139033,0.003363795005893908,-0.00905068971863879,-0.003505722728549201,0.023508344251123928,0.009528811307175573,0.031001867327771243,0.02183799069314137,0.03098529220184599,-0.003402631049289912,-0.007247018773741674,0.003982723691575643,-0.007285787350455056,-0.0035057227285492125,0.006365138585293127,0.004059252188379358
2022-11-15,0.009768660956136387,0.008511427254049356,0.003708490508539453,0.009185917332042267,0.0065990703840360185,0.014770586640126848,0.015237959732417834,0.015068508291496883,0.014799380643130189,0.016360839159440685,0.010602315236801463,0.0081908714299632,0.004148821236945573,0.009486481196020788,0.006599070384036055,0.0037956285498777745,-0.003746987475127954
2022-11-16,-0.010351341361087306,-0.0008545563799548635,-0.010186677576200615,-0.007009202904866406,-0.0008485348707000767,-0.018455154464827005,-0.015195882097155812,-0.023885570774614097,-0.017903132912637464,-0.02194121042297989,-0.011701976878377254,-0.0013675036329861981,-0.011588576546910846,-0.007613555469269666,-0.0008485348707000829,-0.00799571918498912,0.0064030169999384915
2022-11-17,-0.0023031547499413737,-0.00034584357480508664,0.005828509875432646,-0.0024487183242476096,0.0026174780237950774,0.005198850055400294,0.008465904551182731,-0.0019503862094604608,0.00517120922453946,0.0016462041206090918,-0.0010528206157177627,-0.0012813244983974046,0.00451218490435152,-0.002030166964962757,0.0026174780237950696,0.00573999402851479,0.001473259989459292
2022-11-18,0.005043184604821627,0.00948002760445802,0.0025260833804386434,0.006637057796042205,0.008072756120047547,0.002262774809897816,0.005736228224666897,0.0024298562242243728,0.0026109673533322485,0.002452215502879363,0.004579782972334325,0.009342576809730017,0.0021562517435062163,0.0064250216822660635,0.008072756120047542,0.0042898853717380815,0.0028604573560318245
2022-11-21,0.0008225379434163571,0.003946387791903628,0.004653618710636076,0.002186849998838924,0.004047546519863256,-0.013766519939743083,-0.012149031943840477,-0.007521649134173889,-0.014211120194295926,-0.010304647967834106,-0.0016089717037768832,0.004304795308673845,0.003205175807035382,0.0013021135798549621,0.004047546519863245,0.010646079739866726,0.011873568488057465
2022-11-22,0.014802864627182206,0.01049303173059167,0.019270264693462096,0.01304628755423141,0.009853560981792332,0.03818765204158874,0.03775491184264128,0.019010024789505205,0.0373572632294012,0.019422903828707185,0.018700329196249962,0.01055083565727994,0.020031077072666926,0.014413599172383836,0.00985356098179229,0.01740397787992803,-0.006889378069040308
2022-11-23,0.0033861557980510845,0.0028844609178607255,-0.008915815994844188,0.0035632484696065084,0.0018473309734055334,0.046008196482222014,0.043153683136528634,0.041170568064306086,0.04470402706021583,0.024601491273721708,0.010489829245412904,0.0034425016074313606,-0.004156027408410727,0.005927985366497438,0.0018473309734055904,-0.006944214820304685,-0.0035943267503976287
2022-11-25,0.0007421905149644115,0.001962861732665658,0.0008041864534799592,0.0015635171840666312,0.00103842646145002,-0.006553732974283943,-0.01174169701467201,2.7491138031539037e-05,-0.006943322019420319,0.00010757970222657898,-0.00047379673324364767,0.0021647224490751902,0.0003611988135536612,0.0011236038484132456,0.0010384264614500293,0.0013410949565587041,0.0035320543005310685
2022-11-28,-0.018420829031751167,-0.011421599301992847,-0.015929810970260593,-0.016830841679809024,-0.01101934418258361,-0.017932822384435165,-0.013897906614678155,-0.017810533122444915,-0.017349318496673573,-0.017236505153167388,-0.01833949459053183,-0.012586421555524096,-0.016915845414085903,-0.016897609323161325,-0.011019344182583593,-0.01459256486017118,-0.0008304744439634306
2022-11-29,0.004199710872548122,0.0029074162986744705,0.003927352344189207,0.003629598940386329,0.0029407244141588713,0.016379010998877487,0.018745345499351543,0.01830453105657828,0.01658418063345816,0.019081492521308325,0.006229594226936349,0.0028065345457190683,0.004886884779209376,0.004402849202576645,0.0029407244141588223,0.0028967303872358932,-0.00032425956945790545
2022-11-30,0.023794226081712402,0.018682198751959613,0.013795790858966341,0.02260888902792977,0.019540132183802003,0.034122282916634196,0.04000245296951376,0.037169967373419946,0.035102780647693343,0.03439236125914345,0.025515568887532696,0.01943519736328752,0.014529399579858156,0.02319622130172497,0.019540132183802083,0.015936177373350933,-0.008066903430398589
2022-12-01,-0.0002670937734517387,0.002094785628334455,-0.003902745832462285,0.00035138647315999423,0.0030115657742473398,-0.02010211654273666,-0.015538825387254103,-0.019803508908605223,-0.019297244782979468,-0.018003601416881735,-0.0035729309016658923,0.0018868210918766913,-0.005134312033886674,-0.0008864117202463761,0.003011565774247366,-0.0032598602684518856,-0.0022934517150910525
2022-12-02,0.0015015822510261346,0.0021386638525369202,0.0037130998550805776,0.0015915646598631456,0.003880712200362831,0.00869650707204106,0.0088234929631741,0.008018798279429489,0.008643257688496886,0.006576298337080252,0.0027007363878619552,0.0019703251961481565,0.003530708423569331,0.001983674655097839,0.0038807122003628527,0.0043741704126796154,-0.0011438357930030735
2022-12-05,-0.017223212605578297,-0.011283157071594772,-0.014766838201403006,-0.015721371736876655,-0.010819153100540683,-0.00187915914782929,-0.001174031099523572,-0.006118833644473544,-0.002136158120832064,-0.005850334647466659,-0.014665870362620126,-0.012317958811119762,-0.015048784864199525,-0.014954986452485133,-0.010819153100540478,-0.014551738795857343,-0.004949023024939502
2022-12-06,-0.01234790929014816,-0.007142440090141913,-0.010558053399279073,-0.010120715250783913,-0.0068835383484339464,0.0064333272466877145,0.004325880847789906,0.005017660356512256,0.006198986148925469,0.0015450371030246708,-0.009217703200675515,-0.007288233529192856,-0.010583711640347155,-0.009059915429940104,-0.006883538348434079,-0.008698215416825247,0.0005281778390344807
2022-12-07,-0.001182573828345057,0.0022639361671908088,0.0021159404642577067,-6.610975243495344e-05,0.0028410720061192887,-0.01939734123673914,-0.022366367523333056,-0.026262992284692963,-0.01951006095264623,-0.018583479987831428,-0.004218368396410738,0.0023988309172059915,0.00046395433657898033,-0.001167704700427523,0.0028410720061193065,0.00441202908144387,0.0028210033085936215
2022-12-08,0.007090693516795498,0.004858435203088201,0.00427839056242051,0.006261634344662998,0.004580649379807599,0.02164816239338476,0.02515867270767036,0.02663419409997214,0.022111973629138512,0.021421808535244148,0.009516938329560376,0.005088312693267736,0.004992811648927381,0.00716412809681863,0.004580649379807634,0.006093143209980692,-0.002025622831255847
2022-12-09,-0.01023016726281893,-0.01200450309936035,-0.017509732856787266,-0.01006722504903305,-0.01296538602770635,-0.005385923408072269,-0.009919955878277235,-0.007060165449251589,-0.005902302765821101,-0.006408353182231396,-0.009422793287027819,-0.011177875396212372,-0.01723926702640084,-0.009785052564569087,-0.012965386027706692,-0.01772742285739346,0.004910306588821156
2022-12-12,0.01662403157485824,0.01099938719953913,0.011355609390287435,0.015387813061861962,0.007500707905888206,-0.0025423718663757037,0.0011134989877170838,-0.001395294564043329,-0.0017809303975588873,0.002844436157225714,0.013429631001319246,0.011843770725857527,0.0108089154995385,0.014402605756727182,0.007500707905888338,0.011441150826710341,-0.0030752082052455517
2022-12-13,0.008769632273229216,0.0034332896647498237,0.005848009631112776,0.007583336907124377,0.002871517515722265,0.022912054945997573,0.024479087919068044,0.02614748438824073,0.02336670458536271,0.017276206733044083,0.011126702718690607,0.004032350004630308,0.007476062979726368,0.008458678500883695,0.002871517515722199,0.005397099166025987,-0.0010074516768138193
2022-12-14,-0.008793645194072683,-0.002292504545418953,-0.0031639768522954944,-0.007285655854655705,-0.0024791457553242214,-0.010998918446365035,-0.004067287788311982,-0.0094235533830215,-0.009675093723427227,-0.004904014452007761,-0.00916119073612141,-0.0029899645979639764,-0.0037994499283559775,-0.0074560079661903905,-0.0024791457553241946,-0.0029835867178786744,0.0014639881787998988
2022-12-15,-0.02158506981452662,-0.015974621100636157,-0.02041016283342944,-0.01971275013459093,-0.015613321682990762,-0.023407715499227398,-0.022726479864583773,-0.02243063905524874,-0.023241242091801083,-0.016981596518299873,-0.021888844095310084,-0.016301618633860867,-0.020822133627592766,-0.019794861521511813,-0.015613321682990743,-0.018850010899324494,0.007748392359732397
2022-12-16,-0.009499489174056307,-0.008002298265506014,-0.010538135812193787,-0.00929088988775497,-0.006255475225117525,-0.08042107349128047,-0.07042946233073043,-0.08797026856750106,-0.07783071930875483,-0.07384881927098585,-0.021319753226927002,-0.008035577685384123,-0.014168972736417018,-0.013386589782298942,-0.006255475225117384,-0.013244596735365476,-0.00495079270328524
2022-12-19,-0.006694591923182898,-0.0030071711085680897,-0.0020930515833804974,-0.005893530928806217,-0.004271562063612811,-0.030900155037951894,-0.020990570500675935,-0.03011046549332655,-0.02933756610033418,-0.029099440373444054,-0.010728852442311063,-0.003428512386825608,-0.0032887432588441187,-0.007228203771551236,-0.004271562063612685,-0.002609018790070484,0.0017172544653156756
2022-12-20,0.0031792629903663805,0.0004968359125240595,0.001949510050290829,0.0025984967556984995,0.00032755647046320974,0.03630442386762825,0.03202351634066129,0.034996553414729854,0.03550117784890614,0.028928549293028398,0.00870012313657669,0.0007572997200851823,0.003811652170220662,0.004489862949857236,0.00032755647046328346,0.00016452841665401678,-0.005956146042033423
2022-12-21,0.017830127277777864,0.012097884448949804,0.014775623390463991,0.01592556421744422,0.011288903507628916,-0.0035914987728285276,-0.007401405953779198,0.0008073269013185956,-0.0041605023655613485,-0.010249392237690978,0.014259856269343466,0.012169062890259486,0.015864634023274503,0.014733457586472804,0.011288903507628897,0.013518649907375809,-0.005220411804844969
2022-12-22,-0.011582264695177423,-0.004600442688232294,-0.0102525069635758,-0.008859482120950229,-0.004183153864421446,0.006183164973579569,0.0080968710914628,0.006475368739389165,0.006260385736958455,0.009117156634433972,-0.008621359750384592,-0.004708375646982235,-0.010511868210528724,-0.007901446669094241,-0.004183153864421707,-0.009765122768932391,0.01062759291014375
2022-12-23,0.0077500298545201485,0.004932687408063267,0.011145163604145605,0.007191884312692605,0.004467367843730604,-0.0010842824716702946,-0.0033267784989691566,-0.0006387114572237846,-0.001394122632782184,-0.0012530820108788631,0.0062776444668217425,0.005380698070438352,0.011609607145790787,0.006725531170325123,0.004467367843730781,0.010199409220381882,0.0006645258436061849
2022-12-27,0.00026554827864285965,0.0025772167443542816,0.0038710565284428844,0.00147060032480514,0.001722696837203547,-0.011762568229070092,-0.01335603114246745,-0.01141627376683601,-0.011881712096673014,-0.009300036254964278,-0.0017391378059759652,0.0030144581109038094,0.0034073905495390156,0.0007765953627180949,0.0017226968372034345,0.003295102535214831,0.003944767401298045
2022-12-28,-0.012808033008290868,-0.010671808747376374,-0.014638341117463993,-0.012232786098431344,-0.010406538840814019,-0.027080495320851317,-0.02021740397748642,-0.028347983534290962,-0.025632582226877913,-0.023618226908271835,-0.015186776727050941,-0.010745657318904686,-0.016064541290306072,-0.013011118049172356,-0.010406538840814087,-0.014391886566066025,0.00185539789396671
2022-12-29,0.013599359712046972,0.008553450760678987,0.005814841592513617,0.01223804944261427,0.008590192485265618,-0.0006051108231715065,-0.0011143622137379224,-0.0014229820094543155,-0.0005742382930531776,-0.009616597899004797,0.011231947956177225,0.008848134531450233,0.006757474198667895,0.011435530607209003,0.00859019248526554,0.006930158581023306,-0.0005516595018714805
2022-12-30,-0.0018817762241893554,-0.001435170739621565,0.0010175820904964,-0.0023618982023122462,-0.00029206922003858045,0.000411947255461742,0.003486121319603976,0.0009019013842402862,0.0006493373387242659,0.004237923936070656,-0.0014994889775808388,-0.0017578501586252497,0.0009781288753951663,-0.0022031908971520643,-0.00029206922003857216,2.7621814721536246e-05,0.001180870796074725
2023-01-03,0.0022509057491670527,0.0030836555486286475,-0.014005661623535948,0.003363992009638727,0.002717280745300317,-0.0027050635667062563,-0.0010184009044883757,-0.007403047419117525,-0.0024620476125417953,-0.004893538521735009,0.0014249108631881689,0.003473684297805665,-0.014805654953667787,0.002966406120279445,0.002717280745299663,-0.01390503281946187,-0.0007503018410142068
2023-01-04,0.018428178719494946,0.010042452940274227,0.008306492043796023,0.016609398125504354,0.009397613420437703,0.037039870961805214,0.01661311598880886,0.06168136908748485,0.033285728780400405,0.005002985476357528,0.021530127426546652,0.010958108832676224,0.014582527901923183,0.017489913161870853,0.009397613420437701,0.008754939845636339,-0.005911273653543721
2023-01-05,-0.00679763801193668,-0.0029303766607943846,0.005902118452615546,-0.006549961304576353,-0.0006252226904281412,-0.014915270707060857,-0.00982081185574206,-0.01982934287001032,-0.013855525816795571,-0.015079625205297646,-0.008150576794457376,-0.0038982616257213156,0.004800003386149294,-0.007104803027922493,-0.000625222690428118,0.0064735172327576185,0.0024922497071834023
2023-01-06,0.023249459158050576,0.016429647833339597,0.02077344900335607,0.0218433891014824,0.015780490358305456,0.023992249899001263,0.01031750724383412,0.03373363482612356,0.02155198655341078,0.010823369085214635,0.023373257614875683,0.017195872501142594,0.024123237673014747,0.02178429202453246,0.01578049035830547,0.02113141349804734,-0.004243295103990096
2023-01-09,0.00017208903132034806,-0.01154305026980046,-0.014802180076737389,-0.0026988245955416367,-0.013369299836498982,0.0273397797884958,0.027927828011073373,0.023253464016507058,0.026794794570042434,0.022321615678168254,0.00470003749084959,-0.009895908102271962,-0.014788152322400036,-0.0009268504643548057,-0.013369299836499078,-0.013249628605269426,-0.0016858835562438361
2023-01-10,0.0076166049742021616,0.00327382545566852,0.011353545366203782,0.0064667761844109896,0.004558104950597636,0.006023627086972295,0.006905658086359039,0.008212526359217138,0.006362099980061657,0.0032198494719122657,0.007351108659663851,0.0036533243752593,0.011447672947423267,0.006396300071294113,0.0045581049505975975,0.013289753014049227,0.004096290124279562
2023-01-11,0.009853849638699681,0.003590123382503661,0.005140412250474531,0.008697465579905476,0.00568237792050408,0.029362723562493698,0.032098824179646324,0.030199676846560834,0.029659879693204418,0.03668914652032272,0.013105328625998681,0.004148510477576681,0.00535375212942658,0.010044250951462,0.005682377920504023,0.00748732797211215,0.0009889019794791973
2023-01-12,0.007037757028810943,-0.0032880313414569615,0.0022122707595778586,0.004337277572650884,-0.002873648230633538,0.0257491107409237,0.024721754138089,0.015194888373491592,0.02652624730440273,0.020940646818513195,0.010156315980829736,-0.0023905568043396525,0.0031965487902782625,0.005586313473624522,-0.0028736482306336085,0.0037742343309827885,0.003712120686483098
2023-01-13,0.0034311464254617023,0.0023055401122851977,0.0025264974992618206,0.002936464621323438,0.0016176366070009577,0.03391595944645198,0.036969689701062514,0.03655168748911367,0.03502899097404765,0.036240973562956816,0.008511948595626748,0.002169658872294273,0.0038193123265991102,0.004804574948151406,0.0016176366070009933,0.002426819739713805,0.0012667299021366651
2023-01-17,-0.004052224805721267,-0.0077095075050989115,-0.005563059807609438,-0.00512183143033908,-0.0050236783743816855,-0.004905501990651051,-0.003532219703820255,-0.0053573995430864435,-0.004699641116547174,-0.0028399065247115087,-0.004194437669876231,-0.00751332683246002,-0.00579178399195232,-0.005077485695026836,-0.005023678374381714,-0.004460352395860106,0.004606880452002964
2023-01-18,-0.015965505018307232,-0.01843119477026132,-0.018729833098757837,-0.01687097300525174,-0.01867989804069577,-0.04283574448150235,-0.037218204209224504,-0.04387223393849348,-0.04144541617307653,-0.03558550599337623,-0.020443878262173087,-0.018497018361123444,-0.019829840004785097,-0.01839979436026549,-0.01867989804069576,-0.018500114935864106,0.000460161502979925
2023-01-19,-0.007476202030265405,-0.0037818348855203727,0.0021867300931022017,-0.006253201327719795,-0.0036173387319496904,0.023740913258057026,0.024013500461656567,0.026765389684370658,0.023668177091943236,0.02335261258480062,-0.002273349482211666,-0.003826905899317508,0.003207508045927215,-0.00446081201733927,-0.0036173387319496787,0.002942078060690467,0.007593197884409634
2023-01-20,0.01531290783669132,0.009384182444254804,0.008832955326160002,0.013234007446345916,0.009418408607030821,0.06451981663484793,0.06396798155902093,0.06460097437250081,0.06455258177264202,0.05854144056384866,0.02351405930305075,0.009750292798983234,0.01173382164410384,0.016233180864754886,0.009418408607030805,0.009615740194246391,-0.005932954305212578
2023-01-23,0.011435710954858265,0.003870709122737979,-0.002900162013461007,0.00837024312061215,0.003568953032014722,0.020945304673450772,0.01668263249118403,0.017265184191007747,0.02034302881454384,0.030959413619035724,0.01302064324129035,0.004240853517671023,-0.002193095294888733,0.009006748073382965,0.0035689530320146467,-0.0025507111380928945,-0.004098418003024989
2023-01-24,-0.0028834216294746045,-0.002475958448641651,-0.0023648087782042757,-0.0025246638419936717,7.083725034528207e-05,-0.041702126622754424,-0.03506466326648945,-0.04774325562644187,-0.040012699269740534,-0.03399801714760043,-0.00935320579502124,-0.0023538248530438153,-0.005344240213538512,-0.004795365748425906,7.08372503453365e-05,-0.0008391713371201485,-0.0017972496403100325
2023-01-25,0.0018486905394841727,0.002182854557895698,0.0015549428904229772,0.0016607257543436993,0.004804784233791534,0.03070596164236805,0.028257562704951104,0.031685702727323184,0.030070446004379765,0.024036962279378342,0.0066582357232981525,0.0026506693106677927,0.0028792093104064733,0.0033910703648059987,0.004804784233791428,0.0017135938660186923,-0.0031529300273233467
2023-01-26,0.008422064284225664,0.0010821109305935485,0.021855322451977112,0.005791799362455558,0.0016475812714932068,-0.0017370736202734992,-0.004285637766948729,-0.0006189617939425644,-0.0020478537476625886,-0.008366387187678747,0.006728874633475802,0.0013205439885006884,0.021661638288453525,0.005303550763278982,0.001647581271493236,0.027038758970459195,0.013867960734657389
2023-01-27,-0.0012064818542402757,-0.002828291064245851,-0.010312037242425994,-0.0015721601606001228,-0.002925174583994613,0.01066397815581024,0.011298704818903799,0.011436270888896777,0.01052292580185282,0.011421567818756855,0.0007719281474348103,-0.0024289655591298526,-0.009954717991121922,-0.0007783221833688207,-0.0029251745839946035,-0.011243647163758027,-0.005539274170447641
2023-01-30,-0.010144239154965132,-0.004476808737077976,-0.010683371820758753,-0.008097920493928695,-0.003833878075596914,-0.04704284596112843,-0.041497597328688095,-0.04813265848018078,-0.04607320228091938,-0.03957551396634454,-0.016294006955992344,-0.00467214003982599,-0.012940548153703473,-0.010332482197279346,-0.0038338780755969087,-0.011673203663635013,-0.0018259409145839054
2023-01-31,0.011922802217140906,0.009531845488960744,0.011315228517119602,0.01129272464530279,0.008480729297475302,0.01970616656237656,0.018437424236999733,0.02106077446033991,0.01929904848242106,0.016417253093707652,0.013220029608013514,0.00977121876761729,0.01176728327718279,0.011790030616033054,0.008480729297475339,0.011892350532956755,-0.0033431542443213133
2023-02-01,0.006518284067217187,-0.009822748498277013,-0.004447109367213642,0.002773472400630068,-0.013027875127119263,0.025797610005811867,0.028375264320961824,0.023072464742435544,0.025914906302088713,0.026568126762135304,0.00973150505698297,-0.007526174249256178,-0.003478124225262857,0.004047884457290778,-0.013027875127119226,-0.004642700492734502,-0.0011011470216143878
2023-02-02,0.00015704536703527562,-0.009898433983325525,-0.017186868272176112,-0.00204456000875546,-0.01257389115851006,-0.004085517910096637,-0.0033503344571617147,-0.002780372608534736,-0.004195271018631432,-0.006837456692028874,-0.00055004851248671,-0.008379491216534186,-0.018123099258879477,-0.0022081424228654048,-0.01257389115850992,-0.014402435245355574,-0.008115327538124523
2023-02-03,-0.012768350780830776,-0.009343814109099768,-0.002269165731656956,-0.012322167954192822,-0.009326305389747738,0.013795338410564274,0.00887350157898719,0.015971021385169107,0.012588459098871659,0.0073022230659711045,-0.0083410692489316,-0.01008906192391154,-0.0002910288685082536,-0.010717953634708661,-0.009326305389747764,-0.003038846730944872,-0.0010147017924167277
2023-02-06,-0.004594982931553284,-0.001735115765036601,-0.0003914716097636597,-0.0033484225987151935,0.0028963136851987365,-0.017506770629490034,-0.013624490678461103,-0.016513541259224038,-0.01673125456960335,-0.013155000024731753,-0.006746947547876076,-0.001685153529964528,-0.0017794503037780903,-0.004043052381558727,0.0028963136851987074,-0.0019918054769539105,0.004085722625528418
2023-02-07,0.010953461048114671,0.007160998616718737,0.0098745606639457,0.00878139924779671,0.004260166573062631,0.03869117832630642,0.0358677318069123,0.040334587687832754,0.03773912705251648,0.035140023145971096,0.015576413927813296,0.006756183520251349,0.012353108270883567,0.010401839080077264,0.004260166573062571,0.006761458334403477,-0.011718377239272987
2023-02-08,-0.009564990182089908,-0.008935121857145666,-0.005901779982009683,-0.009515679183820704,-0.00812934249566448,-0.015035624875278054,-0.007397563095144878,-0.011404208725706924,-0.014146172135207661,-0.007909587848062012,-0.0104767626309546,-0.009243965989801988,-0.006521103802061489,-0.009833349227514403,-0.00812934249566447,-0.006122136803315694,0.0034156796279842605
2023-02-09,-0.00969477310696571,-0.002229016300238161,-0.002644329676108667,-0.008802012098607604,-0.005116370925328218,-0.057711348654223275,-0.06161049204816551,-0.05973697926489957,-0.05770890137207946,-0.05649382002147876,-0.017697535698175303,-0.004087701396276536,-0.006087934351211021,-0.011844003369164528,-0.00511637092532827,-0.003330237564297236,-0.003030326434954293
2023-02-10,0.0076019262954780615,0.012732851220453728,0.019411160477649465,0.009375237544880354,0.013202418897084303,-0.0009264932442613174,-0.002539895025053895,0.001966760104732673,-0.0014281795831987266,0.003555605103736349,0.006180523038854831,0.01264248613120882,0.021065063365709655,0.008878195322580232,0.01320241889708426,0.018337376514812553,0.004114229721321365
2023-02-13,0.00875099441629904,0.00819153427868051,0.0046545550340684255,0.008274632888558396,0.0070026860868977235,-0.0031842224978953057,0.0016598205127972127,-0.0033711064904109085,-0.0024306278745723025,0.0013661366263085712,0.006761791597266649,0.007986916707228594,0.0031683906675170175,0.007562854357587589,0.007002686086897733,0.004899542541165788,-0.005141777484052073
2023-02-14,-0.0006439293321590841,-0.007563862895161009,-0.0019583602374907035,-0.0031655247872474667,-0.009972059824629158,0.029872183904632737,0.029346969974142344,0.02841196357456464,0.029648037630337538,0.024590826579676484,0.004442089540639553,-0.007433603504938633,-0.0005285477458633021,-0.0012625514064389864,-0.009972059824629172,-0.0018665876509172423,-0.0026964030280368398
2023-02-15,0.000289213417215781,0.000522574019528075,-0.008867581900150428,0.0005362351175383028,0.001835634220046403,0.06536374685986238,0.07169849303051914,0.06141277076943376,0.06700082102528626,0.06561138480199064,0.011134968990990212,0.0007826781718295371,-0.0069245503470701285,0.004565299693081287,0.0018356342200464004,-0.007880526904477695,-0.0035178213815760867
2023-02-16,-0.013939445741509309,-0.011612799371315942,-0.010622531369014653,-0.012692036395499607,-0.010559607589252945,-0.0437863949888458,-0.039708935329053265,-0.041254646980861814,-0.04293422034281035,-0.039778388700544204,-0.018913937282732062,-0.011048908444347857,-0.012076968793825362,-0.014476687941790611,-0.010559607589252926,-0.010542607324920558,0.003907769656253692
2023-02-17,-0.0027721399648127057,0.010253595039584212,-0.004920816308790886,0.0008813962497803577,0.008641638295271748,0.048827886165622655,0.03918794489836327,0.04615804331443357,0.04705321888982457,0.03636471305195406,0.005827864390259855,0.009398873923895427,-0.003529087504520366,0.0037884123047234614,0.008641638295271795,-0.006389796836042029,-0.00300417428425868
2023-02-21,-0.0175027760743078,-0.00630368441064249,-0.00513609710440558,-0.015353358728892815,-0.006977064016220905,-0.019181955927073845,-0.02072231994866796,-0.02469157696191855,-0.019145713537385502,-0.017306983749578914,-0.017782639383102143,-0.00819380194087607,-0.005403280176295781,-0.015547974961214947,-0.00697706401622099,-0.004438614165492547,0.006041248030681874
2023-02-22,-0.005551258644505817,-0.005436401824160102,-0.008230053710536096,-0.005736304679281874,-0.003998765306402889,-0.0074326139069554225,-0.0066804347503241586,-0.001782929761232174,-0.007338040041111995,-0.002611630576108736,-0.005864817854914084,-0.005462893671160483,-0.009200035086871528,-0.005859396186547539,-0.003998765306402823,-0.009297549156301302,-0.002700602687149496
2023-02-23,0.005478965095513966,-0.0002216665841301799,0.006965347842543488,0.0029786935067939125,-0.001594243899225433,-0.011735816425103697,-0.0057059459294134945,-0.00781330745012774,-0.011031720246355514,-0.008758965358819796,0.002609834842077688,-0.00039878008803181193,0.005045187888204998,0.002023936015961825,-0.0015942438992253983,0.006131657482792817,-0.0005536024193469858
2023-02-24,-0.00947722361510689,-0.006158240582536908,-0.00440559027923156,-0.008621699735649975,-0.00983158802023519,-0.03497155614609792,-0.028804771065474542,-0.03304251185948258,-0.034133572526385325,-0.027403075082067234,-0.013726279036938727,-0.006256239246016267,-0.005923247048870016,-0.010096412186836672,-0.009831588020235232,-0.004239622479370974,0.0015975186547904528
2023-02-27,0.0017761100564900145,-5.371098154038109e-05,0.0030812613678111124,0.0010153878026835685,-0.0009138167199024197,-0.004616748672202598,-0.004718903640348095,-0.0028378280842208383,-0.004547033175110373,-0.003619373899000565,0.0007106336017079122,-0.000231006368732339,0.0027938246181887665,0.0006495592313154014,-0.0009138167199023968,0.004185901971598194,-0.003247892850795706
2023-02-28,-0.004292925502667182,-0.008355838876536702,-0.006303288915618673,-0.005289506079432317,-0.0078103522662643365,-0.012715198199124323,-0.014154689815502048,-0.009807574557329448,-0.013049168060509628,-0.009290416683547294,-0.005696637618743372,-0.008027576406440643,-0.0077612113428791015,-0.00576505354558941,-0.007810352266264361,-0.003500683221897046,-0.00032880425738746467
2023-03-01,-0.001058031993739652,-0.003081517350532535,0.004658725804866978,-0.0020314066529553065,-0.004470138865171927,0.02613632945537423,0.0232792465697478,0.02776589124830676,0.025524480701525805,0.021133162242330424,0.003474361581112661,-0.003414346201081198,0.007067444692188113,-0.00037637565047414804,-0.004470138865171853,0.004370490571766177,-0.006767431714621644
2023-03-02,0.01196363459680069,0.007660177229749564,0.011769935828855783,0.010860453762397956,0.0069594131742272865,-0.01007078787286344,-0.011265691783751452,-0.002751779510931908,-0.010340518195034485,-0.011929706253453945,0.008291230851856669,0.008449026402108404,0.010426890826743345,0.0095092505023816,0.006959413174227477,0.010816671684454897,0.0005467751129951417
2023-03-03,0.013041698662887865,0.007719453995723478,0.010184847321638059,0.012163637426706154,0.007760881885534495,-0.022607444872867956,-0.03743909189161996,-0.008895733156359966,-0.025223264609048078,-0.030667587100710204,0.007100174740261894,0.00879755838969115,0.008884323226580988,0.009885739101685847,0.007760881885534733,0.009756990375598637,-0.00031003561553277564
2023-03-06,-0.001808663736776781,0.004923263142963851,0.0053867862148999236,-0.00020960867754450934,0.005795961257514291,-0.00392180502006011,-0.002602471840116493,-0.0005195398545977648,-0.003581127960940422,-0.001636630093452236,-0.0021608539506573357,0.004442177982773882,0.0047483642309352325,-0.00043223985432170686,0.0057959612575140635,0.004854523802075661,-0.0009465076235925026
2023-03-07,-0.01716608729068231,-0.01199610759358277,-0.012736182034488924,-0.016617702861765487,-0.012195936237536252,-0.008894546655637115,-0.008577305512653727,-0.008167222377659569,-0.008552987609953308,-0.004071734816806785,-0.01578749718484145,-0.012721850521310855,-0.013548760253647563,-0.016168178333650595,-0.012195936237536502,-0.013103455527678842,-0.0016312671514091069
2023-03-08,0.0031917270516937154,-0.004093462140762195,-0.002620471499041818,0.0011910845173855292,-0.003219163478360861,-0.027210303066710507,-0.021501663912622156,-0.02236869962629487,-0.026028100091835638,-0.013595490801594994,-0.0018752779680403214,-0.003806147058925069,-0.005023891908901397,-0.0004978927318015464,-0.0032191634783606503,-0.003742587705986902,-8.334458522017512e-05
2023-03-09,-0.017318717825019155,-0.012575790354750207,-0.01514094169577674,-0.016026151091373775,-0.012001674052413567,-0.060623633917362446,-0.0669285794722922,-0.06665789729358276,-0.0612813576514918,-0.06821623271820267,-0.0245362038404097,-0.01298976157816417,-0.017264834673847936,-0.01889439997747885,-0.012001674052413732,-0.014097106645244654,0.001060846738468997
2023-03-10,-0.013042274760361036,-0.005327063489575253,-0.013714518352209288,-0.01138580693649149,-0.005666328853528514,-0.004351473976778365,-0.009535500700421057,-0.0032420029756949527,-0.0051376547903279664,-0.016272833780245424,-0.011593807963097256,-0.006708780300439826,-0.012229140532195648,-0.011030153496474326,-0.005666328853528597,-0.011447344678809958,0.0008558403953382058
2023-03-13,-0.0035160180638044696,0.00674470622926991,-0.0021545448563812606,-0.0005109236146828027,0.0049069725787709555,0.04387682758864089,0.05296912959757747,0.03321356752091652,0.04623009011003415,0.04472339145416199,0.004382789544936424,0.006401116843835383,-0.0012249945252910267,0.0023630546223797682,0.0049069725787715315,0.0011722653658139386,0.010009512825279537
2023-03-14,0.014545495217757273,0.008947248815109362,0.011216899868711267,0.012662835062496679,0.007111967971993576,0.020163527323838592,0.017936582410332996,0.014124324480246324,0.019680442227701208,0.019541017357108885,0.01548183390210416,0.009180407424436534,0.011982332196831372,0.013024967024589692,0.007111967971993564,0.010426478777715235,-0.0028113093715167676
2023-03-15,-0.00968814247115212,0.0025617037402850154,-0.018068583058320813,-0.005984650864034067,0.001844478436273291,-0.05192990719788016,-0.03957060492978476,-0.048430884106244666,-0.04907348837000047,-0.044731495459461354,-0.01672843659227346,0.0022342858746847655,-0.022995540663975456,-0.008764030878071977,0.0018444784362742403,-0.014875817851818716,0.005594350926568408
2023-03-16,0.01420064899894593,0.0030670406602095585,0.009043511761761368,0.010685905391475481,0.0015744581751102847,0.018210966972107202,0.01422443578253227,0.01724583841194663,0.017950468399292003,0.017604080762694936,0.014869035327806139,0.0036008396699437704,0.009305687396867457,0.011057822152170198,0.0015744581751104014,0.008202265700522682,-0.004163199137087626
2023-03-17,-0.012241012240181462,-0.010151116701716315,-0.012554268634032272,-0.012087994153817477,-0.013554254391743898,0.06565744021574993,0.06448871880345182,0.05774253430083452,0.06626254017059506,0.058392028726735025,0.0007420631691404354,-0.01015677853504552,-0.009398393880209478,-0.007347728594603085,-0.01355425439174363,-0.010539703742350635,0.006566785470389201
2023-03-20,0.011381656021337803,0.012410533148286025,0.01673060511184619,0.011691789777063246,0.014658491877280634,-0.03439950547262127,-0.02769677267518729,-0.03354915699069339,-0.03285383967988786,-0.031472852178061214,0.0037514624390112892,0.01230877360269754,0.013575506639353429,0.008951612791627917,0.014658491877280234,0.015746990120596337,-0.002713866338197235
2023-03-21,0.008352348230895293,-0.0007254234043456733,0.008485136725012256,0.005264538565611593,-0.0015938663225309744,0.07619108897481006,0.058927673839367214,0.08613283103333065,0.07337805218410749,0.09423087177506156,0.019658805021547758,-0.0004898550553169246,0.011964326883993077,0.009565704273754987,-0.0015938663225318799,0.007998652528527423,-0.008254467821560247
2023-03-22,-0.019948754862968057,-0.01568450572610832,-0.017294523310759313,-0.019314103006719797,-0.01499257070042933,-0.049332456400027216,-0.043796104054131146,-0.07401419904462846,-0.04859527139738888,-0.0485584317561074,-0.024846038452477917,-0.016230885934491988,-0.01912672334926864,-0.021296747537980956,-0.014992570700429208,-0.016988878856422255,0.009766162399471373
2023-03-23,0.0017877909140547074,0.004659184375886847,-0.002109017069473604,0.001245737474786751,0.002914113499019027,0.04653891872498437,0.049743066690781636,0.05696846335980146,0.04672906449268797,0.054274080917115344,0.009246312215876316,0.003491322501701836,-0.0011097429874183582,0.003966742582193436,0.0029141134990189037,-0.002513602823338331,-0.0015024645324567757
2023-03-24,0.007631212702629166,0.01629096305667847,0.008953246100461935,0.010374247002170925,0.016024067828382466,-0.027248347242557577,-0.029320323256925105,-0.026588323653303214,-0.02775698739813515,-0.027935670626709028,0.0018179527117647093,0.015537428972368582,0.0071178394932919845,0.008075087533739101,0.016024067828382657,0.01068422574064471,-0.004554106045180675
2023-03-27,0.004297343942389522,0.00397897264464369,0.007352520448617203,0.0042234579942194185,0.00554887542397217,-0.019250616939979114,-0.0209734450548472,-0.011230317278521864,-0.019162589012589708,-0.0019572757842025845,0.00037268379532808297,0.0039954109349621654,0.006601178236419389,0.002854903684674928,0.005548875423971878,0.006627396217250858,-0.0012138011996543608
2023-03-28,0.0015994860897350026,0.0009699253253060726,0.0033404457189806502,0.001426748203494279,0.0012734395875305332,0.029880537619454882,0.026781045489651975,0.03344149658129938,0.028898099465039163,0.028360784592027843,0.00631299467802165,0.0006317938140117257,0.005058499395480168,0.003240401553500667,0.0012734395875305645,0.003379683531538255,-0.0008620512516171884
2023-03-29,0.015570466202065451,0.007910087157213615,0.010353989812921648,0.013922263774689376,0.009987645114966175,0.02862273797752435,0.025128820820927808,0.02495780206918905,0.02865040697048598,0.03287690044524305,0.0177458448313086,0.008681989481777784,0.010612910057991407,0.014870770533207976,0.009987645114966207,0.010740685825336277,-0.003158124647406701
2023-03-30,0.004909293457587829,0.0035609948513039757,0.005336418858245038,0.004461335245569866,0.004317029536164242,-0.0017607590749928797,0.0021793185346404747,0.0013379055820107884,-0.0019845296789501735,-0.0005633230615554761,0.003797618035491045,0.0036573206117099,0.004312451542042399,0.004042421979124387,0.004317029536164272,0.004556856338826274,-0.0008191520112184559
2023-03-31,0.012455541654871609,0.009084246390467484,0.009732927062228416,0.011875969525529223,0.009619701982771636,0.02249685501481829,0.025348734219920788,0.012772807243131856,0.022511223391057454,0.019564397990484646,0.01412909388152939,0.009735746811055296,0.010297890009288638,0.012522687040960902,0.00961970198277185,0.008698676485451997,-0.0006996829692350026
2023-04-03,0.006940014431519135,0.007424170293286522,0.02329126536751275,0.006840920273843153,0.00836975395771814,-0.0018588488543411661,0.0013257639166884248,-0.011790928323574623,-0.0019033642805127934,-0.00965256683060225,0.0054735372172090855,0.00737595618288325,0.02356340366551892,0.006323700658953784,0.008369753957717338,0.022563680093313727,0.0015245718018149024
2023-04-04,-0.005064090563162218,0.003841733029861784,-0.012448520955060997,-0.002642034872289164,0.004074829190065122,0.008769344303898263,0.008877783391529774,0.016700930705877325,0.008802049867111316,0.004087853557185103,-0.0027585180853188043,0.003301060904671353,-0.011818495545533811,-0.001968531681348096,0.004074829190065121,-0.014968216485389586,0.00263685356368008
2023-04-05,0.0037000673038339784,0.013874516647093927,0.007699930112907149,0.00691437749527671,0.015335281658562763,0.004589962586101926,0.007801020278636079,0.005407925213397147,0.004809232428086616,0.004718145485442635,0.003848383184211969,0.013670319335847033,0.007313182764810306,0.006856359908966183,0.015335281658562773,0.006008473332487569,0.005127627496302634
2023-04-06,-0.00016101982917674738,0.0003584250318789135,-0.00077403933191085,0.00037066124812721083,0.0004892534980038863,-0.008989619099706548,-0.011777254890988943,-0.004059425308609414,-0.009105297511432051,-0.00861502856007598,-0.001632453040931714,0.0004317082286066266,-0.0020416972248055634,-0.00018498793153891362,0.0004892534980038843,0.0030115806626568277,0.004603409110153341
2023-04-10,0.003514247817485642,-0.0014009610775924531,0.0027568338468870884,0.001942298301581626,-0.002744844657202924,0.023579695263970035,0.024436676550486612,0.021537036262624515,0.024382220726190076,0.024848453874918894,0.0068584890585663754,-0.0012174551990465276,0.0034719487810348157,0.0033071921599441226,-0.002744844657202933,0.003101286003551985,-0.005293245132979718
2023-04-11,0.002569206481788522,-0.00035261112963681383,0.0015653879207220256,0.0021588437163207737,0.0006775058600080402,0.003822860531897898,0.0001674187206847892,-0.0003489698935217949,0.00377141195292838,0.0006391123703642935,0.0027781488234734173,2.5167450100812932e-05,0.0024861940109347984,0.0023082174623983713,0.0006775058600080372,0.002295668534728494,-0.001780203224163401
2023-04-12,-0.0022219339949199985,0.00014669689975230292,-0.0005914545343214053,-0.0014572627788000925,7.843704998667918e-05,-0.0047451783135010975,-0.0036492419892491888,-0.0059873939610156374,-0.004842624990456649,-0.013565696239282544,-0.0026424747146835148,-0.00015531431847826376,9.777974959809083e-05,-0.0016719125150531497,7.843704998668628e-05,-0.0011404014915819152,-0.0002075266054435684
2023-04-13,0.006972895720065671,0.008865171504096681,0.0037373276405076126,0.007293765852770056,0.008665589381436318,0.023349721921274245,0.021054461214033232,0.0263927705760055,0.022454786583898344,0.011484595482836016,0.009702366753600434,0.008570360107916118,0.004574506597298136,0.008148422389179575,0.00866558938143631,0.0009963529333901963,-0.004839590507136535
2023-04-14,-0.005796901834398555,-0.005001888286678092,-0.00512369475975906,-0.006249664346951025,-0.005131168144220486,0.015352888933841126,0.02092222660735101,0.01459640044071997,0.015702403569491256,0.015788596683135623,-0.002271936706358609,-0.005431149162379489,-0.0046784996944704785,-0.004903383940883461,-0.005131168144220494,-0.007576413577615301,-0.0007628824129480662
2023-04-17,0.0050131419049538805,0.0016759981898026078,-0.0010355843341138785,0.004658333438956458,0.0019218366539951641,-0.02395434712794098,-0.023844649880033732,-0.02069272968161704,-0.02396163162985593,-0.021550522242819968,0.00018522706613806946,0.001977115167942066,-0.002422390499173158,0.00290777937229584,0.001921836653995152,0.001881297270392011,-0.0022554475350502166
2023-04-18,0.0003185701739072887,-0.0014802631010040227,0.004738366844703688,-0.0006365095876034099,-0.0026896358669124447,0.020489265638337553,0.02094555183799481,0.017737067897541085,0.021117640640823603,0.026673554064796365,0.0036803527513123322,-0.0016638462927089405,0.004778596451152026,0.0006754704074062952,-0.0026896358669124235,0.004732261845932943,-0.003817011746978636
2023-04-19,0.0021501861398795594,0.000904773513298256,-0.001382444962131654,0.002350223341406738,-0.0003134789751076347,-0.07030638123951993,-0.06153797681661615,-0.06755257191211896,-0.06834134756449048,-0.0650806461908479,-0.009925908423353686,0.0016760028828071048,-0.0033800158837722105,-0.002054332705690629,-0.000313478975107625,-0.002397857580167683,0.0011914770550475805
2023-04-20,-0.006963271769652834,-0.004218908411992323,0.0012115702431954765,-0.006869650842041811,-0.010238290236063312,-0.016593825169400268,-0.012712236962994134,-0.01437787302542599,-0.016365830374290163,-0.016414595560063534,-0.008568364002944074,-0.005146387944749257,0.0004092042971952659,-0.0075614879844706695,-0.010238290236063308,0.00557816143951976,-0.00040280047474479874
2023-04-21,-0.0010172047667623987,0.005752492228119279,0.002358154852301451,0.0007171419593669438,0.008851726942835956,-0.03625064857068939,-0.03366738237664023,-0.035096198170025496,-0.03584907033206511,-0.034960677475151976,-0.006889445400750231,0.0054631572031056405,0.0009564137027849719,-0.0015476364078208728,0.008851726942835939,0.00046167229628874744,0.0035248286815537217
2023-04-24,0.001757089349559311,0.0030237096200000915,0.006916181321976432,0.0018260810967230985,-0.0006564582504867682,-0.006202409007347476,-0.005904441724093433,-0.009474363388160411,-0.006003225057034527,-0.003101546222435147,0.0004305062900748464,0.002628942682523842,0.006676113843435389,0.0013114507175605748,-0.0006564582504867595,0.006319052933335644,-0.004564618854821152
2023-04-25,-0.01495420920531913,-0.003467403100720034,-0.012139354156712577,-0.011624725574300965,-0.0014950031205270403,0.01686722061882369,0.016697742370251636,0.011676630872742027,0.017092944148789656,0.017452905460623495,-0.009650637567961994,-0.004024053484187774,-0.011657520147328232,-0.009827522939339597,-0.0014950031205270276,-0.012342241084673295,0.0071068607646305225
2023-04-26,-0.012476823412631972,-0.018473614239652488,-0.012126813921933901,-0.014340489087942249,-0.015452612860351888,-0.012759860883439278,-0.005318413749552962,-0.016293665474743063,-0.011327305915973295,-0.013127712579009132,-0.012523996324433188,-0.018239560323282243,-0.012757363728968494,-0.014257767355583546,-0.015452612860351884,-0.011802503100676584,-0.00300296342592961
2023-04-27,0.01466191302179606,0.003122569039762694,0.0011462591454077695,0.012819242277696636,0.010960318329776139,0.014932648311098052,0.019410828844265125,0.014102364472121882,0.015985058635291302,0.01646815084607828,0.014707035570013056,0.0054085705532065115,0.0015191480388631268,0.012966368107927935,0.01096031832977612,0.0001587970909171575,0.004745060878006006
2023-04-28,0.009482238561268223,0.0017483125650817972,0.007254080578677394,0.007378540900215151,0.001672265609036795,0.003736322462608444,-0.00011023539472140333,0.0082786825735144,0.0032955816247349644,0.008345185401506777,0.00852458587815826,0.0020505869055569524,0.007231620877309504,0.007155288031440392,0.0016722656090367885,0.00761486944890208,-0.0011033872107499088
2023-05-01,-0.003422566579296094,0.0001380628490361774,0.0017353336275739099,-0.002956846988010952,-0.0017297168306956835,-0.017095930932513506,-0.018290587999987572,-0.01047206601716651,-0.01773876588855434,-0.016086769923320022,-0.005701460638165661,-0.00038756903298946537,0.0010050967678445662,-0.003912385082863953,-0.0017297168306956775,0.0035358583025889593,0.001542733430499357
2023-05-02,-0.016682054474223176,-0.01075482192125282,-0.016392382815422574,-0.015323522561775023,-0.010901777677030725,0.01303856664680343,0.014405089955581681,0.009904202496836462,0.013439354153683572,0.012034361990390537,-0.011728617620718742,-0.01153952869549441,-0.01675004374018726,-0.01359295078018027,-0.010901777677030608,-0.016182891670985196,0.0006965985779405234
2023-05-03,-0.012217496177713009,-0.008285383969274428,-0.010799931777312128,-0.010635619019889866,-0.015797720710554162,0.007033688642077719,0.006513626814042243,0.007689814885471338,0.006937546764723795,0.0031630813701194606,-0.009008965374414556,-0.008274073693480006,-0.01110995872734077,-0.009399407203324916,-0.01579772071055404,-0.01079746716099877,-0.008690877556303588
2023-05-04,-0.005351289952589208,0.00019032623698979318,-0.00780648134418316,-0.003725683341589986,-0.0001095933927971859,-0.010527365221955643,-0.005402228855516479,-0.010922728174231346,-0.00970594067821588,-0.004005241653277038,-0.006213969164150281,-0.0001716988221516285,-0.008022937943680737,-0.004078307929467236,-0.00010959339279763107,-0.006160106010078117,-0.0009861155821024737
2023-05-05,0.017515249613176284,0.011255078988031263,0.018037942258656545,0.015454693547882876,0.012750792008906619,0.020691646115858102,0.026276798689351406,0.02543236838505765,0.021265822686534964,0.01629597210157946,0.01804464903028992,0.011735130518482238,0.018441339761169524,0.015773370787086755,0.012750792008907021,0.016664386322981072,0.003408006330250967
2023-05-08,-0.0006943661313251723,-0.0012312170446015696,-0.002875834104724379,-0.0012738639207004409,-0.001097248767610085,-0.03585792627868483,-0.025617765840808146,-0.032795331713962414,-0.03455787689624046,-0.03447944788889794,-0.006554959489218448,-0.0012902166654182785,-0.0028805791275286537,-0.003533342267809985,-0.0010972487676103684,-0.003620896252828918,0.004992299303079332
2023-05-09,-0.004258718762879401,-0.004100181231479617,-0.003963083152864108,-0.004089761849365311,-0.0034218940298509494,0.016064871833109975,0.0020773472910323287,0.009882319044650532,0.014369888982939628,0.012345361852882231,-0.0008714536635478385,-0.004120216118169146,-0.003983798349058847,-0.002799304928302649,-0.003421894029851217,-0.003536245205711501,0.0008443633133710477
2023-05-10,-0.0017783329876314966,-0.0008905351123530261,-0.005919707330091609,-0.0012290555454661086,-0.001270683213574897,-0.0016382682780426996,0.002257815208482973,0.0007025562865766937,-0.0012853487371776405,-0.0013973882060159073,-0.001754988869366697,-0.0008769973856084586,-0.006314123274577252,-0.0012493014205002854,-0.00127068321357448,-0.0055936828433267895,0.0002874209239801858
2023-05-11,-0.008972948417903201,-0.003246915322945992,-0.001868167625522616,-0.008109319380001739,-0.003209386072034358,-0.02088555232312441,-0.0174204203265934,-0.02832099053273079,-0.020465125328603423,-0.014609979066104742,-0.010958382402106738,-0.00404768096579166,-0.0017734359216181798,-0.008889743716223988,-0.0032093860720342152,-0.0018298868776500535,0.00024736941955426654
2023-05-12,-0.0008388740546909411,0.000868288725109596,-0.0007640902507768493,-0.00015154469081735643,0.00062921750947006,0.006633145413243957,0.006717681561588096,0.008564146854113282,0.00655589422421113,0.006272284242088147,0.0004064625232982085,0.0008750760071051611,-0.0007075472648052396,0.00029923646343812797,0.0006292175094701742,-0.0006866931855059607,-0.0043007244290680655
2023-05-15,0.0045668756813419045,-0.0024960591882080595,0.0025392611971868104,0.002261028650487134,-0.0022550368486610093,0.008324650956111013,0.007042439804141042,0.007625620507710318,0.008372174749510528,0.009442638104484686,0.005193171560470089,-0.002209320621406334,0.0028807576678674487,0.0025435546088186734,-0.002255036848661204,0.0007788295549821069,0.002141226546391424
2023-05-16,-0.01596931677803586,-0.015906202397066485,-0.013157364598545832,-0.016696501277271434,-0.014892223266537604,0.008422101567971952,0.004659857616594346,0.010781921520412307,0.007801320725604882,0.009978692504665614,-0.011904080387034558,-0.016151056086382856,-0.013105736335734945,-0.015206767947727247,-0.014892223266537288,-0.013869088130831467,0.005448245748424417
2023-05-17,0.012319075380388223,0.0004817112620864002,0.010411208750625919,0.009229053746226427,0.0019502947729419476,0.014914573072979952,0.010717739398106083,0.01054723964088147,0.014532974241779559,0.01489739964848051,0.01275165832915351,0.0013120284843795402,0.010782837258962579,0.009587792568890974,0.0019502947729413782,0.008455200680982187,0.003875197849630025
2023-05-18,0.005885373981134899,0.0014426748351913524,0.003064117385580812,0.00373451276539823,-0.0004570951819825623,-0.011625633084243761,-0.008753369132112407,-0.006194449435849396,-0.011573716255503956,-0.006709402920831538,0.0029668728035717913,0.0015287283122805465,0.003187669866144351,0.0026372012039383463,-0.0004570951819824411,0.0014952372221283335,0.005936788666159399
2023-05-19,-0.0024750102388178593,0.00029322112317652733,0.005111916056882495,-0.0016181621991297017,-0.002914999714901597,0.003288349523594647,0.0050312032174601425,0.004453409049672774,0.0035305270059811256,0.007506361532461567,-0.0015144502784157742,0.00012721877739901443,0.005176042143119738,-0.0012723577717359284,-0.002914999714901242,0.0065322424038266845,-0.0007712736764887134
2023-05-22,0.0006733174629292172,-0.004267993319694641,-0.004875075738338373,-0.0002336328250605135,-0.006350295878960497,0.00852947908232017,0.011851698785865969,0.014749039692020058,0.00893792042115587,0.009041611948069968,0.0019826777328277086,-0.0037725282163414654,-0.004691524140340457,0.00037408658581607516,-0.0063502958789607294,-0.006371031621927716,-0.001363339646199782
2023-05-23,-0.007158860298573354,-0.003889240064933854,-0.0019451024371541774,-0.006796249387204219,-0.0049115449033749195,0.008546689643816751,0.009289973717440817,0.009895663980461936,0.008730007656633685,0.006782207440620365,-0.004541268641508335,-0.004410070489483225,-0.0018442384175623374,-0.0057214441519986186,-0.004911544903375308,-0.000770240449521978,0.003056335826191293
2023-05-24,-0.009243029757406197,-0.00607951397305704,-0.003666861550432246,-0.008852114822273754,-0.005349022863793898,-0.02931162757569497,-0.026721356272800274,-0.026710964079020034,-0.02915111054581444,-0.029021884476847504,-0.012587796060454326,-0.006574719343897431,-0.003647271729317406,-0.010173728680407125,-0.005349022863793328,-0.0028906075587779184,0.0050086747575609535
2023-05-25,9.278741905413914e-05,-0.013337052541627696,0.010782668412685823,-0.005520350659423574,-0.01571773392197901,0.0006137923240644661,0.001784226412370457,0.0011924810563210388,0.0008005934254282496,0.0027314264407904947,0.00017962156988919294,-0.013312521089299156,0.011500597656264867,-0.00539767826918248,-0.01571773392197901,0.0030119794026222443,0.014392495891329425
2023-05-26,0.00866367468365841,-0.00027449497051191873,-0.0005147833245895933,0.005888484256144355,0.0005652945789424044,0.013862260516455062,0.0068011342941998775,0.01763780633549737,0.01266042704937953,0.008915323886767506,0.009530105655791186,0.00010419659562415291,-0.00035047443394027654,0.00621003510497334,0.00056529457894251,-0.002180925773998782,0.005464554120053646
2023-05-30,-0.0018190711166541518,-0.004146200292738049,-0.005359904792134702,-0.0027324989541017163,-0.0034114349089474955,0.009550061586042526,0.009516308277549613,0.015184296927933261,0.009300760768220123,0.01606553184529389,7.578433379529465e-05,-0.004414246160857044,-0.00539287582902055,-0.0019425792822466276,-0.0034114349089478056,-0.00537186090866314,-0.0012117421954999587
2023-05-31,-0.004663092855496196,0.005621465133603438,-0.008334781673067133,-0.001551310302064331,0.005702539514004174,-0.010968334133005764,-0.008274848609493913,-0.015007462055547819,-0.01093443560363846,-0.0072286484315839915,-0.005713966401747791,0.004512721979889089,-0.008706598460067395,-0.00212055929866645,0.00570253951400429,-0.006636622820110321,-0.004528280986505551
2023-06-01,0.005148317863618267,-0.003471449095700076,0.003826369783107841,0.0029053810057281353,-0.002963786790924714,-0.0070050480359822205,-0.009974505048244603,-0.010443321364060301,-0.007396176457959086,-0.0069230330502966855,0.003122756880351519,-0.0022493594928890163,0.004122809097808043,0.0021222036886884023,-0.0029637867909248885,0.0013460563313660483,-0.0013146904930342652
2023-06-02,0.0195001976644241,0.011116629434121226,0.01705955827317368,0.017822719009421666,0.006906408889300325,0.030470134154125517,0.036067949880557545,0.040273419044596234,0.03200284059031369,0.03901088529011064,0.02132852041270767,0.011636055293506524,0.01717732370205864,0.018910730891840897,0.006906408889300327,0.01782510154735513,-0.010276972714345984
2023-06-05,-0.0058969493851712155,0.0013002811362760147,-0.0016931665598317268,-0.004069621572247509,0.0018244935970248895,-0.055567419705904994,-0.04764847234651419,-0.048753689560561385,-0.054603130359671244,-0.04849638937398494,-0.014175361105293511,0.0008575830945843977,-0.0016206107822330758,-0.007673141773090661,0.0018244935970248874,-0.0023027384866615135,0.003531251025095221
2023-06-06,0.004403184679716095,-0.005468625700258736,-0.006364715447706398,0.0018236043431903212,-0.008280355015654347,0.03446928333226702,0.0325063038301895,0.03394020470879351,0.03416952437258076,0.027140476629765157,0.009414201121807917,-0.004913719495867197,-0.005777027377599271,0.004143836157944407,-0.008280355015654346,-0.006605060860690491,0.00255941099685145
2023-06-07,0.008253330916676531,0.004200232583217537,0.003984242946610829,0.008337758443993254,0.002580115674949582,-0.03397566127408609,-0.02934545736440486,-0.027842811317357906,-0.03337785767518499,-0.03073766012573182,0.0012151655515494283,0.005033330206333403,0.004068001167672403,0.005541840654813261,0.0025801156749495828,0.00302952469154342,0.003637530336979718
2023-06-08,0.004105881849056212,0.0075920633948808325,0.009623868196962898,0.00445597984122126,0.007864674272651999,0.007310911144695708,0.005277475131049858,0.007584558798263341,0.007238931645895658,0.0044583578595659475,0.004640053398329461,0.007025952219574957,0.009662069724329274,0.00459502439794541,0.007864674272651997,0.011846244884904848,0.001166372565848217
2023-06-09,-0.002802731516898365,-0.0014705520142699316,-3.2599871786379107e-06,-0.00309174920495765,-0.0011968847731993436,-0.011508540340358878,-0.014496076980980526,-0.010584780066681176,-0.012642945977665344,-0.01271119951344687,-0.004253699654141782,-0.0016258394158565938,8.789998049674423e-05,-0.0038361874862900534,-0.0011968847731993442,-0.00025788770460095467,-0.0006383915498856973
2023-06-12,0.0052286646422442075,-0.0013316233903053688,-0.0023347585822805095,0.0033334042342834224,-0.0012530078950911535,0.00048789843885728136,0.001258496233410132,0.003587323993697121,0.0006739872657894554,0.003538983073686691,0.004438536941679719,-0.0009478135132224458,-0.0020000027680186993,0.0029688852005556143,-0.00125300789509115,-0.0020540183201776295,-0.0003784546051191738
2023-06-13,0.007318719029048488,0.005400690203610035,0.0051684260359303735,0.006489001576281084,0.005793868359468543,0.0022993820597000175,0.004319795115722327,0.0013900698297279767,0.0025126935528906307,-0.001027817580380654,0.00648216286749041,0.005055948248497938,0.005156697574173777,0.006148922558200991,0.005793868359468542,0.00515522576081157,-0.001669165309978102
2023-06-14,0.00012724349296770374,-0.0007028135553547985,0.0014205132086013768,-0.0004497898490166064,0.0008161493135527172,-0.0431723460804432,-0.0362530411644034,-0.04099925485901624,-0.04206551840724917,-0.041879664688604754,-0.0070893547692674475,-0.0007906787469468214,0.001213341451018947,-0.003554080508178448,0.0008161493135527182,0.00155447161004396,0.002124150107162579
2023-06-15,0.010003512200136696,0.010311078499556156,0.00493066374609354,0.010652627509313296,0.012774163113624084,0.005789103691559106,0.003483515462096246,0.009592072605551833,0.00566174660043843,-0.0024784430976782174,0.009301110782040432,0.010619970585231795,0.004596858404725612,0.010315792896976424,0.012774163113624082,0.005447575423920688,0.004077075250534261
2023-06-16,0.0005502064556709696,0.0026508984775024365,0.0023051525990438974,0.0013781008703079168,0.0004464911811107783,0.011168012818247086,0.016121026547668133,0.011378180673361628,0.011486914579526405,0.008208235494291932,0.002319840849433656,0.0024991066788021352,0.0019381391449419633,0.002150790006318219,0.0004464911811107805,0.001279001154600355,-0.0017053003742681639
2023-06-20,-0.012622406708579167,-0.009329239547274971,-0.009481590878279546,-0.011747920466782318,-0.006405446577837655,0.027151896154307277,0.029963140412728437,0.02453114181439029,0.027545750306704586,0.026312222558069205,-0.005993356231431424,-0.009271012725360264,-0.00965167945860729,-0.008877960645195953,-0.006405446577837651,-0.010205300775803212,0.0028237272479567635
2023-06-21,-0.003164890673324904,-0.0012300468356820538,0.003147651312210083,-0.0018326537733082129,-0.001749397623740294,0.06914386829461867,0.07517269652706153,0.04393143221557021,0.06843486628721107,0.04193454787064318,0.00888656915466569,-0.000710770633397331,0.002892550445068114,0.003434268670961917,-0.001749397623740292,0.000990649788701123,-0.007072640364066739
2023-06-22,-0.005592422870120341,0.003757144390734225,-0.0015149253306396694,-0.0037048348102439927,0.004467900806035304,-0.0036441032838237077,-0.005576306619275398,-0.007957370769358138,-0.0037452336939644095,-0.0022777710432178187,-0.005267702939070902,0.003126881229359189,-0.0017782027480765588,-0.003725947957277011,0.0044679008060353005,-0.00031748099250657435,-0.0010291322257821233
2023-06-23,-0.0072595814398227175,-0.006918604479195473,-0.008443968758150306,-0.007285682313055132,-0.007929456474206445,0.0747016117794201,0.07456886465771131,0.03779132567992063,0.07191697688667761,0.02379926717710118,0.006400617430051084,-0.006912805984484948,-0.008329315185220116,-0.0015126641986616843,-0.007929456474206443,-0.009044274832979562,-0.0015254592357061144
2023-06-26,0.006682503230795585,0.0037770626259038174,0.0007786802420377129,0.006502748750444211,0.004608576960887003,0.005978334015964882,0.016968590675524243,-0.005865583246509888,0.0061982041494853405,-0.008427597549460836,0.006565141694990467,0.00413192741161206,0.0008257186885988994,0.006580676470674117,0.004608576960887005,-0.0008993961776302649,0.002705550285025322
2023-06-27,0.00722289618202543,0.0009429095906130042,-0.00027274006730266967,0.004968863053280214,0.003821807400627564,0.02263140143154352,0.0312342404344915,0.010443312294996024,0.022814012382999675,0.031114278049653343,0.009790980390278443,0.0009519023167356603,0.0001204022083532545,0.006141977841661031,0.003821807400627567,-0.0011791481591754737,-0.002608944929713741
2023-06-28,-0.0017040372863230948,-0.0040898674239445544,-0.0014546998930356828,-0.002423437868531089,-0.002324681308577235,-0.03996466241134235,-0.023811225122572496,-0.03261673580267454,-0.037866229545954144,-0.02914194489123252,-0.00808080814049297,-0.004160834907072408,-0.0012179694787766604,-0.005018103428086366,-0.002324681308577236,-0.0010004928375733997,-0.004502791048580283
2023-06-29,0.006333876012833468,0.0015621303995948586,0.0028463485162489675,0.00553867573184958,0.00042326799710779006,0.029699728716752083,0.03221781796261334,0.016810046474684887,0.02904897431381942,0.017460252023709037,0.010228184796819903,0.0023533742405300547,0.003230681146021571,0.007250183221341001,0.0004232679971077894,0.00234460051439716,0.0004425448823934496
2023-06-30,0.008314033679412115,0.008587585113934744,0.012531655013024381,0.008406437751014182,0.007908926270733727,0.09404904955033086,0.06810592150958612,0.046175729432340565,0.08864831614958153,0.05295428250923151,0.022603202991231905,0.008815531253486837,0.01267731493434623,0.01432828521015036,0.007908926270733727,0.01229076639901877,0.002210131557185175
2023-07-03,0.005677130992006776,0.005191423495239784,0.0021277338998618696,0.005509763513904207,0.006317794434921623,-0.0051221093709991295,-0.00020399462216638578,0.007474618708751771,-0.003819210021636873,0.0020684037900426506,0.003877257598172459,0.00512040600515507,0.0021669191228483376,0.004844287485024349,0.006317794434921622,0.001591875465816419,0.004241764394022657
2023-07-05,-0.004240653464778885,0.0009879193361182555,-0.0007518620553094548,-0.002623429366318185,0.00176396524461556,-0.015160100684215774,-0.013220264665654024,-0.010814982156449274,-0.014634555430198277,-0.014958513701689127,-0.006060561334685032,0.0004257524477861189,-0.0008553986419908622,-0.00338008214730626,0.0015138360365293678,0.0025192921517990336,0.007314733015837042
2023-07-06,-0.01208413893391219,-0.01022344709349598,-0.015390015084426837,-0.011783390229737473,-0.007176295469940901,-0.025132335253464935,-0.021346562901110373,-0.02199044553205044,-0.024136524905569327,-0.03255034188938391,-0.014258838320504315,-0.01039570945229682,-0.015467956827203658,-0.01270147261368711,-0.00912103262740227,-0.013715423760560149,0.00577011473270572
2023-07-07,0.0006819149565187501,-0.01057987369924635,-0.0017634523663015986,-0.0020095878730416786,-0.01054439061419145,0.01796298117539279,0.014877645948686574,0.014872801711367383,0.01772965609004685,0.01711457218556807,0.003562092659664423,-0.009933629514534515,-0.0013896717155426916,-0.0006414562282253866,-0.010826109466597315,-0.002556205581783172,-0.00978946643802254
2023-07-10,0.0047796696983343516,0.003950636880462964,0.004997178491038437,0.00434967632575532,0.0004496514990586213,0.012686976892272451,0.010529278144986158,0.015977407141155274,0.01212300885386534,0.01067169135199837,0.00609755423065737,0.003913785172918531,0.004857453724805094,0.004866324893891377,0.0029293196789425273,0.003495533631865315,-0.003885552275814299
2023-07-11,0.014211688018259465,0.011271110641880116,0.01076711930900978,0.013249031584910495,0.011501578482080775,0.00029969873734785307,-0.0017301972837681719,-0.0019543309995256864,0.0002590117022280812,-0.0025370798756311655,0.01189302313810753,0.011174348072829961,0.011031682839300408,0.012237409450362358,0.010731570995504073,0.011228161389163077,-0.0042994463025860935
2023-07-12,0.008237350960354339,0.0023512393554594815,0.007988079463434558,0.0070603999687626415,-0.00010056502771442407,-0.004325411937046787,-0.004591880349464951,0.0038317849424209277,-0.004203647259700038,-0.007926035492770201,0.0061435571441208195,0.0028138362489036834,0.008069239189144616,0.006199526534761923,0.0007917157415599222,0.007973617495522431,0.0016864602908123927
2023-07-13,0.00561328999863137,0.0013829080649110706,0.002222817028484961,0.004416672016178643,0.002344644152769752,0.19549932848969684,0.23275226299377993,0.17617726771785214,0.1930597452620671,0.29654452951165,0.03726096308047561,0.0013540209372449772,0.0022109772683399447,0.01853917974437312,0.0032261772554748472,0.0031181874267323497,0.0025056016799930724
2023-07-14,-0.00660968743374577,0.00016565144344915625,-0.00825108293460627,-0.005087625358450455,0.00014746729223713898,-0.06154752460039317,-0.06217307828523577,-0.05512821076705075,-0.060290492769944,-0.07424728643178831,-0.015765993628187,-0.0004707336145208917,-0.008597846285293927,-0.00918611742896426,-0.00017875549088018725,-0.0052758929263387695,0.006206400881409651
2023-07-17,-0.003559608817588056,-0.005084901827959716,-0.0015040890123058713,-0.0052709061083372625,-0.008732171244281413,-0.004097995284557189,-0.008455348227376253,-0.010310699143822693,-0.00433262053188354,-0.007845282558441791,-0.0036493398954162443,-0.00594941703198356,-0.0015358259124247922,-0.005407907841471642,-0.007113862352275634,-0.002597815294924805,-0.004705951859477359
2023-07-18,0.005936202752823029,0.003203187160876561,0.007667871836093889,0.0047186093482438395,-0.000655765636342119,0.0006437713452430403,0.007710292353035318,0.008936607143185912,0.000997756825962366,0.0130147039569001,0.0050541308515596964,0.003069708970346851,0.007718996450298176,0.004394776279905,-0.0008707110580119318,0.007239198219867823,-0.012100801851362523
2023-07-19,0.006037952272526241,0.006600488378330015,0.002429677314522958,0.006784594564082455,0.008966036867621681,0.029475186809692955,0.04220432101736839,0.012325258240267296,0.029422064327079167,0.048295748373332614,0.009944158028720694,0.006796885622734242,0.0023921691087744126,0.008687780759602142,0.0058432120354892396,0.004100368671892666,-0.00209582922381341
2023-07-20,0.001748075801550906,0.012021790148113814,0.010481197333996956,0.004554811318403009,0.012682914136381966,-0.0002528017318526698,0.00511384168915983,-0.005031533488340779,8.176031600117786e-05,0.003559551238023851,0.0014145962126503099,0.011781567045417406,0.010350837114451079,0.004468618412311161,0.012496811256919314,0.012025292216443632,-0.004889216661728173
2023-07-21,0.004489892359851595,0.007970282375569928,0.005590230317241827,0.005914211130563513,0.0067408205433979445,-0.0015039225025845092,-0.008020628232109297,-0.0002318482821100044,-0.0018993770914792606,-0.008930722384554701,0.0034909232161122435,0.008264891572105275,0.005552250416626891,0.005402689375641981,0.007885237141313561,0.007324079089489716,0.006924642398729481
2023-07-24,0.005464941830862186,0.0001413394067488363,0.0025691947666037734,0.004149720760774704,0.0029193476947452206,-0.03911088820428194,-0.03862895570361055,-0.03603660229655732,-0.03855431383274864,-0.042277979037984234,-0.001964363174995167,7.726134344627349e-05,0.0030030967914305234,0.0009367666123961315,0.002136234525948985,0.0002877712036061142,-0.002589080928905479
2023-07-25,0.0034160131953540483,-0.0014559129481230787,0.005086895009522164,0.001962478633949633,-0.002387736996928301,0.0004515707248740952,0.0015626390096783566,0.0037111818720736442,0.0006931503301044617,0.003316196355284551,0.0029219394502740565,-0.001066487433526428,0.0052878801833004824,0.001765293785115667,-0.001234873522982358,0.0035607199545949755,0.004063146698633639
2023-07-26,0.0021904630775948686,0.0012435846666393946,-0.002507665208162764,0.0022355682100288674,0.0014424699226740492,0.015362130043130941,0.020199961084444128,0.010506752686998454,0.015192853501810603,0.020838801026922617,0.004385740905184213,0.001242424287270334,-0.002627689146889892,0.0032834706840124397,0.0013646963983745533,-0.0011198135408656865,-0.00462823505109707
2023-07-27,-0.004634011643839129,-0.00489827578226123,0.00020172843929965235,-0.005307747137235772,-0.007143262051230566,0.002244313463071346,0.003358603443770275,0.0006710798133180189,0.0021457527179972,0.002784685134061715,-0.003487624126020716,-0.005535563264561965,0.00010964422933435857,-0.00478410064407159,-0.006205417388264986,0.0035114925172017855,-0.001131765211497182
2023-07-28,0.004241321399844554,0.002195166373571504,0.003358131659142542,0.0031956866460631133,0.0008605933410656553,0.007462819176447867,0.0089861395066304,0.007622073301988504,0.008090215511921163,0.0102533653072161,0.0047782376959451065,0.002250595421589258,0.0033308161186617028,0.0034189686882172676,-0.00012972266735723772,0.0035878873640134055,-0.00426745824876858
2023-07-31,0.004314741590100031,-0.0015370856462084332,0.007050583800405078,0.0026898639396176266,-0.004097717551080089,-0.01723273511035757,-0.01783581673917769,-0.015191919385025067,-0.017118680462959522,-0.01930219836255076,0.0007234954733570972,-0.0013126722472300437,0.0072901840700743846,0.001127912415463186,-0.004020140769748534,0.004054252959435695,-0.0050069295920529555
2023-08-01,-0.0036317010240047827,-0.008132778628472219,-0.006091825054808987,-0.0050466365666311415,-0.006311003170354145,0.008097901202082248,0.010550570257924483,0.006419217261734205,0.008474399046467067,0.014504546030473,-0.001676767319656945,-0.007992075217521533,-0.006112421426502879,-0.004134418821384462,-0.006497623465361074,-0.006397323993867756,0.0013943860596932131
2023-08-02,-0.013699281238668088,-0.009535223813457281,-0.011180034635050858,-0.011343427781403638,-0.00815789952867251,-0.03714694707929563,-0.0340002794861597,-0.035961471954766205,-0.0362337374899252,-0.04084557913837909,-0.017607225545439344,-0.009198303940754033,-0.011729586290143519,-0.012984574170772825,-0.008940868217089398,-0.013833920722375827,-0.0008541262103385194
2023-08-03,-0.004931584621457254,-0.007699825706652542,0.0007403243083450371,-0.006087233387035942,-0.0062000369405394214,-0.01737553628357058,-0.00968675712694818,-0.01151783593293837,-0.015706813216219015,-0.021978183466660438,-0.007005576565142809,-0.007631107551403698,0.0003032533866559464,-0.006938146554767818,-0.004805691996563417,-0.0005729669119663881,-0.009529226597253044
2023-08-04,-0.0021970232173001117,0.0005156743946899806,-0.0006835558088461644,-0.0023772418322062236,-0.007529380142115071,-0.007302872222976842,-0.0046712983926811705,-0.010643947712432246,-0.006881240699326115,-0.01576052630878696,-0.0030479980515795667,-0.0005057684598267422,-0.0019211529728991581,-0.002761519969664375,-0.007899336306857139,0.00011340142716509208,0.0028380299329188174
2023-08-07,0.00802041392341124,0.011638683869591862,0.00962819229723443,0.00848732431211633,0.012072094658545349,0.00701631019083232,0.010796849890328603,0.014243548157710758,0.0070314289845857065,0.005531975617463269,0.007853063301314753,0.011167048690889032,0.009148109409831014,0.008430439104982593,0.012866161357415388,0.008794487177334364,-0.0030010978809520993
2023-08-08,-0.003440940743932581,0.00022673863032230654,0.0006506431131244214,-0.0022121059148951087,-0.0024354981071858625,0.014720931908673896,0.012084379303562758,0.013463986496201164,0.014272244850229661,0.014856943282740422,-0.0004139619684981682,-0.00021553679536204712,0.0013192766233044244,-0.0008690153330277473,0.00043518921125616886,0.0009506835414779505,-0.0011410515851042824
2023-08-09,-0.0019255958226743846,0.001676949469697468,-0.0005185162364035288,-0.00036596527055242134,0.003941242179021224,-0.002395454912777484,-0.003123850407527361,-0.0028694411069886067,-0.002489696318753464,-0.003377685750080049,-0.0020039056710249004,0.0018324486636736397,-0.00042377446402968065,-0.00038957524937616595,0.004358611960242579,-0.0007051024153166315,0.004558149142769306
2023-08-10,0.0009644399956669524,0.00015267343535052468,-0.0023037578052230827,0.0009022104367371273,-0.0015455464878818394,-0.010313452290058634,-0.007359181466103159,-0.009916912137997027,-0.00947403804840994,-0.008841982214684721,-0.000915208718620645,0.0001822472824369999,-0.002502618575743081,0.00010085791639017944,-0.0006928362284016926,-0.0016414979337156291,-0.0003625927391719186
2023-08-11,0.0016758150228857098,0.005646444799379007,0.006979514230092033,0.0029771606601557894,0.005672339409124875,-0.002505354091861367,-0.0024749402416993824,-0.003847854669598029,-0.0024391060062150874,0.0011574307065651723,0.0009789535037611967,0.005531018729712505,0.007037831483335843,0.0026577159303558247,0.0062917329481416324,0.006685804181456788,0.0032169980597923104
2023-08-14,0.001706277599671522,-0.0020784645694258965,0.008652019649987632,-8.075960155372512e-05,-0.0015772039280719753,0.001951599250878311,0.002478540496356803,0.004372382708449512,0.002135461957936326,0.0018910399375386372,0.0017471645415393202,-0.00210638895426793,0.008874344841573662,-0.00010303443152239954,-0.0018282866189324777,0.006823810902105877,-0.005730178496092062
2023-08-15,-0.013225456282507148,-0.007753393532769442,-0.011516139349755962,-0.01212183360731579,-0.007840005044764613,-0.028483106955607816,-0.018923212471030883,-0.02286817131040604,-0.026841814187936887,-0.027749468149244935,-0.01576839806135726,-0.00840639860917853,-0.01226976942945456,-0.013188602891243975,-0.00784414808335201,-0.012983287946869683,0.0013222138894622764
2023-08-16,-0.008186117279367163,-0.0034637580192919282,-0.007331007922735692,-0.00687574430780481,-0.0034959697970108647,-0.03890073461971866,-0.033941451059199934,-0.03736992083089069,-0.037684003336136,-0.03232402380309763,-0.013305220169425746,-0.003529136886192663,-0.007677661975836513,-0.009129338365111605,-0.0040743852861472715,-0.007899819851508269,-0.0006283003310997536
2023-08-17,-0.004655788275770239,-0.004680838680865046,0.0015326894288046093,-0.004436906876961337,-0.008275011139972331,-0.08842940887497387,-0.07565247874179229,-0.08620176985453284,-0.08533592103420684,-0.09278628320378723,-0.018618058375637507,-0.004409458328441976,-0.000257173018803692,-0.010418264749632863,-0.01016789771368997,0.002870425920345762,0.0018158513645622353
2023-08-18,0.001733029370723882,0.0014871149303182039,0.004757575168988941,0.0015741805310424178,0.0031105987408171264,0.006166164594595425,-0.000665137191927893,0.006487194564093629,0.0047559170169171935,-0.0015073769616365147,0.002471885241369139,0.0013261901652868637,0.00475307305679118,0.0018385775632141143,0.0030110073101880736,0.005712656377536362,0.0014352639950818238
2023-08-21,-0.0005131283529655392,-0.0026106829783457963,0.005733694913863435,-0.001742596305958969,-0.003281505783157792,-0.009879608817271868,-0.011218935776297803,-0.014072663529478297,-0.00974491244530647,-0.010639441824585677,-0.0020742084303499277,-0.0026324602082660447,0.0052339540309088994,-0.002491910490902308,-0.00332976469678358,0.0069157255153039525,-0.0031276675572338595
2023-08-22,-0.004904403466574165,-0.003985111682956631,-0.009218021970200774,-0.004332756980381516,-0.003180208718075331,-0.014368192690346893,-0.010854451301541388,-0.010846262548643591,-0.013312156303106138,-0.01431969437007928,-0.006481701670536286,-0.003832162023712977,-0.009525591916577314,-0.0049718013477109595,-0.004540421412846814,-0.008688166908788096,0.006291206412605754
2023-08-23,0.007321780440630267,0.00856251589172094,0.004462512531885772,0.007254408447693713,0.008314287471728778,0.03150211746919023,0.03001593420438158,0.03411872542337558,0.030831863174033938,0.025862840777000237,0.011351836612056925,0.00857340138636592,0.004781098903139555,0.008898460686845612,0.00783765529426132,0.0005523775566140423,-0.00034026757295391
2023-08-24,-0.012228581664713427,-0.008429951435688077,-0.007621615338228859,-0.010711714570719696,-0.009307935854981702,-0.012132670149970028,-0.01129430214516336,-0.011831482479308751,-0.012015056662180494,-0.016993854811081302,-0.012212596412256194,-0.008469708346194966,-0.007905310112158396,-0.01065129390012643,-0.008810164466411353,-0.006264468081424902,0.0025888312739939475
2023-08-25,0.004912513294952161,0.0029506363425011,0.004471851941414381,0.004574226849388737,0.0028082449746539813,-0.001097954023416292,-0.001638024924800726,0.0011425609847635777,-0.0009706291717325479,0.004734257610729747,0.003910768741890752,0.0032692979160181424,0.004560166118290564,0.004170089041769721,0.003348517113018342,0.004427215266627139,-0.0014879689175448195
2023-08-28,0.008364884527056865,0.0035602695779491786,0.006030645691113001,0.007109775713219532,0.004094440266452145,-0.005905699793415331,-0.008483827721696504,-0.01287404158185274,-0.00617449874879875,-0.004188357023604276,0.005986453806978166,0.0038802601222297684,0.006072385972696621,0.006058224100895667,0.0037141207500250794,0.007993863065180906,-0.0030282930589476016
2023-08-29,0.011982477817999243,0.007552479799055004,0.011173629997142555,0.010869341400206525,0.0082531955620246,0.05507035060377845,0.05761088047938784,0.06403614571738175,0.05436402169904109,0.038965677590910255,0.019163789948962444,0.008094838238123547,0.011370167853947896,0.01405600137595215,0.008190810075980094,0.010568714610320343,-0.004808174806840399
2023-08-30,0.0015849659208836808,0.0005464048504497536,0.003618884966103953,0.0012687004327291461,0.0019016631757381541,-0.022248078588893397,-0.019908126687713246,-0.027585806453589462,-0.021776250545165007,-0.021754001516120478,-0.0023872081640791652,0.0007624666930518821,0.0034001187816649894,-0.000459995750348758,0.0016643704412220282,0.00463926317703983,0.00031176681897415075
2023-08-31,-0.003055568691088685,-0.005452670547669201,-0.002101548191088797,-0.003998528949555607,-0.006244911592357286,-0.03801269052597048,-0.03262356214821535,-0.02605598410871094,-0.036528950062302015,-0.033701330383369074,-0.008881755663568981,-0.0054353207066361285,-0.0024672153907639967,-0.006467474677095821,-0.007733761593920412,-0.0011158676982769343,-0.0019975675601749975
2023-09-01,0.004049068438607959,0.0009843407849519632,0.008106669762057435,0.0028659844347902813,0.0010882711592206066,-0.012928701106311181,-0.012462145600157203,-0.01780165434105602,-0.01259440307457727,-0.012204626419346814,0.0012194401811214364,0.0008407369255294497,0.007905320619203257,0.0016385589001582184,0.0009395568876866529,0.00876217598874669,-0.000100890738615822
2023-09-05,-0.00872481301933522,-0.010214935748319085,-0.0027227865902384844,-0.00980222012898975,-0.010350764850379498,-0.001604615569630974,-0.0010088690547588272,-0.002120684457893282,-0.0015030154305767929,-0.00034205309810422205,-0.007538113444384512,-0.010623863797388944,-0.0025396484502140638,-0.009286257636019972,-0.010451439145819216,-0.0011251057929675488,-0.00023773803362416197
2023-09-06,-0.00417614715166231,-0.003935119904082401,-0.005715293892168366,-0.0038264718524251206,-0.0023583847007488936,0.0014576500461318865,0.003256354057915572,0.005231334651288373,0.002002058651888909,0.0036796206047880857,-0.0032371809520299446,-0.0035449274349198946,-0.005673487856254926,-0.003347527775978857,-0.0038763687658909837,-0.006844467526089665,-0.002489124808714236
2023-09-07,-0.00017340816510796246,0.007963569293988133,0.0016500873850763104,0.0022944814211828778,0.007216245117658461,0.007585107840102846,0.008377492746760647,0.004391381491407832,0.007764675960392982,0.0073343236453907446,0.0011196778357605054,0.0074191122284239085,0.001519907938898221,0.0028156103217068687,0.008123122943150473,-0.0002982470919171717,0.0004823772073365468
2023-09-08,0.002637923536046846,0.0076536532970854,0.006105064727499883,0.004094043246925421,0.004429473597637169,-0.00505856760002702,-0.004983406041723932,-0.0035207887628774014,-0.005070687016983093,-0.007792616034768553,0.001355175013367869,0.007408772656322509,0.005712825814452492,0.003505034455156294,0.0047279481972862985,0.006729823891872842,0.0023708736142171523
2023-09-11,0.0028656874463991564,0.0037423777948958846,-0.004983252520776887,0.0033072824628586897,0.0051772382909406655,-0.03317390146200886,-0.02999636329094467,-0.031799393881690126,-0.03209297165242973,-0.02830518122470597,-0.0031409107050021793,0.0038231982725770905,-0.005078412292032273,0.0006588110489752009,0.005250848327433887,-0.005930141325657891,-0.0024263659042392735
2023-09-12,0.00230824385120429,-0.0008392047949255566,0.01077470871982125,0.0017776772603529498,-0.0005244046329156813,0.02023627737002509,0.026700045985734264,0.036482346126342144,0.021661421664900555,0.03367409088193542,0.005296249437674423,-0.0004539728512778964,0.010981244801123165,0.003246197101209132,-0.0010020775330282915,0.011325782335398995,0.001865145869247189
2023-09-13,-0.0009672270966173914,0.002128359860855081,-0.002617367567743087,-0.00040804474474579583,0.00338036578543092,0.010910137712222902,0.009917423598137597,0.007656309309839626,0.010814294023544299,0.01174449459351668,0.0010123337048559907,0.0018261956124805234,-0.0029166945268144758,0.0004522591000828851,0.0025512207365562156,-0.0003173412453194918,0.001715968239484973
2023-09-14,0.012360870706178877,0.011409266382178427,0.01337193175234844,0.012604884892756666,0.0062776435031626655,0.015075647116377933,0.017811587131078485,0.02011749197771761,0.015756157853541883,0.018622922585186528,0.012813333441212054,0.011548058497987866,0.013550156121313113,0.012924530272528836,0.007194056681969261,0.01420073824823699,0.0037165772602386674
2023-09-15,-0.010489077213557506,-0.0075671346497634875,-0.014026906555417848,-0.009030205121580403,-0.00808394035795476,0.017594204754288658,0.011765146964759117,0.022075002657468392,0.016437048966204768,0.01216942468795809,-0.005808530218916477,-0.007290006708410061,-0.014179844007616097,-0.007047959786198842,-0.007907397249005561,-0.015907926106663122,-0.0046700307275006495
2023-09-18,-0.0002499500385179255,0.0011506419542262883,0.00482759635544202,-0.00010441737118076872,8.608174545266802e-05,0.01968908084512331,0.01570834047145725,0.018509017883357834,0.018820233311009398,0.015911886460505613,0.0030732217754222803,0.0008843186046806455,0.004989434515082784,0.0013016722715820067,0.0007159547006862935,0.004981826359168098,-0.0010974557754736614
2023-09-19,-0.0042135020148569065,0.00011604484026800179,-0.003822455001820957,-0.0034504504585287344,-0.00037253257923230873,0.011995626949226111,0.010890999241292365,0.008797962002733641,0.011919326436460768,0.010926508346175121,-0.0015119805208430703,-0.000134456152559517,-0.003808022744731124,-0.002295415321507498,0.00011375254398836807,-0.0033171316679606044,-0.0003350580492682753
2023-09-20,-0.005264643861468341,0.0029290505649257914,-0.005770558942593419,-0.002968938314435721,-0.0007118180421202552,-0.010665434056974475,-0.008944892549811291,-0.005384662339441103,-0.010125471126874338,-0.01138742237439113,-0.006164775560719364,0.0023622624786504573,-0.006008402016174948,-0.0033802310534413755,1.9818866349267884e-05,-0.007078915510034581,0.00015126852357439302
2023-09-21,-0.0185880687890133,-0.012430040744106863,-0.013969345124587602,-0.0169413969195096,-0.015126213343180166,-0.019800399291338335,-0.020588328138591617,-0.02465953327789038,-0.0197322309986603,-0.020863267727963607,-0.018790123872734134,-0.012664614153584969,-0.014090493087709724,-0.017079248422040217,-0.014572883080155117,-0.01529509653017498,-0.005521502699697561
2023-09-22,-0.0033341264056424035,-0.0015506880115007413,0.0013372374508223922,-0.0032043793036323604,-0.003035085896094895,0.0012225372952483827,0.0017635834741302442,0.00276407743563094,0.001297124538242052,0.000586483788266668,-0.0025746824554939395,-0.0018890443622423922,0.0013448583250651076,-0.0028735972530987363,-0.0027595662376220984,0.0016452076392122663,0.0010459224730114424
2023-09-25,0.002086940375641444,0.0005791867524922763,0.006899339200153686,0.001269701073903349,-0.0013311873105133819,0.00871039004850741,0.008489113283766503,0.011840347650495525,0.008632849540136813,0.010187542017149918,0.003190848654452438,0.00038964925555410375,0.007081286164934642,0.0018068921354283585,-0.0010207380113194094,0.007651225466340246,-0.0020679348274052446
2023-09-26,-0.012038678588931193,-0.007733742226895497,-0.0034622344922616765,-0.011649226100839127,-0.009682494726446344,-0.0030991371631249546,-0.000503517276765821,0.001256930088830051,-0.0027725426294453043,0.0012299310077283953,-0.010548755017963487,-0.008367664241898751,-0.0037486723522237395,-0.011028960128199365,-0.008410902196912772,-0.002923857294944053,0.001153723045667165
2023-09-27,-0.0014106684457594152,-0.006504187072628876,0.012136688847761472,-0.0035556670463586662,-0.007880765283392835,0.009322785106952891,0.010095375184271123,0.01836265592930649,0.009273960143781089,0.010691037480189876,0.0003782404796926354,-0.005914031303759653,0.012541674232585577,-0.0026407479582171494,-0.007676820633954862,0.015076603501490472,-0.0018431062705771815
2023-09-28,0.004051206390830819,0.00043861473868345196,0.0015225492002623206,0.0024045500077930675,0.003415364530303403,0.02507332442056951,0.025182738442067754,0.029028893832700298,0.0247998739984242,0.026244990034714366,0.007554892729120601,0.0005224940287382996,0.0016475283064565098,0.003926972771694787,0.003229354730905184,0.001303002063148331,0.0018164138284160883
2023-09-29,-0.001064597661618716,-0.005035226598081317,-0.013796074824507641,-0.002082978815867489,-0.0037317662282795793,0.005434094670924462,0.006026780816780373,0.009952723324722256,0.00592074171755491,0.0054497768889076835,1.8517727138480516e-05,-0.0049606286237921645,-0.013956248963080939,-0.0015603447094588766,-0.0037170536717690524,-0.012353941447597484,0.0006388997355602324
2023-10-02,-0.01427779454884416,-0.011956001431194433,-0.009522209335712049,-0.015292735827170787,-0.00880276746298698,-0.02263630601154587,-0.022312072007032537,-0.020524935931675634,-0.022584517088939386,-0.022210924181473517,-0.015670879792627778,-0.012608958352545685,-0.009624826122901635,-0.01599156490156891,-0.008487932880787112,-0.011562773379435396,-0.003943682952840053
2023-10-03,-0.008623840049693498,-0.006867029850825565,-0.005125695826646424,-0.0077234991250339086,-0.008862536643166153,0.00018829581268208287,0.003982451529194701,-0.00285176034317545,0.0017417594327547277,-0.006463227432153783,-0.007155150739297565,-0.006489319942262634,-0.004948842191921065,-0.006851741390001858,-0.008862536643166139,-0.004912711249872578,0.005173260100791074
2023-10-04,0.0014587619619191327,0.005549214373772475,-0.006875067604873109,0.0018459733754566888,0.008327689389923211,-0.006274930158273262,-0.005374367309172681,-0.004675451291865746,-0.006274641415343364,-0.0010132070542275033,0.00016981327522039985,0.0051256207370866565,-0.0076176886143049065,0.0011545285171684417,0.0083276893899232,-0.00648407192097664,-0.006411191207692625
2023-10-05,-0.0018481504494788203,-0.0035695783341897834,-0.002379415342615923,-0.00239383338164373,-0.0029665471212731217,-0.01105963270235685,-0.012659813838358598,-0.013942619689977963,-0.011072973467698274,-0.009907714640322605,-0.003383397491625158,-0.0037312931875342946,-0.002372002291521368,-0.003186818965565553,-0.00296654712127312,-0.00305303461773579,-0.005542956678365036
2023-10-06,0.010572819190709796,0.005129400613165469,0.004628765102332632,0.009491900706690119,0.006076031205506502,0.009812111022711312,0.00896450016792061,0.006331475399634551,0.009149983509768604,0.009134723329167437,0.01044603449604338,0.0052661883894798605,0.005070747443338259,0.009361265559366488,0.006076031205506486,0.004785676541954349,-0.0050483635025225255
2023-10-09,0.008763926303623772,0.008002300620384185,0.01575591672738238,0.008916053387497883,0.004866392486128749,-0.030927593647395134,-0.028185118725232033,-0.030922608881392817,-0.029921493057145455,-0.02575723606166968,0.002148672978453955,0.008200165823984999,0.016414367708872224,0.005962165311901363,0.00486639248612873,0.014944808314156162,0.004532618095348525
2023-10-10,0.008282561086268073,0.0077498373947522394,0.0015275035792469893,0.008127744453254268,0.010196208070274024,-0.0074236072208690995,-0.006900385813756453,-0.010242332131718167,-0.007051161732719977,-0.009973920181095455,0.005664866368411876,0.00784375072160694,0.0012570379739046912,0.006918112375892162,0.01019620807027404,0.002491098190145864,-0.0016166386552180056
2023-10-11,0.0033651576290092255,0.005264065465651004,0.00012922511530729774,0.003962730366777496,0.004392553625564965,-0.008962957009541505,-0.008053672607215998,-0.0031041453327324033,-0.008945303661077153,-0.004345776657862295,0.001310471855917437,0.004764814761847045,-7.472800817010525e-05,0.002977741977979178,0.004392553625564922,0.0009480589844769113,0.0023975405966771253
2023-10-12,-0.008311144835865697,-0.004124122637570602,-0.0018356317441003463,-0.0082346043796831,-0.004843510510135786,-0.008336279694453464,-0.009098318409763254,-0.010576005966175204,-0.00846153903197675,-0.008655309407008776,-0.008315333978963658,-0.0050455833794018365,-0.00198138071066453,-0.008341606434993895,-0.004843510510135808,-0.0022571541896097094,-0.004867648880978006
2023-10-13,0.0011147766253742542,0.00440821682312334,0.005985754545966367,0.00267291753739787,0.0017305401373362284,0.007031694669283151,0.007223078439783312,0.008176272409985195,0.006998956974870576,0.0071681896387938,0.0021009296326924033,0.004549967068365295,0.006181615908853331,0.00314483609105096,0.0017305401373362249,0.0049997654636463485,0.00693559599977708
2023-10-16,0.010057492329704917,0.006644963866638931,0.007967435284317228,0.009511559878397165,0.007516374351008471,0.029826719180017003,0.032982480292787476,0.034185724742477275,0.03046354788564768,0.0392515464014246,0.013352363471423599,0.0071823167169333514,0.007861511979342298,0.01114064977242569,0.0075163743510084854,0.007817233582754,-0.0008464141948269165
2023-10-17,0.0027932697004872196,0.004365306038819182,0.0005874585204123069,0.003034225913129249,0.0024082016701103535,-0.018865643579989568,-0.015966111718371173,-0.015627599791178424,-0.01771681282578326,-0.013449097588842638,-0.0008165491795922445,0.004043852356714153,0.0005800603715277768,0.0013943052186210542,0.0024082016701103795,0.0009112231401203212,-0.0012345379099363773
2023-10-18,-0.01429852367233557,-0.007754565266280473,-0.004236233481782268,-0.013036634856606465,-0.009004640799998697,-0.006922478049449166,-0.003091521633628175,-0.0015757332113278933,-0.006069155338839116,-0.002192778124618642,-0.013069182735187833,-0.008508715885348375,-0.004180693981056915,-0.012450824205108776,-0.00900464079999869,-0.004057855361517244,0.001232144396710659
2023-10-19,-0.00931339622377608,-0.007807516160805103,-0.0074719835925911035,-0.009286258921662528,-0.00672672163223927,0.0170962051766866,0.013342696514924,0.015226765351548276,0.016425507585067497,0.008186836654190493,-0.004911795990365635,-0.007845431115117199,-0.007387939053532345,-0.007200401718176918,-0.0067267216322392616,-0.008214881201455849,0.0024125673087907647
2023-10-20,-0.008972743882415863,-0.002302146756788191,-0.00898140953890472,-0.0074964628505892975,-0.0011221088510499307,0.02151512776330269,0.02201021712240804,0.02308142483346498,0.021399751978352543,0.028284168650287267,-0.003891431941462769,-0.0028407515634078957,-0.009084435671425143,-0.005252812436869322,-0.0011221088510499307,-0.010548201690650162,-0.0012236346240577772
2023-10-23,-0.0065969844195609105,-0.007023330090052066,-0.006821148461377079,-0.006753834604216383,-0.0038780577165535637,0.057254370553528625,0.059762885786061454,0.049605024248466835,0.05721276445335119,0.06343623822782204,0.004044908075954011,-0.0067614751587616205,-0.007228066025857388,-0.0018506934303947466,-0.0038780577165535494,-0.005697513623848628,-0.0030455275984401535
2023-10-24,0.010865236461424663,0.010376660330200009,0.002353981312650926,0.011027508328786403,0.01359019002631339,-5.5170320917186056e-05,0.003910664279510324,-0.002100504059951808,0.0008601173045562358,-0.00017714474695790412,0.009045168664367689,0.010524842147205253,0.0021744274927703263,0.010237553714221671,0.013590190026313394,0.0037947465785469355,0.0037371831690338553
2023-10-25,-0.012071946699170878,-0.006445634699382203,-0.005946941489883197,-0.009739195639932002,-0.0038152716259932853,0.003641279162773315,0.00736999987725342,0.0028092144149302525,0.004599791408632039,0.009276558081287682,-0.009453075722180175,-0.006272448713696461,-0.005950139259672781,-0.008414041838651055,-0.0038152716259932723,-0.007408755440833627,0.008876336069822964
2023-10-26,-0.002091230643623225,-0.0024083211049321564,-0.004314108699217457,-0.0010441028169303197,-0.0014200647748502907,-0.0004957256077606437,-0.002879907377369494,-0.003086169261696489,-0.00116252439721028,-0.0021911563901654617,-0.0018253131376461283,-0.002731311650294821,-0.00439801753629901,-0.0009490358865296845,-0.0014200647748502887,-0.0057786148981560995,-0.004630588067337442
2023-10-27,-0.010091752733279386,-0.01852088565777452,-0.022044451514920325,-0.012147337866200777,-0.015331639405166773,-0.01083655687974755,-0.006640688065691032,-0.016115454104738244,-0.009677274112029777,-0.007763517870747106,-0.010215886757690747,-0.017610913196091788,-0.02192899599421185,-0.012141494136209798,-0.015331639405166757,-0.02115111309506957,-0.012261544060185285
2023-10-30,0.010000411649502999,0.004485801649318922,0.007845428142919575,0.008970835308713914,0.004748941949489741,0.012115615043815276,0.008633118292050185,0.012621062367664623,0.011351139752816547,0.007597784039137483,0.01035294554855504,0.00498110672632956,0.007733429558519948,0.009124464001846825,0.004748941949489785,0.009671800440542392,0.0022733540148718928
2023-10-31,0.005876567388702726,0.0025763985735053315,-0.004121508173951172,0.005147064758585284,0.00781876572431603,0.009585151462079567,0.006715872879601674,0.01844125506932709,0.009303545475720668,-0.002117562629285806,0.006494664734265533,0.0028025059259314277,-0.004202127985765641,0.0054941978842887465,0.00781876572431605,-0.0040944307690753525,-0.0008570265104992024
2023-11-01,0.004883111660390648,0.0062162477871603155,0.007038534582363145,0.004644466752089005,0.00641728069532331,0.020423321832506593,0.02154712864416194,0.016539776228380324,0.02099410792593042,0.023725994795671085,0.0074731466890766395,0.006293806586216094,0.006601863358210254,0.005873425903921519,0.006417280695323323,0.008134598169535741,0.0031942867367340164
2023-11-02,0.02579496016750301,0.01676882894825813,0.020077341127384532,0.023770175176355046,0.018721022401728536,-0.010673215464948316,-0.013868701014966803,-0.018948988386762393,-0.010802832039830618,-0.00802045364111911,0.019716930895427788,0.01655000910023201,0.020258707148959245,0.020926801392216417,0.01872102240172889,0.020890154506863032,-0.003580670824070764
2023-11-03,0.012794021607402124,0.0037988848432498586,0.0017011500870687422,0.011068187684486296,0.006830550123616013,0.005687092970192598,0.002987573117153066,-0.0016251090868025686,0.004239752176521361,0.0037143841940766075,0.011609533501200536,0.004481667789339921,0.0016384164782052375,0.010480647535241562,0.006830550123616082,0.0023112222720399426,0.003406590737282995
2023-11-06,-0.004456576056500966,-0.0023979438860208847,-0.0025371494700857033,-0.0040638920331743916,-0.0022874423940355093,0.029873216562228896,0.015814440381904868,0.024720131180393425,0.02680955809353023,0.015157780970646769,0.0012650560466206792,-0.0025103565235459696,-0.002302976486685649,-0.0014943050822528304,-0.0022874423940353896,-0.0030449405138397935,-0.0008099368011722126
2023-11-07,-0.003739062977469132,-0.0015520406653704477,-0.010561752996236946,-0.0038288360397195527,-0.0006475484412576057,-0.015245608939161116,-0.008641455090539077,-0.010992219288041314,-0.013891655469965668,-0.0064006779134219375,-0.00565682063775113,-0.0018887515102107915,-0.010765643976677997,-0.004724702474140639,-0.0006475484412575818,-0.007694643936828596,0.0007336211503604058
2023-11-08,-0.0011798844009914002,-0.0024974390114503482,-0.001783438549116182,-0.0019544633713274766,-0.004225358575273187,0.009123363828995878,0.008948347566143192,0.009197946180532927,0.009366090213203445,0.0098661517978532,0.000537323637339813,-0.0027481473710286295,-0.0016177730096111466,-0.0011330881877368623,-0.004225358575272953,0.0011829301299830389,0.0013254556981923348
2023-11-09,-0.008903880726641446,-0.013128748487437485,-0.013194175117843772,-0.010388766858919306,-0.009370425993968281,0.018942521337077956,0.022636295741543966,0.020545208555575185,0.01847969919263235,0.03181982939883529,-0.004262813716021547,-0.012728827621348613,-0.013211115994176525,-0.00837015224793696,-0.009370425993968225,-0.011665472797299415,-0.008846786619431203
2023-11-10,0.010646732594233559,0.005704475327876452,0.008901901591554625,0.00897453431264976,0.007264666398307412,0.016119127764091114,0.020413192247423016,0.017829631530225966,0.01876834825569063,0.023454822940220756,0.011558798455876484,0.006188837309851307,0.009042234286192417,0.00959502179353776,0.007264666398307397,0.008733025003056491,-0.001546413959064863
2023-11-13,-0.001133590703610896,0.0011430296291727714,0.003089341843349089,-0.0011008462286608129,-0.003175185104143907,-0.015109750322123416,-0.012613378410709926,-0.0037083321764624405,-0.014977819134356573,-0.018637090649334248,-0.0034629506400296493,0.000790317095849142,0.0031754558903176805,-0.0022753966379812644,-0.00317518510414385,0.002718671046440042,-0.001492729956878425
2023-11-14,0.02459404341561296,0.011106605440113507,0.0054120763324933836,0.02256950578687786,0.012440199948749562,-0.03211101876751308,-0.03246862660141972,-0.03908369021099775,-0.032339260077915516,-0.02483059655696801,0.015143199718425284,0.011662427726352157,0.005329375809117251,0.018186202811723288,0.012440199948749776,0.007341940663584221,0.012851405112460667
2023-11-15,0.005349194798091734,0.003217176060767585,-0.002939778284458339,0.004911296773507808,0.0018137112971932132,0.04185776999454001,0.041351873850597756,0.03704059718797256,0.04151695722648366,0.04237002566957124,0.011433957330833112,0.0034620983347904755,-0.003023844588067987,0.007805343147285912,0.001813711297193168,-0.0032564156563283783,-0.002598519033518638
2023-11-16,0.000763167978912289,-0.00689428196504698,-0.008074668178065816,-0.0004102775669408672,-0.001935611627432575,-0.0333948653714404,-0.033866643506959365,-0.033143695115074735,-0.0330465489126838,-0.0295474802423464,-0.0049298375794798255,-0.006833281330808381,-0.007839571186793529,-0.003102930876384988,-0.0019356116274324882,-0.005471725065148291,0.00532915854694312
2023-11-17,0.0031683198127045106,0.0004975313935605592,0.00535494644434497,0.002445631807522079,0.00040099922404869493,-0.0013511061181286092,0.0022048126361291958,0.0020114503116410876,-0.00031083856913934765,-0.0019577605049267725,0.0024150821575656574,0.0006466799664826004,0.005613308697161852,0.0021993252076489235,0.00040099922404858695,0.0038302649289057274,-0.0023757467748790864
2023-11-20,0.004432305553655234,0.003766205874478602,0.003937855415456948,0.003864263702650661,0.0034896779170551645,-0.01249711047945268,-0.009973751983576792,-0.01388234874961403,-0.012397348026717294,-0.00873512934948571,0.0016107362148039157,0.0034556952714585283,0.004031515712591479,0.0024679463025429563,0.00348967791705512,0.0037219403130582607,-0.0020003177826242616
2023-11-21,-0.0023448833096139056,0.0013284872887762836,-0.004029255055579241,-0.0012983717585668135,-6.955080231931584e-05,-0.05277398882146187,-0.04903094542621352,-0.05075688011620144,-0.0520776635693541,-0.04666374154861559,-0.010749734228255233,0.0009933457538377239,-0.004088096287896129,-0.005299252369119715,-6.955080231925399e-05,-0.0030705178291901133,0.005043150915586664
2023-11-22,0.0017220553186484738,0.0009175732668190125,-0.003263695454232746,0.0015119040462932155,0.0009861926990723017,0.04727342608349421,0.048988731240638565,0.04609800274363216,0.04750757124514936,0.050958331099640666,0.009313950446122762,0.0011838978220280174,-0.0032561301939425884,0.0051496821894669855,0.0009861926990721638,-0.004616619433746658,1.610019032494142e-05
2023-11-24,0.002442867504645432,0.0033675078364011997,-0.0004480578442657659,0.002729785195418858,0.0022771469911590644,0.010683066717420787,0.012599139406743717,0.012140533521934309,0.011409235914058347,0.010375074182560305,0.0038162340401079907,0.0034675581759486098,-0.00045211953744942634,0.003444342529515606,0.0022771469911590566,-0.00048380869978768577,0.0006369389481195655
2023-11-27,0.000531490573988136,-1.6614747864512804e-06,-0.00014797083562052902,0.0004395181545001742,0.00037325401494650427,-0.024229064196371886,-0.024936119613078466,-0.02484830105865576,-0.02492529241603894,-0.023359374638724072,-0.003595268554405201,-0.0003085877287478099,-0.00021933262981451134,-0.0015775513322414184,0.00037325401494656943,0.0006509778832151886,0.0030360367994798285
2023-11-28,0.0020426557000202085,0.001462367006630117,-0.0023052210400784316,0.0022999617447258297,-0.0017090092361355328,0.010875359748756306,0.01066760149459854,0.01036915372984706,0.010869853688521829,0.0108745154917468,0.003514773041476225,0.0018041715699465412,-0.0024512166438672846,0.003001322187003175,-0.0017090092361355647,-0.0013733934182298272,0.0056956153131189355
2023-11-29,0.004678034968830293,9.072601084558372e-05,0.001094950793590982,0.0037158613608423256,-0.00012091849740959119,-0.00156338881621233,-0.0007852106248429933,-0.0007987945296140344,-0.0011895641830859806,-0.002767243178440499,0.0036377976713231892,0.0002553866185431572,0.001194117534577555,0.003263895853684137,-0.00012091849740968486,0.0005131741747759844,-0.0009296043514464647
2023-11-30,0.0063845122290313175,0.00985354251866582,0.005707196843440769,0.007340849521821818,0.008315503527237464,-0.003735138334125721,-0.0009833991048460292,-0.004363023620168879,-0.0034319236240629553,-0.0031242027708275836,0.004697903801838477,0.00928413362851324,0.005981435913212029,0.006533598601019768,0.008315503527237336,0.003983243019344328,-0.003490716657935304
2023-12-01,0.009225927380084264,0.00645439307781451,0.004773014540818536,0.009228807759288912,0.004648257884602006,0.01645782673107902,0.014839006476537516,0.013529625352408575,0.01583615730012295,0.015685577533372318,0.010431243938583393,0.006845125617849859,0.004763127022944979,0.009820409503298539,0.004648257884601943,0.003832464920814254,0.0008475676569278693
2023-12-04,-0.001813409218366713,0.002533789253490724,-0.00337583870537857,-0.0005562672746712363,0.0015236867069032146,0.024341067994396857,0.027587875395427734,0.031279956214827855,0.024712971107266092,0.03767824459312251,0.0025456703170938823,0.0026069756357236843,-0.003497215174792829,0.0016068081271239571,0.0015236867069030862,-0.004671902495215463,-0.003434893742411147
2023-12-05,-0.005261485729965481,8.160405589980273e-05,-0.003952614842519506,-0.00425472866824881,0.0012617653453803764,0.018389489538105597,0.01951012758680436,0.012162978126164875,0.018462371430840507,0.02019848554343863,-0.0013196565186203019,-4.740011573819278e-05,-0.0040492831350592414,-0.0023833314123551603,0.0012617653453802543,-0.0035026311973620854,0.006170258419938202
2023-12-06,-0.0007160063436409091,-0.0005989824876000125,-0.0051063390759990245,0.0001308461736070608,0.0003347141680408224,0.001323715687506554,-0.004669317379493572,0.0010431248528654825,0.0009933105483792533,-0.010999196985862837,-0.00037605267178299846,-5.8088633672407085e-05,-0.005642767533625912,0.0003080843441665063,0.0003347141680408593,-0.003936868189373261,7.657820663420356e-06
2023-12-07,0.004900293951280299,-0.00231532019486522,-0.0007756857303917344,0.0026738164731576345,0.0017961294951279471,0.02423427798230167,0.014863549718432708,0.01674577395866744,0.021297478311840416,0.015835667017133712,0.008122624623117193,-0.0022033815326768626,-0.0006471215805907252,0.004052451443307091,0.001796129495127172,0.0014387970788434469,0.007211744631759177
2023-12-08,0.0032286936961363594,-8.819161840512729e-05,0.0027818545090132502,0.0021374957835027216,0.0006684949851048329,0.046945668764004966,0.03148975996304217,0.02597552295198781,0.0446609939945839,0.03265128324368548,0.010514856207447795,0.00012818919050142823,0.0031393907853730853,0.0055492080681297466,0.0006684949851049791,0.002657875500858923,-0.0013525474222902288
2023-12-11,0.006783475745804726,0.005647092011589739,0.006021534542493967,0.006303993051461275,0.00782205312642544,-0.06588507928304638,-0.05912370106044153,-0.06431009604626513,-0.06399958553044437,-0.059489059958952456,-0.005327950092337124,0.005252691775369786,0.00582115386541322,0.00047363911860420294,0.007822053126425307,0.005807717570868487,0.0028857038184364604
2023-12-12,0.0007978025859253558,0.0027948487562339456,-4.625707507210615e-05,0.0005796586228122196,0.004515137380448856,0.006350064513168774,0.0015012658934812344,0.0034915286744743104,0.0057299782194320265,0.0027647725405275537,0.0017231795737992588,0.0024273481528661587,3.9299619672494735e-06,0.000908185784550592,0.0045151373804488745,0.00011216373562364531,-0.00022833170987711382
2023-12-13,0.020902411458579084,0.02013892072287945,0.014102161359497486,0.021576027100987178,0.014388208873432205,0.03016846894188363,0.022094098420077812,0.01824018041888094,0.028943999007139506,0.02624173563235391,0.022446754372463178,0.02043820666064858,0.013990511859844063,0.02229934277924146,0.014388208873432057,0.01604303727891987,0.0033933587969335027
2023-12-14,0.01449340725484245,-0.0005962316653229654,0.0060890137307808255,0.011483771837462716,-0.005273623918317554,0.0058804058603049054,0.010764543324389919,0.008091900227382882,0.006482183798308591,0.008562146513053079,0.013057907022419529,0.00016061389167622834,0.006797673243679902,0.011029200389297729,-0.005273623918317741,0.004123122212979485,-0.006771556965696243
2023-12-15,-0.0030117831579425246,-0.007257134335497663,-0.0016248846266333698,-0.004364771919133557,-0.005103196484666061,-0.04007389396266611,-0.037431746144831884,-0.036748258036135524,-0.03964777239422529,-0.03881446185281173,-0.009188801625396455,-0.007526329823277757,-0.0016258209881548052,-0.007362605632266461,-0.0051031964846661,-0.0010693392326253147,0.004041200373620045
2023-12-18,-0.0013770380177555875,0.0015086453872914898,0.004830288730470534,-0.0009089406683082357,0.0032312880721979817,0.0026682168001951447,0.0035740366011553963,0.005253674468355697,0.0028589025526772264,0.007592731147209087,-0.0007028288814304655,0.0013059525781570437,0.004743811688736439,-0.0006289657999843107,0.00323128807219792,0.005039451869153302,7.873710821778125e-05
2023-12-19,0.008156436334441007,0.004379286090271929,0.008692420960479789,0.007309573446060201,0.0020408648045926216,-0.01388986274678524,-0.0110735690561641,-0.009511350433702683,-0.01316688993417793,-0.011400478691190916,0.004482053154236632,0.004220453208285515,0.008903193129044048,0.005577890667955428,0.002040864804592741,0.008365592046154295,-0.002829705274466942
2023-12-20,-0.014752978135857561,-0.013011704307648113,-0.012924898756501357,-0.014193300388603036,-0.013949336178705675,0.019194650398160328,0.01918958826359545,0.023817011180714106,0.019528152460561207,0.017976968923035404,-0.00909504004685458,-0.012725160576401216,-0.012631372399194467,-0.011401056974687605,-0.0139493361787058,-0.013912608487540425,-0.0024716227922183913
2023-12-21,0.008160532810200164,0.007117650768406891,0.008166617313476916,0.007430342821591149,0.006393188746046535,0.028038946398433566,0.02125424913342391,0.014923644672064421,0.0268060837304398,0.020086284177450807,0.011473601741572399,0.006946907296206618,0.008313719910580218,0.008900119596690508,0.006393188746046525,0.008007986139123506,0.0011557737189027933
2023-12-22,0.0019599641329174915,0.007746108033116778,0.007014319111153222,0.003506162656228157,0.005203799784770668,0.017659209009807143,0.015846778784431234,0.01895226890077662,0.016398768774778937,0.017428378476373407,0.004576504945732434,0.007676679269969813,0.007043661287204721,0.004667970212043593,0.005203799784770587,0.007272696288852888,0.0015369396285583182
2023-12-26,0.006506457589898613,0.0012679880464773327,0.0035542938539695197,0.005266186250803655,0.0025147018522926625,-0.022479580266228295,-0.02139425398001136,-0.028794156400226777,-0.022513149185274094,-0.01945582274483095,0.001675451280544128,0.001070123650556223,0.0035664355874991506,0.002927929212314565,0.0025147018522926378,0.002616612274431043,0.003066421455091774
2023-12-27,0.0014553578874705291,0.002500848608784487,0.0009120967269065898,0.0016725067675776785,0.0024249762243511276,0.05254635573080771,0.04655670766572109,0.06128893811434208,0.05017829463391715,0.06013115410303092,0.009970524194693391,0.0026448617257284136,0.0008599264106402212,0.005671409111654489,0.00242497622435106,0.0011478919200328867,0.0013548211078148317
2023-12-28,0.0012242203691481572,0.0020079708322961122,-0.0019889781627726003,0.001599115943599115,0.003806516898278558,-0.008408280584752969,-0.007774542354595038,-0.006248545212785171,-0.008259332382424272,-0.008686818858604718,-0.0003811964565020312,0.0021817667079036037,-0.002317276343007575,0.0008562672578582319,0.0038065168982785204,-0.0018545201577108857,0.0013188487814361572
2023-12-29,-0.003035118739159235,-0.0006580057232115569,-0.0008660958090197497,-0.0024942664829657214,0.000899812150606591,-0.01857000180069472,-0.01761945754146023,-0.01238301617418894,-0.017697223333920237,-0.018826328539815404,-0.005624265916081816,-0.0006549236799088376,-0.0010492632071719917,-0.0037621299219804116,0.000899812150606611,-0.0013326425003081389,-0.001314936773131947
