fund,date,ticker,weight
equity_equal_weight,2022-01-03,ABBV,0.02
equity_equal_weight,2022-02-01,ABBV,0.02
equity_equal_weight,2022-03-01,ABBV,0.02
equity_equal_weight,2022-04-01,ABBV,0.02
equity_equal_weight,2022-05-02,ABBV,0.02
equity_equal_weight,2022-06-01,ABBV,0.02
equity_equal_weight,2022-07-01,ABBV,0.02
equity_equal_weight,2022-08-01,ABBV,0.02
equity_equal_weight,2022-09-01,ABBV,0.02
equity_equal_weight,2022-10-03,ABBV,0.02
equity_equal_weight,2022-11-01,ABBV,0.02
equity_equal_weight,2022-12-01,ABBV,0.02
equity_equal_weight,2023-01-03,ABBV,0.02
equity_equal_weight,2023-02-01,ABBV,0.02
equity_equal_weight,2023-03-01,ABBV,0.02
equity_equal_weight,2023-04-03,ABBV,0.02
equity_equal_weight,2023-05-01,ABBV,0.02
equity_equal_weight,2023-06-01,ABBV,0.02
equity_equal_weight,2023-07-03,ABBV,0.02
equity_equal_weight,2023-08-01,ABBV,0.02
equity_equal_weight,2023-09-01,ABBV,0.02
equity_equal_weight,2023-10-02,ABBV,0.02
equity_equal_weight,2023-11-01,ABBV,0.02
equity_equal_weight,2023-12-01,ABBV,0.02
equity_equal_weight,2022-01-03,ABT,0.02
equity_equal_weight,2022-02-01,ABT,0.02
equity_equal_weight,2022-03-01,ABT,0.02
equity_equal_weight,2022-04-01,ABT,0.02
equity_equal_weight,2022-05-02,ABT,0.02
equity_equal_weight,2022-06-01,ABT,0.02
equity_equal_weight,2022-07-01,ABT,0.02
equity_equal_weight,2022-08-01,ABT,0.02
equity_equal_weight,2022-09-01,ABT,0.02
equity_equal_weight,2022-10-03,ABT,0.02
equity_equal_weight,2022-11-01,ABT,0.02
equity_equal_weight,2022-12-01,ABT,0.02
equity_equal_weight,2023-01-03,ABT,0.02
equity_equal_weight,2023-02-01,ABT,0.02
equity_equal_weight,2023-03-01,ABT,0.02
equity_equal_weight,2023-04-03,ABT,0.02
equity_equal_weight,2023-05-01,ABT,0.02
equity_equal_weight,2023-06-01,ABT,0.02
equity_equal_weight,2023-07-03,ABT,0.02
equity_equal_weight,2023-08-01,ABT,0.02
equity_equal_weight,2023-09-01,ABT,0.02
equity_equal_weight,2023-10-02,ABT,0.02
equity_equal_weight,2023-11-01,ABT,0.02
equity_equal_weight,2023-12-01,ABT,0.02
equity_equal_weight,2022-01-03,ADBE,0.02
equity_equal_weight,2022-02-01,ADBE,0.02
equity_equal_weight,2022-03-01,ADBE,0.02
equity_equal_weight,2022-04-01,ADBE,0.02
equity_equal_weight,2022-05-02,ADBE,0.02
equity_equal_weight,2022-06-01,ADBE,0.02
equity_equal_weight,2022-07-01,ADBE,0.02
equity_equal_weight,2022-08-01,ADBE,0.02
equity_equal_weight,2022-09-01,ADBE,0.02
equity_equal_weight,2022-10-03,ADBE,0.02
equity_equal_weight,2022-11-01,ADBE,0.02
equity_equal_weight,2022-12-01,ADBE,0.02
equity_equal_weight,2023-01-03,ADBE,0.02
equity_equal_weight,2023-02-01,ADBE,0.02
equity_equal_weight,2023-03-01,ADBE,0.02
equity_equal_weight,2023-04-03,ADBE,0.02
equity_equal_weight,2023-05-01,ADBE,0.02
equity_equal_weight,2023-06-01,ADBE,0.02
equity_equal_weight,2023-07-03,ADBE,0.02
equity_equal_weight,2023-08-01,ADBE,0.02
equity_equal_weight,2023-09-01,ADBE,0.02
equity_equal_weight,2023-10-02,ADBE,0.02
equity_equal_weight,2023-11-01,ADBE,0.02
equity_equal_weight,2023-12-01,ADBE,0.02
equity_equal_weight,2022-01-03,AEP,0.02
equity_equal_weight,2022-02-01,AEP,0.02
equity_equal_weight,2022-03-01,AEP,0.02
equity_equal_weight,2022-04-01,AEP,0.02
equity_equal_weight,2022-05-02,AEP,0.02
equity_equal_weight,2022-06-01,AEP,0.02
equity_equal_weight,2022-07-01,AEP,0.02
equity_equal_weight,2022-08-01,AEP,0.02
equity_equal_weight,2022-09-01,AEP,0.02
equity_equal_weight,2022-10-03,AEP,0.02
equity_equal_weight,2022-11-01,AEP,0.02
equity_equal_weight,2022-12-01,AEP,0.02
equity_equal_weight,2023-01-03,AEP,0.02
equity_equal_weight,2023-02-01,AEP,0.02
equity_equal_weight,2023-03-01,AEP,0.02
equity_equal_weight,2023-04-03,AEP,0.02
equity_equal_weight,2023-05-01,AEP,0.02
equity_equal_weight,2023-06-01,AEP,0.02
equity_equal_weight,2023-07-03,AEP,0.02
equity_equal_weight,2023-08-01,AEP,0.02
equity_equal_weight,2023-09-01,AEP,0.02
equity_equal_weight,2023-10-02,AEP,0.02
equity_equal_weight,2023-11-01,AEP,0.02
equity_equal_weight,2023-12-01,AEP,0.02
equity_equal_weight,2022-01-03,AMD,0.02
equity_equal_weight,2022-02-01,AMD,0.02
equity_equal_weight,2022-03-01,AMD,0.02
equity_equal_weight,2022-04-01,AMD,0.02
equity_equal_weight,2022-05-02,AMD,0.02
equity_equal_weight,2022-06-01,AMD,0.02
equity_equal_weight,2022-07-01,AMD,0.02
equity_equal_weight,2022-08-01,AMD,0.02
equity_equal_weight,2022-09-01,AMD,0.02
equity_equal_weight,2022-10-03,AMD,0.02
equity_equal_weight,2022-11-01,AMD,0.02
equity_equal_weight,2022-12-01,AMD,0.02
equity_equal_weight,2023-01-03,AMD,0.02
equity_equal_weight,2023-02-01,AMD,0.02
equity_equal_weight,2023-03-01,AMD,0.02
equity_equal_weight,2023-04-03,AMD,0.02
equity_equal_weight,2023-05-01,AMD,0.02
equity_equal_weight,2023-06-01,AMD,0.02
equity_equal_weight,2023-07-03,AMD,0.02
equity_equal_weight,2023-08-01,AMD,0.02
equity_equal_weight,2023-09-01,AMD,0.02
equity_equal_weight,2023-10-02,AMD,0.02
equity_equal_weight,2023-11-01,AMD,0.02
equity_equal_weight,2023-12-01,AMD,0.02
equity_equal_weight,2022-01-03,AMGN,0.02
equity_equal_weight,2022-02-01,AMGN,0.02
equity_equal_weight,2022-03-01,AMGN,0.02
equity_equal_weight,2022-04-01,AMGN,0.02
equity_equal_weight,2022-05-02,AMGN,0.02
equity_equal_weight,2022-06-01,AMGN,0.02
equity_equal_weight,2022-07-01,AMGN,0.02
equity_equal_weight,2022-08-01,AMGN,0.02
equity_equal_weight,2022-09-01,AMGN,0.02
equity_equal_weight,2022-10-03,AMGN,0.02
equity_equal_weight,2022-11-01,AMGN,0.02
equity_equal_weight,2022-12-01,AMGN,0.02
equity_equal_weight,2023-01-03,AMGN,0.02
equity_equal_weight,2023-02-01,AMGN,0.02
equity_equal_weight,2023-03-01,AMGN,0.02
equity_equal_weight,2023-04-03,AMGN,0.02
equity_equal_weight,2023-05-01,AMGN,0.02
equity_equal_weight,2023-06-01,AMGN,0.02
equity_equal_weight,2023-07-03,AMGN,0.02
equity_equal_weight,2023-08-01,AMGN,0.02
equity_equal_weight,2023-09-01,AMGN,0.02
equity_equal_weight,2023-10-02,AMGN,0.02
equity_equal_weight,2023-11-01,AMGN,0.02
equity_equal_weight,2023-12-01,AMGN,0.02
equity_equal_weight,2022-01-03,AMT,0.02
equity_equal_weight,2022-02-01,AMT,0.02
equity_equal_weight,2022-03-01,AMT,0.02
equity_equal_weight,2022-04-01,AMT,0.02
equity_equal_weight,2022-05-02,AMT,0.02
equity_equal_weight,2022-06-01,AMT,0.02
equity_equal_weight,2022-07-01,AMT,0.02
equity_equal_weight,2022-08-01,AMT,0.02
equity_equal_weight,2022-09-01,AMT,0.02
equity_equal_weight,2022-10-03,AMT,0.02
equity_equal_weight,2022-11-01,AMT,0.02
equity_equal_weight,2022-12-01,AMT,0.02
equity_equal_weight,2023-01-03,AMT,0.02
equity_equal_weight,2023-02-01,AMT,0.02
equity_equal_weight,2023-03-01,AMT,0.02
equity_equal_weight,2023-04-03,AMT,0.02
equity_equal_weight,2023-05-01,AMT,0.02
equity_equal_weight,2023-06-01,AMT,0.02
equity_equal_weight,2023-07-03,AMT,0.02
equity_equal_weight,2023-08-01,AMT,0.02
equity_equal_weight,2023-09-01,AMT,0.02
equity_equal_weight,2023-10-02,AMT,0.02
equity_equal_weight,2023-11-01,AMT,0.02
equity_equal_weight,2023-12-01,AMT,0.02
equity_equal_weight,2022-01-03,BA,0.02
equity_equal_weight,2022-02-01,BA,0.02
equity_equal_weight,2022-03-01,BA,0.02
equity_equal_weight,2022-04-01,BA,0.02
equity_equal_weight,2022-05-02,BA,0.02
equity_equal_weight,2022-06-01,BA,0.02
equity_equal_weight,2022-07-01,BA,0.02
equity_equal_weight,2022-08-01,BA,0.02
equity_equal_weight,2022-09-01,BA,0.02
equity_equal_weight,2022-10-03,BA,0.02
equity_equal_weight,2022-11-01,BA,0.02
equity_equal_weight,2022-12-01,BA,0.02
equity_equal_weight,2023-01-03,BA,0.02
equity_equal_weight,2023-02-01,BA,0.02
equity_equal_weight,2023-03-01,BA,0.02
equity_equal_weight,2023-04-03,BA,0.02
equity_equal_weight,2023-05-01,BA,0.02
equity_equal_weight,2023-06-01,BA,0.02
equity_equal_weight,2023-07-03,BA,0.02
equity_equal_weight,2023-08-01,BA,0.02
equity_equal_weight,2023-09-01,BA,0.02
equity_equal_weight,2023-10-02,BA,0.02
equity_equal_weight,2023-11-01,BA,0.02
equity_equal_weight,2023-12-01,BA,0.02
equity_equal_weight,2022-01-03,CAT,0.02
equity_equal_weight,2022-02-01,CAT,0.02
equity_equal_weight,2022-03-01,CAT,0.02
equity_equal_weight,2022-04-01,CAT,0.02
equity_equal_weight,2022-05-02,CAT,0.02
equity_equal_weight,2022-06-01,CAT,0.02
equity_equal_weight,2022-07-01,CAT,0.02
equity_equal_weight,2022-08-01,CAT,0.02
equity_equal_weight,2022-09-01,CAT,0.02
equity_equal_weight,2022-10-03,CAT,0.02
equity_equal_weight,2022-11-01,CAT,0.02
equity_equal_weight,2022-12-01,CAT,0.02
equity_equal_weight,2023-01-03,CAT,0.02
equity_equal_weight,2023-02-01,CAT,0.02
equity_equal_weight,2023-03-01,CAT,0.02
equity_equal_weight,2023-04-03,CAT,0.02
equity_equal_weight,2023-05-01,CAT,0.02
equity_equal_weight,2023-06-01,CAT,0.02
equity_equal_weight,2023-07-03,CAT,0.02
equity_equal_weight,2023-08-01,CAT,0.02
equity_equal_weight,2023-09-01,CAT,0.02
equity_equal_weight,2023-10-02,CAT,0.02
equity_equal_weight,2023-11-01,CAT,0.02
equity_equal_weight,2023-12-01,CAT,0.02
equity_equal_weight,2022-01-03,CCI,0.02
equity_equal_weight,2022-02-01,CCI,0.02
equity_equal_weight,2022-03-01,CCI,0.02
equity_equal_weight,2022-04-01,CCI,0.02
equity_equal_weight,2022-05-02,CCI,0.02
equity_equal_weight,2022-06-01,CCI,0.02
equity_equal_weight,2022-07-01,CCI,0.02
equity_equal_weight,2022-08-01,CCI,0.02
equity_equal_weight,2022-09-01,CCI,0.02
equity_equal_weight,2022-10-03,CCI,0.02
equity_equal_weight,2022-11-01,CCI,0.02
equity_equal_weight,2022-12-01,CCI,0.02
equity_equal_weight,2023-01-03,CCI,0.02
equity_equal_weight,2023-02-01,CCI,0.02
equity_equal_weight,2023-03-01,CCI,0.02
equity_equal_weight,2023-04-03,CCI,0.02
equity_equal_weight,2023-05-01,CCI,0.02
equity_equal_weight,2023-06-01,CCI,0.02
equity_equal_weight,2023-07-03,CCI,0.02
equity_equal_weight,2023-08-01,CCI,0.02
equity_equal_weight,2023-09-01,CCI,0.02
equity_equal_weight,2023-10-02,CCI,0.02
equity_equal_weight,2023-11-01,CCI,0.02
equity_equal_weight,2023-12-01,CCI,0.02
equity_equal_weight,2022-01-03,CMCSA,0.02
equity_equal_weight,2022-02-01,CMCSA,0.02
equity_equal_weight,2022-03-01,CMCSA,0.02
equity_equal_weight,2022-04-01,CMCSA,0.02
equity_equal_weight,2022-05-02,CMCSA,0.02
equity_equal_weight,2022-06-01,CMCSA,0.02
equity_equal_weight,2022-07-01,CMCSA,0.02
equity_equal_weight,2022-08-01,CMCSA,0.02
equity_equal_weight,2022-09-01,CMCSA,0.02
equity_equal_weight,2022-10-03,CMCSA,0.02
equity_equal_weight,2022-11-01,CMCSA,0.02
equity_equal_weight,2022-12-01,CMCSA,0.02
equity_equal_weight,2023-01-03,CMCSA,0.02
equity_equal_weight,2023-02-01,CMCSA,0.02
equity_equal_weight,2023-03-01,CMCSA,0.02
equity_equal_weight,2023-04-03,CMCSA,0.02
equity_equal_weight,2023-05-01,CMCSA,0.02
equity_equal_weight,2023-06-01,CMCSA,0.02
equity_equal_weight,2023-07-03,CMCSA,0.02
equity_equal_weight,2023-08-01,CMCSA,0.02
equity_equal_weight,2023-09-01,CMCSA,0.02
equity_equal_weight,2023-10-02,CMCSA,0.02
equity_equal_weight,2023-11-01,CMCSA,0.02
equity_equal_weight,2023-12-01,CMCSA,0.02
equity_equal_weight,2022-01-03,COP,0.02
equity_equal_weight,2022-02-01,COP,0.02
equity_equal_weight,2022-03-01,COP,0.02
equity_equal_weight,2022-04-01,COP,0.02
equity_equal_weight,2022-05-02,COP,0.02
equity_equal_weight,2022-06-01,COP,0.02
equity_equal_weight,2022-07-01,COP,0.02
equity_equal_weight,2022-08-01,COP,0.02
equity_equal_weight,2022-09-01,COP,0.02
equity_equal_weight,2022-10-03,COP,0.02
equity_equal_weight,2022-11-01,COP,0.02
equity_equal_weight,2022-12-01,COP,0.02
equity_equal_weight,2023-01-03,COP,0.02
equity_equal_weight,2023-02-01,COP,0.02
equity_equal_weight,2023-03-01,COP,0.02
equity_equal_weight,2023-04-03,COP,0.02
equity_equal_weight,2023-05-01,COP,0.02
equity_equal_weight,2023-06-01,COP,0.02
equity_equal_weight,2023-07-03,COP,0.02
equity_equal_weight,2023-08-01,COP,0.02
equity_equal_weight,2023-09-01,COP,0.02
equity_equal_weight,2023-10-02,COP,0.02
equity_equal_weight,2023-11-01,COP,0.02
equity_equal_weight,2023-12-01,COP,0.02
equity_equal_weight,2022-01-03,CVX,0.02
equity_equal_weight,2022-02-01,CVX,0.02
equity_equal_weight,2022-03-01,CVX,0.02
equity_equal_weight,2022-04-01,CVX,0.02
equity_equal_weight,2022-05-02,CVX,0.02
equity_equal_weight,2022-06-01,CVX,0.02
equity_equal_weight,2022-07-01,CVX,0.02
equity_equal_weight,2022-08-01,CVX,0.02
equity_equal_weight,2022-09-01,CVX,0.02
equity_equal_weight,2022-10-03,CVX,0.02
equity_equal_weight,2022-11-01,CVX,0.02
equity_equal_weight,2022-12-01,CVX,0.02
equity_equal_weight,2023-01-03,CVX,0.02
equity_equal_weight,2023-02-01,CVX,0.02
equity_equal_weight,2023-03-01,CVX,0.02
equity_equal_weight,2023-04-03,CVX,0.02
equity_equal_weight,2023-05-01,CVX,0.02
equity_equal_weight,2023-06-01,CVX,0.02
equity_equal_weight,2023-07-03,CVX,0.02
equity_equal_weight,2023-08-01,CVX,0.02
equity_equal_weight,2023-09-01,CVX,0.02
equity_equal_weight,2023-10-02,CVX,0.02
equity_equal_weight,2023-11-01,CVX,0.02
equity_equal_weight,2023-12-01,CVX,0.02
equity_equal_weight,2022-01-03,D,0.02
equity_equal_weight,2022-02-01,D,0.02
equity_equal_weight,2022-03-01,D,0.02
equity_equal_weight,2022-04-01,D,0.02
equity_equal_weight,2022-05-02,D,0.02
equity_equal_weight,2022-06-01,D,0.02
equity_equal_weight,2022-07-01,D,0.02
equity_equal_weight,2022-08-01,D,0.02
equity_equal_weight,2022-09-01,D,0.02
equity_equal_weight,2022-10-03,D,0.02
equity_equal_weight,2022-11-01,D,0.02
equity_equal_weight,2022-12-01,D,0.02
equity_equal_weight,2023-01-03,D,0.02
equity_equal_weight,2023-02-01,D,0.02
equity_equal_weight,2023-03-01,D,0.02
equity_equal_weight,2023-04-03,D,0.02
equity_equal_weight,2023-05-01,D,0.02
equity_equal_weight,2023-06-01,D,0.02
equity_equal_weight,2023-07-03,D,0.02
equity_equal_weight,2023-08-01,D,0.02
equity_equal_weight,2023-09-01,D,0.02
equity_equal_weight,2023-10-02,D,0.02
equity_equal_weight,2023-11-01,D,0.02
equity_equal_weight,2023-12-01,D,0.02
equity_equal_weight,2022-01-03,DD,0.02
equity_equal_weight,2022-02-01,DD,0.02
equity_equal_weight,2022-03-01,DD,0.02
equity_equal_weight,2022-04-01,DD,0.02
equity_equal_weight,2022-05-02,DD,0.02
equity_equal_weight,2022-06-01,DD,0.02
equity_equal_weight,2022-07-01,DD,0.02
equity_equal_weight,2022-08-01,DD,0.02
equity_equal_weight,2022-09-01,DD,0.02
equity_equal_weight,2022-10-03,DD,0.02
equity_equal_weight,2022-11-01,DD,0.02
equity_equal_weight,2022-12-01,DD,0.02
equity_equal_weight,2023-01-03,DD,0.02
equity_equal_weight,2023-02-01,DD,0.02
equity_equal_weight,2023-03-01,DD,0.02
equity_equal_weight,2023-04-03,DD,0.02
equity_equal_weight,2023-05-01,DD,0.02
equity_equal_weight,2023-06-01,DD,0.02
equity_equal_weight,2023-07-03,DD,0.02
equity_equal_weight,2023-08-01,DD,0.02
equity_equal_weight,2023-09-01,DD,0.02
equity_equal_weight,2023-10-02,DD,0.02
equity_equal_weight,2023-11-01,DD,0.02
equity_equal_weight,2023-12-01,DD,0.02
equity_equal_weight,2022-01-03,DIS,0.02
equity_equal_weight,2022-02-01,DIS,0.02
equity_equal_weight,2022-03-01,DIS,0.02
equity_equal_weight,2022-04-01,DIS,0.02
equity_equal_weight,2022-05-02,DIS,0.02
equity_equal_weight,2022-06-01,DIS,0.02
equity_equal_weight,2022-07-01,DIS,0.02
equity_equal_weight,2022-08-01,DIS,0.02
equity_equal_weight,2022-09-01,DIS,0.02
equity_equal_weight,2022-10-03,DIS,0.02
equity_equal_weight,2022-11-01,DIS,0.02
equity_equal_weight,2022-12-01,DIS,0.02
equity_equal_weight,2023-01-03,DIS,0.02
equity_equal_weight,2023-02-01,DIS,0.02
equity_equal_weight,2023-03-01,DIS,0.02
equity_equal_weight,2023-04-03,DIS,0.02
equity_equal_weight,2023-05-01,DIS,0.02
equity_equal_weight,2023-06-01,DIS,0.02
equity_equal_weight,2023-07-03,DIS,0.02
equity_equal_weight,2023-08-01,DIS,0.02
equity_equal_weight,2023-09-01,DIS,0.02
equity_equal_weight,2023-10-02,DIS,0.02
equity_equal_weight,2023-11-01,DIS,0.02
equity_equal_weight,2023-12-01,DIS,0.02
equity_equal_weight,2022-01-03,DOW,0.02
equity_equal_weight,2022-02-01,DOW,0.02
equity_equal_weight,2022-03-01,DOW,0.02
equity_equal_weight,2022-04-01,DOW,0.02
equity_equal_weight,2022-05-02,DOW,0.02
equity_equal_weight,2022-06-01,DOW,0.02
equity_equal_weight,2022-07-01,DOW,0.02
equity_equal_weight,2022-08-01,DOW,0.02
equity_equal_weight,2022-09-01,DOW,0.02
equity_equal_weight,2022-10-03,DOW,0.02
equity_equal_weight,2022-11-01,DOW,0.02
equity_equal_weight,2022-12-01,DOW,0.02
equity_equal_weight,2023-01-03,DOW,0.02
equity_equal_weight,2023-02-01,DOW,0.02
equity_equal_weight,2023-03-01,DOW,0.02
equity_equal_weight,2023-04-03,DOW,0.02
equity_equal_weight,2023-05-01,DOW,0.02
equity_equal_weight,2023-06-01,DOW,0.02
equity_equal_weight,2023-07-03,DOW,0.02
equity_equal_weight,2023-08-01,DOW,0.02
equity_equal_weight,2023-09-01,DOW,0.02
equity_equal_weight,2023-10-02,DOW,0.02
equity_equal_weight,2023-11-01,DOW,0.02
equity_equal_weight,2023-12-01,DOW,0.02
equity_equal_weight,2022-01-03,DUK,0.02
equity_equal_weight,2022-02-01,DUK,0.02
equity_equal_weight,2022-03-01,DUK,0.02
equity_equal_weight,2022-04-01,DUK,0.02
equity_equal_weight,2022-05-02,DUK,0.02
equity_equal_weight,2022-06-01,DUK,0.02
equity_equal_weight,2022-07-01,DUK,0.02
equity_equal_weight,2022-08-01,DUK,0.02
equity_equal_weight,2022-09-01,DUK,0.02
equity_equal_weight,2022-10-03,DUK,0.02
equity_equal_weight,2022-11-01,DUK,0.02
equity_equal_weight,2022-12-01,DUK,0.02
equity_equal_weight,2023-01-03,DUK,0.02
equity_equal_weight,2023-02-01,DUK,0.02
equity_equal_weight,2023-03-01,DUK,0.02
equity_equal_weight,2023-04-03,DUK,0.02
equity_equal_weight,2023-05-01,DUK,0.02
equity_equal_weight,2023-06-01,DUK,0.02
equity_equal_weight,2023-07-03,DUK,0.02
equity_equal_weight,2023-08-01,DUK,0.02
equity_equal_weight,2023-09-01,DUK,0.02
equity_equal_weight,2023-10-02,DUK,0.02
equity_equal_weight,2023-11-01,DUK,0.02
equity_equal_weight,2023-12-01,DUK,0.02
equity_equal_weight,2022-01-03,EA,0.02
equity_equal_weight,2022-02-01,EA,0.02
equity_equal_weight,2022-03-01,EA,0.02
equity_equal_weight,2022-04-01,EA,0.02
equity_equal_weight,2022-05-02,EA,0.02
equity_equal_weight,2022-06-01,EA,0.02
equity_equal_weight,2022-07-01,EA,0.02
equity_equal_weight,2022-08-01,EA,0.02
equity_equal_weight,2022-09-01,EA,0.02
equity_equal_weight,2022-10-03,EA,0.02
equity_equal_weight,2022-11-01,EA,0.02
equity_equal_weight,2022-12-01,EA,0.02
equity_equal_weight,2023-01-03,EA,0.02
equity_equal_weight,2023-02-01,EA,0.02
equity_equal_weight,2023-03-01,EA,0.02
equity_equal_weight,2023-04-03,EA,0.02
equity_equal_weight,2023-05-01,EA,0.02
equity_equal_weight,2023-06-01,EA,0.02
equity_equal_weight,2023-07-03,EA,0.02
equity_equal_weight,2023-08-01,EA,0.02
equity_equal_weight,2023-09-01,EA,0.02
equity_equal_weight,2023-10-02,EA,0.02
equity_equal_weight,2023-11-01,EA,0.02
equity_equal_weight,2023-12-01,EA,0.02
equity_equal_weight,2022-01-03,GE,0.02
equity_equal_weight,2022-02-01,GE,0.02
equity_equal_weight,2022-03-01,GE,0.02
equity_equal_weight,2022-04-01,GE,0.02
equity_equal_weight,2022-05-02,GE,0.02
equity_equal_weight,2022-06-01,GE,0.02
equity_equal_weight,2022-07-01,GE,0.02
equity_equal_weight,2022-08-01,GE,0.02
equity_equal_weight,2022-09-01,GE,0.02
equity_equal_weight,2022-10-03,GE,0.02
equity_equal_weight,2022-11-01,GE,0.02
equity_equal_weight,2022-12-01,GE,0.02
equity_equal_weight,2023-01-03,GE,0.02
equity_equal_weight,2023-02-01,GE,0.02
equity_equal_weight,2023-03-01,GE,0.02
equity_equal_weight,2023-04-03,GE,0.02
equity_equal_weight,2023-05-01,GE,0.02
equity_equal_weight,2023-06-01,GE,0.02
equity_equal_weight,2023-07-03,GE,0.02
equity_equal_weight,2023-08-01,GE,0.02
equity_equal_weight,2023-09-01,GE,0.02
equity_equal_weight,2023-10-02,GE,0.02
equity_equal_weight,2023-11-01,GE,0.02
equity_equal_weight,2023-12-01,GE,0.02
equity_equal_weight,2022-01-03,GILD,0.02
equity_equal_weight,2022-02-01,GILD,0.02
equity_equal_weight,2022-03-01,GILD,0.02
equity_equal_weight,2022-04-01,GILD,0.02
equity_equal_weight,2022-05-02,GILD,0.02
equity_equal_weight,2022-06-01,GILD,0.02
equity_equal_weight,2022-07-01,GILD,0.02
equity_equal_weight,2022-08-01,GILD,0.02
equity_equal_weight,2022-09-01,GILD,0.02
equity_equal_weight,2022-10-03,GILD,0.02
equity_equal_weight,2022-11-01,GILD,0.02
equity_equal_weight,2022-12-01,GILD,0.02
equity_equal_weight,2023-01-03,GILD,0.02
equity_equal_weight,2023-02-01,GILD,0.02
equity_equal_weight,2023-03-01,GILD,0.02
equity_equal_weight,2023-04-03,GILD,0.02
equity_equal_weight,2023-05-01,GILD,0.02
equity_equal_weight,2023-06-01,GILD,0.02
equity_equal_weight,2023-07-03,GILD,0.02
equity_equal_weight,2023-08-01,GILD,0.02
equity_equal_weight,2023-09-01,GILD,0.02
equity_equal_weight,2023-10-02,GILD,0.02
equity_equal_weight,2023-11-01,GILD,0.02
equity_equal_weight,2023-12-01,GILD,0.02
equity_equal_weight,2022-01-03,GS,0.02
equity_equal_weight,2022-02-01,GS,0.02
equity_equal_weight,2022-03-01,GS,0.02
equity_equal_weight,2022-04-01,GS,0.02
equity_equal_weight,2022-05-02,GS,0.02
equity_equal_weight,2022-06-01,GS,0.02
equity_equal_weight,2022-07-01,GS,0.02
equity_equal_weight,2022-08-01,GS,0.02
equity_equal_weight,2022-09-01,GS,0.02
equity_equal_weight,2022-10-03,GS,0.02
equity_equal_weight,2022-11-01,GS,0.02
equity_equal_weight,2022-12-01,GS,0.02
equity_equal_weight,2023-01-03,GS,0.02
equity_equal_weight,2023-02-01,GS,0.02
equity_equal_weight,2023-03-01,GS,0.02
equity_equal_weight,2023-04-03,GS,0.02
equity_equal_weight,2023-05-01,GS,0.02
equity_equal_weight,2023-06-01,GS,0.02
equity_equal_weight,2023-07-03,GS,0.02
equity_equal_weight,2023-08-01,GS,0.02
equity_equal_weight,2023-09-01,GS,0.02
equity_equal_weight,2023-10-02,GS,0.02
equity_equal_weight,2023-11-01,GS,0.02
equity_equal_weight,2023-12-01,GS,0.02
equity_equal_weight,2022-01-03,INTC,0.02
equity_equal_weight,2022-02-01,INTC,0.02
equity_equal_weight,2022-03-01,INTC,0.02
equity_equal_weight,2022-04-01,INTC,0.02
equity_equal_weight,2022-05-02,INTC,0.02
equity_equal_weight,2022-06-01,INTC,0.02
equity_equal_weight,2022-07-01,INTC,0.02
equity_equal_weight,2022-08-01,INTC,0.02
equity_equal_weight,2022-09-01,INTC,0.02
equity_equal_weight,2022-10-03,INTC,0.02
equity_equal_weight,2022-11-01,INTC,0.02
equity_equal_weight,2022-12-01,INTC,0.02
equity_equal_weight,2023-01-03,INTC,0.02
equity_equal_weight,2023-02-01,INTC,0.02
equity_equal_weight,2023-03-01,INTC,0.02
equity_equal_weight,2023-04-03,INTC,0.02
equity_equal_weight,2023-05-01,INTC,0.02
equity_equal_weight,2023-06-01,INTC,0.02
equity_equal_weight,2023-07-03,INTC,0.02
equity_equal_weight,2023-08-01,INTC,0.02
equity_equal_weight,2023-09-01,INTC,0.02
equity_equal_weight,2023-10-02,INTC,0.02
equity_equal_weight,2023-11-01,INTC,0.02
equity_equal_weight,2023-12-01,INTC,0.02
equity_equal_weight,2022-01-03,KO,0.02
equity_equal_weight,2022-02-01,KO,0.02
equity_equal_weight,2022-03-01,KO,0.02
equity_equal_weight,2022-04-01,KO,0.02
equity_equal_weight,2022-05-02,KO,0.02
equity_equal_weight,2022-06-01,KO,0.02
equity_equal_weight,2022-07-01,KO,0.02
equity_equal_weight,2022-08-01,KO,0.02
equity_equal_weight,2022-09-01,KO,0.02
equity_equal_weight,2022-10-03,KO,0.02
equity_equal_weight,2022-11-01,KO,0.02
equity_equal_weight,2022-12-01,KO,0.02
equity_equal_weight,2023-01-03,KO,0.02
equity_equal_weight,2023-02-01,KO,0.02
equity_equal_weight,2023-03-01,KO,0.02
equity_equal_weight,2023-04-03,KO,0.02
equity_equal_weight,2023-05-01,KO,0.02
equity_equal_weight,2023-06-01,KO,0.02
equity_equal_weight,2023-07-03,KO,0.02
equity_equal_weight,2023-08-01,KO,0.02
equity_equal_weight,2023-09-01,KO,0.02
equity_equal_weight,2023-10-02,KO,0.02
equity_equal_weight,2023-11-01,KO,0.02
equity_equal_weight,2023-12-01,KO,0.02
equity_equal_weight,2022-01-03,MMM,0.02
equity_equal_weight,2022-02-01,MMM,0.02
equity_equal_weight,2022-03-01,MMM,0.02
equity_equal_weight,2022-04-01,MMM,0.02
equity_equal_weight,2022-05-02,MMM,0.02
equity_equal_weight,2022-06-01,MMM,0.02
equity_equal_weight,2022-07-01,MMM,0.02
equity_equal_weight,2022-08-01,MMM,0.02
equity_equal_weight,2022-09-01,MMM,0.02
equity_equal_weight,2022-10-03,MMM,0.02
equity_equal_weight,2022-11-01,MMM,0.02
equity_equal_weight,2022-12-01,MMM,0.02
equity_equal_weight,2023-01-03,MMM,0.02
equity_equal_weight,2023-02-01,MMM,0.02
equity_equal_weight,2023-03-01,MMM,0.02
equity_equal_weight,2023-04-03,MMM,0.02
equity_equal_weight,2023-05-01,MMM,0.02
equity_equal_weight,2023-06-01,MMM,0.02
equity_equal_weight,2023-07-03,MMM,0.02
equity_equal_weight,2023-08-01,MMM,0.02
equity_equal_weight,2023-09-01,MMM,0.02
equity_equal_weight,2023-10-02,MMM,0.02
equity_equal_weight,2023-11-01,MMM,0.02
equity_equal_weight,2023-12-01,MMM,0.02
equity_equal_weight,2022-01-03,MRK,0.02
equity_equal_weight,2022-02-01,MRK,0.02
equity_equal_weight,2022-03-01,MRK,0.02
equity_equal_weight,2022-04-01,MRK,0.02
equity_equal_weight,2022-05-02,MRK,0.02
equity_equal_weight,2022-06-01,MRK,0.02
equity_equal_weight,2022-07-01,MRK,0.02
equity_equal_weight,2022-08-01,MRK,0.02
equity_equal_weight,2022-09-01,MRK,0.02
equity_equal_weight,2022-10-03,MRK,0.02
equity_equal_weight,2022-11-01,MRK,0.02
equity_equal_weight,2022-12-01,MRK,0.02
equity_equal_weight,2023-01-03,MRK,0.02
equity_equal_weight,2023-02-01,MRK,0.02
equity_equal_weight,2023-03-01,MRK,0.02
equity_equal_weight,2023-04-03,MRK,0.02
equity_equal_weight,2023-05-01,MRK,0.02
equity_equal_weight,2023-06-01,MRK,0.02
equity_equal_weight,2023-07-03,MRK,0.02
equity_equal_weight,2023-08-01,MRK,0.02
equity_equal_weight,2023-09-01,MRK,0.02
equity_equal_weight,2023-10-02,MRK,0.02
equity_equal_weight,2023-11-01,MRK,0.02
equity_equal_weight,2023-12-01,MRK,0.02
equity_equal_weight,2022-01-03,MS,0.02
equity_equal_weight,2022-02-01,MS,0.02
equity_equal_weight,2022-03-01,MS,0.02
equity_equal_weight,2022-04-01,MS,0.02
equity_equal_weight,2022-05-02,MS,0.02
equity_equal_weight,2022-06-01,MS,0.02
equity_equal_weight,2022-07-01,MS,0.02
equity_equal_weight,2022-08-01,MS,0.02
equity_equal_weight,2022-09-01,MS,0.02
equity_equal_weight,2022-10-03,MS,0.02
equity_equal_weight,2022-11-01,MS,0.02
equity_equal_weight,2022-12-01,MS,0.02
equity_equal_weight,2023-01-03,MS,0.02
equity_equal_weight,2023-02-01,MS,0.02
equity_equal_weight,2023-03-01,MS,0.02
equity_equal_weight,2023-04-03,MS,0.02
equity_equal_weight,2023-05-01,MS,0.02
equity_equal_weight,2023-06-01,MS,0.02
equity_equal_weight,2023-07-03,MS,0.02
equity_equal_weight,2023-08-01,MS,0.02
equity_equal_weight,2023-09-01,MS,0.02
equity_equal_weight,2023-10-02,MS,0.02
equity_equal_weight,2023-11-01,MS,0.02
equity_equal_weight,2023-12-01,MS,0.02
equity_equal_weight,2022-01-03,NEE,0.02
equity_equal_weight,2022-02-01,NEE,0.02
equity_equal_weight,2022-03-01,NEE,0.02
equity_equal_weight,2022-04-01,NEE,0.02
equity_equal_weight,2022-05-02,NEE,0.02
equity_equal_weight,2022-06-01,NEE,0.02
equity_equal_weight,2022-07-01,NEE,0.02
equity_equal_weight,2022-08-01,NEE,0.02
equity_equal_weight,2022-09-01,NEE,0.02
equity_equal_weight,2022-10-03,NEE,0.02
equity_equal_weight,2022-11-01,NEE,0.02
equity_equal_weight,2022-12-01,NEE,0.02
equity_equal_weight,2023-01-03,NEE,0.02
equity_equal_weight,2023-02-01,NEE,0.02
equity_equal_weight,2023-03-01,NEE,0.02
equity_equal_weight,2023-04-03,NEE,0.02
equity_equal_weight,2023-05-01,NEE,0.02
equity_equal_weight,2023-06-01,NEE,0.02
equity_equal_weight,2023-07-03,NEE,0.02
equity_equal_weight,2023-08-01,NEE,0.02
equity_equal_weight,2023-09-01,NEE,0.02
equity_equal_weight,2023-10-02,NEE,0.02
equity_equal_weight,2023-11-01,NEE,0.02
equity_equal_weight,2023-12-01,NEE,0.02
equity_equal_weight,2022-01-03,NEM,0.02
equity_equal_weight,2022-02-01,NEM,0.02
equity_equal_weight,2022-03-01,NEM,0.02
equity_equal_weight,2022-04-01,NEM,0.02
equity_equal_weight,2022-05-02,NEM,0.02
equity_equal_weight,2022-06-01,NEM,0.02
equity_equal_weight,2022-07-01,NEM,0.02
equity_equal_weight,2022-08-01,NEM,0.02
equity_equal_weight,2022-09-01,NEM,0.02
equity_equal_weight,2022-10-03,NEM,0.02
equity_equal_weight,2022-11-01,NEM,0.02
equity_equal_weight,2022-12-01,NEM,0.02
equity_equal_weight,2023-01-03,NEM,0.02
equity_equal_weight,2023-02-01,NEM,0.02
equity_equal_weight,2023-03-01,NEM,0.02
equity_equal_weight,2023-04-03,NEM,0.02
equity_equal_weight,2023-05-01,NEM,0.02
equity_equal_weight,2023-06-01,NEM,0.02
equity_equal_weight,2023-07-03,NEM,0.02
equity_equal_weight,2023-08-01,NEM,0.02
equity_equal_weight,2023-09-01,NEM,0.02
equity_equal_weight,2023-10-02,NEM,0.02
equity_equal_weight,2023-11-01,NEM,0.02
equity_equal_weight,2023-12-01,NEM,0.02
equity_equal_weight,2022-01-03,NKE,0.02
equity_equal_weight,2022-02-01,NKE,0.02
equity_equal_weight,2022-03-01,NKE,0.02
equity_equal_weight,2022-04-01,NKE,0.02
equity_equal_weight,2022-05-02,NKE,0.02
equity_equal_weight,2022-06-01,NKE,0.02
equity_equal_weight,2022-07-01,NKE,0.02
equity_equal_weight,2022-08-01,NKE,0.02
equity_equal_weight,2022-09-01,NKE,0.02
equity_equal_weight,2022-10-03,NKE,0.02
equity_equal_weight,2022-11-01,NKE,0.02
equity_equal_weight,2022-12-01,NKE,0.02
equity_equal_weight,2023-01-03,NKE,0.02
equity_equal_weight,2023-02-01,NKE,0.02
equity_equal_weight,2023-03-01,NKE,0.02
equity_equal_weight,2023-04-03,NKE,0.02
equity_equal_weight,2023-05-01,NKE,0.02
equity_equal_weight,2023-06-01,NKE,0.02
equity_equal_weight,2023-07-03,NKE,0.02
equity_equal_weight,2023-08-01,NKE,0.02
equity_equal_weight,2023-09-01,NKE,0.02
equity_equal_weight,2023-10-02,NKE,0.02
equity_equal_weight,2023-11-01,NKE,0.02
equity_equal_weight,2023-12-01,NKE,0.02
equity_equal_weight,2022-01-03,NUE,0.02
equity_equal_weight,2022-02-01,NUE,0.02
equity_equal_weight,2022-03-01,NUE,0.02
equity_equal_weight,2022-04-01,NUE,0.02
equity_equal_weight,2022-05-02,NUE,0.02
equity_equal_weight,2022-06-01,NUE,0.02
equity_equal_weight,2022-07-01,NUE,0.02
equity_equal_weight,2022-08-01,NUE,0.02
equity_equal_weight,2022-09-01,NUE,0.02
equity_equal_weight,2022-10-03,NUE,0.02
equity_equal_weight,2022-11-01,NUE,0.02
equity_equal_weight,2022-12-01,NUE,0.02
equity_equal_weight,2023-01-03,NUE,0.02
equity_equal_weight,2023-02-01,NUE,0.02
equity_equal_weight,2023-03-01,NUE,0.02
equity_equal_weight,2023-04-03,NUE,0.02
equity_equal_weight,2023-05-01,NUE,0.02
equity_equal_weight,2023-06-01,NUE,0.02
equity_equal_weight,2023-07-03,NUE,0.02
equity_equal_weight,2023-08-01,NUE,0.02
equity_equal_weight,2023-09-01,NUE,0.02
equity_equal_weight,2023-10-02,NUE,0.02
equity_equal_weight,2023-11-01,NUE,0.02
equity_equal_weight,2023-12-01,NUE,0.02
equity_equal_weight,2022-01-03,NVDA,0.02
equity_equal_weight,2022-02-01,NVDA,0.02
equity_equal_weight,2022-03-01,NVDA,0.02
equity_equal_weight,2022-04-01,NVDA,0.02
equity_equal_weight,2022-05-02,NVDA,0.02
equity_equal_weight,2022-06-01,NVDA,0.02
equity_equal_weight,2022-07-01,NVDA,0.02
equity_equal_weight,2022-08-01,NVDA,0.02
equity_equal_weight,2022-09-01,NVDA,0.02
equity_equal_weight,2022-10-03,NVDA,0.02
equity_equal_weight,2022-11-01,NVDA,0.02
equity_equal_weight,2022-12-01,NVDA,0.02
equity_equal_weight,2023-01-03,NVDA,0.02
equity_equal_weight,2023-02-01,NVDA,0.02
equity_equal_weight,2023-03-01,NVDA,0.02
equity_equal_weight,2023-04-03,NVDA,0.02
equity_equal_weight,2023-05-01,NVDA,0.02
equity_equal_weight,2023-06-01,NVDA,0.02
equity_equal_weight,2023-07-03,NVDA,0.02
equity_equal_weight,2023-08-01,NVDA,0.02
equity_equal_weight,2023-09-01,NVDA,0.02
equity_equal_weight,2023-10-02,NVDA,0.02
equity_equal_weight,2023-11-01,NVDA,0.02
equity_equal_weight,2023-12-01,NVDA,0.02
equity_equal_weight,2022-01-03,O,0.02
equity_equal_weight,2022-02-01,O,0.02
equity_equal_weight,2022-03-01,O,0.02
equity_equal_weight,2022-04-01,O,0.02
equity_equal_weight,2022-05-02,O,0.02
equity_equal_weight,2022-06-01,O,0.02
equity_equal_weight,2022-07-01,O,0.02
equity_equal_weight,2022-08-01,O,0.02
equity_equal_weight,2022-09-01,O,0.02
equity_equal_weight,2022-10-03,O,0.02
equity_equal_weight,2022-11-01,O,0.02
equity_equal_weight,2022-12-01,O,0.02
equity_equal_weight,2023-01-03,O,0.02
equity_equal_weight,2023-02-01,O,0.02
equity_equal_weight,2023-03-01,O,0.02
equity_equal_weight,2023-04-03,O,0.02
equity_equal_weight,2023-05-01,O,0.02
equity_equal_weight,2023-06-01,O,0.02
equity_equal_weight,2023-07-03,O,0.02
equity_equal_weight,2023-08-01,O,0.02
equity_equal_weight,2023-09-01,O,0.02
equity_equal_weight,2023-10-02,O,0.02
equity_equal_weight,2023-11-01,O,0.02
equity_equal_weight,2023-12-01,O,0.02
equity_equal_weight,2022-01-03,OXY,0.02
equity_equal_weight,2022-02-01,OXY,0.02
equity_equal_weight,2022-03-01,OXY,0.02
equity_equal_weight,2022-04-01,OXY,0.02
equity_equal_weight,2022-05-02,OXY,0.02
equity_equal_weight,2022-06-01,OXY,0.02
equity_equal_weight,2022-07-01,OXY,0.02
equity_equal_weight,2022-08-01,OXY,0.02
equity_equal_weight,2022-09-01,OXY,0.02
equity_equal_weight,2022-10-03,OXY,0.02
equity_equal_weight,2022-11-01,OXY,0.02
equity_equal_weight,2022-12-01,OXY,0.02
equity_equal_weight,2023-01-03,OXY,0.02
equity_equal_weight,2023-02-01,OXY,0.02
equity_equal_weight,2023-03-01,OXY,0.02
equity_equal_weight,2023-04-03,OXY,0.02
equity_equal_weight,2023-05-01,OXY,0.02
equity_equal_weight,2023-06-01,OXY,0.02
equity_equal_weight,2023-07-03,OXY,0.02
equity_equal_weight,2023-08-01,OXY,0.02
equity_equal_weight,2023-09-01,OXY,0.02
equity_equal_weight,2023-10-02,OXY,0.02
equity_equal_weight,2023-11-01,OXY,0.02
equity_equal_weight,2023-12-01,OXY,0.02
equity_equal_weight,2022-01-03,PLD,0.02
equity_equal_weight,2022-02-01,PLD,0.02
equity_equal_weight,2022-03-01,PLD,0.02
equity_equal_weight,2022-04-01,PLD,0.02
equity_equal_weight,2022-05-02,PLD,0.02
equity_equal_weight,2022-06-01,PLD,0.02
equity_equal_weight,2022-07-01,PLD,0.02
equity_equal_weight,2022-08-01,PLD,0.02
equity_equal_weight,2022-09-01,PLD,0.02
equity_equal_weight,2022-10-03,PLD,0.02
equity_equal_weight,2022-11-01,PLD,0.02
equity_equal_weight,2022-12-01,PLD,0.02
equity_equal_weight,2023-01-03,PLD,0.02
equity_equal_weight,2023-02-01,PLD,0.02
equity_equal_weight,2023-03-01,PLD,0.02
equity_equal_weight,2023-04-03,PLD,0.02
equity_equal_weight,2023-05-01,PLD,0.02
equity_equal_weight,2023-06-01,PLD,0.02
equity_equal_weight,2023-07-03,PLD,0.02
equity_equal_weight,2023-08-01,PLD,0.02
equity_equal_weight,2023-09-01,PLD,0.02
equity_equal_weight,2023-10-02,PLD,0.02
equity_equal_weight,2023-11-01,PLD,0.02
equity_equal_weight,2023-12-01,PLD,0.02
equity_equal_weight,2022-01-03,PSA,0.02
equity_equal_weight,2022-02-01,PSA,0.02
equity_equal_weight,2022-03-01,PSA,0.02
equity_equal_weight,2022-04-01,PSA,0.02
equity_equal_weight,2022-05-02,PSA,0.02
equity_equal_weight,2022-06-01,PSA,0.02
equity_equal_weight,2022-07-01,PSA,0.02
equity_equal_weight,2022-08-01,PSA,0.02
equity_equal_weight,2022-09-01,PSA,0.02
equity_equal_weight,2022-10-03,PSA,0.02
equity_equal_weight,2022-11-01,PSA,0.02
equity_equal_weight,2022-12-01,PSA,0.02
equity_equal_weight,2023-01-03,PSA,0.02
equity_equal_weight,2023-02-01,PSA,0.02
equity_equal_weight,2023-03-01,PSA,0.02
equity_equal_weight,2023-04-03,PSA,0.02
equity_equal_weight,2023-05-01,PSA,0.02
equity_equal_weight,2023-06-01,PSA,0.02
equity_equal_weight,2023-07-03,PSA,0.02
equity_equal_weight,2023-08-01,PSA,0.02
equity_equal_weight,2023-09-01,PSA,0.02
equity_equal_weight,2023-10-02,PSA,0.02
equity_equal_weight,2023-11-01,PSA,0.02
equity_equal_weight,2023-12-01,PSA,0.02
equity_equal_weight,2022-01-03,QCOM,0.02
equity_equal_weight,2022-02-01,QCOM,0.02
equity_equal_weight,2022-03-01,QCOM,0.02
equity_equal_weight,2022-04-01,QCOM,0.02
equity_equal_weight,2022-05-02,QCOM,0.02
equity_equal_weight,2022-06-01,QCOM,0.02
equity_equal_weight,2022-07-01,QCOM,0.02
equity_equal_weight,2022-08-01,QCOM,0.02
equity_equal_weight,2022-09-01,QCOM,0.02
equity_equal_weight,2022-10-03,QCOM,0.02
equity_equal_weight,2022-11-01,QCOM,0.02
equity_equal_weight,2022-12-01,QCOM,0.02
equity_equal_weight,2023-01-03,QCOM,0.02
equity_equal_weight,2023-02-01,QCOM,0.02
equity_equal_weight,2023-03-01,QCOM,0.02
equity_equal_weight,2023-04-03,QCOM,0.02
equity_equal_weight,2023-05-01,QCOM,0.02
equity_equal_weight,2023-06-01,QCOM,0.02
equity_equal_weight,2023-07-03,QCOM,0.02
equity_equal_weight,2023-08-01,QCOM,0.02
equity_equal_weight,2023-09-01,QCOM,0.02
equity_equal_weight,2023-10-02,QCOM,0.02
equity_equal_weight,2023-11-01,QCOM,0.02
equity_equal_weight,2023-12-01,QCOM,0.02
equity_equal_weight,2022-01-03,SBUX,0.02
equity_equal_weight,2022-02-01,SBUX,0.02
equity_equal_weight,2022-03-01,SBUX,0.02
equity_equal_weight,2022-04-01,SBUX,0.02
equity_equal_weight,2022-05-02,SBUX,0.02
equity_equal_weight,2022-06-01,SBUX,0.02
equity_equal_weight,2022-07-01,SBUX,0.02
equity_equal_weight,2022-08-01,SBUX,0.02
equity_equal_weight,2022-09-01,SBUX,0.02
equity_equal_weight,2022-10-03,SBUX,0.02
equity_equal_weight,2022-11-01,SBUX,0.02
equity_equal_weight,2022-12-01,SBUX,0.02
equity_equal_weight,2023-01-03,SBUX,0.02
equity_equal_weight,2023-02-01,SBUX,0.02
equity_equal_weight,2023-03-01,SBUX,0.02
equity_equal_weight,2023-04-03,SBUX,0.02
equity_equal_weight,2023-05-01,SBUX,0.02
equity_equal_weight,2023-06-01,SBUX,0.02
equity_equal_weight,2023-07-03,SBUX,0.02
equity_equal_weight,2023-08-01,SBUX,0.02
equity_equal_weight,2023-09-01,SBUX,0.02
equity_equal_weight,2023-10-02,SBUX,0.02
equity_equal_weight,2023-11-01,SBUX,0.02
equity_equal_weight,2023-12-01,SBUX,0.02
equity_equal_weight,2022-01-03,SHW,0.02
equity_equal_weight,2022-02-01,SHW,0.02
equity_equal_weight,2022-03-01,SHW,0.02
equity_equal_weight,2022-04-01,SHW,0.02
equity_equal_weight,2022-05-02,SHW,0.02
equity_equal_weight,2022-06-01,SHW,0.02
equity_equal_weight,2022-07-01,SHW,0.02
equity_equal_weight,2022-08-01,SHW,0.02
equity_equal_weight,2022-09-01,SHW,0.02
equity_equal_weight,2022-10-03,SHW,0.02
equity_equal_weight,2022-11-01,SHW,0.02
equity_equal_weight,2022-12-01,SHW,0.02
equity_equal_weight,2023-01-03,SHW,0.02
equity_equal_weight,2023-02-01,SHW,0.02
equity_equal_weight,2023-03-01,SHW,0.02
equity_equal_weight,2023-04-03,SHW,0.02
equity_equal_weight,2023-05-01,SHW,0.02
equity_equal_weight,2023-06-01,SHW,0.02
equity_equal_weight,2023-07-03,SHW,0.02
equity_equal_weight,2023-08-01,SHW,0.02
equity_equal_weight,2023-09-01,SHW,0.02
equity_equal_weight,2023-10-02,SHW,0.02
equity_equal_weight,2023-11-01,SHW,0.02
equity_equal_weight,2023-12-01,SHW,0.02
equity_equal_weight,2022-01-03,SLB,0.02
equity_equal_weight,2022-02-01,SLB,0.02
equity_equal_weight,2022-03-01,SLB,0.02
equity_equal_weight,2022-04-01,SLB,0.02
equity_equal_weight,2022-05-02,SLB,0.02
equity_equal_weight,2022-06-01,SLB,0.02
equity_equal_weight,2022-07-01,SLB,0.02
equity_equal_weight,2022-08-01,SLB,0.02
equity_equal_weight,2022-09-01,SLB,0.02
equity_equal_weight,2022-10-03,SLB,0.02
equity_equal_weight,2022-11-01,SLB,0.02
equity_equal_weight,2022-12-01,SLB,0.02
equity_equal_weight,2023-01-03,SLB,0.02
equity_equal_weight,2023-02-01,SLB,0.02
equity_equal_weight,2023-03-01,SLB,0.02
equity_equal_weight,2023-04-03,SLB,0.02
equity_equal_weight,2023-05-01,SLB,0.02
equity_equal_weight,2023-06-01,SLB,0.02
equity_equal_weight,2023-07-03,SLB,0.02
equity_equal_weight,2023-08-01,SLB,0.02
equity_equal_weight,2023-09-01,SLB,0.02
equity_equal_weight,2023-10-02,SLB,0.02
equity_equal_weight,2023-11-01,SLB,0.02
equity_equal_weight,2023-12-01,SLB,0.02
equity_equal_weight,2022-01-03,SO,0.02
equity_equal_weight,2022-02-01,SO,0.02
equity_equal_weight,2022-03-01,SO,0.02
equity_equal_weight,2022-04-01,SO,0.02
equity_equal_weight,2022-05-02,SO,0.02
equity_equal_weight,2022-06-01,SO,0.02
equity_equal_weight,2022-07-01,SO,0.02
equity_equal_weight,2022-08-01,SO,0.02
equity_equal_weight,2022-09-01,SO,0.02
equity_equal_weight,2022-10-03,SO,0.02
equity_equal_weight,2022-11-01,SO,0.02
equity_equal_weight,2022-12-01,SO,0.02
equity_equal_weight,2023-01-03,SO,0.02
equity_equal_weight,2023-02-01,SO,0.02
equity_equal_weight,2023-03-01,SO,0.02
equity_equal_weight,2023-04-03,SO,0.02
equity_equal_weight,2023-05-01,SO,0.02
equity_equal_weight,2023-06-01,SO,0.02
equity_equal_weight,2023-07-03,SO,0.02
equity_equal_weight,2023-08-01,SO,0.02
equity_equal_weight,2023-09-01,SO,0.02
equity_equal_weight,2023-10-02,SO,0.02
equity_equal_weight,2023-11-01,SO,0.02
equity_equal_weight,2023-12-01,SO,0.02
equity_equal_weight,2022-01-03,T,0.02
equity_equal_weight,2022-02-01,T,0.02
equity_equal_weight,2022-03-01,T,0.02
equity_equal_weight,2022-04-01,T,0.02
equity_equal_weight,2022-05-02,T,0.02
equity_equal_weight,2022-06-01,T,0.02
equity_equal_weight,2022-07-01,T,0.02
equity_equal_weight,2022-08-01,T,0.02
equity_equal_weight,2022-09-01,T,0.02
equity_equal_weight,2022-10-03,T,0.02
equity_equal_weight,2022-11-01,T,0.02
equity_equal_weight,2022-12-01,T,0.02
equity_equal_weight,2023-01-03,T,0.02
equity_equal_weight,2023-02-01,T,0.02
equity_equal_weight,2023-03-01,T,0.02
equity_equal_weight,2023-04-03,T,0.02
equity_equal_weight,2023-05-01,T,0.02
equity_equal_weight,2023-06-01,T,0.02
equity_equal_weight,2023-07-03,T,0.02
equity_equal_weight,2023-08-01,T,0.02
equity_equal_weight,2023-09-01,T,0.02
equity_equal_weight,2023-10-02,T,0.02
equity_equal_weight,2023-11-01,T,0.02
equity_equal_weight,2023-12-01,T,0.02
equity_equal_weight,2022-01-03,TMUS,0.02
equity_equal_weight,2022-02-01,TMUS,0.02
equity_equal_weight,2022-03-01,TMUS,0.02
equity_equal_weight,2022-04-01,TMUS,0.02
equity_equal_weight,2022-05-02,TMUS,0.02
equity_equal_weight,2022-06-01,TMUS,0.02
equity_equal_weight,2022-07-01,TMUS,0.02
equity_equal_weight,2022-08-01,TMUS,0.02
equity_equal_weight,2022-09-01,TMUS,0.02
equity_equal_weight,2022-10-03,TMUS,0.02
equity_equal_weight,2022-11-01,TMUS,0.02
equity_equal_weight,2022-12-01,TMUS,0.02
equity_equal_weight,2023-01-03,TMUS,0.02
equity_equal_weight,2023-02-01,TMUS,0.02
equity_equal_weight,2023-03-01,TMUS,0.02
equity_equal_weight,2023-04-03,TMUS,0.02
equity_equal_weight,2023-05-01,TMUS,0.02
equity_equal_weight,2023-06-01,TMUS,0.02
equity_equal_weight,2023-07-03,TMUS,0.02
equity_equal_weight,2023-08-01,TMUS,0.02
equity_equal_weight,2023-09-01,TMUS,0.02
equity_equal_weight,2023-10-02,TMUS,0.02
equity_equal_weight,2023-11-01,TMUS,0.02
equity_equal_weight,2023-12-01,TMUS,0.02
equity_equal_weight,2022-01-03,TTWO,0.02
equity_equal_weight,2022-02-01,TTWO,0.02
equity_equal_weight,2022-03-01,TTWO,0.02
equity_equal_weight,2022-04-01,TTWO,0.02
equity_equal_weight,2022-05-02,TTWO,0.02
equity_equal_weight,2022-06-01,TTWO,0.02
equity_equal_weight,2022-07-01,TTWO,0.02
equity_equal_weight,2022-08-01,TTWO,0.02
equity_equal_weight,2022-09-01,TTWO,0.02
equity_equal_weight,2022-10-03,TTWO,0.02
equity_equal_weight,2022-11-01,TTWO,0.02
equity_equal_weight,2022-12-01,TTWO,0.02
equity_equal_weight,2023-01-03,TTWO,0.02
equity_equal_weight,2023-02-01,TTWO,0.02
equity_equal_weight,2023-03-01,TTWO,0.02
equity_equal_weight,2023-04-03,TTWO,0.02
equity_equal_weight,2023-05-01,TTWO,0.02
equity_equal_weight,2023-06-01,TTWO,0.02
equity_equal_weight,2023-07-03,TTWO,0.02
equity_equal_weight,2023-08-01,TTWO,0.02
equity_equal_weight,2023-09-01,TTWO,0.02
equity_equal_weight,2023-10-02,TTWO,0.02
equity_equal_weight,2023-11-01,TTWO,0.02
equity_equal_weight,2023-12-01,TTWO,0.02
equity_equal_weight,2022-01-03,UPS,0.02
equity_equal_weight,2022-02-01,UPS,0.02
equity_equal_weight,2022-03-01,UPS,0.02
equity_equal_weight,2022-04-01,UPS,0.02
equity_equal_weight,2022-05-02,UPS,0.02
equity_equal_weight,2022-06-01,UPS,0.02
equity_equal_weight,2022-07-01,UPS,0.02
equity_equal_weight,2022-08-01,UPS,0.02
equity_equal_weight,2022-09-01,UPS,0.02
equity_equal_weight,2022-10-03,UPS,0.02
equity_equal_weight,2022-11-01,UPS,0.02
equity_equal_weight,2022-12-01,UPS,0.02
equity_equal_weight,2023-01-03,UPS,0.02
equity_equal_weight,2023-02-01,UPS,0.02
equity_equal_weight,2023-03-01,UPS,0.02
equity_equal_weight,2023-04-03,UPS,0.02
equity_equal_weight,2023-05-01,UPS,0.02
equity_equal_weight,2023-06-01,UPS,0.02
equity_equal_weight,2023-07-03,UPS,0.02
equity_equal_weight,2023-08-01,UPS,0.02
equity_equal_weight,2023-09-01,UPS,0.02
equity_equal_weight,2023-10-02,UPS,0.02
equity_equal_weight,2023-11-01,UPS,0.02
equity_equal_weight,2023-12-01,UPS,0.02
equity_equal_weight,2022-01-03,USB,0.02
equity_equal_weight,2022-02-01,USB,0.02
equity_equal_weight,2022-03-01,USB,0.02
equity_equal_weight,2022-04-01,USB,0.02
equity_equal_weight,2022-05-02,USB,0.02
equity_equal_weight,2022-06-01,USB,0.02
equity_equal_weight,2022-07-01,USB,0.02
equity_equal_weight,2022-08-01,USB,0.02
equity_equal_weight,2022-09-01,USB,0.02
equity_equal_weight,2022-10-03,USB,0.02
equity_equal_weight,2022-11-01,USB,0.02
equity_equal_weight,2022-12-01,USB,0.02
equity_equal_weight,2023-01-03,USB,0.02
equity_equal_weight,2023-02-01,USB,0.02
equity_equal_weight,2023-03-01,USB,0.02
equity_equal_weight,2023-04-03,USB,0.02
equity_equal_weight,2023-05-01,USB,0.02
equity_equal_weight,2023-06-01,USB,0.02
equity_equal_weight,2023-07-03,USB,0.02
equity_equal_weight,2023-08-01,USB,0.02
equity_equal_weight,2023-09-01,USB,0.02
equity_equal_weight,2023-10-02,USB,0.02
equity_equal_weight,2023-11-01,USB,0.02
equity_equal_weight,2023-12-01,USB,0.02
equity_equal_weight,2022-01-03,V,0.02
equity_equal_weight,2022-02-01,V,0.02
equity_equal_weight,2022-03-01,V,0.02
equity_equal_weight,2022-04-01,V,0.02
equity_equal_weight,2022-05-02,V,0.02
equity_equal_weight,2022-06-01,V,0.02
equity_equal_weight,2022-07-01,V,0.02
equity_equal_weight,2022-08-01,V,0.02
equity_equal_weight,2022-09-01,V,0.02
equity_equal_weight,2022-10-03,V,0.02
equity_equal_weight,2022-11-01,V,0.02
equity_equal_weight,2022-12-01,V,0.02
equity_equal_weight,2023-01-03,V,0.02
equity_equal_weight,2023-02-01,V,0.02
equity_equal_weight,2023-03-01,V,0.02
equity_equal_weight,2023-04-03,V,0.02
equity_equal_weight,2023-05-01,V,0.02
equity_equal_weight,2023-06-01,V,0.02
equity_equal_weight,2023-07-03,V,0.02
equity_equal_weight,2023-08-01,V,0.02
equity_equal_weight,2023-09-01,V,0.02
equity_equal_weight,2023-10-02,V,0.02
equity_equal_weight,2023-11-01,V,0.02
equity_equal_weight,2023-12-01,V,0.02
equity_equal_weight,2022-01-03,WFC,0.02
equity_equal_weight,2022-02-01,WFC,0.02
equity_equal_weight,2022-03-01,WFC,0.02
equity_equal_weight,2022-04-01,WFC,0.02
equity_equal_weight,2022-05-02,WFC,0.02
equity_equal_weight,2022-06-01,WFC,0.02
equity_equal_weight,2022-07-01,WFC,0.02
equity_equal_weight,2022-08-01,WFC,0.02
equity_equal_weight,2022-09-01,WFC,0.02
equity_equal_weight,2022-10-03,WFC,0.02
equity_equal_weight,2022-11-01,WFC,0.02
equity_equal_weight,2022-12-01,WFC,0.02
equity_equal_weight,2023-01-03,WFC,0.02
equity_equal_weight,2023-02-01,WFC,0.02
equity_equal_weight,2023-03-01,WFC,0.02
equity_equal_weight,2023-04-03,WFC,0.02
equity_equal_weight,2023-05-01,WFC,0.02
equity_equal_weight,2023-06-01,WFC,0.02
equity_equal_weight,2023-07-03,WFC,0.02
equity_equal_weight,2023-08-01,WFC,0.02
equity_equal_weight,2023-09-01,WFC,0.02
equity_equal_weight,2023-10-02,WFC,0.02
equity_equal_weight,2023-11-01,WFC,0.02
equity_equal_weight,2023-12-01,WFC,0.02
equity_equal_weight,2022-01-03,WMT,0.02
equity_equal_weight,2022-02-01,WMT,0.02
equity_equal_weight,2022-03-01,WMT,0.02
equity_equal_weight,2022-04-01,WMT,0.02
equity_equal_weight,2022-05-02,WMT,0.02
equity_equal_weight,2022-06-01,WMT,0.02
equity_equal_weight,2022-07-01,WMT,0.02
equity_equal_weight,2022-08-01,WMT,0.02
equity_equal_weight,2022-09-01,WMT,0.02
equity_equal_weight,2022-10-03,WMT,0.02
equity_equal_weight,2022-11-01,WMT,0.02
equity_equal_weight,2022-12-01,WMT,0.02
equity_equal_weight,2023-01-03,WMT,0.02
equity_equal_weight,2023-02-01,WMT,0.02
equity_equal_weight,2023-03-01,WMT,0.02
equity_equal_weight,2023-04-03,WMT,0.02
equity_equal_weight,2023-05-01,WMT,0.02
equity_equal_weight,2023-06-01,WMT,0.02
equity_equal_weight,2023-07-03,WMT,0.02
equity_equal_weight,2023-08-01,WMT,0.02
equity_equal_weight,2023-09-01,WMT,0.02
equity_equal_weight,2023-10-02,WMT,0.02
equity_equal_weight,2023-11-01,WMT,0.02
equity_equal_weight,2023-12-01,WMT,0.02
equity_equal_weight,2022-01-03,XOM,0.02
equity_equal_weight,2022-02-01,XOM,0.02
equity_equal_weight,2022-03-01,XOM,0.02
equity_equal_weight,2022-04-01,XOM,0.02
equity_equal_weight,2022-05-02,XOM,0.02
equity_equal_weight,2022-06-01,XOM,0.02
equity_equal_weight,2022-07-01,XOM,0.02
equity_equal_weight,2022-08-01,XOM,0.02
equity_equal_weight,2022-09-01,XOM,0.02
equity_equal_weight,2022-10-03,XOM,0.02
equity_equal_weight,2022-11-01,XOM,0.02
equity_equal_weight,2022-12-01,XOM,0.02
equity_equal_weight,2023-01-03,XOM,0.02
equity_equal_weight,2023-02-01,XOM,0.02
equity_equal_weight,2023-03-01,XOM,0.02
equity_equal_weight,2023-04-03,XOM,0.02
equity_equal_weight,2023-05-01,XOM,0.02
equity_equal_weight,2023-06-01,XOM,0.02
equity_equal_weight,2023-07-03,XOM,0.02
equity_equal_weight,2023-08-01,XOM,0.02
equity_equal_weight,2023-09-01,XOM,0.02
equity_equal_weight,2023-10-02,XOM,0.02
equity_equal_weight,2023-11-01,XOM,0.02
equity_equal_weight,2023-12-01,XOM,0.02
equity_min_variance,2022-01-03,ABBV,0.09256935245745587
equity_min_variance,2022-02-01,ABBV,0.0991003916611629
equity_min_variance,2022-03-01,ABBV,0.09999999999999998
equity_min_variance,2022-04-01,ABBV,0.08480340114610216
equity_min_variance,2022-05-02,ABBV,0.0670186027212206
equity_min_variance,2022-06-01,ABBV,0.060497349230207595
equity_min_variance,2022-07-01,ABBV,0.05629802487496464
equity_min_variance,2022-08-01,ABBV,0.05754128558297066
equity_min_variance,2022-09-01,ABBV,0.05656098868195508
equity_min_variance,2022-10-03,ABBV,0.05515051102361402
equity_min_variance,2022-11-01,ABBV,0.06934064536353252
equity_min_variance,2022-12-01,ABBV,0.07420518482031911
equity_min_variance,2023-01-03,ABBV,0.0780180848748748
equity_min_variance,2023-02-01,ABBV,0.08599847380992932
equity_min_variance,2023-03-01,ABBV,0.0824653922366891
equity_min_variance,2023-04-03,ABBV,0.08676860250545784
equity_min_variance,2023-05-01,ABBV,0.08721710314653269
equity_min_variance,2023-06-01,ABBV,0.08745027069410624
equity_min_variance,2023-07-03,ABBV,0.08736886482378564
equity_min_variance,2023-08-01,ABBV,0.09018693113778473
equity_min_variance,2023-09-01,ABBV,0.09225046776468146
equity_min_variance,2023-10-02,ABBV,0.09577568402861523
equity_min_variance,2023-11-01,ABBV,0.09642701420036028
equity_min_variance,2023-12-01,ABBV,0.0937393242855763
equity_min_variance,2022-01-03,ABT,0.0
equity_min_variance,2022-02-01,ABT,2.943960216269866e-18
equity_min_variance,2022-03-01,ABT,4.625764080541041e-18
equity_min_variance,2022-04-01,ABT,0.016713860368807953
equity_min_variance,2022-05-02,ABT,0.006251888690503567
equity_min_variance,2022-06-01,ABT,0.0072230020636647905
equity_min_variance,2022-07-01,ABT,0.00954440278474449
equity_min_variance,2022-08-01,ABT,0.0052926726817585645
equity_min_variance,2022-09-01,ABT,0.004782402146414728
equity_min_variance,2022-10-03,ABT,0.015165884682511307
equity_min_variance,2022-11-01,ABT,0.01668843166200543
equity_min_variance,2022-12-01,ABT,0.01232814821826766
equity_min_variance,2023-01-03,ABT,0.008240723035013367
equity_min_variance,2023-02-01,ABT,0.0048767746946432496
equity_min_variance,2023-03-01,ABT,0.0007694802435842966
equity_min_variance,2023-04-03,ABT,0.00340897357318426
equity_min_variance,2023-05-01,ABT,0.0012991802003985721
equity_min_variance,2023-06-01,ABT,4.473082700899497e-19
equity_min_variance,2023-07-03,ABT,0.0018187248057156306
equity_min_variance,2023-08-01,ABT,1.192622389734055e-18
equity_min_variance,2023-09-01,ABT,0.0
equity_min_variance,2023-10-02,ABT,0.0021757573182514785
equity_min_variance,2023-11-01,ABT,0.008172878028807446
equity_min_variance,2023-12-01,ABT,0.009692734295790388
equity_min_variance,2022-01-03,ADBE,0.0
equity_min_variance,2022-02-01,ADBE,8.735158671380242e-19
equity_min_variance,2022-03-01,ADBE,1.2918424001481153e-18
equity_min_variance,2022-04-01,ADBE,0.0
equity_min_variance,2022-05-02,ADBE,0.014717477516016025
equity_min_variance,2022-06-01,ADBE,0.00956916613878015
equity_min_variance,2022-07-01,ADBE,0.00741185195026124
equity_min_variance,2022-08-01,ADBE,0.001335570757330383
equity_min_variance,2022-09-01,ADBE,8.49136294377891e-05
equity_min_variance,2022-10-03,ADBE,0.0
equity_min_variance,2022-11-01,ADBE,1.588558668123427e-18
equity_min_variance,2022-12-01,ADBE,0.0
equity_min_variance,2023-01-03,ADBE,0.0
equity_min_variance,2023-02-01,ADBE,7.79634987516175e-19
equity_min_variance,2023-03-01,ADBE,1.290287351956262e-19
equity_min_variance,2023-04-03,ADBE,1.2628975933707617e-19
equity_min_variance,2023-05-01,ADBE,3.1221034044657064e-19
equity_min_variance,2023-06-01,ADBE,0.0
equity_min_variance,2023-07-03,ADBE,0.0
equity_min_variance,2023-08-01,ADBE,6.49838766298842e-20
equity_min_variance,2023-09-01,ADBE,0.0
equity_min_variance,2023-10-02,ADBE,4.1833222228806806e-19
equity_min_variance,2023-11-01,ADBE,5.722203214023102e-19
equity_min_variance,2023-12-01,ADBE,0.0
equity_min_variance,2022-01-03,AEP,0.04099975792978474
equity_min_variance,2022-02-01,AEP,0.040182014578977465
equity_min_variance,2022-03-01,AEP,0.04203977066388009
equity_min_variance,2022-04-01,AEP,0.040242941293635565
equity_min_variance,2022-05-02,AEP,0.049566506489826384
equity_min_variance,2022-06-01,AEP,0.05953045070805609
equity_min_variance,2022-07-01,AEP,0.05394654656105489
equity_min_variance,2022-08-01,AEP,0.05364344680316635
equity_min_variance,2022-09-01,AEP,0.053748381605754354
equity_min_variance,2022-10-03,AEP,0.04001866289366178
equity_min_variance,2022-11-01,AEP,0.03161784557057289
equity_min_variance,2022-12-01,AEP,0.024937674405792584
equity_min_variance,2023-01-03,AEP,0.023201231857147345
equity_min_variance,2023-02-01,AEP,0.021274086228435993
equity_min_variance,2023-03-01,AEP,0.01446578269024781
equity_min_variance,2023-04-03,AEP,0.011597909504245963
equity_min_variance,2023-05-01,AEP,0.010933029287317616
equity_min_variance,2023-06-01,AEP,0.00253292666491907
equity_min_variance,2023-07-03,AEP,0.0004781010840586579
equity_min_variance,2023-08-01,AEP,0.005346382791119682
equity_min_variance,2023-09-01,AEP,0.004978558999948108
equity_min_variance,2023-10-02,AEP,1.5178830414797058e-18
equity_min_variance,2023-11-01,AEP,0.0
equity_min_variance,2023-12-01,AEP,9.609184859117066e-19
equity_min_variance,2022-01-03,AMD,5.567865300383448e-19
equity_min_variance,2022-02-01,AMD,0.0
equity_min_variance,2022-03-01,AMD,3.6749408381182517e-19
equity_min_variance,2022-04-01,AMD,1.4695820168365296e-18
equity_min_variance,2022-05-02,AMD,0.0
equity_min_variance,2022-06-01,AMD,2.4726968017929303e-19
equity_min_variance,2022-07-01,AMD,0.0
equity_min_variance,2022-08-01,AMD,4.1855452145224912e-19
equity_min_variance,2022-09-01,AMD,9.377030413449697e-20
equity_min_variance,2022-10-03,AMD,0.0
equity_min_variance,2022-11-01,AMD,0.0
equity_min_variance,2022-12-01,AMD,0.0
equity_min_variance,2023-01-03,AMD,0.0
equity_min_variance,2023-02-01,AMD,0.0
equity_min_variance,2023-03-01,AMD,0.0
equity_min_variance,2023-04-03,AMD,5.595354847555455e-19
equity_min_variance,2023-05-01,AMD,7.184063494777458e-19
equity_min_variance,2023-06-01,AMD,5.30333214522532e-19
equity_min_variance,2023-07-03,AMD,0.0
equity_min_variance,2023-08-01,AMD,0.0
equity_min_variance,2023-09-01,AMD,0.0
equity_min_variance,2023-10-02,AMD,0.0
equity_min_variance,2023-11-01,AMD,2.486943401291448e-19
equity_min_variance,2023-12-01,AMD,3.489958763393243e-19
equity_min_variance,2022-01-03,AMGN,4.5536491244391194e-18
equity_min_variance,2022-02-01,AMGN,4.336808689942017e-18
equity_min_variance,2022-03-01,AMGN,0.001440432858224066
equity_min_variance,2022-04-01,AMGN,0.02325114083248806
equity_min_variance,2022-05-02,AMGN,0.028426648121506286
equity_min_variance,2022-06-01,AMGN,0.030368727646103738
equity_min_variance,2022-07-01,AMGN,0.035890501367754624
equity_min_variance,2022-08-01,AMGN,0.04139759903469832
equity_min_variance,2022-09-01,AMGN,0.04309758102302692
equity_min_variance,2022-10-03,AMGN,0.05676616183007026
equity_min_variance,2022-11-01,AMGN,0.0663180179118776
equity_min_variance,2022-12-01,AMGN,0.07603223269709178
equity_min_variance,2023-01-03,AMGN,0.08120368481414698
equity_min_variance,2023-02-01,AMGN,0.08739333656338996
equity_min_variance,2023-03-01,AMGN,0.08345980997252773
equity_min_variance,2023-04-03,AMGN,0.08517677072400735
equity_min_variance,2023-05-01,AMGN,0.08416994258228871
equity_min_variance,2023-06-01,AMGN,0.08365824685255614
equity_min_variance,2023-07-03,AMGN,0.08260712185047844
equity_min_variance,2023-08-01,AMGN,0.08230897258790715
equity_min_variance,2023-09-01,AMGN,0.09096907832644743
equity_min_variance,2023-10-02,AMGN,0.09286502419557653
equity_min_variance,2023-11-01,AMGN,0.09200661804781532
equity_min_variance,2023-12-01,AMGN,0.08940541554877965
equity_min_variance,2022-01-03,AMT,6.348807772178911e-20
equity_min_variance,2022-02-01,AMT,1.5328374763430246e-18
equity_min_variance,2022-03-01,AMT,8.717140583099824e-19
equity_min_variance,2022-04-01,AMT,0.0
equity_min_variance,2022-05-02,AMT,0.0
equity_min_variance,2022-06-01,AMT,0.008286819961763333
equity_min_variance,2022-07-01,AMT,0.001250110483517517
equity_min_variance,2022-08-01,AMT,0.00040262990154709696
equity_min_variance,2022-09-01,AMT,0.0015619408571724575
equity_min_variance,2022-10-03,AMT,0.0016602238938081815
equity_min_variance,2022-11-01,AMT,2.7105054312137606e-19
equity_min_variance,2022-12-01,AMT,0.0
equity_min_variance,2023-01-03,AMT,0.0
equity_min_variance,2023-02-01,AMT,1.9146591368369376e-18
equity_min_variance,2023-03-01,AMT,6.122402268402273e-19
equity_min_variance,2023-04-03,AMT,1.786954208852572e-20
equity_min_variance,2023-05-01,AMT,0.0
equity_min_variance,2023-06-01,AMT,0.0
equity_min_variance,2023-07-03,AMT,5.381393137166548e-19
equity_min_variance,2023-08-01,AMT,5.551613909800182e-19
equity_min_variance,2023-09-01,AMT,0.0
equity_min_variance,2023-10-02,AMT,0.0
equity_min_variance,2023-11-01,AMT,1.9893470467367315e-18
equity_min_variance,2023-12-01,AMT,0.0
equity_min_variance,2022-01-03,BA,7.296137102275509e-19
equity_min_variance,2022-02-01,BA,0.0
equity_min_variance,2022-03-01,BA,0.0
equity_min_variance,2022-04-01,BA,2.2055431691109425e-19
equity_min_variance,2022-05-02,BA,0.0
equity_min_variance,2022-06-01,BA,0.0
equity_min_variance,2022-07-01,BA,0.0
equity_min_variance,2022-08-01,BA,0.0
equity_min_variance,2022-09-01,BA,4.080211377029775e-19
equity_min_variance,2022-10-03,BA,0.0
equity_min_variance,2022-11-01,BA,0.0
equity_min_variance,2022-12-01,BA,8.215840069775194e-19
equity_min_variance,2023-01-03,BA,4.3349483953682714e-19
equity_min_variance,2023-02-01,BA,0.0
equity_min_variance,2023-03-01,BA,7.572010161304026e-19
equity_min_variance,2023-04-03,BA,0.0
equity_min_variance,2023-05-01,BA,8.761180451492773e-19
equity_min_variance,2023-06-01,BA,0.0
equity_min_variance,2023-07-03,BA,5.790054690636764e-20
equity_min_variance,2023-08-01,BA,0.0
equity_min_variance,2023-09-01,BA,3.57725907612242e-19
equity_min_variance,2023-10-02,BA,2.926145621493215e-19
equity_min_variance,2023-11-01,BA,5.36682777938238e-19
equity_min_variance,2023-12-01,BA,0.0
equity_min_variance,2022-01-03,CAT,4.987037071836939e-19
equity_min_variance,2022-02-01,CAT,0.004216933029609103
equity_min_variance,2022-03-01,CAT,0.0050781785484016965
equity_min_variance,2022-04-01,CAT,0.021324044937610826
equity_min_variance,2022-05-02,CAT,0.019579223551611912
equity_min_variance,2022-06-01,CAT,0.018076963686273605
equity_min_variance,2022-07-01,CAT,0.02468298332045363
equity_min_variance,2022-08-01,CAT,0.023667261263848414
equity_min_variance,2022-09-01,CAT,0.01686304979159634
equity_min_variance,2022-10-03,CAT,0.011993210387174665
equity_min_variance,2022-11-01,CAT,0.00441487223940964
equity_min_variance,2022-12-01,CAT,0.0006602893330698757
equity_min_variance,2023-01-03,CAT,0.0002612184224902236
equity_min_variance,2023-02-01,CAT,0.00028889347455462956
equity_min_variance,2023-03-01,CAT,0.0
equity_min_variance,2023-04-03,CAT,5.599706283312779e-19
equity_min_variance,2023-05-01,CAT,0.0011577177548361172
equity_min_variance,2023-06-01,CAT,0.000913372441378272
equity_min_variance,2023-07-03,CAT,1.5351260069178674e-18
equity_min_variance,2023-08-01,CAT,0.00031802618565650385
equity_min_variance,2023-09-01,CAT,0.001214368111072341
equity_min_variance,2023-10-02,CAT,0.0016908494555033272
equity_min_variance,2023-11-01,CAT,0.0012907142975078305
equity_min_variance,2023-12-01,CAT,0.0020767539321074756
equity_min_variance,2022-01-03,CCI,0.0
equity_min_variance,2022-02-01,CCI,0.0
equity_min_variance,2022-03-01,CCI,2.5691680846076e-18
equity_min_variance,2022-04-01,CCI,0.0022293424428025672
equity_min_variance,2022-05-02,CCI,0.000528372580335069
equity_min_variance,2022-06-01,CCI,0.006953899240123816
equity_min_variance,2022-07-01,CCI,0.008153562045847216
equity_min_variance,2022-08-01,CCI,0.0031938943441126248
equity_min_variance,2022-09-01,CCI,0.005191681912385977
equity_min_variance,2022-10-03,CCI,0.005105072618942513
equity_min_variance,2022-11-01,CCI,1.3010426069826051e-18
equity_min_variance,2022-12-01,CCI,3.491243729197799e-19
equity_min_variance,2023-01-03,CCI,0.0
equity_min_variance,2023-02-01,CCI,0.0
equity_min_variance,2023-03-01,CCI,1.6757108968819788e-18
equity_min_variance,2023-04-03,CCI,0.0
equity_min_variance,2023-05-01,CCI,2.063312220397831e-19
equity_min_variance,2023-06-01,CCI,7.657926582575666e-19
equity_min_variance,2023-07-03,CCI,3.6689441908071827e-19
equity_min_variance,2023-08-01,CCI,0.0
equity_min_variance,2023-09-01,CCI,0.0
equity_min_variance,2023-10-02,CCI,1.9934567202359566e-18
equity_min_variance,2023-11-01,CCI,3.30085294997697e-18
equity_min_variance,2023-12-01,CCI,0.0
equity_min_variance,2022-01-03,CMCSA,0.0004159694893971396
equity_min_variance,2022-02-01,CMCSA,1.0020656954772212e-18
equity_min_variance,2022-03-01,CMCSA,0.0
equity_min_variance,2022-04-01,CMCSA,0.0
equity_min_variance,2022-05-02,CMCSA,0.0007834247179938967
equity_min_variance,2022-06-01,CMCSA,0.002596817974568185
equity_min_variance,2022-07-01,CMCSA,0.0010162996487346819
equity_min_variance,2022-08-01,CMCSA,0.008473799945492723
equity_min_variance,2022-09-01,CMCSA,0.006416372366228705
equity_min_variance,2022-10-03,CMCSA,1.3619146140905737e-18
equity_min_variance,2022-11-01,CMCSA,0.0
equity_min_variance,2022-12-01,CMCSA,0.0007173282154486103
equity_min_variance,2023-01-03,CMCSA,4.073261314047583e-18
equity_min_variance,2023-02-01,CMCSA,0.00028280673981561434
equity_min_variance,2023-03-01,CMCSA,0.0
equity_min_variance,2023-04-03,CMCSA,0.001153483724614645
equity_min_variance,2023-05-01,CMCSA,0.0
equity_min_variance,2023-06-01,CMCSA,6.072163648757564e-19
equity_min_variance,2023-07-03,CMCSA,8.147643685397642e-06
equity_min_variance,2023-08-01,CMCSA,0.0002700740084313959
equity_min_variance,2023-09-01,CMCSA,0.0013218861711347567
equity_min_variance,2023-10-02,CMCSA,0.004787432109049068
equity_min_variance,2023-11-01,CMCSA,0.012903822421825667
equity_min_variance,2023-12-01,CMCSA,0.012491695592262994
equity_min_variance,2022-01-03,COP,4.649869184074757e-19
equity_min_variance,2022-02-01,COP,0.0
equity_min_variance,2022-03-01,COP,0.0
equity_min_variance,2022-04-01,COP,0.0
equity_min_variance,2022-05-02,COP,1.116473116676504e-18
equity_min_variance,2022-06-01,COP,0.0
equity_min_variance,2022-07-01,COP,0.0
equity_min_variance,2022-08-01,COP,0.0
equity_min_variance,2022-09-01,COP,0.0
equity_min_variance,2022-10-03,COP,0.0
equity_min_variance,2022-11-01,COP,0.0
equity_min_variance,2022-12-01,COP,0.0
equity_min_variance,2023-01-03,COP,0.0
equity_min_variance,2023-02-01,COP,2.920937235430144e-18
equity_min_variance,2023-03-01,COP,6.420045353038177e-19
equity_min_variance,2023-04-03,COP,0.0
equity_min_variance,2023-05-01,COP,0.0
equity_min_variance,2023-06-01,COP,0.0
equity_min_variance,2023-07-03,COP,0.0
equity_min_variance,2023-08-01,COP,1.1052991545357749e-18
equity_min_variance,2023-09-01,COP,3.921193516711083e-18
equity_min_variance,2023-10-02,COP,4.1833222228806806e-19
equity_min_variance,2023-11-01,COP,3.0941682719264456e-19
equity_min_variance,2023-12-01,COP,0.0
equity_min_variance,2022-01-03,CVX,3.680823828958338e-19
equity_min_variance,2022-02-01,CVX,1.1363252799171366e-18
equity_min_variance,2022-03-01,CVX,0.0
equity_min_variance,2022-04-01,CVX,0.0
equity_min_variance,2022-05-02,CVX,0.008363964418901386
equity_min_variance,2022-06-01,CVX,0.004495141362759907
equity_min_variance,2022-07-01,CVX,0.010645078672532964
equity_min_variance,2022-08-01,CVX,0.010448530337191661
equity_min_variance,2022-09-01,CVX,0.018872371634067932
equity_min_variance,2022-10-03,CVX,0.026509646365430174
equity_min_variance,2022-11-01,CVX,0.026381475176803962
equity_min_variance,2022-12-01,CVX,0.038361622928734095
equity_min_variance,2023-01-03,CVX,0.03701300320140251
equity_min_variance,2023-02-01,CVX,0.04478898263053603
equity_min_variance,2023-03-01,CVX,0.043107004773049004
equity_min_variance,2023-04-03,CVX,0.04272705443344752
equity_min_variance,2023-05-01,CVX,0.03931524613315089
equity_min_variance,2023-06-01,CVX,0.0409636842396808
equity_min_variance,2023-07-03,CVX,0.043468583024953315
equity_min_variance,2023-08-01,CVX,0.041705947244026716
equity_min_variance,2023-09-01,CVX,0.04212819078756773
equity_min_variance,2023-10-02,CVX,0.0490187068952519
equity_min_variance,2023-11-01,CVX,0.046813050122495696
equity_min_variance,2023-12-01,CVX,0.04503184672593023
equity_min_variance,2022-01-03,D,1.793469299295573e-18
equity_min_variance,2022-02-01,D,0.0
equity_min_variance,2022-03-01,D,0.0
equity_min_variance,2022-04-01,D,0.04154996139503278
equity_min_variance,2022-05-02,D,0.050713892596680465
equity_min_variance,2022-06-01,D,0.04790767786103846
equity_min_variance,2022-07-01,D,0.04005564274961756
equity_min_variance,2022-08-01,D,0.039314359128589244
equity_min_variance,2022-09-01,D,0.040103246120210476
equity_min_variance,2022-10-03,D,0.02991418306346834
equity_min_variance,2022-11-01,D,0.026164294956303628
equity_min_variance,2022-12-01,D,0.024894579422722322
equity_min_variance,2023-01-03,D,0.02537308791028385
equity_min_variance,2023-02-01,D,0.025053240148522695
equity_min_variance,2023-03-01,D,0.020897647664820704
equity_min_variance,2023-04-03,D,0.02331846353586379
equity_min_variance,2023-05-01,D,0.024090632010550502
equity_min_variance,2023-06-01,D,0.01958051135121864
equity_min_variance,2023-07-03,D,0.02093080085792571
equity_min_variance,2023-08-01,D,0.021000932703471302
equity_min_variance,2023-09-01,D,0.018960722987315184
equity_min_variance,2023-10-02,D,0.010002452210927708
equity_min_variance,2023-11-01,D,0.009880710644583388
equity_min_variance,2023-12-01,D,0.009888021210888939
equity_min_variance,2022-01-03,DD,2.4312789704924985e-19
equity_min_variance,2022-02-01,DD,0.0
equity_min_variance,2022-03-01,DD,1.2553393346496385e-19
equity_min_variance,2022-04-01,DD,0.0
equity_min_variance,2022-05-02,DD,0.0
equity_min_variance,2022-06-01,DD,0.0
equity_min_variance,2022-07-01,DD,0.0
equity_min_variance,2022-08-01,DD,0.0
equity_min_variance,2022-09-01,DD,0.0
equity_min_variance,2022-10-03,DD,6.4871287250245235e-19
equity_min_variance,2022-11-01,DD,2.3500797124346896e-19
equity_min_variance,2022-12-01,DD,0.0
equity_min_variance,2023-01-03,DD,1.0086603851919232e-18
equity_min_variance,2023-02-01,DD,1.9391382585811786e-18
equity_min_variance,2023-03-01,DD,0.0
equity_min_variance,2023-04-03,DD,0.0
equity_min_variance,2023-05-01,DD,4.174300774275291e-18
equity_min_variance,2023-06-01,DD,3.734432361886833e-20
equity_min_variance,2023-07-03,DD,0.0
equity_min_variance,2023-08-01,DD,0.0
equity_min_variance,2023-09-01,DD,0.0
equity_min_variance,2023-10-02,DD,5.335287031146529e-19
equity_min_variance,2023-11-01,DD,0.0
equity_min_variance,2023-12-01,DD,0.0
equity_min_variance,2022-01-03,DIS,0.009653741370995403
equity_min_variance,2022-02-01,DIS,0.005459590870343599
equity_min_variance,2022-03-01,DIS,0.013646503733518906
equity_min_variance,2022-04-01,DIS,0.025223407251610572
equity_min_variance,2022-05-02,DIS,0.01645214353294733
equity_min_variance,2022-06-01,DIS,0.0196579454437965
equity_min_variance,2022-07-01,DIS,0.021267364589736833
equity_min_variance,2022-08-01,DIS,0.02097877491915962
equity_min_variance,2022-09-01,DIS,0.012035189556077824
equity_min_variance,2022-10-03,DIS,0.0048639999409318515
equity_min_variance,2022-11-01,DIS,0.0014108434795662699
equity_min_variance,2022-12-01,DIS,0.0
equity_min_variance,2023-01-03,DIS,0.0
equity_min_variance,2023-02-01,DIS,4.119968255444917e-18
equity_min_variance,2023-03-01,DIS,0.0004134084758159558
equity_min_variance,2023-04-03,DIS,4.986911469374181e-19
equity_min_variance,2023-05-01,DIS,0.0
equity_min_variance,2023-06-01,DIS,3.33962018062604e-20
equity_min_variance,2023-07-03,DIS,0.0
equity_min_variance,2023-08-01,DIS,0.0
equity_min_variance,2023-09-01,DIS,6.142651101213115e-19
equity_min_variance,2023-10-02,DIS,4.713735634975593e-18
equity_min_variance,2023-11-01,DIS,2.566165375450152e-19
equity_min_variance,2023-12-01,DIS,1.2807321183190545e-18
equity_min_variance,2022-01-03,DOW,1.184620993209613e-19
equity_min_variance,2022-02-01,DOW,1.5833368112792467e-18
equity_min_variance,2022-03-01,DOW,0.0
equity_min_variance,2022-04-01,DOW,0.0
equity_min_variance,2022-05-02,DOW,1.3468660783296737e-18
equity_min_variance,2022-06-01,DOW,1.0412674737425202e-18
equity_min_variance,2022-07-01,DOW,3.2686118119102515e-18
equity_min_variance,2022-08-01,DOW,3.454320604411662e-18
equity_min_variance,2022-09-01,DOW,0.0
equity_min_variance,2022-10-03,DOW,2.2361669807513524e-19
equity_min_variance,2022-11-01,DOW,2.6888133630122754e-19
equity_min_variance,2022-12-01,DOW,5.894969794298411e-19
equity_min_variance,2023-01-03,DOW,1.1652518966257376e-18
equity_min_variance,2023-02-01,DOW,0.0
equity_min_variance,2023-03-01,DOW,0.0
equity_min_variance,2023-04-03,DOW,0.0
equity_min_variance,2023-05-01,DOW,0.004151369381601171
equity_min_variance,2023-06-01,DOW,1.8991384572854814e-18
equity_min_variance,2023-07-03,DOW,4.780288887445006e-19
equity_min_variance,2023-08-01,DOW,0.0021126838451031318
equity_min_variance,2023-09-01,DOW,0.0025882586564358297
equity_min_variance,2023-10-02,DOW,0.0012938349990160574
equity_min_variance,2023-11-01,DOW,0.003012130068452505
equity_min_variance,2023-12-01,DOW,0.0029995348976378493
equity_min_variance,2022-01-03,DUK,2.7681583735264942e-18
equity_min_variance,2022-02-01,DUK,0.0
equity_min_variance,2022-03-01,DUK,2.606437534286789e-18
equity_min_variance,2022-04-01,DUK,0.035946633933400765
equity_min_variance,2022-05-02,DUK,0.05233891563937935
equity_min_variance,2022-06-01,DUK,0.05722383906271562
equity_min_variance,2022-07-01,DUK,0.050285600465949855
equity_min_variance,2022-08-01,DUK,0.051021947758253756
equity_min_variance,2022-09-01,DUK,0.05203133392192257
equity_min_variance,2022-10-03,DUK,0.05052864832091862
equity_min_variance,2022-11-01,DUK,0.04235231864102354
equity_min_variance,2022-12-01,DUK,0.04787727185041615
equity_min_variance,2023-01-03,DUK,0.04818738410864341
equity_min_variance,2023-02-01,DUK,0.046926003650526765
equity_min_variance,2023-03-01,DUK,0.050706516158856595
equity_min_variance,2023-04-03,DUK,0.04359581693931903
equity_min_variance,2023-05-01,DUK,0.04439449155888323
equity_min_variance,2023-06-01,DUK,0.04423989226946898
equity_min_variance,2023-07-03,DUK,0.04311992051737256
equity_min_variance,2023-08-01,DUK,0.04166352153714827
equity_min_variance,2023-09-01,DUK,0.040144972563465976
equity_min_variance,2023-10-02,DUK,0.039092160046704794
equity_min_variance,2023-11-01,DUK,0.03605641867557815
equity_min_variance,2023-12-01,DUK,0.039861318142214025
equity_min_variance,2022-01-03,EA,0.08378215005336702
equity_min_variance,2022-02-01,EA,0.0861214869390555
equity_min_variance,2022-03-01,EA,0.08384749281549163
equity_min_variance,2022-04-01,EA,0.08007146452736762
equity_min_variance,2022-05-02,EA,0.06564428761745171
equity_min_variance,2022-06-01,EA,0.06846455013462072
equity_min_variance,2022-07-01,EA,0.06224907672409657
equity_min_variance,2022-08-01,EA,0.06478783823039713
equity_min_variance,2022-09-01,EA,0.06991540487688236
equity_min_variance,2022-10-03,EA,0.07501325889886981
equity_min_variance,2022-11-01,EA,0.0766729445588657
equity_min_variance,2022-12-01,EA,0.0817408550892471
equity_min_variance,2023-01-03,EA,0.08197260592726695
equity_min_variance,2023-02-01,EA,0.08378529845029051
equity_min_variance,2023-03-01,EA,0.07859604000436793
equity_min_variance,2023-04-03,EA,0.08264700793780992
equity_min_variance,2023-05-01,EA,0.07945933954437222
equity_min_variance,2023-06-01,EA,0.0853387861641813
equity_min_variance,2023-07-03,EA,0.08530409627141357
equity_min_variance,2023-08-01,EA,0.08441443117086007
equity_min_variance,2023-09-01,EA,0.07816287666999484
equity_min_variance,2023-10-02,EA,0.07738862327119711
equity_min_variance,2023-11-01,EA,0.07904829964794069
equity_min_variance,2023-12-01,EA,0.08197447614999186
equity_min_variance,2022-01-03,GE,6.923799516533059e-19
equity_min_variance,2022-02-01,GE,1.1269451595244733e-18
equity_min_variance,2022-03-01,GE,1.8053517335047344e-19
equity_min_variance,2022-04-01,GE,0.0
equity_min_variance,2022-05-02,GE,3.755124791909606e-19
equity_min_variance,2022-06-01,GE,0.0
equity_min_variance,2022-07-01,GE,0.0
equity_min_variance,2022-08-01,GE,2.0510221874416542e-19
equity_min_variance,2022-09-01,GE,2.6700670448291777e-19
equity_min_variance,2022-10-03,GE,0.0
equity_min_variance,2022-11-01,GE,2.316118866220383e-19
equity_min_variance,2022-12-01,GE,0.0
equity_min_variance,2023-01-03,GE,3.277531246735759e-19
equity_min_variance,2023-02-01,GE,3.9203258042119924e-19
equity_min_variance,2023-03-01,GE,1.0096168344121841e-18
equity_min_variance,2023-04-03,GE,2.077853669810984e-18
equity_min_variance,2023-05-01,GE,5.01565914980645e-19
equity_min_variance,2023-06-01,GE,0.0
equity_min_variance,2023-07-03,GE,9.71515618716059e-19
equity_min_variance,2023-08-01,GE,2.830397766423476e-18
equity_min_variance,2023-09-01,GE,0.0
equity_min_variance,2023-10-02,GE,0.0
equity_min_variance,2023-11-01,GE,1.7347234759768067e-18
equity_min_variance,2023-12-01,GE,0.0022983681610881474
equity_min_variance,2022-01-03,GILD,0.10000000000000002
equity_min_variance,2022-02-01,GILD,0.09999999999999998
equity_min_variance,2022-03-01,GILD,0.09999999999999998
equity_min_variance,2022-04-01,GILD,0.07819185791382799
equity_min_variance,2022-05-02,GILD,0.06757594714839532
equity_min_variance,2022-06-01,GILD,0.07716764976528483
equity_min_variance,2022-07-01,GILD,0.07098227311359204
equity_min_variance,2022-08-01,GILD,0.06838685592417518
equity_min_variance,2022-09-01,GILD,0.06843042443909933
equity_min_variance,2022-10-03,GILD,0.057718377319959574
equity_min_variance,2022-11-01,GILD,0.04812737238671735
equity_min_variance,2022-12-01,GILD,0.050642143784305434
equity_min_variance,2023-01-03,GILD,0.05219969394522285
equity_min_variance,2023-02-01,GILD,0.05428418063390586
equity_min_variance,2023-03-01,GILD,0.05748375918675556
equity_min_variance,2023-04-03,GILD,0.05571047426801622
equity_min_variance,2023-05-01,GILD,0.05543238471549755
equity_min_variance,2023-06-01,GILD,0.05982282437287574
equity_min_variance,2023-07-03,GILD,0.057607092704665304
equity_min_variance,2023-08-01,GILD,0.0582096659591552
equity_min_variance,2023-09-01,GILD,0.058355343587909905
equity_min_variance,2023-10-02,GILD,0.05449906231260791
equity_min_variance,2023-11-01,GILD,0.05355172349857618
equity_min_variance,2023-12-01,GILD,0.04822663792612964
equity_min_variance,2022-01-03,GS,3.7241869553177524e-19
equity_min_variance,2022-02-01,GS,5.629598305259769e-19
equity_min_variance,2022-03-01,GS,0.0
equity_min_variance,2022-04-01,GS,0.006650180347195951
equity_min_variance,2022-05-02,GS,0.0061566859903304395
equity_min_variance,2022-06-01,GS,0.003925593945730597
equity_min_variance,2022-07-01,GS,0.012163958349886357
equity_min_variance,2022-08-01,GS,0.00934337224460877
equity_min_variance,2022-09-01,GS,0.009259035283491066
equity_min_variance,2022-10-03,GS,0.009129954794124841
equity_min_variance,2022-11-01,GS,0.006634640336186508
equity_min_variance,2022-12-01,GS,0.006851898490286988
equity_min_variance,2023-01-03,GS,0.012228720357272049
equity_min_variance,2023-02-01,GS,0.004930103670212676
equity_min_variance,2023-03-01,GS,0.012912995731710997
equity_min_variance,2023-04-03,GS,0.0050900239057749645
equity_min_variance,2023-05-01,GS,0.006499356264165042
equity_min_variance,2023-06-01,GS,0.008954100102483402
equity_min_variance,2023-07-03,GS,0.009826968344251162
equity_min_variance,2023-08-01,GS,0.00610156594460651
equity_min_variance,2023-09-01,GS,0.010511966878356727
equity_min_variance,2023-10-02,GS,0.009234918868273899
equity_min_variance,2023-11-01,GS,1.2160059658935557e-18
equity_min_variance,2023-12-01,GS,3.546790952069794e-18
equity_min_variance,2022-01-03,INTC,6.406612597225634e-19
equity_min_variance,2022-02-01,INTC,1.3294652170071174e-19
equity_min_variance,2022-03-01,INTC,0.0
equity_min_variance,2022-04-01,INTC,0.0014186407416250575
equity_min_variance,2022-05-02,INTC,0.0029698575231792614
equity_min_variance,2022-06-01,INTC,0.002165183707812369
equity_min_variance,2022-07-01,INTC,2.0704550662689497e-18
equity_min_variance,2022-08-01,INTC,0.0054050718577508435
equity_min_variance,2022-09-01,INTC,0.00017998426219100272
equity_min_variance,2022-10-03,INTC,2.169984045771176e-18
equity_min_variance,2022-11-01,INTC,0.0
equity_min_variance,2022-12-01,INTC,0.0
equity_min_variance,2023-01-03,INTC,8.024886218300096e-19
equity_min_variance,2023-02-01,INTC,6.33098287641181e-19
equity_min_variance,2023-03-01,INTC,3.912827829165448e-19
equity_min_variance,2023-04-03,INTC,0.0
equity_min_variance,2023-05-01,INTC,9.385422612519346e-20
equity_min_variance,2023-06-01,INTC,0.0
equity_min_variance,2023-07-03,INTC,1.5276823699884928e-19
equity_min_variance,2023-08-01,INTC,2.37539078158744e-19
equity_min_variance,2023-09-01,INTC,1.4596767079866696e-19
equity_min_variance,2023-10-02,INTC,0.0
equity_min_variance,2023-11-01,INTC,2.8998761443360893e-19
equity_min_variance,2023-12-01,INTC,0.0
equity_min_variance,2022-01-03,KO,0.04945126720338463
equity_min_variance,2022-02-01,KO,0.05045487281074015
equity_min_variance,2022-03-01,KO,0.0522526169053363
equity_min_variance,2022-04-01,KO,0.02937063878894426
equity_min_variance,2022-05-02,KO,0.03683255932357365
equity_min_variance,2022-06-01,KO,0.022111630596419705
equity_min_variance,2022-07-01,KO,0.037539275887419433
equity_min_variance,2022-08-01,KO,0.03885230569988982
equity_min_variance,2022-09-01,KO,0.040302218657823456
equity_min_variance,2022-10-03,KO,0.05079679059189157
equity_min_variance,2022-11-01,KO,0.05930387790877395
equity_min_variance,2022-12-01,KO,0.06761502471015937
equity_min_variance,2023-01-03,KO,0.06855461322359287
equity_min_variance,2023-02-01,KO,0.06798304608093413
equity_min_variance,2023-03-01,KO,0.07709572106510192
equity_min_variance,2023-04-03,KO,0.07961065644557977
equity_min_variance,2023-05-01,KO,0.08009491968372376
equity_min_variance,2023-06-01,KO,0.08520797545344576
equity_min_variance,2023-07-03,KO,0.08734447947859017
equity_min_variance,2023-08-01,KO,0.08448698459747443
equity_min_variance,2023-09-01,KO,0.08788525424671537
equity_min_variance,2023-10-02,KO,0.09579740829443147
equity_min_variance,2023-11-01,KO,0.08539006933883651
equity_min_variance,2023-12-01,KO,0.09230300753257896
equity_min_variance,2022-01-03,MMM,0.06899655477038437
equity_min_variance,2022-02-01,MMM,0.07139323385586933
equity_min_variance,2022-03-01,MMM,0.05941957458190104
equity_min_variance,2022-04-01,MMM,0.054610676593170704
equity_min_variance,2022-05-02,MMM,0.0376110716726605
equity_min_variance,2022-06-01,MMM,0.04408763727455245
equity_min_variance,2022-07-01,MMM,0.05210800744375808
equity_min_variance,2022-08-01,MMM,0.05392953528227334
equity_min_variance,2022-09-01,MMM,0.04129276214786692
equity_min_variance,2022-10-03,MMM,0.04509018358082981
equity_min_variance,2022-11-01,MMM,0.03419116316423278
equity_min_variance,2022-12-01,MMM,0.036081496129007434
equity_min_variance,2023-01-03,MMM,0.03357187430707999
equity_min_variance,2023-02-01,MMM,0.01142543691173988
equity_min_variance,2023-03-01,MMM,0.010944281488709826
equity_min_variance,2023-04-03,MMM,0.008796161480142435
equity_min_variance,2023-05-01,MMM,0.009486643640109031
equity_min_variance,2023-06-01,MMM,0.011898795389591198
equity_min_variance,2023-07-03,MMM,0.006960765522626369
equity_min_variance,2023-08-01,MMM,0.004213467104990238
equity_min_variance,2023-09-01,MMM,0.002957092018499553
equity_min_variance,2023-10-02,MMM,0.009350756928882402
equity_min_variance,2023-11-01,MMM,0.0012433512791873238
equity_min_variance,2023-12-01,MMM,0.0015656629235512997
equity_min_variance,2022-01-03,MRK,0.08282451909559911
equity_min_variance,2022-02-01,MRK,0.08902640636433581
equity_min_variance,2022-03-01,MRK,0.08426819405126375
equity_min_variance,2022-04-01,MRK,0.06757564226787309
equity_min_variance,2022-05-02,MRK,0.07466211153365404
equity_min_variance,2022-06-01,MRK,0.0760153387647507
equity_min_variance,2022-07-01,MRK,0.07772730963129998
equity_min_variance,2022-08-01,MRK,0.07965277934230716
equity_min_variance,2022-09-01,MRK,0.07910208204070751
equity_min_variance,2022-10-03,MRK,0.08719065850316245
equity_min_variance,2022-11-01,MRK,0.09437317057422911
equity_min_variance,2022-12-01,MRK,0.09538896107316433
equity_min_variance,2023-01-03,MRK,0.09948994224843528
equity_min_variance,2023-02-01,MRK,0.1
equity_min_variance,2023-03-01,MRK,0.09072723891499117
equity_min_variance,2023-04-03,MRK,0.09412352410332557
equity_min_variance,2023-05-01,MRK,0.09216745438775932
equity_min_variance,2023-06-01,MRK,0.09517745605170556
equity_min_variance,2023-07-03,MRK,0.09346067307580244
equity_min_variance,2023-08-01,MRK,0.09238736649289046
equity_min_variance,2023-09-01,MRK,0.09639074684759606
equity_min_variance,2023-10-02,MRK,0.09317624815396988
equity_min_variance,2023-11-01,MRK,0.09999999999999998
equity_min_variance,2023-12-01,MRK,0.1
equity_min_variance,2022-01-03,MS,0.0
equity_min_variance,2022-02-01,MS,1.781840194461745e-18
equity_min_variance,2022-03-01,MS,7.272661816732873e-20
equity_min_variance,2022-04-01,MS,0.0
equity_min_variance,2022-05-02,MS,0.0
equity_min_variance,2022-06-01,MS,0.0003726650797559794
equity_min_variance,2022-07-01,MS,0.0
equity_min_variance,2022-08-01,MS,0.0
equity_min_variance,2022-09-01,MS,8.2213092228970495e-19
equity_min_variance,2022-10-03,MS,0.0
equity_min_variance,2022-11-01,MS,0.0
equity_min_variance,2022-12-01,MS,7.014900789775689e-19
equity_min_variance,2023-01-03,MS,0.0
equity_min_variance,2023-02-01,MS,1.5351883764670109e-18
equity_min_variance,2023-03-01,MS,0.0
equity_min_variance,2023-04-03,MS,2.0371960883427777e-18
equity_min_variance,2023-05-01,MS,2.983536017917976e-18
equity_min_variance,2023-06-01,MS,1.734723475976807e-18
equity_min_variance,2023-07-03,MS,0.00192071822378095
equity_min_variance,2023-08-01,MS,1.6784858977168307e-18
equity_min_variance,2023-09-01,MS,0.00010939737881391441
equity_min_variance,2023-10-02,MS,0.0
equity_min_variance,2023-11-01,MS,0.0
equity_min_variance,2023-12-01,MS,0.0
equity_min_variance,2022-01-03,NEE,8.625182594765572e-19
equity_min_variance,2022-02-01,NEE,0.0
equity_min_variance,2022-03-01,NEE,8.751021900989996e-19
equity_min_variance,2022-04-01,NEE,0.0010406986793943755
equity_min_variance,2022-05-02,NEE,0.0
equity_min_variance,2022-06-01,NEE,0.0016062641687477296
equity_min_variance,2022-07-01,NEE,9.579059318005202e-19
equity_min_variance,2022-08-01,NEE,0.0
equity_min_variance,2022-09-01,NEE,0.00011769243457585505
equity_min_variance,2022-10-03,NEE,0.00223875748960833
equity_min_variance,2022-11-01,NEE,0.0012128069568260152
equity_min_variance,2022-12-01,NEE,9.3018897473623e-19
equity_min_variance,2023-01-03,NEE,3.746260497026533e-19
equity_min_variance,2023-02-01,NEE,0.0
equity_min_variance,2023-03-01,NEE,0.0034800813358620624
equity_min_variance,2023-04-03,NEE,0.004832732695214613
equity_min_variance,2023-05-01,NEE,0.008386339661125624
equity_min_variance,2023-06-01,NEE,0.007442721829649061
equity_min_variance,2023-07-03,NEE,0.007539746692688533
equity_min_variance,2023-08-01,NEE,0.0050102559411729026
equity_min_variance,2023-09-01,NEE,0.003014610379402648
equity_min_variance,2023-10-02,NEE,0.0
equity_min_variance,2023-11-01,NEE,1.0494393761750401e-18
equity_min_variance,2023-12-01,NEE,4.0526487251288554e-19
equity_min_variance,2022-01-03,NEM,0.09976780800983238
equity_min_variance,2022-02-01,NEM,0.09999198330581845
equity_min_variance,2022-03-01,NEM,0.09999999999999998
equity_min_variance,2022-04-01,NEM,0.038796179647445486
equity_min_variance,2022-05-02,NEM,0.046466684474361974
equity_min_variance,2022-06-01,NEM,0.03757756541791187
equity_min_variance,2022-07-01,NEM,0.0348120673118128
equity_min_variance,2022-08-01,NEM,0.03416661004538181
equity_min_variance,2022-09-01,NEM,0.03805719181499921
equity_min_variance,2022-10-03,NEM,0.04210816521026867
equity_min_variance,2022-11-01,NEM,0.052930335727104386
equity_min_variance,2022-12-01,NEM,0.026987912419208827
equity_min_variance,2023-01-03,NEM,0.026456531155697006
equity_min_variance,2023-02-01,NEM,0.022261837115539754
equity_min_variance,2023-03-01,NEM,0.02133366476447738
equity_min_variance,2023-04-03,NEM,0.027660875079098236
equity_min_variance,2023-05-01,NEM,0.03098958049322057
equity_min_variance,2023-06-01,NEM,0.032862775852997496
equity_min_variance,2023-07-03,NEM,0.032605041134642035
equity_min_variance,2023-08-01,NEM,0.03766716918019027
equity_min_variance,2023-09-01,NEM,0.03807342394530119
equity_min_variance,2023-10-02,NEM,0.038029480246556994
equity_min_variance,2023-11-01,NEM,0.034227398417041026
equity_min_variance,2023-12-01,NEM,0.030312590538030332
equity_min_variance,2022-01-03,NKE,0.02984575724209824
equity_min_variance,2022-02-01,NKE,0.029653726712033583
equity_min_variance,2022-03-01,NKE,0.02934666607266651
equity_min_variance,2022-04-01,NKE,0.02950212993712229
equity_min_variance,2022-05-02,NKE,0.02451258525791114
equity_min_variance,2022-06-01,NKE,0.016131084582604552
equity_min_variance,2022-07-01,NKE,0.016574576376665123
equity_min_variance,2022-08-01,NKE,0.013773525472333372
equity_min_variance,2022-09-01,NKE,0.00743469175705388
equity_min_variance,2022-10-03,NKE,4.730676579292954e-19
equity_min_variance,2022-11-01,NKE,0.0
equity_min_variance,2022-12-01,NKE,0.0
equity_min_variance,2023-01-03,NKE,6.069034203530712e-19
equity_min_variance,2023-02-01,NKE,7.804849777185267e-19
equity_min_variance,2023-03-01,NKE,3.0418723716955004e-19
equity_min_variance,2023-04-03,NKE,4.4974596400663335e-20
equity_min_variance,2023-05-01,NKE,1.5451105059979427e-18
equity_min_variance,2023-06-01,NKE,0.0
equity_min_variance,2023-07-03,NKE,1.3038522276269773e-19
equity_min_variance,2023-08-01,NKE,3.7256271560160205e-19
equity_min_variance,2023-09-01,NKE,3.001276671989496e-19
equity_min_variance,2023-10-02,NKE,5.131999123805497e-19
equity_min_variance,2023-11-01,NKE,3.740061299511094e-19
equity_min_variance,2023-12-01,NKE,0.0
equity_min_variance,2022-01-03,NUE,3.23304730352946e-19
equity_min_variance,2022-02-01,NUE,4.933147853266213e-19
equity_min_variance,2022-03-01,NUE,0.0
equity_min_variance,2022-04-01,NUE,6.903117053625732e-19
equity_min_variance,2022-05-02,NUE,0.0
equity_min_variance,2022-06-01,NUE,3.8364305565613586e-20
equity_min_variance,2022-07-01,NUE,0.0
equity_min_variance,2022-08-01,NUE,5.2319080993290224e-21
equity_min_variance,2022-09-01,NUE,0.0
equity_min_variance,2022-10-03,NUE,5.131876009417649e-19
equity_min_variance,2022-11-01,NUE,1.2338215392558208e-19
equity_min_variance,2022-12-01,NUE,0.0
equity_min_variance,2023-01-03,NUE,4.673496876473974e-19
equity_min_variance,2023-02-01,NUE,2.290257500360032e-19
equity_min_variance,2023-03-01,NUE,6.067553174470518e-19
equity_min_variance,2023-04-03,NUE,8.563217786886975e-20
equity_min_variance,2023-05-01,NUE,0.0
equity_min_variance,2023-06-01,NUE,3.981185557373264e-20
equity_min_variance,2023-07-03,NUE,1.8208091187505137e-19
equity_min_variance,2023-08-01,NUE,0.0
equity_min_variance,2023-09-01,NUE,9.853382575242616e-20
equity_min_variance,2023-10-02,NUE,4.0615015743001845e-19
equity_min_variance,2023-11-01,NUE,9.178503684600418e-19
equity_min_variance,2023-12-01,NUE,0.0
equity_min_variance,2022-01-03,NVDA,0.0
equity_min_variance,2022-02-01,NVDA,3.583561772590034e-19
equity_min_variance,2022-03-01,NVDA,0.0
equity_min_variance,2022-04-01,NVDA,0.0
equity_min_variance,2022-05-02,NVDA,5.77760162222769e-19
equity_min_variance,2022-06-01,NVDA,2.6336330617712474e-19
equity_min_variance,2022-07-01,NVDA,0.0
equity_min_variance,2022-08-01,NVDA,0.0
equity_min_variance,2022-09-01,NVDA,5.232970278683675e-19
equity_min_variance,2022-10-03,NVDA,0.0
equity_min_variance,2022-11-01,NVDA,0.0
equity_min_variance,2022-12-01,NVDA,0.0
equity_min_variance,2023-01-03,NVDA,0.0
equity_min_variance,2023-02-01,NVDA,0.0
equity_min_variance,2023-03-01,NVDA,9.646059328980163e-19
equity_min_variance,2023-04-03,NVDA,0.0
equity_min_variance,2023-05-01,NVDA,1.0030094197551907e-18
equity_min_variance,2023-06-01,NVDA,9.16580238470493e-19
equity_min_variance,2023-07-03,NVDA,0.0
equity_min_variance,2023-08-01,NVDA,0.0
equity_min_variance,2023-09-01,NVDA,0.0
equity_min_variance,2023-10-02,NVDA,0.0
equity_min_variance,2023-11-01,NVDA,7.335852004750465e-20
equity_min_variance,2023-12-01,NVDA,2.304112637237223e-19
equity_min_variance,2022-01-03,O,8.261035920038823e-19
equity_min_variance,2022-02-01,O,5.508193482149695e-19
equity_min_variance,2022-03-01,O,0.0
equity_min_variance,2022-04-01,O,0.0013951753279527444
equity_min_variance,2022-05-02,O,0.000917492777391074
equity_min_variance,2022-06-01,O,0.0007125529328016906
equity_min_variance,2022-07-01,O,0.012776306589616966
equity_min_variance,2022-08-01,O,0.015070378056493165
equity_min_variance,2022-09-01,O,0.023632631171959788
equity_min_variance,2022-10-03,O,0.030277154292500507
equity_min_variance,2022-11-01,O,0.03173883693089472
equity_min_variance,2022-12-01,O,0.04853109955554238
equity_min_variance,2023-01-03,O,0.04957120316723602
equity_min_variance,2023-02-01,O,0.053737145571191476
equity_min_variance,2023-03-01,O,0.06892602307390513
equity_min_variance,2023-04-03,O,0.05479780980911159
equity_min_variance,2023-05-01,O,0.06015746655535629
equity_min_variance,2023-06-01,O,0.060958816424539
equity_min_variance,2023-07-03,O,0.06466093596173098
equity_min_variance,2023-08-01,O,0.05770145980047523
equity_min_variance,2023-09-01,O,0.05636933850500473
equity_min_variance,2023-10-02,O,0.0628207072317297
equity_min_variance,2023-11-01,O,0.05810285837392573
equity_min_variance,2023-12-01,O,0.050083360769026315
equity_min_variance,2022-01-03,OXY,0.0
equity_min_variance,2022-02-01,OXY,0.0
equity_min_variance,2022-03-01,OXY,0.0
equity_min_variance,2022-04-01,OXY,0.0
equity_min_variance,2022-05-02,OXY,0.0
equity_min_variance,2022-06-01,OXY,0.0
equity_min_variance,2022-07-01,OXY,0.0
equity_min_variance,2022-08-01,OXY,0.0
equity_min_variance,2022-09-01,OXY,4.0285953068064663e-19
equity_min_variance,2022-10-03,OXY,0.0
equity_min_variance,2022-11-01,OXY,2.9483111294606413e-19
equity_min_variance,2022-12-01,OXY,0.0
equity_min_variance,2023-01-03,OXY,4.1486011469723253e-19
equity_min_variance,2023-02-01,OXY,1.350026843765813e-18
equity_min_variance,2023-03-01,OXY,2.764124680178745e-19
equity_min_variance,2023-04-03,OXY,0.0
equity_min_variance,2023-05-01,OXY,0.0
equity_min_variance,2023-06-01,OXY,0.0
equity_min_variance,2023-07-03,OXY,4.465155161226223e-19
equity_min_variance,2023-08-01,OXY,2.67926385141492e-19
equity_min_variance,2023-09-01,OXY,0.0
equity_min_variance,2023-10-02,OXY,2.6266464529409976e-18
equity_min_variance,2023-11-01,OXY,2.2907942600969965e-18
equity_min_variance,2023-12-01,OXY,0.0
equity_min_variance,2022-01-03,PLD,0.0
equity_min_variance,2022-02-01,PLD,1.2700665693148992e-18
equity_min_variance,2022-03-01,PLD,0.0
equity_min_variance,2022-04-01,PLD,0.0
equity_min_variance,2022-05-02,PLD,0.0
equity_min_variance,2022-06-01,PLD,1.0243106561696193e-18
equity_min_variance,2022-07-01,PLD,2.8361728505868372e-18
equity_min_variance,2022-08-01,PLD,1.216489022672979e-18
equity_min_variance,2022-09-01,PLD,0.0
equity_min_variance,2022-10-03,PLD,1.609142037754368e-18
equity_min_variance,2022-11-01,PLD,0.0
equity_min_variance,2022-12-01,PLD,2.571038644193521e-18
equity_min_variance,2023-01-03,PLD,1.3245909077225626e-19
equity_min_variance,2023-02-01,PLD,0.0
equity_min_variance,2023-03-01,PLD,7.2066044408877775e-19
equity_min_variance,2023-04-03,PLD,0.0
equity_min_variance,2023-05-01,PLD,0.0
equity_min_variance,2023-06-01,PLD,1.644149813086742e-19
equity_min_variance,2023-07-03,PLD,0.0
equity_min_variance,2023-08-01,PLD,0.0
equity_min_variance,2023-09-01,PLD,0.0
equity_min_variance,2023-10-02,PLD,0.0
equity_min_variance,2023-11-01,PLD,0.0
equity_min_variance,2023-12-01,PLD,7.339136560475541e-19
equity_min_variance,2022-01-03,PSA,0.08202014344972122
equity_min_variance,2022-02-01,PSA,0.08246686620426912
equity_min_variance,2022-03-01,PSA,0.08567928587689681
equity_min_variance,2022-04-01,PSA,0.08224286879128083
equity_min_variance,2022-05-02,PSA,0.03959054114408753
equity_min_variance,2022-06-01,PSA,0.037265367575654657
equity_min_variance,2022-07-01,PSA,0.03357346656856987
equity_min_variance,2022-08-01,PSA,0.030746809487973585
equity_min_variance,2022-09-01,PSA,0.02851758373330788
equity_min_variance,2022-10-03,PSA,0.026909099513662996
equity_min_variance,2022-11-01,PSA,0.030355238195538137
equity_min_variance,2022-12-01,PSA,0.01466494013329746
equity_min_variance,2023-01-03,PSA,0.006280834762710915
equity_min_variance,2023-02-01,PSA,0.004489813797821196
equity_min_variance,2023-03-01,PSA,0.010338962715600659
equity_min_variance,2023-04-03,PSA,0.0033761536623180093
equity_min_variance,2023-05-01,PSA,0.00740776079693248
equity_min_variance,2023-06-01,PSA,0.004388041451456253
equity_min_variance,2023-07-03,PSA,0.0007103914442819811
equity_min_variance,2023-08-01,PSA,0.0017163021518068102
equity_min_variance,2023-09-01,PSA,0.0008092213277750228
equity_min_variance,2023-10-02,PSA,0.001274411634016842
equity_min_variance,2023-11-01,PSA,0.0
equity_min_variance,2023-12-01,PSA,0.0013457142858982014
equity_min_variance,2022-01-03,QCOM,0.0
equity_min_variance,2022-02-01,QCOM,1.0874519265805807e-18
equity_min_variance,2022-03-01,QCOM,3.776584791788768e-19
equity_min_variance,2022-04-01,QCOM,5.343801923073772e-19
equity_min_variance,2022-05-02,QCOM,2.4911137868810054e-19
equity_min_variance,2022-06-01,QCOM,0.0
equity_min_variance,2022-07-01,QCOM,8.088687225407268e-19
equity_min_variance,2022-08-01,QCOM,0.0
equity_min_variance,2022-09-01,QCOM,8.454312163105325e-18
equity_min_variance,2022-10-03,QCOM,2.1834303759927836e-18
equity_min_variance,2022-11-01,QCOM,0.0
equity_min_variance,2022-12-01,QCOM,3.3559971540550807e-19
equity_min_variance,2023-01-03,QCOM,3.4833488955670334e-20
equity_min_variance,2023-02-01,QCOM,0.0
equity_min_variance,2023-03-01,QCOM,0.0
equity_min_variance,2023-04-03,QCOM,1.804998679613514e-19
equity_min_variance,2023-05-01,QCOM,0.0
equity_min_variance,2023-06-01,QCOM,4.667164609899001e-19
equity_min_variance,2023-07-03,QCOM,9.855812837457406e-20
equity_min_variance,2023-08-01,QCOM,3.229583486280221e-19
equity_min_variance,2023-09-01,QCOM,0.0
equity_min_variance,2023-10-02,QCOM,0.0
equity_min_variance,2023-11-01,QCOM,3.167558768000705e-19
equity_min_variance,2023-12-01,QCOM,0.0
equity_min_variance,2022-01-03,SBUX,0.0
equity_min_variance,2022-02-01,SBUX,7.505582688796168e-19
equity_min_variance,2022-03-01,SBUX,8.227935146897463e-20
equity_min_variance,2022-04-01,SBUX,0.0
equity_min_variance,2022-05-02,SBUX,0.006846818790489764
equity_min_variance,2022-06-01,SBUX,4.186820988827945e-19
equity_min_variance,2022-07-01,SBUX,0.0
equity_min_variance,2022-08-01,SBUX,0.0
equity_min_variance,2022-09-01,SBUX,1.3014820783786541e-18
equity_min_variance,2022-10-03,SBUX,0.0
equity_min_variance,2022-11-01,SBUX,0.0029000661627695597
equity_min_variance,2022-12-01,SBUX,1.4817542740244903e-18
equity_min_variance,2023-01-03,SBUX,0.0003433317203541441
equity_min_variance,2023-02-01,SBUX,0.007809827339856733
equity_min_variance,2023-03-01,SBUX,2.299529857770794e-18
equity_min_variance,2023-04-03,SBUX,0.0
equity_min_variance,2023-05-01,SBUX,0.0022665787147843307
equity_min_variance,2023-06-01,SBUX,0.0
equity_min_variance,2023-07-03,SBUX,2.9852464126172298e-18
equity_min_variance,2023-08-01,SBUX,1.7364547150445473e-18
equity_min_variance,2023-09-01,SBUX,1.7477069740565484e-18
equity_min_variance,2023-10-02,SBUX,0.0
equity_min_variance,2023-11-01,SBUX,3.1353826243718e-18
equity_min_variance,2023-12-01,SBUX,0.0
equity_min_variance,2022-01-03,SHW,2.1632296044569883e-18
equity_min_variance,2022-02-01,SHW,0.0
equity_min_variance,2022-03-01,SHW,5.362890111972795e-19
equity_min_variance,2022-04-01,SHW,0.0
equity_min_variance,2022-05-02,SHW,0.038034663020358093
equity_min_variance,2022-06-01,SHW,0.03089904619941812
equity_min_variance,2022-07-01,SHW,0.027108993314314038
equity_min_variance,2022-08-01,SHW,0.028529377501540443
equity_min_variance,2022-09-01,SHW,0.02691627556776959
equity_min_variance,2022-10-03,SHW,0.026116759943354124
equity_min_variance,2022-11-01,SHW,0.008989743993137107
equity_min_variance,2022-12-01,SHW,0.003940732184680145
equity_min_variance,2023-01-03,SHW,0.004114127745508601
equity_min_variance,2023-02-01,SHW,0.004022299824382797
equity_min_variance,2023-03-01,SHW,8.328895604389398e-20
equity_min_variance,2023-04-03,SHW,0.003696424585618446
equity_min_variance,2023-05-01,SHW,0.0034350603728028777
equity_min_variance,2023-06-01,SHW,0.005176586641444349
equity_min_variance,2023-07-03,SHW,0.0
equity_min_variance,2023-08-01,SHW,0.002402198206899853
equity_min_variance,2023-09-01,SHW,0.005267269422298834
equity_min_variance,2023-10-02,SHW,0.0013222143978374322
equity_min_variance,2023-11-01,SHW,0.007309178598174409
equity_min_variance,2023-12-01,SHW,0.0
equity_min_variance,2022-01-03,SLB,0.0
equity_min_variance,2022-02-01,SLB,0.0
equity_min_variance,2022-03-01,SLB,0.0
equity_min_variance,2022-04-01,SLB,1.0997745161610581e-18
equity_min_variance,2022-05-02,SLB,0.0
equity_min_variance,2022-06-01,SLB,1.1459727081850062e-19
equity_min_variance,2022-07-01,SLB,0.0
equity_min_variance,2022-08-01,SLB,0.0
equity_min_variance,2022-09-01,SLB,3.3950212371797134e-20
equity_min_variance,2022-10-03,SLB,1.7760393520917858e-18
equity_min_variance,2022-11-01,SLB,1.3384992598633181e-20
equity_min_variance,2022-12-01,SLB,0.0
equity_min_variance,2023-01-03,SLB,1.6760972278044136e-18
equity_min_variance,2023-02-01,SLB,1.2809936585645873e-18
equity_min_variance,2023-03-01,SLB,1.1420801401117696e-18
equity_min_variance,2023-04-03,SLB,0.0
equity_min_variance,2023-05-01,SLB,8.083554093689333e-19
equity_min_variance,2023-06-01,SLB,7.776668351207877e-19
equity_min_variance,2023-07-03,SLB,0.0
equity_min_variance,2023-08-01,SLB,0.0
equity_min_variance,2023-09-01,SLB,1.0996149888980255e-18
equity_min_variance,2023-10-02,SLB,0.0
equity_min_variance,2023-11-01,SLB,1.792835402973734e-18
equity_min_variance,2023-12-01,SLB,0.0
equity_min_variance,2022-01-03,SO,0.0
equity_min_variance,2022-02-01,SO,1.1218656199297502e-18
equity_min_variance,2022-03-01,SO,6.752024145469847e-19
equity_min_variance,2022-04-01,SO,0.00081398348896592
equity_min_variance,2022-05-02,SO,0.028987775296711524
equity_min_variance,2022-06-01,SO,0.04227709982104539
equity_min_variance,2022-07-01,SO,0.038657697171410176
equity_min_variance,2022-08-01,SO,0.03898622325228525
equity_min_variance,2022-09-01,SO,0.04150639759904752
equity_min_variance,2022-10-03,SO,0.02923256777051637
equity_min_variance,2022-11-01,SO,0.02781381724928843
equity_min_variance,2022-12-01,SO,0.02970114545174593
equity_min_variance,2023-01-03,SO,0.030230038287318767
equity_min_variance,2023-02-01,SO,0.034105712871890834
equity_min_variance,2023-03-01,SO,0.03356898261212189
equity_min_variance,2023-04-03,SO,0.03253849493761085
equity_min_variance,2023-05-01,SO,0.03317124709857992
equity_min_variance,2023-06-01,SO,0.03267884316703885
equity_min_variance,2023-07-03,SO,0.033273395696421036
equity_min_variance,2023-08-01,SO,0.034064401798056636
equity_min_variance,2023-09-01,SO,0.03310288394801493
equity_min_variance,2023-10-02,SO,0.026228713197035503
equity_min_variance,2023-11-01,SO,0.027493340918644527
equity_min_variance,2023-12-01,SO,0.027229448896873343
equity_min_variance,2022-01-03,T,0.04142922833619936
equity_min_variance,2022-02-01,T,0.03271779072051667
equity_min_variance,2022-03-01,T,0.02988556455848385
equity_min_variance,2022-04-01,T,0.04595680125823352
equity_min_variance,2022-05-02,T,0.05342037829802621
equity_min_variance,2022-06-01,T,0.05284627856400402
equity_min_variance,2022-07-01,T,0.054042686044786445
equity_min_variance,2022-08-01,T,0.05195794964464193
equity_min_variance,2022-09-01,T,0.05309005386447566
equity_min_variance,2022-10-03,T,0.04782969222851496
equity_min_variance,2022-11-01,T,0.043645008247232484
equity_min_variance,2022-12-01,T,0.04365824806328538
equity_min_variance,2023-01-03,T,0.04797445244363897
equity_min_variance,2023-02-01,T,0.04402556314440872
equity_min_variance,2023-03-01,T,0.045570462811725415
equity_min_variance,2023-04-03,T,0.04496922115210598
equity_min_variance,2023-05-01,T,0.03635147325180464
equity_min_variance,2023-06-01,T,0.03185661125277416
equity_min_variance,2023-07-03,T,0.033096752540645445
equity_min_variance,2023-08-01,T,0.030300922804471747
equity_min_variance,2023-09-01,T,0.03013029651461108
equity_min_variance,2023-10-02,T,0.028966072800979414
equity_min_variance,2023-11-01,T,0.03259330845434225
equity_min_variance,2023-12-01,T,0.03539802043367462
equity_min_variance,2022-01-03,TMUS,0.0172829113851136
equity_min_variance,2022-02-01,TMUS,0.0158826666361661
equity_min_variance,2022-03-01,TMUS,0.016010391523247177
equity_min_variance,2022-04-01,TMUS,0.01608353405868886
equity_min_variance,2022-05-02,TMUS,2.8189256484623115e-18
equity_min_variance,2022-06-01,TMUS,0.0004540595900688083
equity_min_variance,2022-07-01,TMUS,0.0
equity_min_variance,2022-08-01,TMUS,8.017393761809079e-19
equity_min_variance,2022-09-01,TMUS,0.0
equity_min_variance,2022-10-03,TMUS,0.007755776369903698
equity_min_variance,2022-11-01,TMUS,0.007273614330719668
equity_min_variance,2022-12-01,TMUS,0.006663524550737003
equity_min_variance,2023-01-03,TMUS,0.009116954501260925
equity_min_variance,2023-02-01,TMUS,0.02046209332079401
equity_min_variance,2023-03-01,TMUS,0.01226073654254845
equity_min_variance,2023-04-03,TMUS,0.02302614585066978
equity_min_variance,2023-05-01,TMUS,0.02745245932205302
equity_min_variance,2023-06-01,TMUS,0.02891878294569739
equity_min_variance,2023-07-03,TMUS,0.02784874176273127
equity_min_variance,2023-08-01,TMUS,0.031081778375885438
equity_min_variance,2023-09-01,TMUS,0.027506360550611536
equity_min_variance,2023-10-02,TMUS,0.02435704132700924
equity_min_variance,2023-11-01,TMUS,0.023050125700662494
equity_min_variance,2023-12-01,TMUS,0.029635336612089343
equity_min_variance,2022-01-03,TTWO,0.06155463415700663
equity_min_variance,2022-02-01,TTWO,0.053500772674524695
equity_min_variance,2022-03-01,TTWO,0.055707810390648996
equity_min_variance,2022-04-01,TTWO,0.06281417862555579
equity_min_variance,2022-05-02,TTWO,0.0504977866718447
equity_min_variance,2022-06-01,TTWO,0.040566059556670184
equity_min_variance,2022-07-01,TTWO,0.03505677048631099
equity_min_variance,2022-08-01,TTWO,0.03893840652243989
equity_min_variance,2022-09-01,TTWO,0.03824367016433403
equity_min_variance,2022-10-03,TTWO,0.034351345513247075
equity_min_variance,2022-11-01,TTWO,0.03897163809860161
equity_min_variance,2022-12-01,TTWO,0.03720069658432375
equity_min_variance,2023-01-03,TTWO,0.03678665310896406
equity_min_variance,2023-02-01,TTWO,0.038962329770444566
equity_min_variance,2023-03-01,TTWO,0.03506170583563817
equity_min_variance,2023-04-03,TTWO,0.03335974942966349
equity_min_variance,2023-05-01,TTWO,0.031062924033033328
equity_min_variance,2023-06-01,TTWO,0.029168079048812794
equity_min_variance,2023-07-03,TTWO,0.033133899782914436
equity_min_variance,2023-08-01,TTWO,0.034279132423589445
equity_min_variance,2023-09-01,TTWO,0.03256709406994961
equity_min_variance,2023-10-02,TTWO,0.03350319261414532
equity_min_variance,2023-11-01,TTWO,0.032743858167811855
equity_min_variance,2023-12-01,TTWO,0.03246305393401106
equity_min_variance,2022-01-03,UPS,0.0394062050496603
equity_min_variance,2022-02-01,UPS,0.03983126363657753
equity_min_variance,2022-03-01,UPS,0.041377517420039193
equity_min_variance,2022-04-01,UPS,0.0056390353478458725
equity_min_variance,2022-05-02,UPS,0.004273276064184908
equity_min_variance,2022-06-01,UPS,0.0036608544231188037
equity_min_variance,2022-07-01,UPS,0.016065062789128264
equity_min_variance,2022-08-01,UPS,0.012729548775825515
equity_min_variance,2022-09-01,UPS,0.015908994194510185
equity_min_variance,2022-10-03,UPS,0.016944102469373157
equity_min_variance,2022-11-01,UPS,0.02788986918841108
equity_min_variance,2022-12-01,UPS,0.0199280172296582
equity_min_variance,2023-01-03,UPS,0.012927964928239569
equity_min_variance,2023-02-01,UPS,0.009326904461142866
equity_min_variance,2023-03-01,UPS,0.015285851024780812
equity_min_variance,2023-04-03,UPS,0.020682259714338756
equity_min_variance,2023-05-01,UPS,0.017965760209566747
equity_min_variance,2023-06-01,UPS,0.02576321135456332
equity_min_variance,2023-07-03,UPS,0.022941549121978242
equity_min_variance,2023-08-01,UPS,0.01732053602903722
equity_min_variance,2023-09-01,UPS,0.016291292142152785
equity_min_variance,2023-10-02,UPS,0.017199553079211498
equity_min_variance,2023-11-01,UPS,0.013461841400038288
equity_min_variance,2023-12-01,UPS,0.012519920918908085
equity_min_variance,2022-01-03,USB,1.543766052342071e-19
equity_min_variance,2022-02-01,USB,1.3940818221208373e-18
equity_min_variance,2022-03-01,USB,0.0
equity_min_variance,2022-04-01,USB,8.156725815562097e-19
equity_min_variance,2022-05-02,USB,3.613571961173137e-18
equity_min_variance,2022-06-01,USB,0.007841152169760265
equity_min_variance,2022-07-01,USB,0.00033328453898596343
equity_min_variance,2022-08-01,USB,0.00014333668758961164
equity_min_variance,2022-09-01,USB,0.0
equity_min_variance,2022-10-03,USB,0.006116762720340712
equity_min_variance,2022-11-01,USB,0.007668562398086758
equity_min_variance,2022-12-01,USB,0.007841073675924256
equity_min_variance,2023-01-03,USB,0.0036473388878790008
equity_min_variance,2023-02-01,USB,0.0029073842371142512
equity_min_variance,2023-03-01,USB,0.009167630678155958
equity_min_variance,2023-04-03,USB,0.0
equity_min_variance,2023-05-01,USB,7.929452488361242e-19
equity_min_variance,2023-06-01,USB,1.5840422009068817e-18
equity_min_variance,2023-07-03,USB,0.0
equity_min_variance,2023-08-01,USB,2.331034670843835e-18
equity_min_variance,2023-09-01,USB,6.764403546964303e-19
equity_min_variance,2023-10-02,USB,0.0
equity_min_variance,2023-11-01,USB,0.0
equity_min_variance,2023-12-01,USB,6.627628884781928e-19
equity_min_variance,2022-01-03,V,0.0
equity_min_variance,2022-02-01,V,8.093166488076158e-19
equity_min_variance,2022-03-01,V,6.090155159718003e-19
equity_min_variance,2022-04-01,V,6.677877130613648e-19
equity_min_variance,2022-05-02,V,0.0
equity_min_variance,2022-06-01,V,1.218132094979768e-19
equity_min_variance,2022-07-01,V,0.0
equity_min_variance,2022-08-01,V,4.812644244562462e-19
equity_min_variance,2022-09-01,V,0.0
equity_min_variance,2022-10-03,V,0.0
equity_min_variance,2022-11-01,V,0.0018044854651306122
equity_min_variance,2022-12-01,V,0.0
equity_min_variance,2023-01-03,V,0.0
equity_min_variance,2023-02-01,V,0.00027858280759334824
equity_min_variance,2023-03-01,V,0.0022121457434472165
equity_min_variance,2023-04-03,V,0.0028052202875620195
equity_min_variance,2023-05-01,V,0.002159745322830905
equity_min_variance,2023-06-01,V,0.0014017778464971843
equity_min_variance,2023-07-03,V,0.0037278124034376475
equity_min_variance,2023-08-01,V,0.007952704045387917
equity_min_variance,2023-09-01,V,0.009826618042781416
equity_min_variance,2023-10-02,V,0.009398104928522348
equity_min_variance,2023-11-01,V,0.015499079058786032
equity_min_variance,2023-12-01,V,0.015537716424725548
equity_min_variance,2022-01-03,WFC,0.0
equity_min_variance,2022-02-01,WFC,1.1343190755417405e-18
equity_min_variance,2022-03-01,WFC,8.3105647684177595e-19
equity_min_variance,2022-04-01,WFC,3.311697357267499e-19
equity_min_variance,2022-05-02,WFC,5.709838986447346e-19
equity_min_variance,2022-06-01,WFC,4.8698000425226e-19
equity_min_variance,2022-07-01,WFC,2.632884943245805e-18
equity_min_variance,2022-08-01,WFC,2.5666300756891553e-18
equity_min_variance,2022-09-01,WFC,0.0
equity_min_variance,2022-10-03,WFC,3.3846292921338425e-18
equity_min_variance,2022-11-01,WFC,0.0
equity_min_variance,2022-12-01,WFC,1.3907901475324093e-18
equity_min_variance,2023-01-03,WFC,0.0
equity_min_variance,2023-02-01,WFC,2.387196169681709e-19
equity_min_variance,2023-03-01,WFC,0.0
equity_min_variance,2023-04-03,WFC,0.0019644805442181213
equity_min_variance,2023-05-01,WFC,5.952977308997392e-19
equity_min_variance,2023-06-01,WFC,5.581960192933648e-19
equity_min_variance,2023-07-03,WFC,0.0
equity_min_variance,2023-08-01,WFC,0.005705479756392842
equity_min_variance,2023-09-01,WFC,1.4165170916801172e-18
equity_min_variance,2023-10-02,WFC,5.809625481608938e-19
equity_min_variance,2023-11-01,WFC,4.963268616179821e-19
equity_min_variance,2023-12-01,WFC,0.0
equity_min_variance,2022-01-03,WMT,0.10000000000000002
equity_min_variance,2022-02-01,WMT,0.09999999999999998
equity_min_variance,2022-03-01,WMT,0.09999999999999998
equity_min_variance,2022-04-01,WMT,0.1
equity_min_variance,2022-05-02,WMT,0.1
equity_min_variance,2022-06-01,WMT,0.1
equity_min_variance,2022-07-01,WMT,0.09014080269753803
equity_min_variance,2022-08-01,WMT,0.09131977590371244
equity_min_variance,2022-09-01,WMT,0.09631576842101358
equity_min_variance,2022-10-03,WMT,0.09992169346702388
equity_min_variance,2022-11-01,WMT,0.09674420700294634
equity_min_variance,2022-12-01,WMT,0.10000000000000002
equity_min_variance,2023-01-03,WMT,0.09810256051829234
equity_min_variance,2023-02-01,WMT,0.09380336709553927
equity_min_variance,2023-03-01,WMT,0.10000000000000002
equity_min_variance,2023-04-03,WMT,0.1
equity_min_variance,2023-05-01,WMT,0.09999999999999998
equity_min_variance,2023-06-01,WMT,0.09545786486602491
equity_min_variance,2023-07-03,WMT,0.1
equity_min_variance,2023-08-01,WMT,0.10000000000000002
equity_min_variance,2023-09-01,WMT,0.0972035050720185
equity_min_variance,2023-10-02,WMT,0.09923282145812151
equity_min_variance,2023-11-01,WMT,0.09888163788674939
equity_min_variance,2023-12-01,WMT,0.1
equity_min_variance,2022-01-03,XOM,0.0
equity_min_variance,2022-02-01,XOM,1.1990923374310089e-18
equity_min_variance,2022-03-01,XOM,3.821812658011402e-18
equity_min_variance,2022-04-01,XOM,0.006541580056018397
equity_min_variance,2022-05-02,XOM,0.00025841681846589724
equity_min_variance,2022-06-01,XOM,0.0014645653494148522
equity_min_variance,2022-07-01,XOM,0.0076404154456387674
equity_min_variance,2022-08-01,XOM,0.006568527610261379
equity_min_variance,2022-09-01,XOM,0.010427684322640067
equity_min_variance,2022-10-03,XOM,0.007582694302315584
equity_min_variance,2022-11-01,XOM,0.016069856123212156
equity_min_variance,2022-12-01,XOM,0.02254789898356395
equity_min_variance,2023-01-03,XOM,0.024932140540027153
equity_min_variance,2023-02-01,XOM,0.024516474954842913
equity_min_variance,2023-03-01,XOM,0.018748674254508477
equity_min_variance,2023-04-03,XOM,0.022565509171680938
equity_min_variance,2023-05-01,XOM,0.01932479387672277
equity_min_variance,2023-06-01,XOM,0.01818704527089407
equity_min_variance,2023-07-03,XOM,0.018236675229423103
equity_min_variance,2023-08-01,XOM,0.020070706176007952
equity_min_variance,2023-09-01,XOM,0.020908904084122527
equity_min_variance,2023-10-02,XOM,0.02151876799657536
equity_min_variance,2023-11-01,XOM,0.03084057275185693
equity_min_variance,2023-12-01,XOM,0.03392003986223541
equity_max_sharpe,2022-01-03,ABBV,0.09999999999999978
equity_max_sharpe,2022-02-01,ABBV,0.09999999999999992
equity_max_sharpe,2022-03-01,ABBV,0.09999999999999996
equity_max_sharpe,2022-04-01,ABBV,0.09999999999999998
equity_max_sharpe,2022-05-02,ABBV,0.09999999999999998
equity_max_sharpe,2022-06-01,ABBV,0.09999999999999998
equity_max_sharpe,2022-07-01,ABBV,0.09999999999999992
equity_max_sharpe,2022-08-01,ABBV,0.09999999999999994
equity_max_sharpe,2022-09-01,ABBV,0.09999999999999995
equity_max_sharpe,2022-10-03,ABBV,0.09999999999999998
equity_max_sharpe,2022-11-01,ABBV,0.09999999999999994
equity_max_sharpe,2022-12-01,ABBV,0.09999999999999996
equity_max_sharpe,2023-01-03,ABBV,0.09999999999999988
equity_max_sharpe,2023-02-01,ABBV,0.09999999999999988
equity_max_sharpe,2023-03-01,ABBV,0.09999999999999966
equity_max_sharpe,2023-04-03,ABBV,0.09999999999999992
equity_max_sharpe,2023-05-01,ABBV,0.09999999999999994
equity_max_sharpe,2023-06-01,ABBV,0.09999999999999996
equity_max_sharpe,2023-07-03,ABBV,0.09999999999999971
equity_max_sharpe,2023-08-01,ABBV,0.09999999999999994
equity_max_sharpe,2023-09-01,ABBV,0.09999999999999996
equity_max_sharpe,2023-10-02,ABBV,0.09999999999999994
equity_max_sharpe,2023-11-01,ABBV,0.09999999999999985
equity_max_sharpe,2023-12-01,ABBV,0.09999999999999992
equity_max_sharpe,2022-01-03,ABT,0.05766362844482872
equity_max_sharpe,2022-02-01,ABT,0.023393829227996304
equity_max_sharpe,2022-03-01,ABT,0.05135047684308864
equity_max_sharpe,2022-04-01,ABT,0.02471261369043979
equity_max_sharpe,2022-05-02,ABT,2.0952656368207944e-18
equity_max_sharpe,2022-06-01,ABT,6.057813979078655e-17
equity_max_sharpe,2022-07-01,ABT,1.7203984771696348e-16
equity_max_sharpe,2022-08-01,ABT,2.2816328492506462e-17
equity_max_sharpe,2022-09-01,ABT,0.0
equity_max_sharpe,2022-10-03,ABT,0.0
equity_max_sharpe,2022-11-01,ABT,0.0
equity_max_sharpe,2022-12-01,ABT,6.769324898897706e-17
equity_max_sharpe,2023-01-03,ABT,0.0
equity_max_sharpe,2023-02-01,ABT,8.232180292626291e-17
equity_max_sharpe,2023-03-01,ABT,0.0
equity_max_sharpe,2023-04-03,ABT,0.0
equity_max_sharpe,2023-05-01,ABT,0.0
equity_max_sharpe,2023-06-01,ABT,0.0
equity_max_sharpe,2023-07-03,ABT,0.0
equity_max_sharpe,2023-08-01,ABT,5.2797756978794047e-17
equity_max_sharpe,2023-09-01,ABT,5.191845132847788e-17
equity_max_sharpe,2023-10-02,ABT,4.007765317389453e-17
equity_max_sharpe,2023-11-01,ABT,0.0
equity_max_sharpe,2023-12-01,ABT,0.0
equity_max_sharpe,2022-01-03,ADBE,2.100770298311745e-17
equity_max_sharpe,2022-02-01,ADBE,0.0
equity_max_sharpe,2022-03-01,ADBE,2.6131343522112255e-18
equity_max_sharpe,2022-04-01,ADBE,0.0
equity_max_sharpe,2022-05-02,ADBE,0.0
equity_max_sharpe,2022-06-01,ADBE,0.0
equity_max_sharpe,2022-07-01,ADBE,1.4266732172243386e-17
equity_max_sharpe,2022-08-01,ADBE,0.0
equity_max_sharpe,2022-09-01,ADBE,4.419935539059796e-17
equity_max_sharpe,2022-10-03,ADBE,0.0
equity_max_sharpe,2022-11-01,ADBE,9.449918317872303e-18
equity_max_sharpe,2022-12-01,ADBE,0.0
equity_max_sharpe,2023-01-03,ADBE,4.130678528982146e-17
equity_max_sharpe,2023-02-01,ADBE,4.3771502633443977e-17
equity_max_sharpe,2023-03-01,ADBE,0.0
equity_max_sharpe,2023-04-03,ADBE,9.033749352196401e-17
equity_max_sharpe,2023-05-01,ADBE,6.150745385692696e-17
equity_max_sharpe,2023-06-01,ADBE,0.0
equity_max_sharpe,2023-07-03,ADBE,2.4366933280524018e-18
equity_max_sharpe,2023-08-01,ADBE,0.0
equity_max_sharpe,2023-09-01,ADBE,1.7489446358130644e-16
equity_max_sharpe,2023-10-02,ADBE,8.269803736717394e-17
equity_max_sharpe,2023-11-01,ADBE,9.4987416323758e-17
equity_max_sharpe,2023-12-01,ADBE,0.0
equity_max_sharpe,2022-01-03,AEP,0.0
equity_max_sharpe,2022-02-01,AEP,0.0
equity_max_sharpe,2022-03-01,AEP,0.0
equity_max_sharpe,2022-04-01,AEP,0.0022139997497788964
equity_max_sharpe,2022-05-02,AEP,0.004831144241123424
equity_max_sharpe,2022-06-01,AEP,0.028874125210927592
equity_max_sharpe,2022-07-01,AEP,0.021901549493402644
equity_max_sharpe,2022-08-01,AEP,0.016838698145102044
equity_max_sharpe,2022-09-01,AEP,0.09999999999999994
equity_max_sharpe,2022-10-03,AEP,0.02745103152349211
equity_max_sharpe,2022-11-01,AEP,0.0
equity_max_sharpe,2022-12-01,AEP,0.005186771226912102
equity_max_sharpe,2023-01-03,AEP,0.02307351968011835
equity_max_sharpe,2023-02-01,AEP,0.012842420561850889
equity_max_sharpe,2023-03-01,AEP,0.05262978185952921
equity_max_sharpe,2023-04-03,AEP,0.0
equity_max_sharpe,2023-05-01,AEP,2.1767581080377013e-17
equity_max_sharpe,2023-06-01,AEP,0.0
equity_max_sharpe,2023-07-03,AEP,1.7139693559032722e-16
equity_max_sharpe,2023-08-01,AEP,0.0
equity_max_sharpe,2023-09-01,AEP,1.4498064576904745e-18
equity_max_sharpe,2023-10-02,AEP,4.315789594385641e-16
equity_max_sharpe,2023-11-01,AEP,0.0
equity_max_sharpe,2023-12-01,AEP,7.673160088623573e-17
equity_max_sharpe,2022-01-03,AMD,0.09999999999999976
equity_max_sharpe,2022-02-01,AMD,0.1
equity_max_sharpe,2022-03-01,AMD,0.09999999999999991
equity_max_sharpe,2022-04-01,AMD,0.006018632178999534
equity_max_sharpe,2022-05-02,AMD,0.0
equity_max_sharpe,2022-06-01,AMD,0.031082080233114515
equity_max_sharpe,2022-07-01,AMD,0.015861094301790737
equity_max_sharpe,2022-08-01,AMD,0.0
equity_max_sharpe,2022-09-01,AMD,0.0
equity_max_sharpe,2022-10-03,AMD,2.4803866395171352e-17
equity_max_sharpe,2022-11-01,AMD,8.421371279410972e-17
equity_max_sharpe,2022-12-01,AMD,0.0
equity_max_sharpe,2023-01-03,AMD,8.758670293370648e-17
equity_max_sharpe,2023-02-01,AMD,0.0
equity_max_sharpe,2023-03-01,AMD,2.391087070418171e-17
equity_max_sharpe,2023-04-03,AMD,9.159727425039993e-18
equity_max_sharpe,2023-05-01,AMD,0.0
equity_max_sharpe,2023-06-01,AMD,0.017049090604107153
equity_max_sharpe,2023-07-03,AMD,3.222926044185392e-16
equity_max_sharpe,2023-08-01,AMD,4.896996926285187e-17
equity_max_sharpe,2023-09-01,AMD,6.614374437700011e-17
equity_max_sharpe,2023-10-02,AMD,0.0
equity_max_sharpe,2023-11-01,AMD,0.0
equity_max_sharpe,2023-12-01,AMD,0.0
equity_max_sharpe,2022-01-03,AMGN,0.0
equity_max_sharpe,2022-02-01,AMGN,4.459771517077542e-17
equity_max_sharpe,2022-03-01,AMGN,0.0
equity_max_sharpe,2022-04-01,AMGN,0.0
equity_max_sharpe,2022-05-02,AMGN,0.0
equity_max_sharpe,2022-06-01,AMGN,0.0
equity_max_sharpe,2022-07-01,AMGN,3.259514295109308e-17
equity_max_sharpe,2022-08-01,AMGN,0.0
equity_max_sharpe,2022-09-01,AMGN,5.096472782878609e-18
equity_max_sharpe,2022-10-03,AMGN,1.3522393274119764e-16
equity_max_sharpe,2022-11-01,AMGN,0.06041278608848104
equity_max_sharpe,2022-12-01,AMGN,0.09245908004534399
equity_max_sharpe,2023-01-03,AMGN,0.041758432888880447
equity_max_sharpe,2023-02-01,AMGN,0.0
equity_max_sharpe,2023-03-01,AMGN,0.0
equity_max_sharpe,2023-04-03,AMGN,0.0
equity_max_sharpe,2023-05-01,AMGN,2.8435066304606136e-17
equity_max_sharpe,2023-06-01,AMGN,3.595589674919016e-17
equity_max_sharpe,2023-07-03,AMGN,0.0
equity_max_sharpe,2023-08-01,AMGN,0.0
equity_max_sharpe,2023-09-01,AMGN,0.09999999999999978
equity_max_sharpe,2023-10-02,AMGN,0.09999999999999974
equity_max_sharpe,2023-11-01,AMGN,0.09999999999999985
equity_max_sharpe,2023-12-01,AMGN,0.09999999999999992
equity_max_sharpe,2022-01-03,AMT,0.0
equity_max_sharpe,2022-02-01,AMT,2.9934737740016327e-18
equity_max_sharpe,2022-03-01,AMT,0.0
equity_max_sharpe,2022-04-01,AMT,4.411684343606508e-18
equity_max_sharpe,2022-05-02,AMT,1.3638842400239211e-17
equity_max_sharpe,2022-06-01,AMT,0.0
equity_max_sharpe,2022-07-01,AMT,0.0
equity_max_sharpe,2022-08-01,AMT,7.48548614124246e-17
equity_max_sharpe,2022-09-01,AMT,0.0
equity_max_sharpe,2022-10-03,AMT,2.443961803552751e-17
equity_max_sharpe,2022-11-01,AMT,6.986472991365757e-18
equity_max_sharpe,2022-12-01,AMT,1.0697660392805973e-17
equity_max_sharpe,2023-01-03,AMT,2.1680240192835488e-17
equity_max_sharpe,2023-02-01,AMT,0.0
equity_max_sharpe,2023-03-01,AMT,0.0
equity_max_sharpe,2023-04-03,AMT,0.0
equity_max_sharpe,2023-05-01,AMT,0.0
equity_max_sharpe,2023-06-01,AMT,0.0
equity_max_sharpe,2023-07-03,AMT,3.1977694300459214e-17
equity_max_sharpe,2023-08-01,AMT,5.826315209819298e-17
equity_max_sharpe,2023-09-01,AMT,3.5325442456394204e-17
equity_max_sharpe,2023-10-02,AMT,0.0
equity_max_sharpe,2023-11-01,AMT,1.6685181448372826e-17
equity_max_sharpe,2023-12-01,AMT,0.0
equity_max_sharpe,2022-01-03,BA,7.917486324078357e-17
equity_max_sharpe,2022-02-01,BA,2.5939441403808923e-17
equity_max_sharpe,2022-03-01,BA,2.412863999744784e-18
equity_max_sharpe,2022-04-01,BA,0.0
equity_max_sharpe,2022-05-02,BA,6.109251491346158e-17
equity_max_sharpe,2022-06-01,BA,6.319356577367102e-17
equity_max_sharpe,2022-07-01,BA,0.0
equity_max_sharpe,2022-08-01,BA,0.0
equity_max_sharpe,2022-09-01,BA,0.0
equity_max_sharpe,2022-10-03,BA,2.920895150126854e-19
equity_max_sharpe,2022-11-01,BA,0.0
equity_max_sharpe,2022-12-01,BA,9.90711589857653e-17
equity_max_sharpe,2023-01-03,BA,1.2579714865998547e-17
equity_max_sharpe,2023-02-01,BA,0.0
equity_max_sharpe,2023-03-01,BA,2.988822548172361e-17
equity_max_sharpe,2023-04-03,BA,0.0
equity_max_sharpe,2023-05-01,BA,0.0
equity_max_sharpe,2023-06-01,BA,9.510026215708437e-17
equity_max_sharpe,2023-07-03,BA,9.684622982528465e-18
equity_max_sharpe,2023-08-01,BA,1.3333758686813583e-16
equity_max_sharpe,2023-09-01,BA,3.440121734552177e-17
equity_max_sharpe,2023-10-02,BA,5.4632262963542124e-17
equity_max_sharpe,2023-11-01,BA,0.0
equity_max_sharpe,2023-12-01,BA,0.0
equity_max_sharpe,2022-01-03,CAT,1.1031597808449749e-16
equity_max_sharpe,2022-02-01,CAT,0.035366837867328804
equity_max_sharpe,2022-03-01,CAT,0.0
equity_max_sharpe,2022-04-01,CAT,1.636018416924241e-17
equity_max_sharpe,2022-05-02,CAT,0.021769418540523916
equity_max_sharpe,2022-06-01,CAT,0.016675452666479896
equity_max_sharpe,2022-07-01,CAT,0.0
equity_max_sharpe,2022-08-01,CAT,0.0
equity_max_sharpe,2022-09-01,CAT,0.0
equity_max_sharpe,2022-10-03,CAT,6.680553450036538e-18
equity_max_sharpe,2022-11-01,CAT,0.0
equity_max_sharpe,2022-12-01,CAT,0.0
equity_max_sharpe,2023-01-03,CAT,3.918301242017278e-17
equity_max_sharpe,2023-02-01,CAT,1.6681482375315038e-17
equity_max_sharpe,2023-03-01,CAT,6.863491831921819e-17
equity_max_sharpe,2023-04-03,CAT,1.1144307238172638e-17
equity_max_sharpe,2023-05-01,CAT,0.0
equity_max_sharpe,2023-06-01,CAT,0.0
equity_max_sharpe,2023-07-03,CAT,0.0
equity_max_sharpe,2023-08-01,CAT,9.362253875679314e-17
equity_max_sharpe,2023-09-01,CAT,1.443194194168966e-16
equity_max_sharpe,2023-10-02,CAT,0.0
equity_max_sharpe,2023-11-01,CAT,3.88438601797008e-17
equity_max_sharpe,2023-12-01,CAT,0.0
equity_max_sharpe,2022-01-03,CCI,7.342976733174387e-17
equity_max_sharpe,2022-02-01,CCI,0.0
equity_max_sharpe,2022-03-01,CCI,4.011895916324359e-17
equity_max_sharpe,2022-04-01,CCI,2.7134821060392472e-17
equity_max_sharpe,2022-05-02,CCI,4.8367828512375953e-17
equity_max_sharpe,2022-06-01,CCI,1.8752288130079645e-17
equity_max_sharpe,2022-07-01,CCI,1.643623332652185e-17
equity_max_sharpe,2022-08-01,CCI,9.887628494403037e-18
equity_max_sharpe,2022-09-01,CCI,1.3933165741315012e-16
equity_max_sharpe,2022-10-03,CCI,0.0
equity_max_sharpe,2022-11-01,CCI,3.542994718143093e-17
equity_max_sharpe,2022-12-01,CCI,0.0
equity_max_sharpe,2023-01-03,CCI,2.449744460084026e-17
equity_max_sharpe,2023-02-01,CCI,7.505084484054337e-17
equity_max_sharpe,2023-03-01,CCI,0.0
equity_max_sharpe,2023-04-03,CCI,4.5487806750645755e-17
equity_max_sharpe,2023-05-01,CCI,1.6199262575785735e-17
equity_max_sharpe,2023-06-01,CCI,0.0
equity_max_sharpe,2023-07-03,CCI,0.0
equity_max_sharpe,2023-08-01,CCI,0.0
equity_max_sharpe,2023-09-01,CCI,0.0
equity_max_sharpe,2023-10-02,CCI,1.975301484232e-17
equity_max_sharpe,2023-11-01,CCI,0.0
equity_max_sharpe,2023-12-01,CCI,1.913322423030555e-17
equity_max_sharpe,2022-01-03,CMCSA,0.0
equity_max_sharpe,2022-02-01,CMCSA,1.0325457360717903e-17
equity_max_sharpe,2022-03-01,CMCSA,2.072312228098179e-17
equity_max_sharpe,2022-04-01,CMCSA,6.607696657976566e-17
equity_max_sharpe,2022-05-02,CMCSA,0.0
equity_max_sharpe,2022-06-01,CMCSA,0.0
equity_max_sharpe,2022-07-01,CMCSA,2.902771064624805e-17
equity_max_sharpe,2022-08-01,CMCSA,3.771182032604886e-18
equity_max_sharpe,2022-09-01,CMCSA,0.0
equity_max_sharpe,2022-10-03,CMCSA,0.0
equity_max_sharpe,2022-11-01,CMCSA,0.0
equity_max_sharpe,2022-12-01,CMCSA,0.0
equity_max_sharpe,2023-01-03,CMCSA,8.286572146671474e-18
equity_max_sharpe,2023-02-01,CMCSA,0.0
equity_max_sharpe,2023-03-01,CMCSA,9.043089041403032e-18
equity_max_sharpe,2023-04-03,CMCSA,0.0
equity_max_sharpe,2023-05-01,CMCSA,2.88449429394642e-17
equity_max_sharpe,2023-06-01,CMCSA,3.22666967517177e-17
equity_max_sharpe,2023-07-03,CMCSA,0.0
equity_max_sharpe,2023-08-01,CMCSA,2.1174483145938098e-17
equity_max_sharpe,2023-09-01,CMCSA,0.0
equity_max_sharpe,2023-10-02,CMCSA,0.0
equity_max_sharpe,2023-11-01,CMCSA,0.0
equity_max_sharpe,2023-12-01,CMCSA,1.0230355340927262e-17
equity_max_sharpe,2022-01-03,COP,1.9466306535817075e-18
equity_max_sharpe,2022-02-01,COP,3.510688540896715e-17
equity_max_sharpe,2022-03-01,COP,0.04800458382045778
equity_max_sharpe,2022-04-01,COP,0.07324317078294566
equity_max_sharpe,2022-05-02,COP,0.017103986927649844
equity_max_sharpe,2022-06-01,COP,0.0037239760814482886
equity_max_sharpe,2022-07-01,COP,8.012407321685723e-17
equity_max_sharpe,2022-08-01,COP,4.938219135719176e-18
equity_max_sharpe,2022-09-01,COP,0.05346305876970661
equity_max_sharpe,2022-10-03,COP,0.09999999999999998
equity_max_sharpe,2022-11-01,COP,0.09999999999999998
equity_max_sharpe,2022-12-01,COP,0.09999999999999996
equity_max_sharpe,2023-01-03,COP,0.09999999999999991
equity_max_sharpe,2023-02-01,COP,0.09999999999999992
equity_max_sharpe,2023-03-01,COP,0.08568766235436687
equity_max_sharpe,2023-04-03,COP,0.06051099947733227
equity_max_sharpe,2023-05-01,COP,0.07308612380206507
equity_max_sharpe,2023-06-01,COP,0.09999999999999996
equity_max_sharpe,2023-07-03,COP,0.09806232426067223
equity_max_sharpe,2023-08-01,COP,0.09999999999999991
equity_max_sharpe,2023-09-01,COP,0.09999999999999996
equity_max_sharpe,2023-10-02,COP,0.02077013465847552
equity_max_sharpe,2023-11-01,COP,0.046809724895427375
equity_max_sharpe,2023-12-01,COP,0.011404223066006742
equity_max_sharpe,2022-01-03,CVX,9.983327471775956e-17
equity_max_sharpe,2022-02-01,CVX,0.0
equity_max_sharpe,2022-03-01,CVX,0.0
equity_max_sharpe,2022-04-01,CVX,0.004689589544460512
equity_max_sharpe,2022-05-02,CVX,5.090402210151482e-18
equity_max_sharpe,2022-06-01,CVX,2.5372909404056067e-17
equity_max_sharpe,2022-07-01,CVX,0.0
equity_max_sharpe,2022-08-01,CVX,2.447930750987847e-17
equity_max_sharpe,2022-09-01,CVX,1.6048029281727355e-17
equity_max_sharpe,2022-10-03,CVX,0.019227098202077898
equity_max_sharpe,2022-11-01,CVX,0.040243379283029096
equity_max_sharpe,2022-12-01,CVX,0.016383576814918734
equity_max_sharpe,2023-01-03,CVX,0.08707776432069299
equity_max_sharpe,2023-02-01,CVX,0.07480163047807357
equity_max_sharpe,2023-03-01,CVX,0.030228656556841153
equity_max_sharpe,2023-04-03,CVX,0.015051809918701788
equity_max_sharpe,2023-05-01,CVX,0.04301025578581211
equity_max_sharpe,2023-06-01,CVX,0.049162888168303956
equity_max_sharpe,2023-07-03,CVX,0.06326985552945895
equity_max_sharpe,2023-08-01,CVX,0.03204854314389035
equity_max_sharpe,2023-09-01,CVX,0.05200202117786219
equity_max_sharpe,2023-10-02,CVX,0.09999999999999994
equity_max_sharpe,2023-11-01,CVX,0.0
equity_max_sharpe,2023-12-01,CVX,0.0
equity_max_sharpe,2022-01-03,D,3.7249775977983145e-17
equity_max_sharpe,2022-02-01,D,0.0
equity_max_sharpe,2022-03-01,D,0.0
equity_max_sharpe,2022-04-01,D,2.859853920363949e-17
equity_max_sharpe,2022-05-02,D,1.6954660857167647e-18
equity_max_sharpe,2022-06-01,D,1.5794660836504442e-17
equity_max_sharpe,2022-07-01,D,2.968997876068845e-17
equity_max_sharpe,2022-08-01,D,0.0
equity_max_sharpe,2022-09-01,D,1.2312362964779227e-17
equity_max_sharpe,2022-10-03,D,0.0
equity_max_sharpe,2022-11-01,D,0.0
equity_max_sharpe,2022-12-01,D,0.0
equity_max_sharpe,2023-01-03,D,2.125404787479391e-17
equity_max_sharpe,2023-02-01,D,0.0
equity_max_sharpe,2023-03-01,D,0.0
equity_max_sharpe,2023-04-03,D,0.0
equity_max_sharpe,2023-05-01,D,1.3053283519575712e-17
equity_max_sharpe,2023-06-01,D,0.0
equity_max_sharpe,2023-07-03,D,0.0
equity_max_sharpe,2023-08-01,D,0.0
equity_max_sharpe,2023-09-01,D,0.0
equity_max_sharpe,2023-10-02,D,0.0
equity_max_sharpe,2023-11-01,D,0.0
equity_max_sharpe,2023-12-01,D,9.37567928370626e-18
equity_max_sharpe,2022-01-03,DD,2.3660035883513628e-17
equity_max_sharpe,2022-02-01,DD,0.0
equity_max_sharpe,2022-03-01,DD,0.006160656691023395
equity_max_sharpe,2022-04-01,DD,0.0
equity_max_sharpe,2022-05-02,DD,0.0
equity_max_sharpe,2022-06-01,DD,0.0
equity_max_sharpe,2022-07-01,DD,0.0
equity_max_sharpe,2022-08-01,DD,8.402877502009843e-18
equity_max_sharpe,2022-09-01,DD,9.975994715286732e-19
equity_max_sharpe,2022-10-03,DD,0.0
equity_max_sharpe,2022-11-01,DD,0.0
equity_max_sharpe,2022-12-01,DD,5.391540481043997e-17
equity_max_sharpe,2023-01-03,DD,0.0
equity_max_sharpe,2023-02-01,DD,3.369577124962347e-17
equity_max_sharpe,2023-03-01,DD,5.976865957957358e-17
equity_max_sharpe,2023-04-03,DD,3.1417386744370403e-18
equity_max_sharpe,2023-05-01,DD,0.0
equity_max_sharpe,2023-06-01,DD,0.0
equity_max_sharpe,2023-07-03,DD,1.0384083788802946e-16
equity_max_sharpe,2023-08-01,DD,4.9965772623684477e-17
equity_max_sharpe,2023-09-01,DD,1.4066152005947784e-16
equity_max_sharpe,2023-10-02,DD,2.1710403068676338e-16
equity_max_sharpe,2023-11-01,DD,7.618224609288127e-17
equity_max_sharpe,2023-12-01,DD,0.0
equity_max_sharpe,2022-01-03,DIS,2.066008964989688e-17
equity_max_sharpe,2022-02-01,DIS,1.4224454044225765e-17
equity_max_sharpe,2022-03-01,DIS,0.0
equity_max_sharpe,2022-04-01,DIS,1.1714769257253527e-17
equity_max_sharpe,2022-05-02,DIS,0.0
equity_max_sharpe,2022-06-01,DIS,0.0
equity_max_sharpe,2022-07-01,DIS,0.0
equity_max_sharpe,2022-08-01,DIS,0.0
equity_max_sharpe,2022-09-01,DIS,1.7887586571516328e-17
equity_max_sharpe,2022-10-03,DIS,0.0
equity_max_sharpe,2022-11-01,DIS,0.0
equity_max_sharpe,2022-12-01,DIS,6.99626549380401e-17
equity_max_sharpe,2023-01-03,DIS,0.0
equity_max_sharpe,2023-02-01,DIS,0.0
equity_max_sharpe,2023-03-01,DIS,2.2314367520332408e-17
equity_max_sharpe,2023-04-03,DIS,0.0
equity_max_sharpe,2023-05-01,DIS,0.0
equity_max_sharpe,2023-06-01,DIS,0.0
equity_max_sharpe,2023-07-03,DIS,0.0
equity_max_sharpe,2023-08-01,DIS,2.978999826694945e-17
equity_max_sharpe,2023-09-01,DIS,2.028000091228889e-16
equity_max_sharpe,2023-10-02,DIS,3.15773843315556e-17
equity_max_sharpe,2023-11-01,DIS,0.0
equity_max_sharpe,2023-12-01,DIS,3.1719659251683963e-17
equity_max_sharpe,2022-01-03,DOW,5.1912690108410034e-17
equity_max_sharpe,2022-02-01,DOW,0.0
equity_max_sharpe,2022-03-01,DOW,1.3679583806566178e-17
equity_max_sharpe,2022-04-01,DOW,5.860351988891993e-17
equity_max_sharpe,2022-05-02,DOW,4.2103278713601555e-17
equity_max_sharpe,2022-06-01,DOW,8.679795837805134e-18
equity_max_sharpe,2022-07-01,DOW,9.213361798919063e-18
equity_max_sharpe,2022-08-01,DOW,0.0
equity_max_sharpe,2022-09-01,DOW,3.877067416892564e-17
equity_max_sharpe,2022-10-03,DOW,0.0
equity_max_sharpe,2022-11-01,DOW,4.8837027434118683e-17
equity_max_sharpe,2022-12-01,DOW,0.0
equity_max_sharpe,2023-01-03,DOW,1.8885393030217497e-17
equity_max_sharpe,2023-02-01,DOW,2.977980663903174e-19
equity_max_sharpe,2023-03-01,DOW,7.755723978082902e-18
equity_max_sharpe,2023-04-03,DOW,0.0
equity_max_sharpe,2023-05-01,DOW,0.0
equity_max_sharpe,2023-06-01,DOW,8.810975977874504e-18
equity_max_sharpe,2023-07-03,DOW,4.8863053474867866e-17
equity_max_sharpe,2023-08-01,DOW,0.0
equity_max_sharpe,2023-09-01,DOW,0.0
equity_max_sharpe,2023-10-02,DOW,5.922222569464955e-17
equity_max_sharpe,2023-11-01,DOW,0.0
equity_max_sharpe,2023-12-01,DOW,1.6379686822648232e-19
equity_max_sharpe,2022-01-03,DUK,2.10386091217702e-17
equity_max_sharpe,2022-02-01,DUK,0.0
equity_max_sharpe,2022-03-01,DUK,2.4350187238720635e-17
equity_max_sharpe,2022-04-01,DUK,0.030727181383678394
equity_max_sharpe,2022-05-02,DUK,0.08392863565574485
equity_max_sharpe,2022-06-01,DUK,0.09999999999999998
equity_max_sharpe,2022-07-01,DUK,0.09999999999999994
equity_max_sharpe,2022-08-01,DUK,0.09999999999999991
equity_max_sharpe,2022-09-01,DUK,0.09999999999999996
equity_max_sharpe,2022-10-03,DUK,0.0026449086152134883
equity_max_sharpe,2022-11-01,DUK,0.0
equity_max_sharpe,2022-12-01,DUK,3.3507350154069376e-17
equity_max_sharpe,2023-01-03,DUK,0.03572129273679712
equity_max_sharpe,2023-02-01,DUK,0.0
equity_max_sharpe,2023-03-01,DUK,0.017911797058393266
equity_max_sharpe,2023-04-03,DUK,1.020999250429364e-16
equity_max_sharpe,2023-05-01,DUK,0.0
equity_max_sharpe,2023-06-01,DUK,0.0
equity_max_sharpe,2023-07-03,DUK,0.0
equity_max_sharpe,2023-08-01,DUK,6.145449865569511e-18
equity_max_sharpe,2023-09-01,DUK,0.0
equity_max_sharpe,2023-10-02,DUK,0.0
equity_max_sharpe,2023-11-01,DUK,2.9260904345118605e-18
equity_max_sharpe,2023-12-01,DUK,0.0
equity_max_sharpe,2022-01-03,EA,1.5145303591375358e-16
equity_max_sharpe,2022-02-01,EA,0.0
equity_max_sharpe,2022-03-01,EA,1.112369571454579e-16
equity_max_sharpe,2022-04-01,EA,0.013357068063650262
equity_max_sharpe,2022-05-02,EA,0.0
equity_max_sharpe,2022-06-01,EA,0.004543045117226503
equity_max_sharpe,2022-07-01,EA,8.609346177972713e-18
equity_max_sharpe,2022-08-01,EA,0.0
equity_max_sharpe,2022-09-01,EA,0.0
equity_max_sharpe,2022-10-03,EA,6.676081075828374e-18
equity_max_sharpe,2022-11-01,EA,6.559960160672953e-18
equity_max_sharpe,2022-12-01,EA,0.0
equity_max_sharpe,2023-01-03,EA,0.0
equity_max_sharpe,2023-02-01,EA,0.0
equity_max_sharpe,2023-03-01,EA,0.0
equity_max_sharpe,2023-04-03,EA,0.0
equity_max_sharpe,2023-05-01,EA,4.1542283821835167e-17
equity_max_sharpe,2023-06-01,EA,0.0
equity_max_sharpe,2023-07-03,EA,5.840966642753587e-17
equity_max_sharpe,2023-08-01,EA,2.403465340376984e-17
equity_max_sharpe,2023-09-01,EA,4.772647374664182e-17
equity_max_sharpe,2023-10-02,EA,0.0
equity_max_sharpe,2023-11-01,EA,0.0
equity_max_sharpe,2023-12-01,EA,0.0
equity_max_sharpe,2022-01-03,GE,3.4110648124654037e-17
equity_max_sharpe,2022-02-01,GE,1.8115601140044477e-17
equity_max_sharpe,2022-03-01,GE,3.069624332779202e-17
equity_max_sharpe,2022-04-01,GE,1.3606954175486323e-17
equity_max_sharpe,2022-05-02,GE,0.0
equity_max_sharpe,2022-06-01,GE,0.0
equity_max_sharpe,2022-07-01,GE,0.0
equity_max_sharpe,2022-08-01,GE,2.5477811143252306e-17
equity_max_sharpe,2022-09-01,GE,0.0
equity_max_sharpe,2022-10-03,GE,0.0
equity_max_sharpe,2022-11-01,GE,0.0
equity_max_sharpe,2022-12-01,GE,0.0
equity_max_sharpe,2023-01-03,GE,0.0
equity_max_sharpe,2023-02-01,GE,0.0
equity_max_sharpe,2023-03-01,GE,8.566157996284548e-17
equity_max_sharpe,2023-04-03,GE,0.0
equity_max_sharpe,2023-05-01,GE,0.0
equity_max_sharpe,2023-06-01,GE,8.124896385449591e-17
equity_max_sharpe,2023-07-03,GE,4.4428701513481066e-17
equity_max_sharpe,2023-08-01,GE,0.0
equity_max_sharpe,2023-09-01,GE,0.0
equity_max_sharpe,2023-10-02,GE,0.0
equity_max_sharpe,2023-11-01,GE,0.0
equity_max_sharpe,2023-12-01,GE,0.09999999999999992
equity_max_sharpe,2022-01-03,GILD,0.022311376616512498
equity_max_sharpe,2022-02-01,GILD,0.030031450776321363
equity_max_sharpe,2022-03-01,GILD,1.8548047551551158e-17
equity_max_sharpe,2022-04-01,GILD,2.0610164927209603e-17
equity_max_sharpe,2022-05-02,GILD,0.0
equity_max_sharpe,2022-06-01,GILD,0.0
equity_max_sharpe,2022-07-01,GILD,5.961528221026844e-17
equity_max_sharpe,2022-08-01,GILD,4.19820418806843e-18
equity_max_sharpe,2022-09-01,GILD,0.0
equity_max_sharpe,2022-10-03,GILD,0.0
equity_max_sharpe,2022-11-01,GILD,0.09999999999999998
equity_max_sharpe,2022-12-01,GILD,0.09999999999999995
equity_max_sharpe,2023-01-03,GILD,0.09999999999999987
equity_max_sharpe,2023-02-01,GILD,0.0999999999999999
equity_max_sharpe,2023-03-01,GILD,0.09999999999999987
equity_max_sharpe,2023-04-03,GILD,0.09999999999999992
equity_max_sharpe,2023-05-01,GILD,0.09999999999999994
equity_max_sharpe,2023-06-01,GILD,0.09999999999999996
equity_max_sharpe,2023-07-03,GILD,0.09999999999999994
equity_max_sharpe,2023-08-01,GILD,0.07721559139527409
equity_max_sharpe,2023-09-01,GILD,0.06031180788970741
equity_max_sharpe,2023-10-02,GILD,0.057650919261390925
equity_max_sharpe,2023-11-01,GILD,0.09999999999999983
equity_max_sharpe,2023-12-01,GILD,0.007567525477938814
equity_max_sharpe,2022-01-03,GS,0.0
equity_max_sharpe,2022-02-01,GS,0.0
equity_max_sharpe,2022-03-01,GS,0.0
equity_max_sharpe,2022-04-01,GS,6.956828787221022e-17
equity_max_sharpe,2022-05-02,GS,0.0
equity_max_sharpe,2022-06-01,GS,0.0
equity_max_sharpe,2022-07-01,GS,0.0
equity_max_sharpe,2022-08-01,GS,0.0055058021206940795
equity_max_sharpe,2022-09-01,GS,0.041737292676729106
equity_max_sharpe,2022-10-03,GS,3.640394458384563e-17
equity_max_sharpe,2022-11-01,GS,0.006414409235273419
equity_max_sharpe,2022-12-01,GS,0.03098926125011868
equity_max_sharpe,2023-01-03,GS,2.1478041842929332e-17
equity_max_sharpe,2023-02-01,GS,2.4235253591172217e-17
equity_max_sharpe,2023-03-01,GS,0.0
equity_max_sharpe,2023-04-03,GS,0.0
equity_max_sharpe,2023-05-01,GS,0.0
equity_max_sharpe,2023-06-01,GS,7.687134139854665e-17
equity_max_sharpe,2023-07-03,GS,0.0
equity_max_sharpe,2023-08-01,GS,3.1831142768591053e-18
equity_max_sharpe,2023-09-01,GS,0.0
equity_max_sharpe,2023-10-02,GS,1.7983550813324357e-17
equity_max_sharpe,2023-11-01,GS,0.0
equity_max_sharpe,2023-12-01,GS,0.0
equity_max_sharpe,2022-01-03,INTC,5.605236866402428e-17
equity_max_sharpe,2022-02-01,INTC,0.0
equity_max_sharpe,2022-03-01,INTC,6.941761335769351e-17
equity_max_sharpe,2022-04-01,INTC,8.321923703761543e-18
equity_max_sharpe,2022-05-02,INTC,2.4171662286169106e-18
equity_max_sharpe,2022-06-01,INTC,1.87710606400751e-17
equity_max_sharpe,2022-07-01,INTC,2.0313844279933634e-17
equity_max_sharpe,2022-08-01,INTC,1.956215437731514e-17
equity_max_sharpe,2022-09-01,INTC,2.79681195934344e-17
equity_max_sharpe,2022-10-03,INTC,1.0043094565202987e-18
equity_max_sharpe,2022-11-01,INTC,1.542321048418383e-18
equity_max_sharpe,2022-12-01,INTC,2.7881684587358855e-17
equity_max_sharpe,2023-01-03,INTC,9.564924056322519e-18
equity_max_sharpe,2023-02-01,INTC,3.520761549332668e-17
equity_max_sharpe,2023-03-01,INTC,0.0
equity_max_sharpe,2023-04-03,INTC,6.438423222247886e-17
equity_max_sharpe,2023-05-01,INTC,0.0
equity_max_sharpe,2023-06-01,INTC,0.0
equity_max_sharpe,2023-07-03,INTC,0.0
equity_max_sharpe,2023-08-01,INTC,0.0
equity_max_sharpe,2023-09-01,INTC,2.199150122599146e-17
equity_max_sharpe,2023-10-02,INTC,2.5628594153751785e-17
equity_max_sharpe,2023-11-01,INTC,0.0
equity_max_sharpe,2023-12-01,INTC,1.0209786100043324e-16
equity_max_sharpe,2022-01-03,KO,0.0
equity_max_sharpe,2022-02-01,KO,0.0
equity_max_sharpe,2022-03-01,KO,3.6156856673343195e-17
equity_max_sharpe,2022-04-01,KO,3.4216121929660204e-18
equity_max_sharpe,2022-05-02,KO,0.016363271027339303
equity_max_sharpe,2022-06-01,KO,0.0
equity_max_sharpe,2022-07-01,KO,0.08848722290773063
equity_max_sharpe,2022-08-01,KO,0.06346733815904598
equity_max_sharpe,2022-09-01,KO,0.026303807596594096
equity_max_sharpe,2022-10-03,KO,0.01190310696767162
equity_max_sharpe,2022-11-01,KO,0.021560762655603347
equity_max_sharpe,2022-12-01,KO,0.04545422952771415
equity_max_sharpe,2023-01-03,KO,0.025076830732220546
equity_max_sharpe,2023-02-01,KO,0.09985996651812275
equity_max_sharpe,2023-03-01,KO,0.09999999999999992
equity_max_sharpe,2023-04-03,KO,0.08701930833851572
equity_max_sharpe,2023-05-01,KO,0.09999999999999994
equity_max_sharpe,2023-06-01,KO,0.09999999999999992
equity_max_sharpe,2023-07-03,KO,0.03590820852875738
equity_max_sharpe,2023-08-01,KO,0.013182727123551808
equity_max_sharpe,2023-09-01,KO,0.02067589693341721
equity_max_sharpe,2023-10-02,KO,0.013452477150626542
equity_max_sharpe,2023-11-01,KO,0.0
equity_max_sharpe,2023-12-01,KO,0.0
equity_max_sharpe,2022-01-03,MMM,3.2506352733231256e-18
equity_max_sharpe,2022-02-01,MMM,4.7745912358365327e-17
equity_max_sharpe,2022-03-01,MMM,2.705776036330197e-17
equity_max_sharpe,2022-04-01,MMM,2.908497631395191e-17
equity_max_sharpe,2022-05-02,MMM,0.0
equity_max_sharpe,2022-06-01,MMM,2.7874751765735e-17
equity_max_sharpe,2022-07-01,MMM,2.4929394670517326e-17
equity_max_sharpe,2022-08-01,MMM,1.2271947940629678e-17
equity_max_sharpe,2022-09-01,MMM,0.0
equity_max_sharpe,2022-10-03,MMM,2.810902322893496e-17
equity_max_sharpe,2022-11-01,MMM,0.0
equity_max_sharpe,2022-12-01,MMM,0.0
equity_max_sharpe,2023-01-03,MMM,0.0
equity_max_sharpe,2023-02-01,MMM,4.912337325887303e-18
equity_max_sharpe,2023-03-01,MMM,3.9894744884141357e-17
equity_max_sharpe,2023-04-03,MMM,0.0
equity_max_sharpe,2023-05-01,MMM,0.0
equity_max_sharpe,2023-06-01,MMM,0.0
equity_max_sharpe,2023-07-03,MMM,4.864930811306481e-17
equity_max_sharpe,2023-08-01,MMM,0.0
equity_max_sharpe,2023-09-01,MMM,1.20423687822496e-17
equity_max_sharpe,2023-10-02,MMM,1.6140106769385608e-17
equity_max_sharpe,2023-11-01,MMM,0.0
equity_max_sharpe,2023-12-01,MMM,1.79009468663184e-17
equity_max_sharpe,2022-01-03,MRK,8.417736074823e-17
equity_max_sharpe,2022-02-01,MRK,3.495262988795146e-17
equity_max_sharpe,2022-03-01,MRK,0.0
equity_max_sharpe,2022-04-01,MRK,4.917034476371074e-17
equity_max_sharpe,2022-05-02,MRK,0.006936416346835485
equity_max_sharpe,2022-06-01,MRK,0.042118773379722925
equity_max_sharpe,2022-07-01,MRK,0.06991923136606369
equity_max_sharpe,2022-08-01,MRK,0.05573134314725925
equity_max_sharpe,2022-09-01,MRK,0.0
equity_max_sharpe,2022-10-03,MRK,0.0752422680232729
equity_max_sharpe,2022-11-01,MRK,0.09999999999999995
equity_max_sharpe,2022-12-01,MRK,0.09999999999999996
equity_max_sharpe,2023-01-03,MRK,0.09999999999999988
equity_max_sharpe,2023-02-01,MRK,0.09999999999999984
equity_max_sharpe,2023-03-01,MRK,0.09999999999999987
equity_max_sharpe,2023-04-03,MRK,0.09999999999999992
equity_max_sharpe,2023-05-01,MRK,0.09999999999999994
equity_max_sharpe,2023-06-01,MRK,0.09999999999999996
equity_max_sharpe,2023-07-03,MRK,0.09999999999999994
equity_max_sharpe,2023-08-01,MRK,0.09999999999999994
equity_max_sharpe,2023-09-01,MRK,0.09999999999999988
equity_max_sharpe,2023-10-02,MRK,0.09999999999999994
equity_max_sharpe,2023-11-01,MRK,0.09999999999999985
equity_max_sharpe,2023-12-01,MRK,0.09999999999999992
equity_max_sharpe,2022-01-03,MS,0.003947580336218864
equity_max_sharpe,2022-02-01,MS,0.07166528493193047
equity_max_sharpe,2022-03-01,MS,0.0181104230826883
equity_max_sharpe,2022-04-01,MS,0.0640528554849001
equity_max_sharpe,2022-05-02,MS,0.04751347663764234
equity_max_sharpe,2022-06-01,MS,0.0353505793729529
equity_max_sharpe,2022-07-01,MS,0.0
equity_max_sharpe,2022-08-01,MS,0.0
equity_max_sharpe,2022-09-01,MS,0.0
equity_max_sharpe,2022-10-03,MS,0.05434556664152689
equity_max_sharpe,2022-11-01,MS,3.023096586155196e-17
equity_max_sharpe,2022-12-01,MS,0.0
equity_max_sharpe,2023-01-03,MS,1.455024112951524e-16
equity_max_sharpe,2023-02-01,MS,1.4955468337775064e-16
equity_max_sharpe,2023-03-01,MS,0.0
equity_max_sharpe,2023-04-03,MS,0.0
equity_max_sharpe,2023-05-01,MS,0.0
equity_max_sharpe,2023-06-01,MS,1.1122586177616168e-17
equity_max_sharpe,2023-07-03,MS,0.0
equity_max_sharpe,2023-08-01,MS,0.0
equity_max_sharpe,2023-09-01,MS,1.176198343023418e-17
equity_max_sharpe,2023-10-02,MS,8.383110921188202e-18
equity_max_sharpe,2023-11-01,MS,2.3088625064486742e-17
equity_max_sharpe,2023-12-01,MS,2.170984941962102e-17
equity_max_sharpe,2022-01-03,NEE,0.0
equity_max_sharpe,2022-02-01,NEE,0.0
equity_max_sharpe,2022-03-01,NEE,0.0
equity_max_sharpe,2022-04-01,NEE,0.01500751191177124
equity_max_sharpe,2022-05-02,NEE,0.0
equity_max_sharpe,2022-06-01,NEE,0.0
equity_max_sharpe,2022-07-01,NEE,0.02260016669461549
equity_max_sharpe,2022-08-01,NEE,1.9867923007915802e-17
equity_max_sharpe,2022-09-01,NEE,0.05511345381792846
equity_max_sharpe,2022-10-03,NEE,0.07766209523599309
equity_max_sharpe,2022-11-01,NEE,7.181399004111087e-17
equity_max_sharpe,2022-12-01,NEE,0.01822953237203766
equity_max_sharpe,2023-01-03,NEE,0.0
equity_max_sharpe,2023-02-01,NEE,0.0
equity_max_sharpe,2023-03-01,NEE,5.923253925509669e-18
equity_max_sharpe,2023-04-03,NEE,2.2318341629909583e-17
equity_max_sharpe,2023-05-01,NEE,0.0
equity_max_sharpe,2023-06-01,NEE,0.0
equity_max_sharpe,2023-07-03,NEE,0.0
equity_max_sharpe,2023-08-01,NEE,5.80492079396275e-17
equity_max_sharpe,2023-09-01,NEE,0.0
equity_max_sharpe,2023-10-02,NEE,2.3744419883965523e-17
equity_max_sharpe,2023-11-01,NEE,2.670862537307136e-17
equity_max_sharpe,2023-12-01,NEE,0.0
equity_max_sharpe,2022-01-03,NEM,0.09999999999999987
equity_max_sharpe,2022-02-01,NEM,0.1
equity_max_sharpe,2022-03-01,NEM,0.09999999999999998
equity_max_sharpe,2022-04-01,NEM,0.09999999999999998
equity_max_sharpe,2022-05-02,NEM,0.04780501518074359
equity_max_sharpe,2022-06-01,NEM,0.005939134262179777
equity_max_sharpe,2022-07-01,NEM,0.0
equity_max_sharpe,2022-08-01,NEM,7.305554683919206e-17
equity_max_sharpe,2022-09-01,NEM,0.0
equity_max_sharpe,2022-10-03,NEM,0.0
equity_max_sharpe,2022-11-01,NEM,0.0
equity_max_sharpe,2022-12-01,NEM,1.339920330995253e-17
equity_max_sharpe,2023-01-03,NEM,8.433391837504594e-17
equity_max_sharpe,2023-02-01,NEM,0.0
equity_max_sharpe,2023-03-01,NEM,2.2232113195768997e-17
equity_max_sharpe,2023-04-03,NEM,0.0
equity_max_sharpe,2023-05-01,NEM,0.0
equity_max_sharpe,2023-06-01,NEM,0.0
equity_max_sharpe,2023-07-03,NEM,2.0376711869786953e-17
equity_max_sharpe,2023-08-01,NEM,0.0
equity_max_sharpe,2023-09-01,NEM,1.2484598390672113e-19
equity_max_sharpe,2023-10-02,NEM,0.0
equity_max_sharpe,2023-11-01,NEM,0.0
equity_max_sharpe,2023-12-01,NEM,0.0
equity_max_sharpe,2022-01-03,NKE,0.019686327666329714
equity_max_sharpe,2022-02-01,NKE,0.012861513238728138
equity_max_sharpe,2022-03-01,NKE,0.0
equity_max_sharpe,2022-04-01,NKE,0.0
equity_max_sharpe,2022-05-02,NKE,0.0
equity_max_sharpe,2022-06-01,NKE,0.0
equity_max_sharpe,2022-07-01,NKE,1.205469070905297e-17
equity_max_sharpe,2022-08-01,NKE,0.0
equity_max_sharpe,2022-09-01,NKE,0.0
equity_max_sharpe,2022-10-03,NKE,6.267350166248866e-17
equity_max_sharpe,2022-11-01,NKE,0.0
equity_max_sharpe,2022-12-01,NKE,1.1494985945829757e-17
equity_max_sharpe,2023-01-03,NKE,0.0
equity_max_sharpe,2023-02-01,NKE,1.7820500133955372e-17
equity_max_sharpe,2023-03-01,NKE,2.4555900514649783e-17
equity_max_sharpe,2023-04-03,NKE,4.337268737785222e-17
equity_max_sharpe,2023-05-01,NKE,0.0
equity_max_sharpe,2023-06-01,NKE,2.37674040432941e-17
equity_max_sharpe,2023-07-03,NKE,0.0
equity_max_sharpe,2023-08-01,NKE,3.733755937620082e-17
equity_max_sharpe,2023-09-01,NKE,8.717931419739752e-18
equity_max_sharpe,2023-10-02,NKE,0.0
equity_max_sharpe,2023-11-01,NKE,0.0
equity_max_sharpe,2023-12-01,NKE,0.0
equity_max_sharpe,2022-01-03,NUE,0.09999999999999985
equity_max_sharpe,2022-02-01,NUE,0.1
equity_max_sharpe,2022-03-01,NUE,0.09999999999999992
equity_max_sharpe,2022-04-01,NUE,0.09999999999999987
equity_max_sharpe,2022-05-02,NUE,0.09999999999999998
equity_max_sharpe,2022-06-01,NUE,0.09999999999999995
equity_max_sharpe,2022-07-01,NUE,0.09999999999999994
equity_max_sharpe,2022-08-01,NUE,0.09999999999999994
equity_max_sharpe,2022-09-01,NUE,0.09999999999999996
equity_max_sharpe,2022-10-03,NUE,0.09999999999999995
equity_max_sharpe,2022-11-01,NUE,0.09637304675282486
equity_max_sharpe,2022-12-01,NUE,0.09999999999999991
equity_max_sharpe,2023-01-03,NUE,0.09999999999999996
equity_max_sharpe,2023-02-01,NUE,0.09999999999999994
equity_max_sharpe,2023-03-01,NUE,0.09999999999999985
equity_max_sharpe,2023-04-03,NUE,0.0966452992533829
equity_max_sharpe,2023-05-01,NUE,0.08987182185021053
equity_max_sharpe,2023-06-01,NUE,0.006985979991251521
equity_max_sharpe,2023-07-03,NUE,0.09930560392039457
equity_max_sharpe,2023-08-01,NUE,0.08787030190185241
equity_max_sharpe,2023-09-01,NUE,0.017461676214863688
equity_max_sharpe,2023-10-02,NUE,0.045486794008868243
equity_max_sharpe,2023-11-01,NUE,0.030819316746223634
equity_max_sharpe,2023-12-01,NUE,0.05129638157878736
equity_max_sharpe,2022-01-03,NVDA,0.0999999999999999
equity_max_sharpe,2022-02-01,NVDA,0.1
equity_max_sharpe,2022-03-01,NVDA,0.09999999999999996
equity_max_sharpe,2022-04-01,NVDA,0.09999999999999998
equity_max_sharpe,2022-05-02,NVDA,0.09897825039935784
equity_max_sharpe,2022-06-01,NVDA,0.06914331727847864
equity_max_sharpe,2022-07-01,NVDA,0.03626060296900617
equity_max_sharpe,2022-08-01,NVDA,0.05339703713809163
equity_max_sharpe,2022-09-01,NVDA,0.003897945819306474
equity_max_sharpe,2022-10-03,NVDA,7.852121781227247e-18
equity_max_sharpe,2022-11-01,NVDA,3.102929506678061e-17
equity_max_sharpe,2022-12-01,NVDA,0.0
equity_max_sharpe,2023-01-03,NVDA,0.0
equity_max_sharpe,2023-02-01,NVDA,0.009250107577739076
equity_max_sharpe,2023-03-01,NVDA,0.05293210799886249
equity_max_sharpe,2023-04-03,NVDA,0.09999999999999992
equity_max_sharpe,2023-05-01,NVDA,0.09022263802197589
equity_max_sharpe,2023-06-01,NVDA,0.09999999999999996
equity_max_sharpe,2023-07-03,NVDA,0.09999999999999991
equity_max_sharpe,2023-08-01,NVDA,0.09999999999999988
equity_max_sharpe,2023-09-01,NVDA,0.09999999999999987
equity_max_sharpe,2023-10-02,NVDA,0.09999999999999994
equity_max_sharpe,2023-11-01,NVDA,0.09999999999999985
equity_max_sharpe,2023-12-01,NVDA,0.03701637851429246
equity_max_sharpe,2022-01-03,O,3.430066169654113e-17
equity_max_sharpe,2022-02-01,O,0.0
equity_max_sharpe,2022-03-01,O,8.250240802467488e-18
equity_max_sharpe,2022-04-01,O,3.2351982565725006e-18
equity_max_sharpe,2022-05-02,O,6.043921478683528e-18
equity_max_sharpe,2022-06-01,O,0.0
equity_max_sharpe,2022-07-01,O,0.0
equity_max_sharpe,2022-08-01,O,0.0
equity_max_sharpe,2022-09-01,O,2.652536938746515e-18
equity_max_sharpe,2022-10-03,O,2.5510814528327137e-17
equity_max_sharpe,2022-11-01,O,0.0
equity_max_sharpe,2022-12-01,O,7.737922894022151e-18
equity_max_sharpe,2023-01-03,O,1.2184534272752976e-17
equity_max_sharpe,2023-02-01,O,0.020524900352413167
equity_max_sharpe,2023-03-01,O,5.53261424171296e-17
equity_max_sharpe,2023-04-03,O,0.0
equity_max_sharpe,2023-05-01,O,0.0
equity_max_sharpe,2023-06-01,O,8.223546766771708e-17
equity_max_sharpe,2023-07-03,O,1.444282389824641e-17
equity_max_sharpe,2023-08-01,O,0.0
equity_max_sharpe,2023-09-01,O,0.0
equity_max_sharpe,2023-10-02,O,1.941018962629365e-17
equity_max_sharpe,2023-11-01,O,0.0
equity_max_sharpe,2023-12-01,O,0.0
equity_max_sharpe,2022-01-03,OXY,7.504622232437079e-17
equity_max_sharpe,2022-02-01,OXY,0.0
equity_max_sharpe,2022-03-01,OXY,7.634816344212284e-17
equity_max_sharpe,2022-04-01,OXY,0.029493101189130892
equity_max_sharpe,2022-05-02,OXY,0.036548620727026936
equity_max_sharpe,2022-06-01,OXY,0.09999999999999998
equity_max_sharpe,2022-07-01,OXY,0.08490564535819267
equity_max_sharpe,2022-08-01,OXY,0.09004561772761335
equity_max_sharpe,2022-09-01,OXY,0.09999999999999996
equity_max_sharpe,2022-10-03,OXY,0.09999999999999998
equity_max_sharpe,2022-11-01,OXY,0.09999999999999996
equity_max_sharpe,2022-12-01,OXY,0.09129754876295443
equity_max_sharpe,2023-01-03,OXY,0.0708275098143762
equity_max_sharpe,2023-02-01,OXY,0.05492356194293658
equity_max_sharpe,2023-03-01,OXY,0.043526768571179805
equity_max_sharpe,2023-04-03,OXY,0.09569132777338898
equity_max_sharpe,2023-05-01,OXY,0.09423869637871078
equity_max_sharpe,2023-06-01,OXY,0.09999999999999995
equity_max_sharpe,2023-07-03,OXY,0.04148408588558321
equity_max_sharpe,2023-08-01,OXY,0.09977606518400346
equity_max_sharpe,2023-09-01,OXY,0.09999999999999996
equity_max_sharpe,2023-10-02,OXY,0.09999999999999994
equity_max_sharpe,2023-11-01,OXY,0.09999999999999985
equity_max_sharpe,2023-12-01,OXY,0.09999999999999992
equity_max_sharpe,2022-01-03,PLD,0.058828799681343365
equity_max_sharpe,2022-02-01,PLD,0.02203983164370012
equity_max_sharpe,2022-03-01,PLD,4.8245971901513066e-17
equity_max_sharpe,2022-04-01,PLD,0.08757986385972315
equity_max_sharpe,2022-05-02,PLD,0.07580554528231058
equity_max_sharpe,2022-06-01,PLD,0.0
equity_max_sharpe,2022-07-01,PLD,1.22281356264391e-17
equity_max_sharpe,2022-08-01,PLD,0.0
equity_max_sharpe,2022-09-01,PLD,3.40334492595934e-17
equity_max_sharpe,2022-10-03,PLD,3.293722183410303e-17
equity_max_sharpe,2022-11-01,PLD,0.0
equity_max_sharpe,2022-12-01,PLD,8.342247386016516e-18
equity_max_sharpe,2023-01-03,PLD,0.0
equity_max_sharpe,2023-02-01,PLD,8.932339555593206e-18
equity_max_sharpe,2023-03-01,PLD,0.0
equity_max_sharpe,2023-04-03,PLD,9.770851237048225e-18
equity_max_sharpe,2023-05-01,PLD,5.801189649662306e-18
equity_max_sharpe,2023-06-01,PLD,0.0
equity_max_sharpe,2023-07-03,PLD,0.0
equity_max_sharpe,2023-08-01,PLD,1.764063160312968e-17
equity_max_sharpe,2023-09-01,PLD,0.0
equity_max_sharpe,2023-10-02,PLD,0.0
equity_max_sharpe,2023-11-01,PLD,1.5881988015656413e-17
equity_max_sharpe,2023-12-01,PLD,2.120537308335388e-18
equity_max_sharpe,2022-01-03,PSA,0.09999999999999976
equity_max_sharpe,2022-02-01,PSA,0.1
equity_max_sharpe,2022-03-01,PSA,0.09999999999999998
equity_max_sharpe,2022-04-01,PSA,0.09999999999999994
equity_max_sharpe,2022-05-02,PSA,0.09999999999999998
equity_max_sharpe,2022-06-01,PSA,0.09999999999999994
equity_max_sharpe,2022-07-01,PSA,0.09999999999999994
equity_max_sharpe,2022-08-01,PSA,0.09999999999999994
equity_max_sharpe,2022-09-01,PSA,0.09999999999999996
equity_max_sharpe,2022-10-03,PSA,0.09999999999999998
equity_max_sharpe,2022-11-01,PSA,0.09999999999999998
equity_max_sharpe,2022-12-01,PSA,0.09999999999999995
equity_max_sharpe,2023-01-03,PSA,0.07004094060855191
equity_max_sharpe,2023-02-01,PSA,0.09999999999999991
equity_max_sharpe,2023-03-01,PSA,0.09999999999999992
equity_max_sharpe,2023-04-03,PSA,0.07498198485233343
equity_max_sharpe,2023-05-01,PSA,0.0
equity_max_sharpe,2023-06-01,PSA,1.6524599810386298e-17
equity_max_sharpe,2023-07-03,PSA,0.0
equity_max_sharpe,2023-08-01,PSA,2.146750184078471e-17
equity_max_sharpe,2023-09-01,PSA,2.2234854069440248e-17
equity_max_sharpe,2023-10-02,PSA,0.0
equity_max_sharpe,2023-11-01,PSA,0.0
equity_max_sharpe,2023-12-01,PSA,0.0
equity_max_sharpe,2022-01-03,QCOM,0.03765400110131531
equity_max_sharpe,2022-02-01,QCOM,0.07882446893078333
equity_max_sharpe,2022-03-01,QCOM,0.04731940818008685
equity_max_sharpe,2022-04-01,QCOM,0.0
equity_max_sharpe,2022-05-02,QCOM,0.0
equity_max_sharpe,2022-06-01,QCOM,2.066946599991629e-17
equity_max_sharpe,2022-07-01,QCOM,1.3510608778268303e-16
equity_max_sharpe,2022-08-01,QCOM,0.021611218856041555
equity_max_sharpe,2022-09-01,QCOM,0.0
equity_max_sharpe,2022-10-03,QCOM,2.4338792821698047e-17
equity_max_sharpe,2022-11-01,QCOM,0.0
equity_max_sharpe,2022-12-01,QCOM,0.0
equity_max_sharpe,2023-01-03,QCOM,1.1648802511559028e-17
equity_max_sharpe,2023-02-01,QCOM,0.0
equity_max_sharpe,2023-03-01,QCOM,0.0
equity_max_sharpe,2023-04-03,QCOM,0.0
equity_max_sharpe,2023-05-01,QCOM,0.0
equity_max_sharpe,2023-06-01,QCOM,0.0
equity_max_sharpe,2023-07-03,QCOM,4.751532297029648e-17
equity_max_sharpe,2023-08-01,QCOM,2.289224960416904e-17
equity_max_sharpe,2023-09-01,QCOM,0.0
equity_max_sharpe,2023-10-02,QCOM,0.0
equity_max_sharpe,2023-11-01,QCOM,0.0
equity_max_sharpe,2023-12-01,QCOM,0.0
equity_max_sharpe,2022-01-03,SBUX,0.0
equity_max_sharpe,2022-02-01,SBUX,8.82610238019244e-18
equity_max_sharpe,2022-03-01,SBUX,2.435726050877765e-17
equity_max_sharpe,2022-04-01,SBUX,1.0543106510615958e-17
equity_max_sharpe,2022-05-02,SBUX,0.0
equity_max_sharpe,2022-06-01,SBUX,0.0
equity_max_sharpe,2022-07-01,SBUX,0.0
equity_max_sharpe,2022-08-01,SBUX,2.532303348185827e-17
equity_max_sharpe,2022-09-01,SBUX,0.0
equity_max_sharpe,2022-10-03,SBUX,8.014436470351434e-18
equity_max_sharpe,2022-11-01,SBUX,0.0
equity_max_sharpe,2022-12-01,SBUX,0.0
equity_max_sharpe,2023-01-03,SBUX,0.0
equity_max_sharpe,2023-02-01,SBUX,0.0
equity_max_sharpe,2023-03-01,SBUX,3.5848332961020936e-18
equity_max_sharpe,2023-04-03,SBUX,0.0
equity_max_sharpe,2023-05-01,SBUX,0.0
equity_max_sharpe,2023-06-01,SBUX,0.0
equity_max_sharpe,2023-07-03,SBUX,0.0
equity_max_sharpe,2023-08-01,SBUX,0.0
equity_max_sharpe,2023-09-01,SBUX,0.0
equity_max_sharpe,2023-10-02,SBUX,0.0
equity_max_sharpe,2023-11-01,SBUX,0.0
equity_max_sharpe,2023-12-01,SBUX,0.0
equity_max_sharpe,2022-01-03,SHW,0.07958661251771684
equity_max_sharpe,2022-02-01,SHW,0.0
equity_max_sharpe,2022-03-01,SHW,2.6233279668268315e-17
equity_max_sharpe,2022-04-01,SHW,6.208275743600198e-17
equity_max_sharpe,2022-05-02,SHW,0.04816033989469701
equity_max_sharpe,2022-06-01,SHW,0.038458576045522344
equity_max_sharpe,2022-07-01,SHW,1.2200954439222189e-18
equity_max_sharpe,2022-08-01,SHW,0.0
equity_max_sharpe,2022-09-01,SHW,0.0
equity_max_sharpe,2022-10-03,SHW,1.2342219424861399e-17
equity_max_sharpe,2022-11-01,SHW,3.4052408880197387e-18
equity_max_sharpe,2022-12-01,SHW,0.0
equity_max_sharpe,2023-01-03,SHW,4.032166694979233e-18
equity_max_sharpe,2023-02-01,SHW,0.0
equity_max_sharpe,2023-03-01,SHW,0.0
equity_max_sharpe,2023-04-03,SHW,8.950240025901145e-18
equity_max_sharpe,2023-05-01,SHW,0.0
equity_max_sharpe,2023-06-01,SHW,4.7247551425326186e-17
equity_max_sharpe,2023-07-03,SHW,0.0
equity_max_sharpe,2023-08-01,SHW,1.7037686539608827e-17
equity_max_sharpe,2023-09-01,SHW,0.0
equity_max_sharpe,2023-10-02,SHW,0.0
equity_max_sharpe,2023-11-01,SHW,0.0
equity_max_sharpe,2023-12-01,SHW,0.0
equity_max_sharpe,2022-01-03,SLB,1.632013594360609e-17
equity_max_sharpe,2022-02-01,SLB,0.0
equity_max_sharpe,2022-03-01,SLB,1.6672712913490623e-17
equity_max_sharpe,2022-04-01,SLB,0.0019275361640488187
equity_max_sharpe,2022-05-02,SLB,0.006581467866842096
equity_max_sharpe,2022-06-01,SLB,0.0
equity_max_sharpe,2022-07-01,SLB,1.4854109488851435e-16
equity_max_sharpe,2022-08-01,SLB,0.0
equity_max_sharpe,2022-09-01,SLB,0.0
equity_max_sharpe,2022-10-03,SLB,0.0
equity_max_sharpe,2022-11-01,SLB,9.397375457974324e-17
equity_max_sharpe,2022-12-01,SLB,2.4684858619816104e-17
equity_max_sharpe,2023-01-03,SLB,1.664294384550679e-17
equity_max_sharpe,2023-02-01,SLB,0.006715613334973758
equity_max_sharpe,2023-03-01,SLB,0.008343199276554133
equity_max_sharpe,2023-04-03,SLB,0.0
equity_max_sharpe,2023-05-01,SLB,0.0
equity_max_sharpe,2023-06-01,SLB,0.0
equity_max_sharpe,2023-07-03,SLB,2.0727330763464055e-16
equity_max_sharpe,2023-08-01,SLB,0.039909748240001625
equity_max_sharpe,2023-09-01,SLB,0.06892782707473138
equity_max_sharpe,2023-10-02,SLB,0.05036674018897106
equity_max_sharpe,2023-11-01,SLB,0.0741011031635912
equity_max_sharpe,2023-12-01,SLB,0.07151346643642542
equity_max_sharpe,2022-01-03,SO,3.4697412775252113e-17
equity_max_sharpe,2022-02-01,SO,1.2653825255939435e-17
equity_max_sharpe,2022-03-01,SO,0.0
equity_max_sharpe,2022-04-01,SO,1.0089208883467796e-17
equity_max_sharpe,2022-05-02,SO,0.029524121335753557
equity_max_sharpe,2022-06-01,SO,0.09999999999999994
equity_max_sharpe,2022-07-01,SO,0.09999999999999991
equity_max_sharpe,2022-08-01,SO,0.09999999999999991
equity_max_sharpe,2022-09-01,SO,0.09999999999999996
equity_max_sharpe,2022-10-03,SO,0.09999999999999998
equity_max_sharpe,2022-11-01,SO,6.696632588961145e-17
equity_max_sharpe,2022-12-01,SO,1.9209953294167857e-17
equity_max_sharpe,2023-01-03,SO,0.04642370921836231
equity_max_sharpe,2023-02-01,SO,0.021081799233890242
equity_max_sharpe,2023-03-01,SO,0.008740026324273212
equity_max_sharpe,2023-04-03,SO,0.07009927038634468
equity_max_sharpe,2023-05-01,SO,0.09999999999999994
equity_max_sharpe,2023-06-01,SO,0.09999999999999996
equity_max_sharpe,2023-07-03,SO,0.09999999999999994
equity_max_sharpe,2023-08-01,SO,0.09999999999999994
equity_max_sharpe,2023-09-01,SO,0.0224765481370293
equity_max_sharpe,2023-10-02,SO,0.029889700571185642
equity_max_sharpe,2023-11-01,SO,0.055805809592168965
equity_max_sharpe,2023-12-01,SO,0.08226697022349927
equity_max_sharpe,2022-01-03,T,6.857827977017621e-17
equity_max_sharpe,2022-02-01,T,1.2505994272157972e-17
equity_max_sharpe,2022-03-01,T,0.0
equity_max_sharpe,2022-04-01,T,2.4867180305786643e-17
equity_max_sharpe,2022-05-02,T,0.0
equity_max_sharpe,2022-06-01,T,0.0
equity_max_sharpe,2022-07-01,T,2.9477779585249732e-18
equity_max_sharpe,2022-08-01,T,0.0
equity_max_sharpe,2022-09-01,T,0.0
equity_max_sharpe,2022-10-03,T,1.8124884560829015e-17
equity_max_sharpe,2022-11-01,T,2.3057606985239276e-17
equity_max_sharpe,2022-12-01,T,3.0560388695189404e-17
equity_max_sharpe,2023-01-03,T,0.0
equity_max_sharpe,2023-02-01,T,1.494487790980575e-18
equity_max_sharpe,2023-03-01,T,0.0
equity_max_sharpe,2023-04-03,T,0.0
equity_max_sharpe,2023-05-01,T,0.0
equity_max_sharpe,2023-06-01,T,2.783112947261765e-17
equity_max_sharpe,2023-07-03,T,1.419863359420683e-17
equity_max_sharpe,2023-08-01,T,5.878571632302489e-17
equity_max_sharpe,2023-09-01,T,3.850874491637251e-18
equity_max_sharpe,2023-10-02,T,0.0
equity_max_sharpe,2023-11-01,T,1.0527738701572409e-17
equity_max_sharpe,2023-12-01,T,0.0
equity_max_sharpe,2022-01-03,TMUS,6.202904829676546e-17
equity_max_sharpe,2022-02-01,TMUS,1.523773024765952e-17
equity_max_sharpe,2022-03-01,TMUS,4.200710148179183e-17
equity_max_sharpe,2022-04-01,TMUS,0.0
equity_max_sharpe,2022-05-02,TMUS,1.1731417868449765e-17
equity_max_sharpe,2022-06-01,TMUS,4.253543965654323e-18
equity_max_sharpe,2022-07-01,TMUS,0.0
equity_max_sharpe,2022-08-01,TMUS,0.00011683273437445408
equity_max_sharpe,2022-09-01,TMUS,0.011680075709132971
equity_max_sharpe,2022-10-03,TMUS,0.020537274581154497
equity_max_sharpe,2022-11-01,TMUS,0.044194835737067485
equity_max_sharpe,2022-12-01,TMUS,5.057719640615495e-18
equity_max_sharpe,2023-01-03,TMUS,2.6171151168768165e-17
equity_max_sharpe,2023-02-01,TMUS,1.7595425012338185e-17
equity_max_sharpe,2023-03-01,TMUS,1.0273725091868298e-16
equity_max_sharpe,2023-04-03,TMUS,0.0
equity_max_sharpe,2023-05-01,TMUS,0.0
equity_max_sharpe,2023-06-01,TMUS,0.0
equity_max_sharpe,2023-07-03,TMUS,1.4412578336055554e-17
equity_max_sharpe,2023-08-01,TMUS,3.84793643978328e-17
equity_max_sharpe,2023-09-01,TMUS,8.13204016600377e-17
equity_max_sharpe,2023-10-02,TMUS,1.954283316819803e-16
equity_max_sharpe,2023-11-01,TMUS,0.04519554610513072
equity_max_sharpe,2023-12-01,TMUS,0.09163261217152839
equity_max_sharpe,2022-01-03,TTWO,0.020321673635734592
equity_max_sharpe,2022-02-01,TTWO,0.0018988558644649765
equity_max_sharpe,2022-03-01,TTWO,0.05495555952431477
equity_max_sharpe,2022-04-01,TTWO,0.00821038630014681
equity_max_sharpe,2022-05-02,TTWO,0.0
equity_max_sharpe,2022-06-01,TTWO,5.636133558995134e-18
equity_max_sharpe,2022-07-01,TTWO,0.0
equity_max_sharpe,2022-08-01,TTWO,3.079401649234412e-17
equity_max_sharpe,2022-09-01,TTWO,0.0
equity_max_sharpe,2022-10-03,TTWO,1.8046735123295183e-17
equity_max_sharpe,2022-11-01,TTWO,3.73953684305084e-18
equity_max_sharpe,2022-12-01,TTWO,2.4584221924759535e-17
equity_max_sharpe,2023-01-03,TTWO,0.0
equity_max_sharpe,2023-02-01,TTWO,4.2178317300710615e-17
equity_max_sharpe,2023-03-01,TTWO,5.2060605697941716e-18
equity_max_sharpe,2023-04-03,TTWO,0.0
equity_max_sharpe,2023-05-01,TTWO,8.588232170830574e-19
equity_max_sharpe,2023-06-01,TTWO,1.5448045316962088e-17
equity_max_sharpe,2023-07-03,TTWO,4.486708878451764e-17
equity_max_sharpe,2023-08-01,TTWO,6.776750395498068e-17
equity_max_sharpe,2023-09-01,TTWO,0.0
equity_max_sharpe,2023-10-02,TTWO,0.0
equity_max_sharpe,2023-11-01,TTWO,0.0
equity_max_sharpe,2023-12-01,TTWO,6.022080474188143e-20
equity_max_sharpe,2022-01-03,UPS,0.09999999999999996
equity_max_sharpe,2022-02-01,UPS,0.1
equity_max_sharpe,2022-03-01,UPS,0.09999999999999994
equity_max_sharpe,2022-04-01,UPS,0.09999999999999992
equity_max_sharpe,2022-05-02,UPS,0.08229987375596456
equity_max_sharpe,2022-06-01,UPS,0.09999999999999992
equity_max_sharpe,2022-07-01,UPS,0.09999999999999994
equity_max_sharpe,2022-08-01,UPS,0.09328611197177768
equity_max_sharpe,2022-09-01,UPS,7.475565526859021e-17
equity_max_sharpe,2022-10-03,UPS,5.912429023375744e-18
equity_max_sharpe,2022-11-01,UPS,3.4456493642886395e-17
equity_max_sharpe,2022-12-01,UPS,0.0
equity_max_sharpe,2023-01-03,UPS,4.362539083952661e-17
equity_max_sharpe,2023-02-01,UPS,8.122181710928033e-17
equity_max_sharpe,2023-03-01,UPS,7.688284279657642e-17
equity_max_sharpe,2023-04-03,UPS,0.0
equity_max_sharpe,2023-05-01,UPS,0.0
equity_max_sharpe,2023-06-01,UPS,3.780061433977129e-18
equity_max_sharpe,2023-07-03,UPS,4.189703800444486e-18
equity_max_sharpe,2023-08-01,UPS,0.0
equity_max_sharpe,2023-09-01,UPS,0.0
equity_max_sharpe,2023-10-02,UPS,0.0
equity_max_sharpe,2023-11-01,UPS,0.0
equity_max_sharpe,2023-12-01,UPS,2.5371777091249772e-18
equity_max_sharpe,2022-01-03,USB,5.614488521937106e-17
equity_max_sharpe,2022-02-01,USB,3.2615277756974177e-17
equity_max_sharpe,2022-03-01,USB,1.8522209353820388e-17
equity_max_sharpe,2022-04-01,USB,0.0
equity_max_sharpe,2022-05-02,USB,0.0
equity_max_sharpe,2022-06-01,USB,0.0
equity_max_sharpe,2022-07-01,USB,0.0
equity_max_sharpe,2022-08-01,USB,0.0
equity_max_sharpe,2022-09-01,USB,2.6991788209953035e-17
equity_max_sharpe,2022-10-03,USB,1.9385990882351557e-17
equity_max_sharpe,2022-11-01,USB,0.0
equity_max_sharpe,2022-12-01,USB,0.0
equity_max_sharpe,2023-01-03,USB,0.0
equity_max_sharpe,2023-02-01,USB,0.0
equity_max_sharpe,2023-03-01,USB,2.658139149752077e-18
equity_max_sharpe,2023-04-03,USB,3.694683936019628e-17
equity_max_sharpe,2023-05-01,USB,0.0
equity_max_sharpe,2023-06-01,USB,1.3373303735234729e-17
equity_max_sharpe,2023-07-03,USB,7.200283685813283e-17
equity_max_sharpe,2023-08-01,USB,2.7887133530482465e-18
equity_max_sharpe,2023-09-01,USB,1.6145322570079308e-17
equity_max_sharpe,2023-10-02,USB,1.3091028580686978e-17
equity_max_sharpe,2023-11-01,USB,0.0
equity_max_sharpe,2023-12-01,USB,0.0
equity_max_sharpe,2022-01-03,V,5.749308630857204e-17
equity_max_sharpe,2022-02-01,V,4.954028838207188e-17
equity_max_sharpe,2022-03-01,V,1.2860952379295634e-17
equity_max_sharpe,2022-04-01,V,0.0
equity_max_sharpe,2022-05-02,V,1.3864498873403557e-17
equity_max_sharpe,2022-06-01,V,7.817516297500257e-18
equity_max_sharpe,2022-07-01,V,4.850205689480847e-17
equity_max_sharpe,2022-08-01,V,0.0
equity_max_sharpe,2022-09-01,V,0.0
equity_max_sharpe,2022-10-03,V,0.0
equity_max_sharpe,2022-11-01,V,0.0
equity_max_sharpe,2022-12-01,V,0.0
equity_max_sharpe,2023-01-03,V,0.0
equity_max_sharpe,2023-02-01,V,0.0
equity_max_sharpe,2023-03-01,V,2.4835679712807818e-17
equity_max_sharpe,2023-04-03,V,2.648278423378236e-17
equity_max_sharpe,2023-05-01,V,2.800322340960654e-17
equity_max_sharpe,2023-06-01,V,3.597486709144793e-17
equity_max_sharpe,2023-07-03,V,6.806635386891504e-17
equity_max_sharpe,2023-08-01,V,0.0
equity_max_sharpe,2023-09-01,V,0.0
equity_max_sharpe,2023-10-02,V,0.0
equity_max_sharpe,2023-11-01,V,0.0
equity_max_sharpe,2023-12-01,V,0.01804389527585664
equity_max_sharpe,2022-01-03,WFC,1.298218699914673e-17
equity_max_sharpe,2022-02-01,WFC,0.0
equity_max_sharpe,2022-03-01,WFC,0.0
equity_max_sharpe,2022-04-01,WFC,1.558165652667824e-17
equity_max_sharpe,2022-05-02,WFC,0.0
equity_max_sharpe,2022-06-01,WFC,0.0
equity_max_sharpe,2022-07-01,WFC,8.751252985751967e-17
equity_max_sharpe,2022-08-01,WFC,0.0
equity_max_sharpe,2022-09-01,WFC,0.0078043656106021675
equity_max_sharpe,2022-10-03,WFC,0.010986650209597174
equity_max_sharpe,2022-11-01,WFC,0.030800780247720393
equity_max_sharpe,2022-12-01,WFC,0.0
equity_max_sharpe,2023-01-03,WFC,1.3510511202678796e-16
equity_max_sharpe,2023-02-01,WFC,0.0
equity_max_sharpe,2023-03-01,WFC,2.1006346193728744e-16
equity_max_sharpe,2023-04-03,WFC,0.0
equity_max_sharpe,2023-05-01,WFC,0.0
equity_max_sharpe,2023-06-01,WFC,5.388076121199389e-17
equity_max_sharpe,2023-07-03,WFC,0.0
equity_max_sharpe,2023-08-01,WFC,0.0
equity_max_sharpe,2023-09-01,WFC,5.183125637085354e-17
equity_max_sharpe,2023-10-02,WFC,0.0
equity_max_sharpe,2023-11-01,WFC,0.0
equity_max_sharpe,2023-12-01,WFC,1.2145071632174838e-17
equity_max_sharpe,2022-01-03,WMT,3.682435525345643e-17
equity_max_sharpe,2022-02-01,WMT,0.023917927518746128
equity_max_sharpe,2022-03-01,WMT,0.03957998112698204
equity_max_sharpe,2022-04-01,WMT,0.03876648969632559
equity_max_sharpe,2022-05-02,WMT,0.058752615437227464
equity_max_sharpe,2022-06-01,WMT,8.87478770485693e-19
equity_max_sharpe,2022-07-01,WMT,4.672021978817904e-18
equity_max_sharpe,2022-08-01,WMT,2.1929428829157965e-17
equity_max_sharpe,2022-09-01,WMT,1.3124814339507663e-17
equity_max_sharpe,2022-10-03,WMT,0.0
equity_max_sharpe,2022-11-01,WMT,1.476861521687412e-17
equity_max_sharpe,2022-12-01,WMT,9.249598027373002e-18
equity_max_sharpe,2023-01-03,WMT,0.0
equity_max_sharpe,2023-02-01,WMT,1.0924901523120148e-17
equity_max_sharpe,2023-03-01,WMT,6.151435712709712e-17
equity_max_sharpe,2023-04-03,WMT,0.0
equity_max_sharpe,2023-05-01,WMT,0.009570464161225714
equity_max_sharpe,2023-06-01,WMT,0.026802041236337136
equity_max_sharpe,2023-07-03,WMT,0.06196992187513295
equity_max_sharpe,2023-08-01,WMT,0.0499970230114258
equity_max_sharpe,2023-09-01,WMT,0.058144222572388424
equity_max_sharpe,2023-10-02,WMT,0.08238323416048134
equity_max_sharpe,2023-11-01,WMT,0.04726849949745882
equity_max_sharpe,2023-12-01,WMT,0.029258547255665124
equity_max_sharpe,2022-01-03,XOM,0.0
equity_max_sharpe,2022-02-01,XOM,1.1149331226808893e-16
equity_max_sharpe,2022-03-01,XOM,0.03451891073135783
equity_max_sharpe,2022-04-01,XOM,8.773551639536503e-17
equity_max_sharpe,2022-05-02,XOM,0.017097800743217106
equity_max_sharpe,2022-06-01,XOM,0.024090940351946748
equity_max_sharpe,2022-07-01,XOM,0.060064486909197586
equity_max_sharpe,2022-08-01,XOM,0.09999999999999991
equity_max_sharpe,2022-09-01,XOM,0.09999999999999996
equity_max_sharpe,2022-10-03,XOM,0.09999999999999998
equity_max_sharpe,2022-11-01,XOM,0.09999999999999998
equity_max_sharpe,2022-12-01,XOM,0.09999999999999996
equity_max_sharpe,2023-01-03,XOM,0.09999999999999995
equity_max_sharpe,2023-02-01,XOM,0.09999999999999991
equity_max_sharpe,2023-03-01,XOM,0.09999999999999985
equity_max_sharpe,2023-04-03,XOM,0.09999999999999991
equity_max_sharpe,2023-05-01,XOM,0.09999999999999994
equity_max_sharpe,2023-06-01,XOM,0.09999999999999994
equity_max_sharpe,2023-07-03,XOM,0.09999999999999992
equity_max_sharpe,2023-08-01,XOM,0.09999999999999994
equity_max_sharpe,2023-09-01,XOM,0.09999999999999984
equity_max_sharpe,2023-10-02,XOM,0.09999999999999992
equity_max_sharpe,2023-11-01,XOM,0.09999999999999985
equity_max_sharpe,2023-12-01,XOM,0.09999999999999992
equity_risk_parity,2022-01-03,ABBV,0.026652892847317304
equity_risk_parity,2022-02-01,ABBV,0.026804481170797253
equity_risk_parity,2022-03-01,ABBV,0.027143872871522562
equity_risk_parity,2022-04-01,ABBV,0.029272781541115726
equity_risk_parity,2022-05-02,ABBV,0.029058171868859464
equity_risk_parity,2022-06-01,ABBV,0.027695169617771246
equity_risk_parity,2022-07-01,ABBV,0.02755210592388491
equity_risk_parity,2022-08-01,ABBV,0.027892339959044235
equity_risk_parity,2022-09-01,ABBV,0.027655117133359646
equity_risk_parity,2022-10-03,ABBV,0.027992653892131868
equity_risk_parity,2022-11-01,ABBV,0.029395022576415842
equity_risk_parity,2022-12-01,ABBV,0.03022925394436598
equity_risk_parity,2023-01-03,ABBV,0.030670572841202393
equity_risk_parity,2023-02-01,ABBV,0.032007671465244414
equity_risk_parity,2023-03-01,ABBV,0.032522386404088485
equity_risk_parity,2023-04-03,ABBV,0.03297429806972826
equity_risk_parity,2023-05-01,ABBV,0.03388709005710934
equity_risk_parity,2023-06-01,ABBV,0.03354047894509568
equity_risk_parity,2023-07-03,ABBV,0.033562038287322404
equity_risk_parity,2023-08-01,ABBV,0.03406460769125958
equity_risk_parity,2023-09-01,ABBV,0.03428107015402102
equity_risk_parity,2023-10-02,ABBV,0.034724892421248696
equity_risk_parity,2023-11-01,ABBV,0.034634595211183526
equity_risk_parity,2023-12-01,ABBV,0.035286628482067615
equity_risk_parity,2022-01-03,ABT,0.023208884402997558
equity_risk_parity,2022-02-01,ABT,0.023182897269930027
equity_risk_parity,2022-03-01,ABT,0.023120416220043766
equity_risk_parity,2022-04-01,ABT,0.02529483256774822
equity_risk_parity,2022-05-02,ABT,0.023290460433643634
equity_risk_parity,2022-06-01,ABT,0.022566837524129826
equity_risk_parity,2022-07-01,ABT,0.022404013579027066
equity_risk_parity,2022-08-01,ABT,0.022110337249500144
equity_risk_parity,2022-09-01,ABT,0.021969717354036366
equity_risk_parity,2022-10-03,ABT,0.022709011097651624
equity_risk_parity,2022-11-01,ABT,0.02260791256597331
equity_risk_parity,2022-12-01,ABT,0.02181211503183314
equity_risk_parity,2023-01-03,ABT,0.021509301294742784
equity_risk_parity,2023-02-01,ABT,0.02126820270634496
equity_risk_parity,2023-03-01,ABT,0.02099940964656599
equity_risk_parity,2023-04-03,ABT,0.020845350472087815
equity_risk_parity,2023-05-01,ABT,0.020866747170133447
equity_risk_parity,2023-06-01,ABT,0.020980549736973834
equity_risk_parity,2023-07-03,ABT,0.020977015787304737
equity_risk_parity,2023-08-01,ABT,0.02076681719097747
equity_risk_parity,2023-09-01,ABT,0.020620350737846332
equity_risk_parity,2023-10-02,ABT,0.02045052175804687
equity_risk_parity,2023-11-01,ABT,0.02097967528861295
equity_risk_parity,2023-12-01,ABT,0.02090366443964687
equity_risk_parity,2022-01-03,ADBE,0.019325811542005255
equity_risk_parity,2022-02-01,ADBE,0.019158363798581247
equity_risk_parity,2022-03-01,ADBE,0.018878866033579998
equity_risk_parity,2022-04-01,ADBE,0.01899158388310476
equity_risk_parity,2022-05-02,ADBE,0.01890120318452907
equity_risk_parity,2022-06-01,ADBE,0.01750504818532381
equity_risk_parity,2022-07-01,ADBE,0.016641298091060283
equity_risk_parity,2022-08-01,ADBE,0.016286472765637584
equity_risk_parity,2022-09-01,ADBE,0.015795482480269487
equity_risk_parity,2022-10-03,ADBE,0.015403412836006632
equity_risk_parity,2022-11-01,ADBE,0.015816742379140214
equity_risk_parity,2022-12-01,ADBE,0.014603801869096133
equity_risk_parity,2023-01-03,ADBE,0.014447771443622285
equity_risk_parity,2023-02-01,ADBE,0.014393025647999066
equity_risk_parity,2023-03-01,ADBE,0.014305730494700202
equity_risk_parity,2023-04-03,ADBE,0.014189824490939897
equity_risk_parity,2023-05-01,ADBE,0.014261664285455113
equity_risk_parity,2023-06-01,ADBE,0.014106663868052548
equity_risk_parity,2023-07-03,ADBE,0.013921543993143428
equity_risk_parity,2023-08-01,ADBE,0.013819595567855612
equity_risk_parity,2023-09-01,ADBE,0.013735396817660471
equity_risk_parity,2023-10-02,ADBE,0.013661053984379473
equity_risk_parity,2023-11-01,ADBE,0.013678398274996414
equity_risk_parity,2023-12-01,ADBE,0.013628691015579134
equity_risk_parity,2022-01-03,AEP,0.024880677713074863
equity_risk_parity,2022-02-01,AEP,0.024946551406690623
equity_risk_parity,2022-03-01,AEP,0.02510499308543016
equity_risk_parity,2022-04-01,AEP,0.025593847019870886
equity_risk_parity,2022-05-02,AEP,0.028712158628792502
equity_risk_parity,2022-06-01,AEP,0.030785158150521574
equity_risk_parity,2022-07-01,AEP,0.030223332408634715
equity_risk_parity,2022-08-01,AEP,0.030147866107728127
equity_risk_parity,2022-09-01,AEP,0.030075275418308012
equity_risk_parity,2022-10-03,AEP,0.028180842498923466
equity_risk_parity,2022-11-01,AEP,0.02652834909133404
equity_risk_parity,2022-12-01,AEP,0.02615137032453062
equity_risk_parity,2023-01-03,AEP,0.026027282233497064
equity_risk_parity,2023-02-01,AEP,0.025547488924980682
equity_risk_parity,2023-03-01,AEP,0.02505987132080323
equity_risk_parity,2023-04-03,AEP,0.024814422063065923
equity_risk_parity,2023-05-01,AEP,0.024726259597166487
equity_risk_parity,2023-06-01,AEP,0.024659978096218428
equity_risk_parity,2023-07-03,AEP,0.024705272188667377
equity_risk_parity,2023-08-01,AEP,0.024513071007965886
equity_risk_parity,2023-09-01,AEP,0.024461100944616385
equity_risk_parity,2023-10-02,AEP,0.0243418817635935
equity_risk_parity,2023-11-01,AEP,0.023810301969621663
equity_risk_parity,2023-12-01,AEP,0.02340187657683445
equity_risk_parity,2022-01-03,AMD,0.01708574035267904
equity_risk_parity,2022-02-01,AMD,0.016891926858324226
equity_risk_parity,2022-03-01,AMD,0.016753774501192448
equity_risk_parity,2022-04-01,AMD,0.014838559779761704
equity_risk_parity,2022-05-02,AMD,0.014054472564366297
equity_risk_parity,2022-06-01,AMD,0.012668550973391729
equity_risk_parity,2022-07-01,AMD,0.011667300035939153
equity_risk_parity,2022-08-01,AMD,0.011444387371907115
equity_risk_parity,2022-09-01,AMD,0.01150622067711445
equity_risk_parity,2022-10-03,AMD,0.011328497666021828
equity_risk_parity,2022-11-01,AMD,0.01122792671558047
equity_risk_parity,2022-12-01,AMD,0.010329052954072939
equity_risk_parity,2023-01-03,AMD,0.010225149879638306
equity_risk_parity,2023-02-01,AMD,0.010045542564160211
equity_risk_parity,2023-03-01,AMD,0.009980350358926594
equity_risk_parity,2023-04-03,AMD,0.01022303734712937
equity_risk_parity,2023-05-01,AMD,0.010445683395835055
equity_risk_parity,2023-06-01,AMD,0.010456079724935714
equity_risk_parity,2023-07-03,AMD,0.010482716314777861
equity_risk_parity,2023-08-01,AMD,0.01055795494000758
equity_risk_parity,2023-09-01,AMD,0.010428347866822462
equity_risk_parity,2023-10-02,AMD,0.010413055159216488
equity_risk_parity,2023-11-01,AMD,0.01034944747960659
equity_risk_parity,2023-12-01,AMD,0.010444417144790843
equity_risk_parity,2022-01-03,AMGN,0.02372238753760653
equity_risk_parity,2022-02-01,AMGN,0.023964699541758765
equity_risk_parity,2022-03-01,AMGN,0.02414269262086087
equity_risk_parity,2022-04-01,AMGN,0.02602508934445895
equity_risk_parity,2022-05-02,AMGN,0.026369555091416308
equity_risk_parity,2022-06-01,AMGN,0.0265441474171954
equity_risk_parity,2022-07-01,AMGN,0.0268492328239908
equity_risk_parity,2022-08-01,AMGN,0.026992616328939244
equity_risk_parity,2022-09-01,AMGN,0.027034385417635667
equity_risk_parity,2022-10-03,AMGN,0.0286865859966151
equity_risk_parity,2022-11-01,AMGN,0.029611196518991446
equity_risk_parity,2022-12-01,AMGN,0.03092801259450215
equity_risk_parity,2023-01-03,AMGN,0.031640125169125025
equity_risk_parity,2023-02-01,AMGN,0.032097320314118445
equity_risk_parity,2023-03-01,AMGN,0.03160464690400427
equity_risk_parity,2023-04-03,AMGN,0.03247376777898314
equity_risk_parity,2023-05-01,AMGN,0.03245659561173717
equity_risk_parity,2023-06-01,AMGN,0.0319531948299356
equity_risk_parity,2023-07-03,AMGN,0.031863349930839314
equity_risk_parity,2023-08-01,AMGN,0.03164854085184957
equity_risk_parity,2023-09-01,AMGN,0.032706365904894265
equity_risk_parity,2023-10-02,AMGN,0.03303686620520878
equity_risk_parity,2023-11-01,AMGN,0.032786591254126626
equity_risk_parity,2023-12-01,AMGN,0.03230678100415404
equity_risk_parity,2022-01-03,AMT,0.019470660085172023
equity_risk_parity,2022-02-01,AMT,0.019301091446575918
equity_risk_parity,2022-03-01,AMT,0.019103150409850004
equity_risk_parity,2022-04-01,AMT,0.02068502244831602
equity_risk_parity,2022-05-02,AMT,0.021812994558559555
equity_risk_parity,2022-06-01,AMT,0.021528749098959615
equity_risk_parity,2022-07-01,AMT,0.021587230596427667
equity_risk_parity,2022-08-01,AMT,0.021301083269596066
equity_risk_parity,2022-09-01,AMT,0.021506495898071916
equity_risk_parity,2022-10-03,AMT,0.02162382165348014
equity_risk_parity,2022-11-01,AMT,0.020794526281414035
equity_risk_parity,2022-12-01,AMT,0.019215477606277776
equity_risk_parity,2023-01-03,AMT,0.01924501986012931
equity_risk_parity,2023-02-01,AMT,0.018772455947836286
equity_risk_parity,2023-03-01,AMT,0.018636503318131076
equity_risk_parity,2023-04-03,AMT,0.018336126261026583
equity_risk_parity,2023-05-01,AMT,0.018363058323067796
equity_risk_parity,2023-06-01,AMT,0.01814591832517088
equity_risk_parity,2023-07-03,AMT,0.017997688622396663
equity_risk_parity,2023-08-01,AMT,0.01789325225143424
equity_risk_parity,2023-09-01,AMT,0.017730911727938947
equity_risk_parity,2023-10-02,AMT,0.01744435402764113
equity_risk_parity,2023-11-01,AMT,0.01730961553789648
equity_risk_parity,2023-12-01,AMT,0.016908312132204194
equity_risk_parity,2022-01-03,BA,0.01125290056966481
equity_risk_parity,2022-02-01,BA,0.011175936357941759
equity_risk_parity,2022-03-01,BA,0.01117221147506798
equity_risk_parity,2022-04-01,BA,0.010339174101329196
equity_risk_parity,2022-05-02,BA,0.00979043322045389
equity_risk_parity,2022-06-01,BA,0.00975953166175051
equity_risk_parity,2022-07-01,BA,0.011096957948775063
equity_risk_parity,2022-08-01,BA,0.011226102112184224
equity_risk_parity,2022-09-01,BA,0.011238581277101261
equity_risk_parity,2022-10-03,BA,0.011335093099844576
equity_risk_parity,2022-11-01,BA,0.012020643613211606
equity_risk_parity,2022-12-01,BA,0.01322343958275994
equity_risk_parity,2023-01-03,BA,0.013224695128152
equity_risk_parity,2023-02-01,BA,0.013321589638744068
equity_risk_parity,2023-03-01,BA,0.013420531044983332
equity_risk_parity,2023-04-03,BA,0.013454034111440662
equity_risk_parity,2023-05-01,BA,0.013476989927437007
equity_risk_parity,2023-06-01,BA,0.013621981520943077
equity_risk_parity,2023-07-03,BA,0.013559539340665287
equity_risk_parity,2023-08-01,BA,0.013737830251444016
equity_risk_parity,2023-09-01,BA,0.013758108921067876
equity_risk_parity,2023-10-02,BA,0.013916503861595255
equity_risk_parity,2023-11-01,BA,0.013882099943844685
equity_risk_parity,2023-12-01,BA,0.014127867125179237
equity_risk_parity,2022-01-03,CAT,0.01821180596593191
equity_risk_parity,2022-02-01,CAT,0.01850321964117417
equity_risk_parity,2022-03-01,CAT,0.018476090539308543
equity_risk_parity,2022-04-01,CAT,0.016797903045760693
equity_risk_parity,2022-05-02,CAT,0.016548390151664323
equity_risk_parity,2022-06-01,CAT,0.016865114089815742
equity_risk_parity,2022-07-01,CAT,0.017421416009103585
equity_risk_parity,2022-08-01,CAT,0.01711524236479153
equity_risk_parity,2022-09-01,CAT,0.0167791316034177
equity_risk_parity,2022-10-03,CAT,0.016452251295820446
equity_risk_parity,2022-11-01,CAT,0.016565327742935065
equity_risk_parity,2022-12-01,CAT,0.01682194513156227
equity_risk_parity,2023-01-03,CAT,0.01691856087133607
equity_risk_parity,2023-02-01,CAT,0.01699167887799785
equity_risk_parity,2023-03-01,CAT,0.017173101590426166
equity_risk_parity,2023-04-03,CAT,0.017051622498576544
equity_risk_parity,2023-05-01,CAT,0.017134689610640408
equity_risk_parity,2023-06-01,CAT,0.01696292186359889
equity_risk_parity,2023-07-03,CAT,0.01641683099542843
equity_risk_parity,2023-08-01,CAT,0.01655505192259359
equity_risk_parity,2023-09-01,CAT,0.01677437437718807
equity_risk_parity,2023-10-02,CAT,0.01687613506879923
equity_risk_parity,2023-11-01,CAT,0.016930654765626732
equity_risk_parity,2023-12-01,CAT,0.016940400970120787
equity_risk_parity,2022-01-03,CCI,0.02059079669979006
equity_risk_parity,2022-02-01,CCI,0.020365109393485546
equity_risk_parity,2022-03-01,CCI,0.02063127840027892
equity_risk_parity,2022-04-01,CCI,0.02228414852677869
equity_risk_parity,2022-05-02,CCI,0.02249475336495104
equity_risk_parity,2022-06-01,CCI,0.023335942315507795
equity_risk_parity,2022-07-01,CCI,0.023380408956486447
equity_risk_parity,2022-08-01,CCI,0.023225832969765253
equity_risk_parity,2022-09-01,CCI,0.02345268442070289
equity_risk_parity,2022-10-03,CCI,0.023461980540879578
equity_risk_parity,2022-11-01,CCI,0.022558799329350582
equity_risk_parity,2022-12-01,CCI,0.020435407092655046
equity_risk_parity,2023-01-03,CCI,0.02038375045676489
equity_risk_parity,2023-02-01,CCI,0.019573182305060857
equity_risk_parity,2023-03-01,CCI,0.019330626804040768
equity_risk_parity,2023-04-03,CCI,0.019100691567446176
equity_risk_parity,2023-05-01,CCI,0.01891237350754065
equity_risk_parity,2023-06-01,CCI,0.01873922139994735
equity_risk_parity,2023-07-03,CCI,0.018622063459622883
equity_risk_parity,2023-08-01,CCI,0.01846156736946844
equity_risk_parity,2023-09-01,CCI,0.018374316459477732
equity_risk_parity,2023-10-02,CCI,0.01807730141536011
equity_risk_parity,2023-11-01,CCI,0.017910153633148768
equity_risk_parity,2023-12-01,CCI,0.017366933255350558
equity_risk_parity,2022-01-03,CMCSA,0.02054297070465569
equity_risk_parity,2022-02-01,CMCSA,0.020591327249530906
equity_risk_parity,2022-03-01,CMCSA,0.02045470869976762
equity_risk_parity,2022-04-01,CMCSA,0.018448600756798238
equity_risk_parity,2022-05-02,CMCSA,0.01848675093321446
equity_risk_parity,2022-06-01,CMCSA,0.01912607856341528
equity_risk_parity,2022-07-01,CMCSA,0.01906940444672413
equity_risk_parity,2022-08-01,CMCSA,0.01969963246409473
equity_risk_parity,2022-09-01,CMCSA,0.019507087013135208
equity_risk_parity,2022-10-03,CMCSA,0.0184913926471896
equity_risk_parity,2022-11-01,CMCSA,0.018968623117373948
equity_risk_parity,2022-12-01,CMCSA,0.019292911035973224
equity_risk_parity,2023-01-03,CMCSA,0.01908126263793465
equity_risk_parity,2023-02-01,CMCSA,0.019273752138244133
equity_risk_parity,2023-03-01,CMCSA,0.01906946429044721
equity_risk_parity,2023-04-03,CMCSA,0.019224218172806513
equity_risk_parity,2023-05-01,CMCSA,0.018851814468045548
equity_risk_parity,2023-06-01,CMCSA,0.019044867876249455
equity_risk_parity,2023-07-03,CMCSA,0.01904717496101627
equity_risk_parity,2023-08-01,CMCSA,0.01923645587080342
equity_risk_parity,2023-09-01,CMCSA,0.019288430840506122
equity_risk_parity,2023-10-02,CMCSA,0.019633169773944168
equity_risk_parity,2023-11-01,CMCSA,0.019952529880448825
equity_risk_parity,2023-12-01,CMCSA,0.019946773819072318
equity_risk_parity,2022-01-03,COP,0.012626134187361759
equity_risk_parity,2022-02-01,COP,0.01269620155313792
equity_risk_parity,2022-03-01,COP,0.01276426026725323
equity_risk_parity,2022-04-01,COP,0.012648176113801835
equity_risk_parity,2022-05-02,COP,0.012355133514995629
equity_risk_parity,2022-06-01,COP,0.012236729418773937
equity_risk_parity,2022-07-01,COP,0.01272314357848074
equity_risk_parity,2022-08-01,COP,0.01275234198029466
equity_risk_parity,2022-09-01,COP,0.01330348067520681
equity_risk_parity,2022-10-03,COP,0.013473899211342103
equity_risk_parity,2022-11-01,COP,0.01425930125578346
equity_risk_parity,2022-12-01,COP,0.0154613373380049
equity_risk_parity,2023-01-03,COP,0.01556167959584914
equity_risk_parity,2023-02-01,COP,0.016033626304672578
equity_risk_parity,2023-03-01,COP,0.01612390257791308
equity_risk_parity,2023-04-03,COP,0.016145807949580652
equity_risk_parity,2023-05-01,COP,0.01601629488104206
equity_risk_parity,2023-06-01,COP,0.016032031977737535
equity_risk_parity,2023-07-03,COP,0.016130094551659372
equity_risk_parity,2023-08-01,COP,0.01613432874999925
equity_risk_parity,2023-09-01,COP,0.016400867971115646
equity_risk_parity,2023-10-02,COP,0.016534062788239937
equity_risk_parity,2023-11-01,COP,0.01668216460279045
equity_risk_parity,2023-12-01,COP,0.016959604325476028
equity_risk_parity,2022-01-03,CVX,0.013874782923290183
equity_risk_parity,2022-02-01,CVX,0.014052742155814101
equity_risk_parity,2022-03-01,CVX,0.014080708200736165
equity_risk_parity,2022-04-01,CVX,0.01519738447166588
equity_risk_parity,2022-05-02,CVX,0.015514251700334224
equity_risk_parity,2022-06-01,CVX,0.01568377493129582
equity_risk_parity,2022-07-01,CVX,0.016455147704187045
equity_risk_parity,2022-08-01,CVX,0.016492604271010458
equity_risk_parity,2022-09-01,CVX,0.017075545107096746
equity_risk_parity,2022-10-03,CVX,0.017326185979306193
equity_risk_parity,2022-11-01,CVX,0.01779524505653142
equity_risk_parity,2022-12-01,CVX,0.019407136244852925
equity_risk_parity,2023-01-03,CVX,0.019456093152110086
equity_risk_parity,2023-02-01,CVX,0.020028290529110704
equity_risk_parity,2023-03-01,CVX,0.020108230860273926
equity_risk_parity,2023-04-03,CVX,0.020170706941558175
equity_risk_parity,2023-05-01,CVX,0.020073776318639908
equity_risk_parity,2023-06-01,CVX,0.020077319337922946
equity_risk_parity,2023-07-03,CVX,0.020169858263658975
equity_risk_parity,2023-08-01,CVX,0.020265795859585527
equity_risk_parity,2023-09-01,CVX,0.020500153985300765
equity_risk_parity,2023-10-02,CVX,0.020892879256418993
equity_risk_parity,2023-11-01,CVX,0.021085239885703152
equity_risk_parity,2023-12-01,CVX,0.02122894269862766
equity_risk_parity,2022-01-03,D,0.020251704401267015
equity_risk_parity,2022-02-01,D,0.020344486791732695
equity_risk_parity,2022-03-01,D,0.020325424856070785
equity_risk_parity,2022-04-01,D,0.02684736005636764
equity_risk_parity,2022-05-02,D,0.03052808531449044
equity_risk_parity,2022-06-01,D,0.030945821264428564
equity_risk_parity,2022-07-01,D,0.029866239542016455
equity_risk_parity,2022-08-01,D,0.029408765216048363
equity_risk_parity,2022-09-01,D,0.029662419831538858
equity_risk_parity,2022-10-03,D,0.028260255023458337
equity_risk_parity,2022-11-01,D,0.026862121468886925
equity_risk_parity,2022-12-01,D,0.02715278813331006
equity_risk_parity,2023-01-03,D,0.027112663799604336
equity_risk_parity,2023-02-01,D,0.02662270762810401
equity_risk_parity,2023-03-01,D,0.026310138162215134
equity_risk_parity,2023-04-03,D,0.026351578711965525
equity_risk_parity,2023-05-01,D,0.02615960802677407
equity_risk_parity,2023-06-01,D,0.025964526352286077
equity_risk_parity,2023-07-03,D,0.026058340429244292
equity_risk_parity,2023-08-01,D,0.025513863261595805
equity_risk_parity,2023-09-01,D,0.025255140361665457
equity_risk_parity,2023-10-02,D,0.024722098280649245
equity_risk_parity,2023-11-01,D,0.02416561520227496
equity_risk_parity,2023-12-01,D,0.02367142436844058
equity_risk_parity,2022-01-03,DD,0.015849658354581127
equity_risk_parity,2022-02-01,DD,0.01593124729270113
equity_risk_parity,2022-03-01,DD,0.01590439985799914
equity_risk_parity,2022-04-01,DD,0.014150760139821313
equity_risk_parity,2022-05-02,DD,0.01404985505111372
equity_risk_parity,2022-06-01,DD,0.014099240596957253
equity_risk_parity,2022-07-01,DD,0.013907443094505692
equity_risk_parity,2022-08-01,DD,0.013896356084965351
equity_risk_parity,2022-09-01,DD,0.013864570686332173
equity_risk_parity,2022-10-03,DD,0.014185648862948258
equity_risk_parity,2022-11-01,DD,0.014230666850870235
equity_risk_parity,2022-12-01,DD,0.014680603844274356
equity_risk_parity,2023-01-03,DD,0.014811014682476168
equity_risk_parity,2023-02-01,DD,0.01510857709683471
equity_risk_parity,2023-03-01,DD,0.014946803524091374
equity_risk_parity,2023-04-03,DD,0.014934452873341105
equity_risk_parity,2023-05-01,DD,0.01495894817651613
equity_risk_parity,2023-06-01,DD,0.014914713671271063
equity_risk_parity,2023-07-03,DD,0.014753517828674529
equity_risk_parity,2023-08-01,DD,0.014995693518305885
equity_risk_parity,2023-09-01,DD,0.015042384079004644
equity_risk_parity,2023-10-02,DD,0.015118103419085685
equity_risk_parity,2023-11-01,DD,0.015307754902260884
equity_risk_parity,2023-12-01,DD,0.015461826750279163
equity_risk_parity,2022-01-03,DIS,0.01836478358773556
equity_risk_parity,2022-02-01,DIS,0.01820996270514134
equity_risk_parity,2022-03-01,DIS,0.0183847591946838
equity_risk_parity,2022-04-01,DIS,0.017210794593214295
equity_risk_parity,2022-05-02,DIS,0.01651033549940027
equity_risk_parity,2022-06-01,DIS,0.01675001289236205
equity_risk_parity,2022-07-01,DIS,0.017074462184977858
equity_risk_parity,2022-08-01,DIS,0.016771541300870586
equity_risk_parity,2022-09-01,DIS,0.01633355360034595
equity_risk_parity,2022-10-03,DIS,0.015560357634708708
equity_risk_parity,2022-11-01,DIS,0.015618898873869835
equity_risk_parity,2022-12-01,DIS,0.01560451103242856
equity_risk_parity,2023-01-03,DIS,0.015608072645142166
equity_risk_parity,2023-02-01,DIS,0.01556778609854749
equity_risk_parity,2023-03-01,DIS,0.015788086107257137
equity_risk_parity,2023-04-03,DIS,0.015682656286703327
equity_risk_parity,2023-05-01,DIS,0.01556936927343785
equity_risk_parity,2023-06-01,DIS,0.015188592389082111
equity_risk_parity,2023-07-03,DIS,0.015100630227151735
equity_risk_parity,2023-08-01,DIS,0.015213940819948313
equity_risk_parity,2023-09-01,DIS,0.015184801110406343
equity_risk_parity,2023-10-02,DIS,0.015254123806104827
equity_risk_parity,2023-11-01,DIS,0.015350096603278594
equity_risk_parity,2023-12-01,DIS,0.015550976759790055
equity_risk_parity,2022-01-03,DOW,0.013700975383742802
equity_risk_parity,2022-02-01,DOW,0.01383552728031125
equity_risk_parity,2022-03-01,DOW,0.013929161585451766
equity_risk_parity,2022-04-01,DOW,0.012702300363378589
equity_risk_parity,2022-05-02,DOW,0.013251916943070048
equity_risk_parity,2022-06-01,DOW,0.01440203362487946
equity_risk_parity,2022-07-01,DOW,0.015185171871982588
equity_risk_parity,2022-08-01,DOW,0.015443091136510888
equity_risk_parity,2022-09-01,DOW,0.015598639065216338
equity_risk_parity,2022-10-03,DOW,0.015712931365199127
equity_risk_parity,2022-11-01,DOW,0.015807979616103855
equity_risk_parity,2022-12-01,DOW,0.016138325863816687
equity_risk_parity,2023-01-03,DOW,0.016226716122218605
equity_risk_parity,2023-02-01,DOW,0.016350892569781273
equity_risk_parity,2023-03-01,DOW,0.016641289611890844
equity_risk_parity,2023-04-03,DOW,0.016745033142826903
equity_risk_parity,2023-05-01,DOW,0.016877454606774558
equity_risk_parity,2023-06-01,DOW,0.016990857903960026
equity_risk_parity,2023-07-03,DOW,0.016824867200430162
equity_risk_parity,2023-08-01,DOW,0.01714386076995779
equity_risk_parity,2023-09-01,DOW,0.017267412109843068
equity_risk_parity,2023-10-02,DOW,0.0173280483593542
equity_risk_parity,2023-11-01,DOW,0.017531045484439112
equity_risk_parity,2023-12-01,DOW,0.017508065678206047
equity_risk_parity,2022-01-03,DUK,0.020502080391713494
equity_risk_parity,2022-02-01,DUK,0.02056260678182283
equity_risk_parity,2022-03-01,DUK,0.020443115964486874
equity_risk_parity,2022-04-01,DUK,0.02507274529054847
equity_risk_parity,2022-05-02,DUK,0.02870276261806141
equity_risk_parity,2022-06-01,DUK,0.03061777955668157
equity_risk_parity,2022-07-01,DUK,0.030339144051330362
equity_risk_parity,2022-08-01,DUK,0.030451254899955513
equity_risk_parity,2022-09-01,DUK,0.03054201908667924
equity_risk_parity,2022-10-03,DUK,0.029781979441139785
equity_risk_parity,2022-11-01,DUK,0.028107812691051406
equity_risk_parity,2022-12-01,DUK,0.02906968041831957
equity_risk_parity,2023-01-03,DUK,0.029138274717392745
equity_risk_parity,2023-02-01,DUK,0.028747021362097915
equity_risk_parity,2023-03-01,DUK,0.02827524919232614
equity_risk_parity,2023-04-03,DUK,0.027836186249993015
equity_risk_parity,2023-05-01,DUK,0.027876606271666538
equity_risk_parity,2023-06-01,DUK,0.02783678560727265
equity_risk_parity,2023-07-03,DUK,0.02785680827643175
equity_risk_parity,2023-08-01,DUK,0.027428022949430666
equity_risk_parity,2023-09-01,DUK,0.027309851813836748
equity_risk_parity,2023-10-02,DUK,0.02717834998924142
equity_risk_parity,2023-11-01,DUK,0.02664935913479588
equity_risk_parity,2023-12-01,DUK,0.02659992178427086
equity_risk_parity,2022-01-03,EA,0.03172205348376617
equity_risk_parity,2022-02-01,EA,0.03212162102732536
equity_risk_parity,2022-03-01,EA,0.032152418892614255
equity_risk_parity,2022-04-01,EA,0.034134852406126376
equity_risk_parity,2022-05-02,EA,0.03126234769395434
equity_risk_parity,2022-06-01,EA,0.030069587467979407
equity_risk_parity,2022-07-01,EA,0.027195057394952968
equity_risk_parity,2022-08-01,EA,0.02727247015775584
equity_risk_parity,2022-09-01,EA,0.027754043012193228
equity_risk_parity,2022-10-03,EA,0.028156067173760246
equity_risk_parity,2022-11-01,EA,0.028118632760726004
equity_risk_parity,2022-12-01,EA,0.027530931020882703
equity_risk_parity,2023-01-03,EA,0.02709959616053963
equity_risk_parity,2023-02-01,EA,0.027038778976094923
equity_risk_parity,2023-03-01,EA,0.026953212365868093
equity_risk_parity,2023-04-03,EA,0.027049848700004896
equity_risk_parity,2023-05-01,EA,0.026998838029867227
equity_risk_parity,2023-06-01,EA,0.02732038574423676
equity_risk_parity,2023-07-03,EA,0.02718402201131135
equity_risk_parity,2023-08-01,EA,0.02701272771048547
equity_risk_parity,2023-09-01,EA,0.026178998647045
equity_risk_parity,2023-10-02,EA,0.025824680949837905
equity_risk_parity,2023-11-01,EA,0.025684231350727827
equity_risk_parity,2023-12-01,EA,0.025573209751279566
equity_risk_parity,2022-01-03,GE,0.014861622112822529
equity_risk_parity,2022-02-01,GE,0.014757195469144398
equity_risk_parity,2022-03-01,GE,0.01466554073634624
equity_risk_parity,2022-04-01,GE,0.0142049928918502
equity_risk_parity,2022-05-02,GE,0.012572239803706151
equity_risk_parity,2022-06-01,GE,0.013241412148099534
equity_risk_parity,2022-07-01,GE,0.013781103092365585
equity_risk_parity,2022-08-01,GE,0.013811755677735897
equity_risk_parity,2022-09-01,GE,0.013849105770766406
equity_risk_parity,2022-10-03,GE,0.014386468934595968
equity_risk_parity,2022-11-01,GE,0.014092257339686717
equity_risk_parity,2022-12-01,GE,0.014781209614916736
equity_risk_parity,2023-01-03,GE,0.014839211615567437
equity_risk_parity,2023-02-01,GE,0.014657446090336071
equity_risk_parity,2023-03-01,GE,0.014999996274204314
equity_risk_parity,2023-04-03,GE,0.015156404128748486
equity_risk_parity,2023-05-01,GE,0.015171927364137229
equity_risk_parity,2023-06-01,GE,0.01533419785181372
equity_risk_parity,2023-07-03,GE,0.015398005032592192
equity_risk_parity,2023-08-01,GE,0.01586024792274198
equity_risk_parity,2023-09-01,GE,0.015879567932356804
equity_risk_parity,2023-10-02,GE,0.016010059091649206
equity_risk_parity,2023-11-01,GE,0.01594482442260974
equity_risk_parity,2023-12-01,GE,0.016336174419902604
equity_risk_parity,2022-01-03,GILD,0.03489024330440581
equity_risk_parity,2022-02-01,GILD,0.03468025159587459
equity_risk_parity,2022-03-01,GILD,0.034483525716162894
equity_risk_parity,2022-04-01,GILD,0.029603711188968897
equity_risk_parity,2022-05-02,GILD,0.029907092119698473
equity_risk_parity,2022-06-01,GILD,0.03131776851800339
equity_risk_parity,2022-07-01,GILD,0.03028329380434816
equity_risk_parity,2022-08-01,GILD,0.030014206686601114
equity_risk_parity,2022-09-01,GILD,0.029719240740937177
equity_risk_parity,2022-10-03,GILD,0.028582194437088693
equity_risk_parity,2022-11-01,GILD,0.026998807719300397
equity_risk_parity,2022-12-01,GILD,0.02746744538172022
equity_risk_parity,2023-01-03,GILD,0.027682253546892712
equity_risk_parity,2023-02-01,GILD,0.027703378936401547
equity_risk_parity,2023-03-01,GILD,0.028236490587622936
equity_risk_parity,2023-04-03,GILD,0.027879240449459105
equity_risk_parity,2023-05-01,GILD,0.02808932009715024
equity_risk_parity,2023-06-01,GILD,0.028169541033741807
equity_risk_parity,2023-07-03,GILD,0.028133311396338623
equity_risk_parity,2023-08-01,GILD,0.028184971216119292
equity_risk_parity,2023-09-01,GILD,0.028190845944796608
equity_risk_parity,2023-10-02,GILD,0.028083639845207172
equity_risk_parity,2023-11-01,GILD,0.027613027791921926
equity_risk_parity,2023-12-01,GILD,0.027232236595831863
equity_risk_parity,2022-01-03,GS,0.015209079182889591
equity_risk_parity,2022-02-01,GS,0.015204221177202559
equity_risk_parity,2022-03-01,GS,0.015129587981064745
equity_risk_parity,2022-04-01,GS,0.015251503877631398
equity_risk_parity,2022-05-02,GS,0.01461346786202091
equity_risk_parity,2022-06-01,GS,0.015208182296944053
equity_risk_parity,2022-07-01,GS,0.016015935461856916
equity_risk_parity,2022-08-01,GS,0.015832666231715732
equity_risk_parity,2022-09-01,GS,0.015782155509453485
equity_risk_parity,2022-10-03,GS,0.015722087610567252
equity_risk_parity,2022-11-01,GS,0.015773127347484112
equity_risk_parity,2022-12-01,GS,0.01638506887117685
equity_risk_parity,2023-01-03,GS,0.016432773995272675
equity_risk_parity,2023-02-01,GS,0.016633000954248658
equity_risk_parity,2023-03-01,GS,0.016878584591698793
equity_risk_parity,2023-04-03,GS,0.01637703378692622
equity_risk_parity,2023-05-01,GS,0.016512519547990663
equity_risk_parity,2023-06-01,GS,0.01667101092981968
equity_risk_parity,2023-07-03,GS,0.01670666135916722
equity_risk_parity,2023-08-01,GS,0.01681232523217768
equity_risk_parity,2023-09-01,GS,0.016856669619953198
equity_risk_parity,2023-10-02,GS,0.01688756475795178
equity_risk_parity,2023-11-01,GS,0.016748659234952775
equity_risk_parity,2023-12-01,GS,0.01666710104788945
equity_risk_parity,2022-01-03,INTC,0.016712111891102895
equity_risk_parity,2022-02-01,INTC,0.016778414488205984
equity_risk_parity,2022-03-01,INTC,0.016808914090053133
equity_risk_parity,2022-04-01,INTC,0.017923606062318635
equity_risk_parity,2022-05-02,INTC,0.01709355986781194
equity_risk_parity,2022-06-01,INTC,0.016770286474227285
equity_risk_parity,2022-07-01,INTC,0.016059610454685874
equity_risk_parity,2022-08-01,INTC,0.016300667821406017
equity_risk_parity,2022-09-01,INTC,0.015919537387828288
equity_risk_parity,2022-10-03,INTC,0.015790827421618064
equity_risk_parity,2022-11-01,INTC,0.015236711740723595
equity_risk_parity,2022-12-01,INTC,0.014489484221323729
equity_risk_parity,2023-01-03,INTC,0.014567599357098235
equity_risk_parity,2023-02-01,INTC,0.014304514688487053
equity_risk_parity,2023-03-01,INTC,0.01420888564217509
equity_risk_parity,2023-04-03,INTC,0.014620940874151023
equity_risk_parity,2023-05-01,INTC,0.014611075747323924
equity_risk_parity,2023-06-01,INTC,0.014691122537522387
equity_risk_parity,2023-07-03,INTC,0.01454191607511756
equity_risk_parity,2023-08-01,INTC,0.014467928050769505
equity_risk_parity,2023-09-01,INTC,0.01425710237338312
equity_risk_parity,2023-10-02,INTC,0.014263808225279145
equity_risk_parity,2023-11-01,INTC,0.0144251985402581
equity_risk_parity,2023-12-01,INTC,0.014431240382278056
equity_risk_parity,2022-01-03,KO,0.02305217820286028
equity_risk_parity,2022-02-01,KO,0.02309959149804559
equity_risk_parity,2022-03-01,KO,0.02328926468320235
equity_risk_parity,2022-04-01,KO,0.021591755724352717
equity_risk_parity,2022-05-02,KO,0.02255934650007159
equity_risk_parity,2022-06-01,KO,0.022198556685099
equity_risk_parity,2022-07-01,KO,0.024147555831594867
equity_risk_parity,2022-08-01,KO,0.0246330224219932
equity_risk_parity,2022-09-01,KO,0.02481375579297556
equity_risk_parity,2022-10-03,KO,0.02564418115543303
equity_risk_parity,2022-11-01,KO,0.026541596781167173
equity_risk_parity,2022-12-01,KO,0.027507704719109606
equity_risk_parity,2023-01-03,KO,0.02767608722334638
equity_risk_parity,2023-02-01,KO,0.02760382154742646
equity_risk_parity,2023-03-01,KO,0.027915849256059895
equity_risk_parity,2023-04-03,KO,0.028554537281705844
equity_risk_parity,2023-05-01,KO,0.028612161764292387
equity_risk_parity,2023-06-01,KO,0.028868253788578477
equity_risk_parity,2023-07-03,KO,0.02903956176692438
equity_risk_parity,2023-08-01,KO,0.029118249727767324
equity_risk_parity,2023-09-01,KO,0.029287750466398265
equity_risk_parity,2023-10-02,KO,0.02945105257777779
equity_risk_parity,2023-11-01,KO,0.028842219405524224
equity_risk_parity,2023-12-01,KO,0.02961922983575091
equity_risk_parity,2022-01-03,MMM,0.023107485762280583
equity_risk_parity,2022-02-01,MMM,0.02321247060816569
equity_risk_parity,2022-03-01,MMM,0.02268452015265067
equity_risk_parity,2022-04-01,MMM,0.021518628423024804
equity_risk_parity,2022-05-02,MMM,0.02092916448976996
equity_risk_parity,2022-06-01,MMM,0.022387421828685167
equity_risk_parity,2022-07-01,MMM,0.023600250549545426
equity_risk_parity,2022-08-01,MMM,0.023997278453185913
equity_risk_parity,2022-09-01,MMM,0.022686046358777922
equity_risk_parity,2022-10-03,MMM,0.02305483577890451
equity_risk_parity,2022-11-01,MMM,0.022381680680491962
equity_risk_parity,2022-12-01,MMM,0.022291909238089318
equity_risk_parity,2023-01-03,MMM,0.022143658292505697
equity_risk_parity,2023-02-01,MMM,0.02045360502268466
equity_risk_parity,2023-03-01,MMM,0.020107057753137734
equity_risk_parity,2023-04-03,MMM,0.01990734783573079
equity_risk_parity,2023-05-01,MMM,0.01979546058887984
equity_risk_parity,2023-06-01,MMM,0.019669843526126413
equity_risk_parity,2023-07-03,MMM,0.019161269155501297
equity_risk_parity,2023-08-01,MMM,0.018929339440204123
equity_risk_parity,2023-09-01,MMM,0.0188082471192648
equity_risk_parity,2023-10-02,MMM,0.018953236600111122
equity_risk_parity,2023-11-01,MMM,0.01858796605032026
equity_risk_parity,2023-12-01,MMM,0.01846660724500224
equity_risk_parity,2022-01-03,MRK,0.0276727237240157
equity_risk_parity,2022-02-01,MRK,0.0280410372300607
equity_risk_parity,2022-03-01,MRK,0.02773155065061089
equity_risk_parity,2022-04-01,MRK,0.02896190961285435
equity_risk_parity,2022-05-02,MRK,0.031421605328398806
equity_risk_parity,2022-06-01,MRK,0.03158689731599487
equity_risk_parity,2022-07-01,MRK,0.03270793797350678
equity_risk_parity,2022-08-01,MRK,0.03348244435661285
equity_risk_parity,2022-09-01,MRK,0.033133605947248616
equity_risk_parity,2022-10-03,MRK,0.035051998980362785
equity_risk_parity,2022-11-01,MRK,0.03571435020893512
equity_risk_parity,2022-12-01,MRK,0.037807053932864945
equity_risk_parity,2023-01-03,MRK,0.03782879976801339
equity_risk_parity,2023-02-01,MRK,0.03909232904030434
equity_risk_parity,2023-03-01,MRK,0.03857463766261342
equity_risk_parity,2023-04-03,MRK,0.03892113935880329
equity_risk_parity,2023-05-01,MRK,0.03824983430028246
equity_risk_parity,2023-06-01,MRK,0.038777880763933244
equity_risk_parity,2023-07-03,MRK,0.039273121870877205
equity_risk_parity,2023-08-01,MRK,0.03928283245329723
equity_risk_parity,2023-09-01,MRK,0.03865493501604274
equity_risk_parity,2023-10-02,MRK,0.038517808614017386
equity_risk_parity,2023-11-01,MRK,0.04115769386124628
equity_risk_parity,2023-12-01,MRK,0.042838273321276266
equity_risk_parity,2022-01-03,MS,0.013491595468253445
equity_risk_parity,2022-02-01,MS,0.013631008922244585
equity_risk_parity,2022-03-01,MS,0.013549241727762763
equity_risk_parity,2022-04-01,MS,0.013784997913074706
equity_risk_parity,2022-05-02,MS,0.013723356733334498
equity_risk_parity,2022-06-01,MS,0.014321921548479964
equity_risk_parity,2022-07-01,MS,0.014431941932683002
equity_risk_parity,2022-08-01,MS,0.014306010398913833
equity_risk_parity,2022-09-01,MS,0.014206715840869659
equity_risk_parity,2022-10-03,MS,0.01450457807096653
equity_risk_parity,2022-11-01,MS,0.014520110299033995
equity_risk_parity,2022-12-01,MS,0.015050323050834738
equity_risk_parity,2023-01-03,MS,0.015094670674168156
equity_risk_parity,2023-02-01,MS,0.01541684557139361
equity_risk_parity,2023-03-01,MS,0.01572656483849086
equity_risk_parity,2023-04-03,MS,0.015302888376524408
equity_risk_parity,2023-05-01,MS,0.015425200326492266
equity_risk_parity,2023-06-01,MS,0.015493594469628308
equity_risk_parity,2023-07-03,MS,0.015561471715941397
equity_risk_parity,2023-08-01,MS,0.015650483513559178
equity_risk_parity,2023-09-01,MS,0.01574220879390942
equity_risk_parity,2023-10-02,MS,0.01579946118100075
equity_risk_parity,2023-11-01,MS,0.015643511694249195
equity_risk_parity,2023-12-01,MS,0.015467846069700007
equity_risk_parity,2022-01-03,NEE,0.020100924480862356
equity_risk_parity,2022-02-01,NEE,0.019788315814945404
equity_risk_parity,2022-03-01,NEE,0.01961137822546797
equity_risk_parity,2022-04-01,NEE,0.02241540828194954
equity_risk_parity,2022-05-02,NEE,0.022814888969253346
equity_risk_parity,2022-06-01,NEE,0.0226476856394071
equity_risk_parity,2022-07-01,NEE,0.021247229429254933
equity_risk_parity,2022-08-01,NEE,0.021275315295236796
equity_risk_parity,2022-09-01,NEE,0.02172400996777235
equity_risk_parity,2022-10-03,NEE,0.02164202243313083
equity_risk_parity,2022-11-01,NEE,0.020946620118498547
equity_risk_parity,2022-12-01,NEE,0.02059065423200197
equity_risk_parity,2023-01-03,NEE,0.020581240516564306
equity_risk_parity,2023-02-01,NEE,0.021983542207544383
equity_risk_parity,2023-03-01,NEE,0.021533571715317838
equity_risk_parity,2023-04-03,NEE,0.021637127674366107
equity_risk_parity,2023-05-01,NEE,0.021161351097593994
equity_risk_parity,2023-06-01,NEE,0.0212523767326282
equity_risk_parity,2023-07-03,NEE,0.021139672727901588
equity_risk_parity,2023-08-01,NEE,0.020829781143918785
equity_risk_parity,2023-09-01,NEE,0.020724822287776966
equity_risk_parity,2023-10-02,NEE,0.020525348788755178
equity_risk_parity,2023-11-01,NEE,0.019961750007380718
equity_risk_parity,2023-12-01,NEE,0.019496738914438982
equity_risk_parity,2022-01-03,NEM,0.03573359744529881
equity_risk_parity,2022-02-01,NEM,0.03552611735185932
equity_risk_parity,2022-03-01,NEM,0.036369803582761845
equity_risk_parity,2022-04-01,NEM,0.030927587765117837
equity_risk_parity,2022-05-02,NEM,0.032165810834523946
equity_risk_parity,2022-06-01,NEM,0.02891046177171829
equity_risk_parity,2022-07-01,NEM,0.02748451852413418
equity_risk_parity,2022-08-01,NEM,0.027991503432713703
equity_risk_parity,2022-09-01,NEM,0.02811774129703856
equity_risk_parity,2022-10-03,NEM,0.02864922899744873
equity_risk_parity,2022-11-01,NEM,0.02894673604392265
equity_risk_parity,2022-12-01,NEM,0.02456534493597962
equity_risk_parity,2023-01-03,NEM,0.0247154509436838
equity_risk_parity,2023-02-01,NEM,0.024172957301316075
equity_risk_parity,2023-03-01,NEM,0.02375228290875514
equity_risk_parity,2023-04-03,NEM,0.025119225576571116
equity_risk_parity,2023-05-01,NEM,0.025483035786794964
equity_risk_parity,2023-06-01,NEM,0.025862829945666528
equity_risk_parity,2023-07-03,NEM,0.025926776552649397
equity_risk_parity,2023-08-01,NEM,0.025695489898559593
equity_risk_parity,2023-09-01,NEM,0.025882664437261317
equity_risk_parity,2023-10-02,NEM,0.025907920340149885
equity_risk_parity,2023-11-01,NEM,0.02509760542513849
equity_risk_parity,2023-12-01,NEM,0.02401986918135637
equity_risk_parity,2022-01-03,NKE,0.02050597454564918
equity_risk_parity,2022-02-01,NKE,0.020485957743189155
equity_risk_parity,2022-03-01,NKE,0.02050002324593598
equity_risk_parity,2022-04-01,NKE,0.01941791735627933
equity_risk_parity,2022-05-02,NKE,0.018686310564638223
equity_risk_parity,2022-06-01,NKE,0.01778898422020453
equity_risk_parity,2022-07-01,NKE,0.017750295728927026
equity_risk_parity,2022-08-01,NKE,0.017440109229085447
equity_risk_parity,2022-09-01,NKE,0.016991119621676348
equity_risk_parity,2022-10-03,NKE,0.015065828915209214
equity_risk_parity,2022-11-01,NKE,0.015171284579034142
equity_risk_parity,2022-12-01,NKE,0.014458206560884444
equity_risk_parity,2023-01-03,NKE,0.014050292695111469
equity_risk_parity,2023-02-01,NKE,0.014002420466171868
equity_risk_parity,2023-03-01,NKE,0.013879775553411614
equity_risk_parity,2023-04-03,NKE,0.01396343388020155
equity_risk_parity,2023-05-01,NKE,0.014072696600011323
equity_risk_parity,2023-06-01,NKE,0.014106802158023775
equity_risk_parity,2023-07-03,NKE,0.014142601157598455
equity_risk_parity,2023-08-01,NKE,0.014117735594038363
equity_risk_parity,2023-09-01,NKE,0.014149531480271588
equity_risk_parity,2023-10-02,NKE,0.01406692162853263
equity_risk_parity,2023-11-01,NKE,0.014039719140826785
equity_risk_parity,2023-12-01,NKE,0.014008617936033967
equity_risk_parity,2022-01-03,NUE,0.01594179276305619
equity_risk_parity,2022-02-01,NUE,0.01587638150126408
equity_risk_parity,2022-03-01,NUE,0.01569930672260909
equity_risk_parity,2022-04-01,NUE,0.013882879257943374
equity_risk_parity,2022-05-02,NUE,0.01288215226800372
equity_risk_parity,2022-06-01,NUE,0.012397508778479088
equity_risk_parity,2022-07-01,NUE,0.012339230849216369
equity_risk_parity,2022-08-01,NUE,0.012302017734685337
equity_risk_parity,2022-09-01,NUE,0.012353654851077398
equity_risk_parity,2022-10-03,NUE,0.012610405249472663
equity_risk_parity,2022-11-01,NUE,0.01266454140252253
equity_risk_parity,2022-12-01,NUE,0.01293500458539836
equity_risk_parity,2023-01-03,NUE,0.012903342319464607
equity_risk_parity,2023-02-01,NUE,0.012684502316658075
equity_risk_parity,2023-03-01,NUE,0.012839442708641367
equity_risk_parity,2023-04-03,NUE,0.012893281001964662
equity_risk_parity,2023-05-01,NUE,0.012934775864558623
equity_risk_parity,2023-06-01,NUE,0.013163945861977847
equity_risk_parity,2023-07-03,NUE,0.01310389259910969
equity_risk_parity,2023-08-01,NUE,0.013305255639559584
equity_risk_parity,2023-09-01,NUE,0.013494537777879791
equity_risk_parity,2023-10-02,NUE,0.013568479088551593
equity_risk_parity,2023-11-01,NUE,0.013560794924958135
equity_risk_parity,2023-12-01,NUE,0.013557070061495372
equity_risk_parity,2022-01-03,NVDA,0.015107303082650144
equity_risk_parity,2022-02-01,NVDA,0.014987680006894521
equity_risk_parity,2022-03-01,NVDA,0.014771619593952826
equity_risk_parity,2022-04-01,NVDA,0.01366073756198158
equity_risk_parity,2022-05-02,NVDA,0.012869105546299978
equity_risk_parity,2022-06-01,NVDA,0.01184209090665684
equity_risk_parity,2022-07-01,NVDA,0.010811849520582242
equity_risk_parity,2022-08-01,NVDA,0.010735526696032833
equity_risk_parity,2022-09-01,NVDA,0.010448236025036839
equity_risk_parity,2022-10-03,NVDA,0.010891642807781774
equity_risk_parity,2022-11-01,NVDA,0.010838145439031513
equity_risk_parity,2022-12-01,NVDA,0.00987271329692682
equity_risk_parity,2023-01-03,NVDA,0.00975316638045179
equity_risk_parity,2023-02-01,NVDA,0.009492114263419841
equity_risk_parity,2023-03-01,NVDA,0.009512946195089474
equity_risk_parity,2023-04-03,NVDA,0.009608536834360314
equity_risk_parity,2023-05-01,NVDA,0.009765274049249987
equity_risk_parity,2023-06-01,NVDA,0.009938885848491051
equity_risk_parity,2023-07-03,NVDA,0.009942417522661786
equity_risk_parity,2023-08-01,NVDA,0.009921070171008602
equity_risk_parity,2023-09-01,NVDA,0.009931157287788647
equity_risk_parity,2023-10-02,NVDA,0.009961410708929114
equity_risk_parity,2023-11-01,NVDA,0.01005344788955576
equity_risk_parity,2023-12-01,NVDA,0.010162316632499871
equity_risk_parity,2022-01-03,O,0.0164737950117833
equity_risk_parity,2022-02-01,O,0.016413459456749834
equity_risk_parity,2022-03-01,O,0.01640256667083934
equity_risk_parity,2022-04-01,O,0.017574409752483876
equity_risk_parity,2022-05-02,O,0.0185826912113047
equity_risk_parity,2022-06-01,O,0.019553931330101193
equity_risk_parity,2022-07-01,O,0.021282039226643526
equity_risk_parity,2022-08-01,O,0.0216159290726912
equity_risk_parity,2022-09-01,O,0.02228953805667181
equity_risk_parity,2022-10-03,O,0.022796957537971455
equity_risk_parity,2022-11-01,O,0.023004572564280346
equity_risk_parity,2022-12-01,O,0.024165944672952362
equity_risk_parity,2023-01-03,O,0.024396486659899866
equity_risk_parity,2023-02-01,O,0.024295769347077667
equity_risk_parity,2023-03-01,O,0.02434897058345143
equity_risk_parity,2023-04-03,O,0.023948179265510947
equity_risk_parity,2023-05-01,O,0.02414182860424264
equity_risk_parity,2023-06-01,O,0.02396553571924519
equity_risk_parity,2023-07-03,O,0.02415532982375396
equity_risk_parity,2023-08-01,O,0.024103778190089877
equity_risk_parity,2023-09-01,O,0.023928541942247337
equity_risk_parity,2023-10-02,O,0.02378829740806346
equity_risk_parity,2023-11-01,O,0.023964757858289967
equity_risk_parity,2023-12-01,O,0.023233270210505592
equity_risk_parity,2022-01-03,OXY,0.009863317218701047
equity_risk_parity,2022-02-01,OXY,0.009851087077359986
equity_risk_parity,2022-03-01,OXY,0.010025554272086228
equity_risk_parity,2022-04-01,OXY,0.00852541165808766
equity_risk_parity,2022-05-02,OXY,0.008170044556055554
equity_risk_parity,2022-06-01,OXY,0.008401166373678277
equity_risk_parity,2022-07-01,OXY,0.01005865721101178
equity_risk_parity,2022-08-01,OXY,0.010165245481410984
equity_risk_parity,2022-09-01,OXY,0.010620702036832578
equity_risk_parity,2022-10-03,OXY,0.01102529658913405
equity_risk_parity,2022-11-01,OXY,0.011947194024241584
equity_risk_parity,2022-12-01,OXY,0.012956980972907635
equity_risk_parity,2023-01-03,OXY,0.01338497499361033
equity_risk_parity,2023-02-01,OXY,0.013650906883330515
equity_risk_parity,2023-03-01,OXY,0.013975735585522533
equity_risk_parity,2023-04-03,OXY,0.013949980921020226
equity_risk_parity,2023-05-01,OXY,0.013990544489407624
equity_risk_parity,2023-06-01,OXY,0.014153363922365495
equity_risk_parity,2023-07-03,OXY,0.014312133634030532
equity_risk_parity,2023-08-01,OXY,0.014498303209257442
equity_risk_parity,2023-09-01,OXY,0.014897327654756827
equity_risk_parity,2023-10-02,OXY,0.01540870253173135
equity_risk_parity,2023-11-01,OXY,0.01555868851820869
equity_risk_parity,2023-12-01,OXY,0.01623483615778097
equity_risk_parity,2022-01-03,PLD,0.01766923635958729
equity_risk_parity,2022-02-01,PLD,0.017748645421214865
equity_risk_parity,2022-03-01,PLD,0.01773239207056654
equity_risk_parity,2022-04-01,PLD,0.018302823995711273
equity_risk_parity,2022-05-02,PLD,0.018263565322651512
equity_risk_parity,2022-06-01,PLD,0.018146618855123395
equity_risk_parity,2022-07-01,PLD,0.017575255403010668
equity_risk_parity,2022-08-01,PLD,0.017157646266245156
equity_risk_parity,2022-09-01,PLD,0.01712481728600745
equity_risk_parity,2022-10-03,PLD,0.0175811294897746
equity_risk_parity,2022-11-01,PLD,0.01766141104122187
equity_risk_parity,2022-12-01,PLD,0.016579702539254604
equity_risk_parity,2023-01-03,PLD,0.016491948645418968
equity_risk_parity,2023-02-01,PLD,0.016171198714035575
equity_risk_parity,2023-03-01,PLD,0.01618677638113808
equity_risk_parity,2023-04-03,PLD,0.015708172560437394
equity_risk_parity,2023-05-01,PLD,0.01565554276738538
equity_risk_parity,2023-06-01,PLD,0.015622351180337508
equity_risk_parity,2023-07-03,PLD,0.01565068526983913
equity_risk_parity,2023-08-01,PLD,0.015583957874972073
equity_risk_parity,2023-09-01,PLD,0.015518949921899942
equity_risk_parity,2023-10-02,PLD,0.015273909255071992
equity_risk_parity,2023-11-01,PLD,0.015104050539797529
equity_risk_parity,2023-12-01,PLD,0.014889787859623669
equity_risk_parity,2022-01-03,PSA,0.02680563470126185
equity_risk_parity,2022-02-01,PSA,0.026648787848644898
equity_risk_parity,2022-03-01,PSA,0.026745454708454502
equity_risk_parity,2022-04-01,PSA,0.029003709682980695
equity_risk_parity,2022-05-02,PSA,0.026102060342602627
equity_risk_parity,2022-06-01,PSA,0.02660051973951485
equity_risk_parity,2022-07-01,PSA,0.026335616011172226
equity_risk_parity,2022-08-01,PSA,0.025747088292201705
equity_risk_parity,2022-09-01,PSA,0.025573514937165275
equity_risk_parity,2022-10-03,PSA,0.02539098643380165
equity_risk_parity,2022-11-01,PSA,0.025373172745352827
equity_risk_parity,2022-12-01,PSA,0.023200506757593692
equity_risk_parity,2023-01-03,PSA,0.022674262903222466
equity_risk_parity,2023-02-01,PSA,0.02220912800953124
equity_risk_parity,2023-03-01,PSA,0.02242992722638695
equity_risk_parity,2023-04-03,PSA,0.021732229327219486
equity_risk_parity,2023-05-01,PSA,0.021756476066245634
equity_risk_parity,2023-06-01,PSA,0.021632381600369684
equity_risk_parity,2023-07-03,PSA,0.021215621772941357
equity_risk_parity,2023-08-01,PSA,0.02128684757610653
equity_risk_parity,2023-09-01,PSA,0.02107418784462732
equity_risk_parity,2023-10-02,PSA,0.020778438622930523
equity_risk_parity,2023-11-01,PSA,0.0205628965365597
equity_risk_parity,2023-12-01,PSA,0.02022515491158079
equity_risk_parity,2022-01-03,QCOM,0.01694707472598034
equity_risk_parity,2022-02-01,QCOM,0.01685269579804828
equity_risk_parity,2022-03-01,QCOM,0.01664013599546207
equity_risk_parity,2022-04-01,QCOM,0.01467739498296387
equity_risk_parity,2022-05-02,QCOM,0.013465336511527471
equity_risk_parity,2022-06-01,QCOM,0.013400695027095991
equity_risk_parity,2022-07-01,QCOM,0.01340007695109789
equity_risk_parity,2022-08-01,QCOM,0.013536687228377899
equity_risk_parity,2022-09-01,QCOM,0.013112101658872902
equity_risk_parity,2022-10-03,QCOM,0.013562925285875972
equity_risk_parity,2022-11-01,QCOM,0.013702057341170764
equity_risk_parity,2022-12-01,QCOM,0.013060162645490762
equity_risk_parity,2023-01-03,QCOM,0.012973317513326414
equity_risk_parity,2023-02-01,QCOM,0.01287246961870767
equity_risk_parity,2023-03-01,QCOM,0.012721678401551919
equity_risk_parity,2023-04-03,QCOM,0.012874922641775017
equity_risk_parity,2023-05-01,QCOM,0.013067028702781718
equity_risk_parity,2023-06-01,QCOM,0.013080237135958343
equity_risk_parity,2023-07-03,QCOM,0.013000662969163891
equity_risk_parity,2023-08-01,QCOM,0.012997577696088555
equity_risk_parity,2023-09-01,QCOM,0.01294925304124406
equity_risk_parity,2023-10-02,QCOM,0.012950169870780273
equity_risk_parity,2023-11-01,QCOM,0.013011705522070092
equity_risk_parity,2023-12-01,QCOM,0.012939638547591035
equity_risk_parity,2022-01-03,SBUX,0.017473353931187402
equity_risk_parity,2022-02-01,SBUX,0.01752533409905237
equity_risk_parity,2022-03-01,SBUX,0.017384998958537616
equity_risk_parity,2022-04-01,SBUX,0.01664195585977984
equity_risk_parity,2022-05-02,SBUX,0.01679402700609169
equity_risk_parity,2022-06-01,SBUX,0.01554173577783388
equity_risk_parity,2022-07-01,SBUX,0.016022443354956905
equity_risk_parity,2022-08-01,SBUX,0.016085545843533937
equity_risk_parity,2022-09-01,SBUX,0.015901400315681876
equity_risk_parity,2022-10-03,SBUX,0.016181124154752494
equity_risk_parity,2022-11-01,SBUX,0.016686075439496902
equity_risk_parity,2022-12-01,SBUX,0.016608268992847033
equity_risk_parity,2023-01-03,SBUX,0.01674503433017336
equity_risk_parity,2023-02-01,SBUX,0.016988563743704922
equity_risk_parity,2023-03-01,SBUX,0.016754827037643617
equity_risk_parity,2023-04-03,SBUX,0.016683922562755804
equity_risk_parity,2023-05-01,SBUX,0.016895582642120505
equity_risk_parity,2023-06-01,SBUX,0.01672882360287723
equity_risk_parity,2023-07-03,SBUX,0.01669643074686612
equity_risk_parity,2023-08-01,SBUX,0.016745203465477084
equity_risk_parity,2023-09-01,SBUX,0.016734008041993605
equity_risk_parity,2023-10-02,SBUX,0.016602647729598716
equity_risk_parity,2023-11-01,SBUX,0.016758674450156188
equity_risk_parity,2023-12-01,SBUX,0.016593988200159053
equity_risk_parity,2022-01-03,SHW,0.02047381708410335
equity_risk_parity,2022-02-01,SHW,0.02055624208609293
equity_risk_parity,2022-03-01,SHW,0.02040572958764286
equity_risk_parity,2022-04-01,SHW,0.020728438219626864
equity_risk_parity,2022-05-02,SHW,0.024417217159266605
equity_risk_parity,2022-06-01,SHW,0.023642936614051584
equity_risk_parity,2022-07-01,SHW,0.02294912104222475
equity_risk_parity,2022-08-01,SHW,0.02367630836500263
equity_risk_parity,2022-09-01,SHW,0.023067808496526496
equity_risk_parity,2022-10-03,SHW,0.022975235213456947
equity_risk_parity,2022-11-01,SHW,0.021313056725346776
equity_risk_parity,2022-12-01,SHW,0.019841371313247185
equity_risk_parity,2023-01-03,SHW,0.019514429181839453
equity_risk_parity,2023-02-01,SHW,0.01903043466960026
equity_risk_parity,2023-03-01,SHW,0.018897612193570248
equity_risk_parity,2023-04-03,SHW,0.01874542785186707
equity_risk_parity,2023-05-01,SHW,0.018750999541614383
equity_risk_parity,2023-06-01,SHW,0.018766458148651546
equity_risk_parity,2023-07-03,SHW,0.018574070881125816
equity_risk_parity,2023-08-01,SHW,0.018466995635961065
equity_risk_parity,2023-09-01,SHW,0.018501882064539205
equity_risk_parity,2023-10-02,SHW,0.018462250371164116
equity_risk_parity,2023-11-01,SHW,0.018531643147651097
equity_risk_parity,2023-12-01,SHW,0.01822949267610442
equity_risk_parity,2022-01-03,SLB,0.012186306719006395
equity_risk_parity,2022-02-01,SLB,0.012253881400122076
equity_risk_parity,2022-03-01,SLB,0.012349771082419548
equity_risk_parity,2022-04-01,SLB,0.011066957845705992
equity_risk_parity,2022-05-02,SLB,0.010895163411220184
equity_risk_parity,2022-06-01,SLB,0.011067021535830224
equity_risk_parity,2022-07-01,SLB,0.012029711334129502
equity_risk_parity,2022-08-01,SLB,0.012193792053315151
equity_risk_parity,2022-09-01,SLB,0.012626623759221961
equity_risk_parity,2022-10-03,SLB,0.012792722233191877
equity_risk_parity,2022-11-01,SLB,0.013183001188203244
equity_risk_parity,2022-12-01,SLB,0.014469147796393451
equity_risk_parity,2023-01-03,SLB,0.014512662437403446
equity_risk_parity,2023-02-01,SLB,0.014936273487445492
equity_risk_parity,2023-03-01,SLB,0.015215541169028257
equity_risk_parity,2023-04-03,SLB,0.01504772427623392
equity_risk_parity,2023-05-01,SLB,0.014974872414385188
equity_risk_parity,2023-06-01,SLB,0.01486972866573125
equity_risk_parity,2023-07-03,SLB,0.015035366820664054
equity_risk_parity,2023-08-01,SLB,0.01532999987411001
equity_risk_parity,2023-09-01,SLB,0.01550363977251045
equity_risk_parity,2023-10-02,SLB,0.015759613474986407
equity_risk_parity,2023-11-01,SLB,0.016067834299923846
equity_risk_parity,2023-12-01,SLB,0.016561937200897235
equity_risk_parity,2022-01-03,SO,0.018695655888625585
equity_risk_parity,2022-02-01,SO,0.01875412063536864
equity_risk_parity,2022-03-01,SO,0.018696400492432947
equity_risk_parity,2022-04-01,SO,0.021705927167063446
equity_risk_parity,2022-05-02,SO,0.02482227155861754
equity_risk_parity,2022-06-01,SO,0.02732261360316901
equity_risk_parity,2022-07-01,SO,0.027379563045072986
equity_risk_parity,2022-08-01,SO,0.027587467818367326
equity_risk_parity,2022-09-01,SO,0.027977768459357486
equity_risk_parity,2022-10-03,SO,0.026500188384384674
equity_risk_parity,2022-11-01,SO,0.025654884019712935
equity_risk_parity,2022-12-01,SO,0.026301435522205777
equity_risk_parity,2023-01-03,SO,0.026488406641464252
equity_risk_parity,2023-02-01,SO,0.026655699414378432
equity_risk_parity,2023-03-01,SO,0.02631596508657897
equity_risk_parity,2023-04-03,SO,0.02632792839832861
equity_risk_parity,2023-05-01,SO,0.02624928613248444
equity_risk_parity,2023-06-01,SO,0.026319476599182975
equity_risk_parity,2023-07-03,SO,0.02658962065126221
equity_risk_parity,2023-08-01,SO,0.026393712709602158
equity_risk_parity,2023-09-01,SO,0.026257083333471556
equity_risk_parity,2023-10-02,SO,0.025841366639769783
equity_risk_parity,2023-11-01,SO,0.025627655975838638
equity_risk_parity,2023-12-01,SO,0.02532402933254187
equity_risk_parity,2022-01-03,T,0.022425394391207935
equity_risk_parity,2022-02-01,T,0.02217181100124189
equity_risk_parity,2022-03-01,T,0.02207991004135432
equity_risk_parity,2022-04-01,T,0.02217395364018738
equity_risk_parity,2022-05-02,T,0.023687644693003926
equity_risk_parity,2022-06-01,T,0.024803001741723087
equity_risk_parity,2022-07-01,T,0.02579535295692815
equity_risk_parity,2022-08-01,T,0.025785532064862414
equity_risk_parity,2022-09-01,T,0.025856260703837564
equity_risk_parity,2022-10-03,T,0.02508145033276967
equity_risk_parity,2022-11-01,T,0.02460397343930975
equity_risk_parity,2022-12-01,T,0.02521086315304008
equity_risk_parity,2023-01-03,T,0.02555997376378777
equity_risk_parity,2023-02-01,T,0.025001355435189315
equity_risk_parity,2023-03-01,T,0.025288340771392345
equity_risk_parity,2023-04-03,T,0.025168295446140073
equity_risk_parity,2023-05-01,T,0.024495372451341937
equity_risk_parity,2023-06-01,T,0.024241396249823483
equity_risk_parity,2023-07-03,T,0.024445484395625255
equity_risk_parity,2023-08-01,T,0.02405297563781014
equity_risk_parity,2023-09-01,T,0.024142416267922698
equity_risk_parity,2023-10-02,T,0.02423186816997701
equity_risk_parity,2023-11-01,T,0.024322709275674727
equity_risk_parity,2023-12-01,T,0.024462502211020556
equity_risk_parity,2022-01-03,TMUS,0.02227234019346443
equity_risk_parity,2022-02-01,TMUS,0.022233298852038993
equity_risk_parity,2022-03-01,TMUS,0.02235696534168599
equity_risk_parity,2022-04-01,TMUS,0.02204671195371416
equity_risk_parity,2022-05-02,TMUS,0.01934642274598586
equity_risk_parity,2022-06-01,TMUS,0.020056060207595684
equity_risk_parity,2022-07-01,TMUS,0.01965453500743214
equity_risk_parity,2022-08-01,TMUS,0.01952339286998108
equity_risk_parity,2022-09-01,TMUS,0.019956962985807035
equity_risk_parity,2022-10-03,TMUS,0.020331101105429024
equity_risk_parity,2022-11-01,TMUS,0.02039385904659276
equity_risk_parity,2022-12-01,TMUS,0.02057746663656865
equity_risk_parity,2023-01-03,TMUS,0.020883600906509307
equity_risk_parity,2023-02-01,TMUS,0.021648535523341506
equity_risk_parity,2023-03-01,TMUS,0.02140966704494127
equity_risk_parity,2023-04-03,TMUS,0.022183969817868153
equity_risk_parity,2023-05-01,TMUS,0.022648166671413145
equity_risk_parity,2023-06-01,TMUS,0.023223451490235417
equity_risk_parity,2023-07-03,TMUS,0.023636575586245535
equity_risk_parity,2023-08-01,TMUS,0.023649678857163965
equity_risk_parity,2023-09-01,TMUS,0.023460291353189427
equity_risk_parity,2023-10-02,TMUS,0.023535497729944337
equity_risk_parity,2023-11-01,TMUS,0.02314500197700221
equity_risk_parity,2023-12-01,TMUS,0.023595501964921804
equity_risk_parity,2022-01-03,TTWO,0.03030935166692379
equity_risk_parity,2022-02-01,TTWO,0.029990071109527897
equity_risk_parity,2022-03-01,TTWO,0.030123320109125596
equity_risk_parity,2022-04-01,TTWO,0.03196768904074259
equity_risk_parity,2022-05-02,TTWO,0.027768320550733794
equity_risk_parity,2022-06-01,TTWO,0.023794730534514485
equity_risk_parity,2022-07-01,TTWO,0.021756558745964542
equity_risk_parity,2022-08-01,TTWO,0.021914048091670944
equity_risk_parity,2022-09-01,TTWO,0.0219528831169142
equity_risk_parity,2022-10-03,TTWO,0.021331894272086125
equity_risk_parity,2022-11-01,TTWO,0.02177766758315855
equity_risk_parity,2022-12-01,TTWO,0.020789253626724406
equity_risk_parity,2023-01-03,TTWO,0.020420959766059475
equity_risk_parity,2023-02-01,TTWO,0.020538887014880148
equity_risk_parity,2023-03-01,TTWO,0.020341820528138314
equity_risk_parity,2023-04-03,TTWO,0.01985333259177226
equity_risk_parity,2023-05-01,TTWO,0.019686366008907233
equity_risk_parity,2023-06-01,TTWO,0.01942090650914707
equity_risk_parity,2023-07-03,TTWO,0.019695294909889246
equity_risk_parity,2023-08-01,TTWO,0.01961156824286154
equity_risk_parity,2023-09-01,TTWO,0.01918380784085438
equity_risk_parity,2023-10-02,TTWO,0.019121612183841865
equity_risk_parity,2023-11-01,TTWO,0.019137708550214995
equity_risk_parity,2023-12-01,TTWO,0.01896915308636383
equity_risk_parity,2022-01-03,UPS,0.023522421220614535
equity_risk_parity,2022-02-01,UPS,0.023549246404892706
equity_risk_parity,2022-03-01,UPS,0.023572730085951565
equity_risk_parity,2022-04-01,UPS,0.01950116930803448
equity_risk_parity,2022-05-02,UPS,0.018367537706696916
equity_risk_parity,2022-06-01,UPS,0.018436669960759634
equity_risk_parity,2022-07-01,UPS,0.019657856140074904
equity_risk_parity,2022-08-01,UPS,0.019416154683892354
equity_risk_parity,2022-09-01,UPS,0.01929575547577498
equity_risk_parity,2022-10-03,UPS,0.019137793219962954
equity_risk_parity,2022-11-01,UPS,0.020247513461641845
equity_risk_parity,2022-12-01,UPS,0.019369618802158466
equity_risk_parity,2023-01-03,UPS,0.01882270521661973
equity_risk_parity,2023-02-01,UPS,0.018516643049219593
equity_risk_parity,2023-03-01,UPS,0.01852070918968875
equity_risk_parity,2023-04-03,UPS,0.018836860202880782
equity_risk_parity,2023-05-01,UPS,0.018391047137444147
equity_risk_parity,2023-06-01,UPS,0.01846113913939162
equity_risk_parity,2023-07-03,UPS,0.01828580226771919
equity_risk_parity,2023-08-01,UPS,0.018131917430284233
equity_risk_parity,2023-09-01,UPS,0.01804579626439156
equity_risk_parity,2023-10-02,UPS,0.017927598324436054
equity_risk_parity,2023-11-01,UPS,0.017992813184940153
equity_risk_parity,2023-12-01,UPS,0.017851353623152506
equity_risk_parity,2022-01-03,USB,0.014444608513882662
equity_risk_parity,2022-02-01,USB,0.014451069499923872
equity_risk_parity,2022-03-01,USB,0.014412426553435337
equity_risk_parity,2022-04-01,USB,0.013069459720628786
equity_risk_parity,2022-05-02,USB,0.013601217067942217
equity_risk_parity,2022-06-01,USB,0.01490776419796665
equity_risk_parity,2022-07-01,USB,0.015800476117027305
equity_risk_parity,2022-08-01,USB,0.015917551725569454
equity_risk_parity,2022-09-01,USB,0.01590517810866945
equity_risk_parity,2022-10-03,USB,0.016302527683891344
equity_risk_parity,2022-11-01,USB,0.01687599877164894
equity_risk_parity,2022-12-01,USB,0.01763580958945013
equity_risk_parity,2023-01-03,USB,0.017600828901062675
equity_risk_parity,2023-02-01,USB,0.01764645989824404
equity_risk_parity,2023-03-01,USB,0.018034896129075054
equity_risk_parity,2023-04-03,USB,0.016641812221812304
equity_risk_parity,2023-05-01,USB,0.016475899383344834
equity_risk_parity,2023-06-01,USB,0.015880077754613996
equity_risk_parity,2023-07-03,USB,0.015703302036607684
equity_risk_parity,2023-08-01,USB,0.015807265652870276
equity_risk_parity,2023-09-01,USB,0.015917894717696123
equity_risk_parity,2023-10-02,USB,0.01584283446257813
equity_risk_parity,2023-11-01,USB,0.015559330744908742
equity_risk_parity,2023-12-01,USB,0.01511729447179056
equity_risk_parity,2022-01-03,V,0.01745026524053037
equity_risk_parity,2022-02-01,V,0.01740427715541486
equity_risk_parity,2022-03-01,V,0.017426093367599517
equity_risk_parity,2022-04-01,V,0.016204263067263858
equity_risk_parity,2022-05-02,V,0.01692195850886365
equity_risk_parity,2022-06-01,V,0.016352354233529924
equity_risk_parity,2022-07-01,V,0.015753857652239574
equity_risk_parity,2022-08-01,V,0.015878229085781036
equity_risk_parity,2022-09-01,V,0.015858310494744537
equity_risk_parity,2022-10-03,V,0.016428594930075917
equity_risk_parity,2022-11-01,V,0.01702709535655334
equity_risk_parity,2022-12-01,V,0.017160861649408013
equity_risk_parity,2023-01-03,V,0.017262374198532812
equity_risk_parity,2023-02-01,V,0.017174071938891974
equity_risk_parity,2023-03-01,V,0.017480240858501375
equity_risk_parity,2023-04-03,V,0.01776831219455695
equity_risk_parity,2023-05-01,V,0.017937188664692492
equity_risk_parity,2023-06-01,V,0.017888689044500423
equity_risk_parity,2023-07-03,V,0.017964301109967672
equity_risk_parity,2023-08-01,V,0.01811806519710903
equity_risk_parity,2023-09-01,V,0.018134092241174227
equity_risk_parity,2023-10-02,V,0.01811776118636074
equity_risk_parity,2023-11-01,V,0.018582435242454252
equity_risk_parity,2023-12-01,V,0.018802301025939813
equity_risk_parity,2022-01-03,WFC,0.013481013822970442
equity_risk_parity,2022-02-01,WFC,0.01350809503438495
equity_risk_parity,2022-03-01,WFC,0.01340237198670674
equity_risk_parity,2022-04-01,WFC,0.01266867635028118
equity_risk_parity,2022-05-02,WFC,0.012472211285682858
equity_risk_parity,2022-06-01,WFC,0.013067279964607728
equity_risk_parity,2022-07-01,WFC,0.013695151601848143
equity_risk_parity,2022-08-01,WFC,0.013517619634076656
equity_risk_parity,2022-09-01,WFC,0.013523499910795938
equity_risk_parity,2022-10-03,WFC,0.013668169603176726
equity_risk_parity,2022-11-01,WFC,0.014152489180819643
equity_risk_parity,2022-12-01,WFC,0.014932980406036805
equity_risk_parity,2023-01-03,WFC,0.015243197505400364
equity_risk_parity,2023-02-01,WFC,0.015759594464778922
equity_risk_parity,2023-03-01,WFC,0.01606683645366874
equity_risk_parity,2023-04-03,WFC,0.015588819156688237
equity_risk_parity,2023-05-01,WFC,0.015618968047644607
equity_risk_parity,2023-06-01,WFC,0.015517062182261015
equity_risk_parity,2023-07-03,WFC,0.015588212336560063
equity_risk_parity,2023-08-01,WFC,0.01586687170732941
equity_risk_parity,2023-09-01,WFC,0.01602797903100266
equity_risk_parity,2023-10-02,WFC,0.01600331416201159
equity_risk_parity,2023-11-01,WFC,0.015909793961180634
equity_risk_parity,2023-12-01,WFC,0.015968784727072156
equity_risk_parity,2022-01-03,WMT,0.03500761834299245
equity_risk_parity,2022-02-01,WMT,0.03495743511362071
equity_risk_parity,2022-03-01,WMT,0.03541375625975186
equity_risk_parity,2022-04-01,WMT,0.0396786454649526
equity_risk_parity,2022-05-02,WMT,0.0379624777916033
equity_risk_parity,2022-06-01,WMT,0.03625635684879201
equity_risk_parity,2022-07-01,WMT,0.03381556265878287
equity_risk_parity,2022-08-01,WMT,0.03246045655499982
equity_risk_parity,2022-09-01,WMT,0.032758901212525574
equity_risk_parity,2022-10-03,WMT,0.03314152474466217
equity_risk_parity,2022-11-01,WMT,0.032838827317649616
equity_risk_parity,2022-12-01,WMT,0.032510563731178305
equity_risk_parity,2023-01-03,WMT,0.03187825401424802
equity_risk_parity,2023-02-01,WMT,0.031200166629864915
equity_risk_parity,2023-03-01,WMT,0.03151780599322921
equity_risk_parity,2023-04-03,WMT,0.0322434845371186
equity_risk_parity,2023-05-01,WMT,0.03237184250639042
equity_risk_parity,2023-06-01,WMT,0.03268625937571423
equity_risk_parity,2023-07-03,WMT,0.03307524107091406
equity_risk_parity,2023-08-01,WMT,0.03298460128865454
equity_risk_parity,2023-09-01,WMT,0.03303610765947366
equity_risk_parity,2023-10-02,WMT,0.03310300799440103
equity_risk_parity,2023-11-01,WMT,0.03350986164393976
equity_risk_parity,2023-12-01,WMT,0.034142469347282746
equity_risk_parity,2022-01-03,XOM,0.01627446186667622
equity_risk_parity,2022-02-01,XOM,0.016421798876426662
equity_risk_parity,2022-03-01,XOM,0.016568841631167196
equity_risk_parity,2022-04-01,XOM,0.014780849922476613
equity_risk_parity,2022-05-02,XOM,0.01442769934674746
equity_risk_parity,2022-06-01,XOM,0.014844057970972671
equity_risk_parity,2022-07-01,XOM,0.01573890214519332
equity_risk_parity,2022-08-01,XOM,0.015768442421501723
equity_risk_parity,2022-09-01,XOM,0.01619859811537235
equity_risk_parity,2022-10-03,XOM,0.01605121007659473
equity_risk_parity,2022-11-01,XOM,0.016835452548222204
equity_risk_parity,2022-12-01,XOM,0.018338837487796262
equity_risk_parity,2023-01-03,XOM,0.018490432401803054
equity_risk_parity,2023-02-01,XOM,0.018713772655410778
equity_risk_parity,2023-03-01,XOM,0.01907702910032143
equity_risk_parity,2023-04-03,XOM,0.019151825277297
equity_risk_parity,2023-05-01,XOM,0.019094493094509495
equity_risk_parity,2023-06-01,XOM,0.019005307060751528
equity_risk_parity,2023-07-03,XOM,0.0190718121146966
equity_risk_parity,2023-08-01,XOM,0.019231991195562608
equity_risk_parity,2023-09-01,XOM,0.019528315639664465
equity_risk_parity,2023-10-02,XOM,0.019826316146474086
equity_risk_parity,2023-11-01,XOM,0.020296449776862388
equity_risk_parity,2023-12-01,XOM,0.020738864720845473
equity_min_cvar,2022-01-03,ABBV,0.0
equity_min_cvar,2022-02-01,ABBV,0.047474771583100185
equity_min_cvar,2022-03-01,ABBV,0.06576510393651269
equity_min_cvar,2022-04-01,ABBV,0.09346384688442966
equity_min_cvar,2022-05-02,ABBV,0.04710811535550194
equity_min_cvar,2022-06-01,ABBV,0.025762902197949272
equity_min_cvar,2022-07-01,ABBV,0.07959907059572383
equity_min_cvar,2022-08-01,ABBV,0.07504612026592339
equity_min_cvar,2022-09-01,ABBV,0.0787532570705127
equity_min_cvar,2022-10-03,ABBV,0.0845252992814084
equity_min_cvar,2022-11-01,ABBV,0.08751940577762979
equity_min_cvar,2022-12-01,ABBV,0.06317252669119666
equity_min_cvar,2023-01-03,ABBV,0.03302490996566777
equity_min_cvar,2023-02-01,ABBV,0.004659484516967266
equity_min_cvar,2023-03-01,ABBV,0.0
equity_min_cvar,2023-04-03,ABBV,0.0
equity_min_cvar,2023-05-01,ABBV,0.0
equity_min_cvar,2023-06-01,ABBV,0.0736310319731891
equity_min_cvar,2023-07-03,ABBV,0.1000000000000012
equity_min_cvar,2023-08-01,ABBV,0.09999999999999801
equity_min_cvar,2023-09-01,ABBV,0.059049530856682055
equity_min_cvar,2023-10-02,ABBV,0.001985767366945644
equity_min_cvar,2023-11-01,ABBV,0.0
equity_min_cvar,2023-12-01,ABBV,0.0844896022073111
equity_min_cvar,2022-01-03,ABT,0.1
equity_min_cvar,2022-02-01,ABT,0.07230742436938073
equity_min_cvar,2022-03-01,ABT,0.0
equity_min_cvar,2022-04-01,ABT,0.06247319901055284
equity_min_cvar,2022-05-02,ABT,0.05988804145512461
equity_min_cvar,2022-06-01,ABT,0.0
equity_min_cvar,2022-07-01,ABT,0.0
equity_min_cvar,2022-08-01,ABT,0.0
equity_min_cvar,2022-09-01,ABT,0.0
equity_min_cvar,2022-10-03,ABT,0.0
equity_min_cvar,2022-11-01,ABT,0.0
equity_min_cvar,2022-12-01,ABT,0.0
equity_min_cvar,2023-01-03,ABT,0.0
equity_min_cvar,2023-02-01,ABT,0.0
equity_min_cvar,2023-03-01,ABT,0.0
equity_min_cvar,2023-04-03,ABT,0.0
equity_min_cvar,2023-05-01,ABT,0.0
equity_min_cvar,2023-06-01,ABT,0.0
equity_min_cvar,2023-07-03,ABT,0.0
equity_min_cvar,2023-08-01,ABT,0.0
equity_min_cvar,2023-09-01,ABT,0.07191692597981847
equity_min_cvar,2023-10-02,ABT,0.047918323968633006
equity_min_cvar,2023-11-01,ABT,0.0
equity_min_cvar,2023-12-01,ABT,0.0
equity_min_cvar,2022-01-03,ADBE,0.0
equity_min_cvar,2022-02-01,ADBE,0.0
equity_min_cvar,2022-03-01,ADBE,0.0
equity_min_cvar,2022-04-01,ADBE,0.0
equity_min_cvar,2022-05-02,ADBE,0.0
equity_min_cvar,2022-06-01,ADBE,0.0
equity_min_cvar,2022-07-01,ADBE,0.0
equity_min_cvar,2022-08-01,ADBE,0.0
equity_min_cvar,2022-09-01,ADBE,0.0
equity_min_cvar,2022-10-03,ADBE,0.0
equity_min_cvar,2022-11-01,ADBE,0.0
equity_min_cvar,2022-12-01,ADBE,0.0
equity_min_cvar,2023-01-03,ADBE,0.0
equity_min_cvar,2023-02-01,ADBE,0.0
equity_min_cvar,2023-03-01,ADBE,0.0
equity_min_cvar,2023-04-03,ADBE,0.0
equity_min_cvar,2023-05-01,ADBE,0.0
equity_min_cvar,2023-06-01,ADBE,0.0
equity_min_cvar,2023-07-03,ADBE,0.0
equity_min_cvar,2023-08-01,ADBE,0.0
equity_min_cvar,2023-09-01,ADBE,0.0
equity_min_cvar,2023-10-02,ADBE,0.0
equity_min_cvar,2023-11-01,ADBE,0.0
equity_min_cvar,2023-12-01,ADBE,0.0
equity_min_cvar,2022-01-03,AEP,0.0
equity_min_cvar,2022-02-01,AEP,0.0
equity_min_cvar,2022-03-01,AEP,0.01273591125489893
equity_min_cvar,2022-04-01,AEP,0.021886045318243934
equity_min_cvar,2022-05-02,AEP,0.0
equity_min_cvar,2022-06-01,AEP,0.0999999999999999
equity_min_cvar,2022-07-01,AEP,0.011432045536910993
equity_min_cvar,2022-08-01,AEP,0.006928773566813632
equity_min_cvar,2022-09-01,AEP,0.022733631033549157
equity_min_cvar,2022-10-03,AEP,0.0
equity_min_cvar,2022-11-01,AEP,0.0
equity_min_cvar,2022-12-01,AEP,0.0
equity_min_cvar,2023-01-03,AEP,0.0
equity_min_cvar,2023-02-01,AEP,0.0
equity_min_cvar,2023-03-01,AEP,0.0
equity_min_cvar,2023-04-03,AEP,0.0
equity_min_cvar,2023-05-01,AEP,0.0
equity_min_cvar,2023-06-01,AEP,0.0
equity_min_cvar,2023-07-03,AEP,0.0
equity_min_cvar,2023-08-01,AEP,0.0
equity_min_cvar,2023-09-01,AEP,0.0
equity_min_cvar,2023-10-02,AEP,0.0
equity_min_cvar,2023-11-01,AEP,0.0
equity_min_cvar,2023-12-01,AEP,0.0
equity_min_cvar,2022-01-03,AMD,0.0
equity_min_cvar,2022-02-01,AMD,0.0
equity_min_cvar,2022-03-01,AMD,0.0
equity_min_cvar,2022-04-01,AMD,0.0
equity_min_cvar,2022-05-02,AMD,0.0
equity_min_cvar,2022-06-01,AMD,0.0
equity_min_cvar,2022-07-01,AMD,0.0
equity_min_cvar,2022-08-01,AMD,0.0
equity_min_cvar,2022-09-01,AMD,0.0
equity_min_cvar,2022-10-03,AMD,0.0
equity_min_cvar,2022-11-01,AMD,0.0
equity_min_cvar,2022-12-01,AMD,0.0
equity_min_cvar,2023-01-03,AMD,0.0
equity_min_cvar,2023-02-01,AMD,0.0
equity_min_cvar,2023-03-01,AMD,0.0
equity_min_cvar,2023-04-03,AMD,0.0
equity_min_cvar,2023-05-01,AMD,0.0
equity_min_cvar,2023-06-01,AMD,0.0
equity_min_cvar,2023-07-03,AMD,0.0
equity_min_cvar,2023-08-01,AMD,0.0
equity_min_cvar,2023-09-01,AMD,0.0
equity_min_cvar,2023-10-02,AMD,0.0
equity_min_cvar,2023-11-01,AMD,0.01577179631839399
equity_min_cvar,2023-12-01,AMD,0.01337498381504884
equity_min_cvar,2022-01-03,AMGN,0.0
equity_min_cvar,2022-02-01,AMGN,0.006345082227919685
equity_min_cvar,2022-03-01,AMGN,0.0
equity_min_cvar,2022-04-01,AMGN,0.0
equity_min_cvar,2022-05-02,AMGN,0.04157488379957011
equity_min_cvar,2022-06-01,AMGN,0.0999999999999999
equity_min_cvar,2022-07-01,AMGN,0.10000000000000002
equity_min_cvar,2022-08-01,AMGN,0.09999999999999998
equity_min_cvar,2022-09-01,AMGN,0.10000000000000006
equity_min_cvar,2022-10-03,AMGN,0.10000000000000003
equity_min_cvar,2022-11-01,AMGN,0.10000000000000028
equity_min_cvar,2022-12-01,AMGN,0.09999999999999834
equity_min_cvar,2023-01-03,AMGN,0.09999999999999998
equity_min_cvar,2023-02-01,AMGN,0.09999999999999987
equity_min_cvar,2023-03-01,AMGN,0.10000000000000021
equity_min_cvar,2023-04-03,AMGN,0.1
equity_min_cvar,2023-05-01,AMGN,0.09999999999999996
equity_min_cvar,2023-06-01,AMGN,0.09757663523842768
equity_min_cvar,2023-07-03,AMGN,0.0
equity_min_cvar,2023-08-01,AMGN,0.0
equity_min_cvar,2023-09-01,AMGN,0.0031539865015460544
equity_min_cvar,2023-10-02,AMGN,0.07748867385162776
equity_min_cvar,2023-11-01,AMGN,0.0
equity_min_cvar,2023-12-01,AMGN,0.0
equity_min_cvar,2022-01-03,AMT,0.0
equity_min_cvar,2022-02-01,AMT,0.0
equity_min_cvar,2022-03-01,AMT,0.0
equity_min_cvar,2022-04-01,AMT,0.0
equity_min_cvar,2022-05-02,AMT,0.0
equity_min_cvar,2022-06-01,AMT,0.0
equity_min_cvar,2022-07-01,AMT,0.0
equity_min_cvar,2022-08-01,AMT,0.0
equity_min_cvar,2022-09-01,AMT,0.0
equity_min_cvar,2022-10-03,AMT,0.0
equity_min_cvar,2022-11-01,AMT,0.0
equity_min_cvar,2022-12-01,AMT,0.0
equity_min_cvar,2023-01-03,AMT,0.0
equity_min_cvar,2023-02-01,AMT,0.0
equity_min_cvar,2023-03-01,AMT,0.0
equity_min_cvar,2023-04-03,AMT,0.0
equity_min_cvar,2023-05-01,AMT,0.0
equity_min_cvar,2023-06-01,AMT,0.0
equity_min_cvar,2023-07-03,AMT,0.0
equity_min_cvar,2023-08-01,AMT,0.0
equity_min_cvar,2023-09-01,AMT,0.0
equity_min_cvar,2023-10-02,AMT,0.0
equity_min_cvar,2023-11-01,AMT,0.0
equity_min_cvar,2023-12-01,AMT,0.0
equity_min_cvar,2022-01-03,BA,0.0
equity_min_cvar,2022-02-01,BA,0.0
equity_min_cvar,2022-03-01,BA,0.0
equity_min_cvar,2022-04-01,BA,0.0
equity_min_cvar,2022-05-02,BA,0.0
equity_min_cvar,2022-06-01,BA,0.0
equity_min_cvar,2022-07-01,BA,0.0
equity_min_cvar,2022-08-01,BA,0.0
equity_min_cvar,2022-09-01,BA,0.0
equity_min_cvar,2022-10-03,BA,0.0
equity_min_cvar,2022-11-01,BA,0.0
equity_min_cvar,2022-12-01,BA,0.0
equity_min_cvar,2023-01-03,BA,0.0
equity_min_cvar,2023-02-01,BA,0.0
equity_min_cvar,2023-03-01,BA,0.0
equity_min_cvar,2023-04-03,BA,0.0
equity_min_cvar,2023-05-01,BA,0.0
equity_min_cvar,2023-06-01,BA,0.0
equity_min_cvar,2023-07-03,BA,0.0
equity_min_cvar,2023-08-01,BA,0.0
equity_min_cvar,2023-09-01,BA,0.0
equity_min_cvar,2023-10-02,BA,0.019395945378773708
equity_min_cvar,2023-11-01,BA,0.0
equity_min_cvar,2023-12-01,BA,0.0
equity_min_cvar,2022-01-03,CAT,0.0
equity_min_cvar,2022-02-01,CAT,0.0
equity_min_cvar,2022-03-01,CAT,0.0
equity_min_cvar,2022-04-01,CAT,0.058407378471808095
equity_min_cvar,2022-05-02,CAT,0.02365383456026605
equity_min_cvar,2022-06-01,CAT,0.04468632795650477
equity_min_cvar,2022-07-01,CAT,0.03865681617665373
equity_min_cvar,2022-08-01,CAT,0.04015791933609147
equity_min_cvar,2022-09-01,CAT,0.005503774941989268
equity_min_cvar,2022-10-03,CAT,0.015121719735581452
equity_min_cvar,2022-11-01,CAT,0.02169951997733591
equity_min_cvar,2022-12-01,CAT,0.0
equity_min_cvar,2023-01-03,CAT,0.0
equity_min_cvar,2023-02-01,CAT,0.0
equity_min_cvar,2023-03-01,CAT,0.0
equity_min_cvar,2023-04-03,CAT,0.0
equity_min_cvar,2023-05-01,CAT,0.0
equity_min_cvar,2023-06-01,CAT,0.0
equity_min_cvar,2023-07-03,CAT,0.0
equity_min_cvar,2023-08-01,CAT,0.0
equity_min_cvar,2023-09-01,CAT,0.0
equity_min_cvar,2023-10-02,CAT,0.0
equity_min_cvar,2023-11-01,CAT,0.0
equity_min_cvar,2023-12-01,CAT,0.0
equity_min_cvar,2022-01-03,CCI,0.0
equity_min_cvar,2022-02-01,CCI,0.0
equity_min_cvar,2022-03-01,CCI,0.0
equity_min_cvar,2022-04-01,CCI,0.0
equity_min_cvar,2022-05-02,CCI,0.0
equity_min_cvar,2022-06-01,CCI,0.0
equity_min_cvar,2022-07-01,CCI,0.0
equity_min_cvar,2022-08-01,CCI,0.0
equity_min_cvar,2022-09-01,CCI,0.0
equity_min_cvar,2022-10-03,CCI,0.0
equity_min_cvar,2022-11-01,CCI,0.0
equity_min_cvar,2022-12-01,CCI,0.0
equity_min_cvar,2023-01-03,CCI,0.0
equity_min_cvar,2023-02-01,CCI,0.0
equity_min_cvar,2023-03-01,CCI,0.0
equity_min_cvar,2023-04-03,CCI,0.0
equity_min_cvar,2023-05-01,CCI,0.0
equity_min_cvar,2023-06-01,CCI,0.0
equity_min_cvar,2023-07-03,CCI,0.0
equity_min_cvar,2023-08-01,CCI,0.0
equity_min_cvar,2023-09-01,CCI,0.0
equity_min_cvar,2023-10-02,CCI,0.0
equity_min_cvar,2023-11-01,CCI,0.0
equity_min_cvar,2023-12-01,CCI,0.0
equity_min_cvar,2022-01-03,CMCSA,0.0
equity_min_cvar,2022-02-01,CMCSA,0.0
equity_min_cvar,2022-03-01,CMCSA,0.0
equity_min_cvar,2022-04-01,CMCSA,0.0
equity_min_cvar,2022-05-02,CMCSA,0.0
equity_min_cvar,2022-06-01,CMCSA,0.0
equity_min_cvar,2022-07-01,CMCSA,0.0
equity_min_cvar,2022-08-01,CMCSA,0.0
equity_min_cvar,2022-09-01,CMCSA,0.0
equity_min_cvar,2022-10-03,CMCSA,0.0
equity_min_cvar,2022-11-01,CMCSA,0.0
equity_min_cvar,2022-12-01,CMCSA,0.0
equity_min_cvar,2023-01-03,CMCSA,0.0
equity_min_cvar,2023-02-01,CMCSA,0.0
equity_min_cvar,2023-03-01,CMCSA,0.0
equity_min_cvar,2023-04-03,CMCSA,0.0
equity_min_cvar,2023-05-01,CMCSA,0.0
equity_min_cvar,2023-06-01,CMCSA,0.0
equity_min_cvar,2023-07-03,CMCSA,0.0
equity_min_cvar,2023-08-01,CMCSA,0.0
equity_min_cvar,2023-09-01,CMCSA,0.0
equity_min_cvar,2023-10-02,CMCSA,0.0
equity_min_cvar,2023-11-01,CMCSA,0.047109875094373005
equity_min_cvar,2023-12-01,CMCSA,0.0927761664929082
equity_min_cvar,2022-01-03,COP,0.0
equity_min_cvar,2022-02-01,COP,0.0
equity_min_cvar,2022-03-01,COP,0.0
equity_min_cvar,2022-04-01,COP,0.0
equity_min_cvar,2022-05-02,COP,0.0
equity_min_cvar,2022-06-01,COP,0.0
equity_min_cvar,2022-07-01,COP,0.0
equity_min_cvar,2022-08-01,COP,0.0
equity_min_cvar,2022-09-01,COP,0.0
equity_min_cvar,2022-10-03,COP,0.0
equity_min_cvar,2022-11-01,COP,0.0
equity_min_cvar,2022-12-01,COP,0.0
equity_min_cvar,2023-01-03,COP,0.0
equity_min_cvar,2023-02-01,COP,0.0
equity_min_cvar,2023-03-01,COP,0.0
equity_min_cvar,2023-04-03,COP,0.03893557033243754
equity_min_cvar,2023-05-01,COP,0.006846700874215398
equity_min_cvar,2023-06-01,COP,0.012278900806523262
equity_min_cvar,2023-07-03,COP,0.002599854907900289
equity_min_cvar,2023-08-01,COP,0.002599854907898842
equity_min_cvar,2023-09-01,COP,0.0
equity_min_cvar,2023-10-02,COP,0.0
equity_min_cvar,2023-11-01,COP,0.0
equity_min_cvar,2023-12-01,COP,0.0
equity_min_cvar,2022-01-03,CVX,0.057974630831437
equity_min_cvar,2022-02-01,CVX,0.05750297005229242
equity_min_cvar,2022-03-01,CVX,0.0
equity_min_cvar,2022-04-01,CVX,0.004820887403652403
equity_min_cvar,2022-05-02,CVX,0.0
equity_min_cvar,2022-06-01,CVX,0.0
equity_min_cvar,2022-07-01,CVX,0.028445009883907017
equity_min_cvar,2022-08-01,CVX,0.025778664721151184
equity_min_cvar,2022-09-01,CVX,0.06566780376008112
equity_min_cvar,2022-10-03,CVX,0.014650680686525652
equity_min_cvar,2022-11-01,CVX,0.0030176865356218415
equity_min_cvar,2022-12-01,CVX,0.046603488314706086
equity_min_cvar,2023-01-03,CVX,0.02396271565383247
equity_min_cvar,2023-02-01,CVX,0.010213594531541094
equity_min_cvar,2023-03-01,CVX,0.0
equity_min_cvar,2023-04-03,CVX,0.0
equity_min_cvar,2023-05-01,CVX,0.0
equity_min_cvar,2023-06-01,CVX,0.0
equity_min_cvar,2023-07-03,CVX,0.0
equity_min_cvar,2023-08-01,CVX,0.0
equity_min_cvar,2023-09-01,CVX,0.0
equity_min_cvar,2023-10-02,CVX,0.0
equity_min_cvar,2023-11-01,CVX,0.0
equity_min_cvar,2023-12-01,CVX,0.0
equity_min_cvar,2022-01-03,D,0.0
equity_min_cvar,2022-02-01,D,0.0
equity_min_cvar,2022-03-01,D,0.0
equity_min_cvar,2022-04-01,D,0.0
equity_min_cvar,2022-05-02,D,0.0
equity_min_cvar,2022-06-01,D,0.0
equity_min_cvar,2022-07-01,D,0.056623530362638584
equity_min_cvar,2022-08-01,D,0.05737774175460795
equity_min_cvar,2022-09-01,D,0.048562051547738745
equity_min_cvar,2022-10-03,D,0.0
equity_min_cvar,2022-11-01,D,0.0
equity_min_cvar,2022-12-01,D,0.0
equity_min_cvar,2023-01-03,D,0.0
equity_min_cvar,2023-02-01,D,0.0912585880189788
equity_min_cvar,2023-03-01,D,0.021267929786150195
equity_min_cvar,2023-04-03,D,0.05184628782602876
equity_min_cvar,2023-05-01,D,0.06339210521516311
equity_min_cvar,2023-06-01,D,0.02873034189759579
equity_min_cvar,2023-07-03,D,0.0
equity_min_cvar,2023-08-01,D,0.0
equity_min_cvar,2023-09-01,D,0.0
equity_min_cvar,2023-10-02,D,0.0
equity_min_cvar,2023-11-01,D,0.0
equity_min_cvar,2023-12-01,D,0.0
equity_min_cvar,2022-01-03,DD,0.0
equity_min_cvar,2022-02-01,DD,0.0
equity_min_cvar,2022-03-01,DD,0.0
equity_min_cvar,2022-04-01,DD,0.0
equity_min_cvar,2022-05-02,DD,0.0
equity_min_cvar,2022-06-01,DD,0.0
equity_min_cvar,2022-07-01,DD,0.0
equity_min_cvar,2022-08-01,DD,0.0
equity_min_cvar,2022-09-01,DD,0.0
equity_min_cvar,2022-10-03,DD,0.0
equity_min_cvar,2022-11-01,DD,0.0
equity_min_cvar,2022-12-01,DD,0.0
equity_min_cvar,2023-01-03,DD,0.0
equity_min_cvar,2023-02-01,DD,0.0
equity_min_cvar,2023-03-01,DD,0.0
equity_min_cvar,2023-04-03,DD,0.0
equity_min_cvar,2023-05-01,DD,0.0
equity_min_cvar,2023-06-01,DD,0.0
equity_min_cvar,2023-07-03,DD,0.0
equity_min_cvar,2023-08-01,DD,0.0
equity_min_cvar,2023-09-01,DD,0.0
equity_min_cvar,2023-10-02,DD,0.020607839111936477
equity_min_cvar,2023-11-01,DD,0.0
equity_min_cvar,2023-12-01,DD,0.0
equity_min_cvar,2022-01-03,DIS,0.0
equity_min_cvar,2022-02-01,DIS,0.019230215444345722
equity_min_cvar,2022-03-01,DIS,0.07405858455826918
equity_min_cvar,2022-04-01,DIS,0.08870446021382396
equity_min_cvar,2022-05-02,DIS,0.07260874146579914
equity_min_cvar,2022-06-01,DIS,0.04986393022358216
equity_min_cvar,2022-07-01,DIS,0.005395593669028307
equity_min_cvar,2022-08-01,DIS,0.004692768423289254
equity_min_cvar,2022-09-01,DIS,0.007334437959346974
equity_min_cvar,2022-10-03,DIS,0.0
equity_min_cvar,2022-11-01,DIS,0.0
equity_min_cvar,2022-12-01,DIS,0.0
equity_min_cvar,2023-01-03,DIS,0.0
equity_min_cvar,2023-02-01,DIS,0.0
equity_min_cvar,2023-03-01,DIS,0.0
equity_min_cvar,2023-04-03,DIS,0.0
equity_min_cvar,2023-05-01,DIS,0.0
equity_min_cvar,2023-06-01,DIS,0.0
equity_min_cvar,2023-07-03,DIS,0.0
equity_min_cvar,2023-08-01,DIS,0.0
equity_min_cvar,2023-09-01,DIS,0.0
equity_min_cvar,2023-10-02,DIS,0.0
equity_min_cvar,2023-11-01,DIS,0.0
equity_min_cvar,2023-12-01,DIS,0.0
equity_min_cvar,2022-01-03,DOW,0.0
equity_min_cvar,2022-02-01,DOW,0.0
equity_min_cvar,2022-03-01,DOW,0.0
equity_min_cvar,2022-04-01,DOW,0.0
equity_min_cvar,2022-05-02,DOW,0.0
equity_min_cvar,2022-06-01,DOW,0.0
equity_min_cvar,2022-07-01,DOW,0.0
equity_min_cvar,2022-08-01,DOW,0.0
equity_min_cvar,2022-09-01,DOW,0.0
equity_min_cvar,2022-10-03,DOW,0.0
equity_min_cvar,2022-11-01,DOW,0.0
equity_min_cvar,2022-12-01,DOW,0.0
equity_min_cvar,2023-01-03,DOW,0.0
equity_min_cvar,2023-02-01,DOW,0.0
equity_min_cvar,2023-03-01,DOW,0.0
equity_min_cvar,2023-04-03,DOW,0.0
equity_min_cvar,2023-05-01,DOW,0.0
equity_min_cvar,2023-06-01,DOW,0.0
equity_min_cvar,2023-07-03,DOW,0.0
equity_min_cvar,2023-08-01,DOW,0.0
equity_min_cvar,2023-09-01,DOW,0.0
equity_min_cvar,2023-10-02,DOW,0.0
equity_min_cvar,2023-11-01,DOW,0.0
equity_min_cvar,2023-12-01,DOW,0.0
equity_min_cvar,2022-01-03,DUK,0.07004023924881864
equity_min_cvar,2022-02-01,DUK,0.0
equity_min_cvar,2022-03-01,DUK,0.0
equity_min_cvar,2022-04-01,DUK,0.0
equity_min_cvar,2022-05-02,DUK,0.0
equity_min_cvar,2022-06-01,DUK,0.020405730216405724
equity_min_cvar,2022-07-01,DUK,0.0
equity_min_cvar,2022-08-01,DUK,0.0
equity_min_cvar,2022-09-01,DUK,0.0
equity_min_cvar,2022-10-03,DUK,0.0
equity_min_cvar,2022-11-01,DUK,0.01860073284419556
equity_min_cvar,2022-12-01,DUK,0.007117170374163724
equity_min_cvar,2023-01-03,DUK,0.022036032154374326
equity_min_cvar,2023-02-01,DUK,0.0
equity_min_cvar,2023-03-01,DUK,0.10000000000000021
equity_min_cvar,2023-04-03,DUK,0.07840582160711096
equity_min_cvar,2023-05-01,DUK,0.026180478999683048
equity_min_cvar,2023-06-01,DUK,0.0
equity_min_cvar,2023-07-03,DUK,0.054076118054924203
equity_min_cvar,2023-08-01,DUK,0.05407611805496897
equity_min_cvar,2023-09-01,DUK,0.06461834223747524
equity_min_cvar,2023-10-02,DUK,0.021530278873994065
equity_min_cvar,2023-11-01,DUK,0.09999999999999987
equity_min_cvar,2023-12-01,DUK,0.03156780971332157
equity_min_cvar,2022-01-03,EA,0.07310352209751157
equity_min_cvar,2022-02-01,EA,0.05459768079209901
equity_min_cvar,2022-03-01,EA,0.060148562969967276
equity_min_cvar,2022-04-01,EA,0.07938991446636713
equity_min_cvar,2022-05-02,EA,0.09999999999999996
equity_min_cvar,2022-06-01,EA,0.0999999999999999
equity_min_cvar,2022-07-01,EA,0.09724770547938492
equity_min_cvar,2022-08-01,EA,0.09999999999999998
equity_min_cvar,2022-09-01,EA,0.09616310504079091
equity_min_cvar,2022-10-03,EA,0.10000000000000003
equity_min_cvar,2022-11-01,EA,0.10000000000000028
equity_min_cvar,2022-12-01,EA,0.09999999999999834
equity_min_cvar,2023-01-03,EA,0.09999999999999998
equity_min_cvar,2023-02-01,EA,0.09999999999999987
equity_min_cvar,2023-03-01,EA,0.10000000000000021
equity_min_cvar,2023-04-03,EA,0.1
equity_min_cvar,2023-05-01,EA,0.09999999999999996
equity_min_cvar,2023-06-01,EA,0.1
equity_min_cvar,2023-07-03,EA,0.1000000000000012
equity_min_cvar,2023-08-01,EA,0.09999999999999801
equity_min_cvar,2023-09-01,EA,0.1
equity_min_cvar,2023-10-02,EA,0.09996082249070666
equity_min_cvar,2023-11-01,EA,0.09999999999999987
equity_min_cvar,2023-12-01,EA,0.09092256684690798
equity_min_cvar,2022-01-03,GE,0.0
equity_min_cvar,2022-02-01,GE,0.0
equity_min_cvar,2022-03-01,GE,0.0
equity_min_cvar,2022-04-01,GE,0.0
equity_min_cvar,2022-05-02,GE,0.0
equity_min_cvar,2022-06-01,GE,0.0
equity_min_cvar,2022-07-01,GE,0.0
equity_min_cvar,2022-08-01,GE,0.0
equity_min_cvar,2022-09-01,GE,0.0
equity_min_cvar,2022-10-03,GE,0.0
equity_min_cvar,2022-11-01,GE,0.0
equity_min_cvar,2022-12-01,GE,0.0
equity_min_cvar,2023-01-03,GE,0.0
equity_min_cvar,2023-02-01,GE,0.0
equity_min_cvar,2023-03-01,GE,0.0
equity_min_cvar,2023-04-03,GE,0.0
equity_min_cvar,2023-05-01,GE,0.0
equity_min_cvar,2023-06-01,GE,0.0
equity_min_cvar,2023-07-03,GE,0.0
equity_min_cvar,2023-08-01,GE,0.0
equity_min_cvar,2023-09-01,GE,0.0
equity_min_cvar,2023-10-02,GE,0.019019251395790224
equity_min_cvar,2023-11-01,GE,0.0010463262948671973
equity_min_cvar,2023-12-01,GE,0.0034908531431013037
equity_min_cvar,2022-01-03,GILD,0.1
equity_min_cvar,2022-02-01,GILD,0.1000000000000008
equity_min_cvar,2022-03-01,GILD,0.10000000000000041
equity_min_cvar,2022-04-01,GILD,0.10000000000000069
equity_min_cvar,2022-05-02,GILD,0.09999999999999996
equity_min_cvar,2022-06-01,GILD,0.0999999999999999
equity_min_cvar,2022-07-01,GILD,0.10000000000000002
equity_min_cvar,2022-08-01,GILD,0.09999999999999998
equity_min_cvar,2022-09-01,GILD,0.10000000000000006
equity_min_cvar,2022-10-03,GILD,0.10000000000000003
equity_min_cvar,2022-11-01,GILD,0.10000000000000028
equity_min_cvar,2022-12-01,GILD,0.09999999999999834
equity_min_cvar,2023-01-03,GILD,0.09999999999999998
equity_min_cvar,2023-02-01,GILD,0.09999999999999987
equity_min_cvar,2023-03-01,GILD,0.10000000000000021
equity_min_cvar,2023-04-03,GILD,0.1
equity_min_cvar,2023-05-01,GILD,0.09223988645728262
equity_min_cvar,2023-06-01,GILD,0.0
equity_min_cvar,2023-07-03,GILD,0.01068517228684029
equity_min_cvar,2023-08-01,GILD,0.010685172286853954
equity_min_cvar,2023-09-01,GILD,0.0
equity_min_cvar,2023-10-02,GILD,0.0646912185942554
equity_min_cvar,2023-11-01,GILD,0.0818234003033464
equity_min_cvar,2023-12-01,GILD,0.02677599599196508
equity_min_cvar,2022-01-03,GS,0.0
equity_min_cvar,2022-02-01,GS,0.0
equity_min_cvar,2022-03-01,GS,0.0
equity_min_cvar,2022-04-01,GS,0.0
equity_min_cvar,2022-05-02,GS,0.0
equity_min_cvar,2022-06-01,GS,0.0
equity_min_cvar,2022-07-01,GS,0.0
equity_min_cvar,2022-08-01,GS,0.0
equity_min_cvar,2022-09-01,GS,0.0
equity_min_cvar,2022-10-03,GS,0.0
equity_min_cvar,2022-11-01,GS,0.0
equity_min_cvar,2022-12-01,GS,0.0
equity_min_cvar,2023-01-03,GS,0.0
equity_min_cvar,2023-02-01,GS,0.0
equity_min_cvar,2023-03-01,GS,0.0
equity_min_cvar,2023-04-03,GS,0.0
equity_min_cvar,2023-05-01,GS,0.0
equity_min_cvar,2023-06-01,GS,0.0
equity_min_cvar,2023-07-03,GS,0.0
equity_min_cvar,2023-08-01,GS,0.0
equity_min_cvar,2023-09-01,GS,0.03421101989084257
equity_min_cvar,2023-10-02,GS,0.023692040468822166
equity_min_cvar,2023-11-01,GS,0.006154498895124851
equity_min_cvar,2023-12-01,GS,0.0
equity_min_cvar,2022-01-03,INTC,0.01932047585519746
equity_min_cvar,2022-02-01,INTC,0.0038097433183048378
equity_min_cvar,2022-03-01,INTC,0.0
equity_min_cvar,2022-04-01,INTC,0.0
equity_min_cvar,2022-05-02,INTC,0.0
equity_min_cvar,2022-06-01,INTC,0.0
equity_min_cvar,2022-07-01,INTC,0.0
equity_min_cvar,2022-08-01,INTC,0.0
equity_min_cvar,2022-09-01,INTC,0.0
equity_min_cvar,2022-10-03,INTC,0.0
equity_min_cvar,2022-11-01,INTC,0.0
equity_min_cvar,2022-12-01,INTC,0.0
equity_min_cvar,2023-01-03,INTC,0.0
equity_min_cvar,2023-02-01,INTC,0.0
equity_min_cvar,2023-03-01,INTC,0.0
equity_min_cvar,2023-04-03,INTC,0.0
equity_min_cvar,2023-05-01,INTC,0.0
equity_min_cvar,2023-06-01,INTC,0.0
equity_min_cvar,2023-07-03,INTC,0.0
equity_min_cvar,2023-08-01,INTC,0.0
equity_min_cvar,2023-09-01,INTC,0.0
equity_min_cvar,2023-10-02,INTC,0.0
equity_min_cvar,2023-11-01,INTC,0.018130539469611698
equity_min_cvar,2023-12-01,INTC,0.023219889632013123
equity_min_cvar,2022-01-03,KO,0.0
equity_min_cvar,2022-02-01,KO,0.03510790655994278
equity_min_cvar,2022-03-01,KO,0.10000000000000041
equity_min_cvar,2022-04-01,KO,0.0
equity_min_cvar,2022-05-02,KO,0.0303622404460589
equity_min_cvar,2022-06-01,KO,0.0
equity_min_cvar,2022-07-01,KO,0.0
equity_min_cvar,2022-08-01,KO,0.0
equity_min_cvar,2022-09-01,KO,0.0
equity_min_cvar,2022-10-03,KO,0.10000000000000003
equity_min_cvar,2022-11-01,KO,0.10000000000000028
equity_min_cvar,2022-12-01,KO,0.09999999999999834
equity_min_cvar,2023-01-03,KO,0.09999999999999998
equity_min_cvar,2023-02-01,KO,0.07508554915343332
equity_min_cvar,2023-03-01,KO,0.04746234813687681
equity_min_cvar,2023-04-03,KO,0.05435001436508689
equity_min_cvar,2023-05-01,KO,0.09999999999999996
equity_min_cvar,2023-06-01,KO,0.1
equity_min_cvar,2023-07-03,KO,0.1000000000000012
equity_min_cvar,2023-08-01,KO,0.09999999999999801
equity_min_cvar,2023-09-01,KO,0.1
equity_min_cvar,2023-10-02,KO,0.09999999999999998
equity_min_cvar,2023-11-01,KO,0.09999999999999987
equity_min_cvar,2023-12-01,KO,0.10000000000000013
equity_min_cvar,2022-01-03,MMM,0.06571263189609156
equity_min_cvar,2022-02-01,MMM,0.0
equity_min_cvar,2022-03-01,MMM,0.0
equity_min_cvar,2022-04-01,MMM,0.0
equity_min_cvar,2022-05-02,MMM,0.004576464568633967
equity_min_cvar,2022-06-01,MMM,0.0
equity_min_cvar,2022-07-01,MMM,0.0
equity_min_cvar,2022-08-01,MMM,0.0
equity_min_cvar,2022-09-01,MMM,0.00711746116689331
equity_min_cvar,2022-10-03,MMM,0.0
equity_min_cvar,2022-11-01,MMM,0.0
equity_min_cvar,2022-12-01,MMM,0.0
equity_min_cvar,2023-01-03,MMM,0.005121372145277641
equity_min_cvar,2023-02-01,MMM,0.002650969070909063
equity_min_cvar,2023-03-01,MMM,0.0
equity_min_cvar,2023-04-03,MMM,0.0
equity_min_cvar,2023-05-01,MMM,0.0
equity_min_cvar,2023-06-01,MMM,0.0
equity_min_cvar,2023-07-03,MMM,0.0
equity_min_cvar,2023-08-01,MMM,0.0
equity_min_cvar,2023-09-01,MMM,0.0
equity_min_cvar,2023-10-02,MMM,0.0
equity_min_cvar,2023-11-01,MMM,0.0
equity_min_cvar,2023-12-01,MMM,0.0
equity_min_cvar,2022-01-03,MRK,0.04886572527854134
equity_min_cvar,2022-02-01,MRK,0.06127739182269216
equity_min_cvar,2022-03-01,MRK,0.10000000000000041
equity_min_cvar,2022-04-01,MRK,0.10000000000000069
equity_min_cvar,2022-05-02,MRK,0.09999999999999996
equity_min_cvar,2022-06-01,MRK,0.0999999999999999
equity_min_cvar,2022-07-01,MRK,0.10000000000000002
equity_min_cvar,2022-08-01,MRK,0.09999999999999998
equity_min_cvar,2022-09-01,MRK,0.10000000000000006
equity_min_cvar,2022-10-03,MRK,0.10000000000000003
equity_min_cvar,2022-11-01,MRK,0.10000000000000028
equity_min_cvar,2022-12-01,MRK,0.09999999999999834
equity_min_cvar,2023-01-03,MRK,0.09999999999999998
equity_min_cvar,2023-02-01,MRK,0.09999999999999987
equity_min_cvar,2023-03-01,MRK,0.10000000000000021
equity_min_cvar,2023-04-03,MRK,0.1
equity_min_cvar,2023-05-01,MRK,0.09999999999999996
equity_min_cvar,2023-06-01,MRK,0.1
equity_min_cvar,2023-07-03,MRK,0.1000000000000012
equity_min_cvar,2023-08-01,MRK,0.09999999999999801
equity_min_cvar,2023-09-01,MRK,0.1
equity_min_cvar,2023-10-02,MRK,0.09999999999999998
equity_min_cvar,2023-11-01,MRK,0.09999999999999987
equity_min_cvar,2023-12-01,MRK,0.10000000000000013
equity_min_cvar,2022-01-03,MS,0.0
equity_min_cvar,2022-02-01,MS,0.0
equity_min_cvar,2022-03-01,MS,0.0
equity_min_cvar,2022-04-01,MS,0.0
equity_min_cvar,2022-05-02,MS,0.0
equity_min_cvar,2022-06-01,MS,0.0
equity_min_cvar,2022-07-01,MS,0.0
equity_min_cvar,2022-08-01,MS,0.0
equity_min_cvar,2022-09-01,MS,0.0
equity_min_cvar,2022-10-03,MS,0.0
equity_min_cvar,2022-11-01,MS,0.0
equity_min_cvar,2022-12-01,MS,0.0
equity_min_cvar,2023-01-03,MS,0.0
equity_min_cvar,2023-02-01,MS,0.0
equity_min_cvar,2023-03-01,MS,0.0
equity_min_cvar,2023-04-03,MS,0.0
equity_min_cvar,2023-05-01,MS,0.0
equity_min_cvar,2023-06-01,MS,0.0
equity_min_cvar,2023-07-03,MS,0.0
equity_min_cvar,2023-08-01,MS,0.0
equity_min_cvar,2023-09-01,MS,0.0
equity_min_cvar,2023-10-02,MS,0.0
equity_min_cvar,2023-11-01,MS,0.0
equity_min_cvar,2023-12-01,MS,0.0
equity_min_cvar,2022-01-03,NEE,0.0
equity_min_cvar,2022-02-01,NEE,0.0
equity_min_cvar,2022-03-01,NEE,0.016658405785298945
equity_min_cvar,2022-04-01,NEE,0.026239701635947393
equity_min_cvar,2022-05-02,NEE,0.00034277776759975524
equity_min_cvar,2022-06-01,NEE,0.028794826077347478
equity_min_cvar,2022-07-01,NEE,0.04225325028638727
equity_min_cvar,2022-08-01,NEE,0.04026192213861268
equity_min_cvar,2022-09-01,NEE,0.0
equity_min_cvar,2022-10-03,NEE,0.0
equity_min_cvar,2022-11-01,NEE,0.0
equity_min_cvar,2022-12-01,NEE,0.0
equity_min_cvar,2023-01-03,NEE,0.0
equity_min_cvar,2023-02-01,NEE,0.0
equity_min_cvar,2023-03-01,NEE,0.0
equity_min_cvar,2023-04-03,NEE,0.0
equity_min_cvar,2023-05-01,NEE,0.0
equity_min_cvar,2023-06-01,NEE,0.0
equity_min_cvar,2023-07-03,NEE,0.0
equity_min_cvar,2023-08-01,NEE,0.0
equity_min_cvar,2023-09-01,NEE,0.0
equity_min_cvar,2023-10-02,NEE,0.0
equity_min_cvar,2023-11-01,NEE,0.0
equity_min_cvar,2023-12-01,NEE,0.0
equity_min_cvar,2022-01-03,NEM,0.006701991965128294
equity_min_cvar,2022-02-01,NEM,0.0
equity_min_cvar,2022-03-01,NEM,0.0
equity_min_cvar,2022-04-01,NEM,0.07189341518666825
equity_min_cvar,2022-05-02,NEM,0.05733953619798656
equity_min_cvar,2022-06-01,NEM,0.0
equity_min_cvar,2022-07-01,NEM,0.0
equity_min_cvar,2022-08-01,NEM,0.0
equity_min_cvar,2022-09-01,NEM,0.0
equity_min_cvar,2022-10-03,NEM,0.07013882785638037
equity_min_cvar,2022-11-01,NEM,0.06771297384032453
equity_min_cvar,2022-12-01,NEM,0.033516760794199074
equity_min_cvar,2023-01-03,NEM,0.0
equity_min_cvar,2023-02-01,NEM,0.0
equity_min_cvar,2023-03-01,NEM,0.004445886932024677
equity_min_cvar,2023-04-03,NEM,0.014936299019917817
equity_min_cvar,2023-05-01,NEM,0.0
equity_min_cvar,2023-06-01,NEM,0.0
equity_min_cvar,2023-07-03,NEM,0.0
equity_min_cvar,2023-08-01,NEM,0.0
equity_min_cvar,2023-09-01,NEM,0.023515991261108336
equity_min_cvar,2023-10-02,NEM,0.0
equity_min_cvar,2023-11-01,NEM,0.0
equity_min_cvar,2023-12-01,NEM,0.0
equity_min_cvar,2022-01-03,NKE,0.05264075768592526
equity_min_cvar,2022-02-01,NKE,0.05981256178290278
equity_min_cvar,2022-03-01,NKE,0.06974448080372192
equity_min_cvar,2022-04-01,NKE,0.011463759235864153
equity_min_cvar,2022-05-02,NKE,0.0
equity_min_cvar,2022-06-01,NKE,0.0
equity_min_cvar,2022-07-01,NKE,0.0
equity_min_cvar,2022-08-01,NKE,0.0
equity_min_cvar,2022-09-01,NKE,0.0
equity_min_cvar,2022-10-03,NKE,0.0
equity_min_cvar,2022-11-01,NKE,0.0
equity_min_cvar,2022-12-01,NKE,0.0
equity_min_cvar,2023-01-03,NKE,0.0
equity_min_cvar,2023-02-01,NKE,0.0
equity_min_cvar,2023-03-01,NKE,0.0
equity_min_cvar,2023-04-03,NKE,0.0
equity_min_cvar,2023-05-01,NKE,0.0
equity_min_cvar,2023-06-01,NKE,0.0
equity_min_cvar,2023-07-03,NKE,0.0
equity_min_cvar,2023-08-01,NKE,0.0
equity_min_cvar,2023-09-01,NKE,0.0
equity_min_cvar,2023-10-02,NKE,0.0
equity_min_cvar,2023-11-01,NKE,0.0
equity_min_cvar,2023-12-01,NKE,0.0
equity_min_cvar,2022-01-03,NUE,0.0
equity_min_cvar,2022-02-01,NUE,0.0
equity_min_cvar,2022-03-01,NUE,0.0
equity_min_cvar,2022-04-01,NUE,0.0
equity_min_cvar,2022-05-02,NUE,0.0
equity_min_cvar,2022-06-01,NUE,0.0
equity_min_cvar,2022-07-01,NUE,0.0
equity_min_cvar,2022-08-01,NUE,0.0
equity_min_cvar,2022-09-01,NUE,0.0
equity_min_cvar,2022-10-03,NUE,0.0
equity_min_cvar,2022-11-01,NUE,0.0
equity_min_cvar,2022-12-01,NUE,0.0
equity_min_cvar,2023-01-03,NUE,0.0
equity_min_cvar,2023-02-01,NUE,0.0
equity_min_cvar,2023-03-01,NUE,0.0
equity_min_cvar,2023-04-03,NUE,0.0
equity_min_cvar,2023-05-01,NUE,0.0
equity_min_cvar,2023-06-01,NUE,0.0
equity_min_cvar,2023-07-03,NUE,0.0
equity_min_cvar,2023-08-01,NUE,0.0
equity_min_cvar,2023-09-01,NUE,0.0
equity_min_cvar,2023-10-02,NUE,0.0
equity_min_cvar,2023-11-01,NUE,0.0
equity_min_cvar,2023-12-01,NUE,0.0
equity_min_cvar,2022-01-03,NVDA,0.0
equity_min_cvar,2022-02-01,NVDA,0.0
equity_min_cvar,2022-03-01,NVDA,0.0
equity_min_cvar,2022-04-01,NVDA,0.0
equity_min_cvar,2022-05-02,NVDA,0.0
equity_min_cvar,2022-06-01,NVDA,0.0
equity_min_cvar,2022-07-01,NVDA,0.0
equity_min_cvar,2022-08-01,NVDA,0.0
equity_min_cvar,2022-09-01,NVDA,0.0
equity_min_cvar,2022-10-03,NVDA,0.0
equity_min_cvar,2022-11-01,NVDA,0.0
equity_min_cvar,2022-12-01,NVDA,0.0
equity_min_cvar,2023-01-03,NVDA,0.0
equity_min_cvar,2023-02-01,NVDA,0.0
equity_min_cvar,2023-03-01,NVDA,0.0
equity_min_cvar,2023-04-03,NVDA,0.0
equity_min_cvar,2023-05-01,NVDA,0.0
equity_min_cvar,2023-06-01,NVDA,0.0
equity_min_cvar,2023-07-03,NVDA,0.0
equity_min_cvar,2023-08-01,NVDA,0.0
equity_min_cvar,2023-09-01,NVDA,0.0
equity_min_cvar,2023-10-02,NVDA,0.0
equity_min_cvar,2023-11-01,NVDA,0.007944276278868434
equity_min_cvar,2023-12-01,NVDA,0.015790994989726085
equity_min_cvar,2022-01-03,O,0.03687109022204946
equity_min_cvar,2022-02-01,O,0.0018109814865437616
equity_min_cvar,2022-03-01,O,0.0
equity_min_cvar,2022-04-01,O,0.0
equity_min_cvar,2022-05-02,O,0.0
equity_min_cvar,2022-06-01,O,0.0
equity_min_cvar,2022-07-01,O,0.0016644774269742551
equity_min_cvar,2022-08-01,O,0.006163822501602038
equity_min_cvar,2022-09-01,O,0.0
equity_min_cvar,2022-10-03,O,0.10000000000000003
equity_min_cvar,2022-11-01,O,0.10000000000000028
equity_min_cvar,2022-12-01,O,0.09999999999999834
equity_min_cvar,2023-01-03,O,0.09999999999999998
equity_min_cvar,2023-02-01,O,0.09999999999999987
equity_min_cvar,2023-03-01,O,0.10000000000000021
equity_min_cvar,2023-04-03,O,0.08977314354316794
equity_min_cvar,2023-05-01,O,0.07565930371885163
equity_min_cvar,2023-06-01,O,0.1
equity_min_cvar,2023-07-03,O,0.1000000000000012
equity_min_cvar,2023-08-01,O,0.09999999999999801
equity_min_cvar,2023-09-01,O,0.1
equity_min_cvar,2023-10-02,O,0.07459428227106246
equity_min_cvar,2023-11-01,O,0.05774927498328798
equity_min_cvar,2023-12-01,O,0.0
equity_min_cvar,2022-01-03,OXY,0.0
equity_min_cvar,2022-02-01,OXY,0.0
equity_min_cvar,2022-03-01,OXY,0.0
equity_min_cvar,2022-04-01,OXY,0.0
equity_min_cvar,2022-05-02,OXY,0.0
equity_min_cvar,2022-06-01,OXY,0.0
equity_min_cvar,2022-07-01,OXY,0.0
equity_min_cvar,2022-08-01,OXY,0.0
equity_min_cvar,2022-09-01,OXY,0.0
equity_min_cvar,2022-10-03,OXY,0.0
equity_min_cvar,2022-11-01,OXY,0.0
equity_min_cvar,2022-12-01,OXY,0.0
equity_min_cvar,2023-01-03,OXY,0.0
equity_min_cvar,2023-02-01,OXY,0.0
equity_min_cvar,2023-03-01,OXY,0.0
equity_min_cvar,2023-04-03,OXY,0.0
equity_min_cvar,2023-05-01,OXY,0.0
equity_min_cvar,2023-06-01,OXY,0.0
equity_min_cvar,2023-07-03,OXY,0.018761715235690556
equity_min_cvar,2023-08-01,OXY,0.018761715235687076
equity_min_cvar,2023-09-01,OXY,0.004705683843895595
equity_min_cvar,2023-10-02,OXY,0.0
equity_min_cvar,2023-11-01,OXY,0.0
equity_min_cvar,2023-12-01,OXY,0.0
equity_min_cvar,2022-01-03,PLD,0.0
equity_min_cvar,2022-02-01,PLD,0.0
equity_min_cvar,2022-03-01,PLD,0.0
equity_min_cvar,2022-04-01,PLD,0.0
equity_min_cvar,2022-05-02,PLD,0.0
equity_min_cvar,2022-06-01,PLD,0.0
equity_min_cvar,2022-07-01,PLD,0.0
equity_min_cvar,2022-08-01,PLD,0.0
equity_min_cvar,2022-09-01,PLD,0.0
equity_min_cvar,2022-10-03,PLD,0.0
equity_min_cvar,2022-11-01,PLD,0.0
equity_min_cvar,2022-12-01,PLD,0.0
equity_min_cvar,2023-01-03,PLD,0.0
equity_min_cvar,2023-02-01,PLD,0.0
equity_min_cvar,2023-03-01,PLD,0.0
equity_min_cvar,2023-04-03,PLD,0.0
equity_min_cvar,2023-05-01,PLD,0.0
equity_min_cvar,2023-06-01,PLD,0.0
equity_min_cvar,2023-07-03,PLD,0.0
equity_min_cvar,2023-08-01,PLD,0.0
equity_min_cvar,2023-09-01,PLD,0.0
equity_min_cvar,2023-10-02,PLD,0.0
equity_min_cvar,2023-11-01,PLD,0.0
equity_min_cvar,2023-12-01,PLD,0.0
equity_min_cvar,2022-01-03,PSA,0.1
equity_min_cvar,2022-02-01,PSA,0.1000000000000008
equity_min_cvar,2022-03-01,PSA,0.09151732412444132
equity_min_cvar,2022-04-01,PSA,0.009848213779032807
equity_min_cvar,2022-05-02,PSA,0.0
equity_min_cvar,2022-06-01,PSA,0.0
equity_min_cvar,2022-07-01,PSA,0.0
equity_min_cvar,2022-08-01,PSA,0.0
equity_min_cvar,2022-09-01,PSA,0.0
equity_min_cvar,2022-10-03,PSA,0.0
equity_min_cvar,2022-11-01,PSA,0.0
equity_min_cvar,2022-12-01,PSA,0.0
equity_min_cvar,2023-01-03,PSA,0.0
equity_min_cvar,2023-02-01,PSA,0.0
equity_min_cvar,2023-03-01,PSA,0.0
equity_min_cvar,2023-04-03,PSA,0.0
equity_min_cvar,2023-05-01,PSA,0.0
equity_min_cvar,2023-06-01,PSA,0.037636132198913326
equity_min_cvar,2023-07-03,PSA,0.062052259644416186
equity_min_cvar,2023-08-01,PSA,0.062052259644414076
equity_min_cvar,2023-09-01,PSA,0.01950842970783198
equity_min_cvar,2023-10-02,PSA,0.0
equity_min_cvar,2023-11-01,PSA,0.0
equity_min_cvar,2023-12-01,PSA,0.0
equity_min_cvar,2022-01-03,QCOM,0.0
equity_min_cvar,2022-02-01,QCOM,0.0
equity_min_cvar,2022-03-01,QCOM,0.0
equity_min_cvar,2022-04-01,QCOM,0.0
equity_min_cvar,2022-05-02,QCOM,0.0
equity_min_cvar,2022-06-01,QCOM,0.0
equity_min_cvar,2022-07-01,QCOM,0.0
equity_min_cvar,2022-08-01,QCOM,0.0
equity_min_cvar,2022-09-01,QCOM,0.0
equity_min_cvar,2022-10-03,QCOM,0.0
equity_min_cvar,2022-11-01,QCOM,0.0
equity_min_cvar,2022-12-01,QCOM,0.0
equity_min_cvar,2023-01-03,QCOM,0.0
equity_min_cvar,2023-02-01,QCOM,0.0
equity_min_cvar,2023-03-01,QCOM,0.0
equity_min_cvar,2023-04-03,QCOM,0.0
equity_min_cvar,2023-05-01,QCOM,0.0
equity_min_cvar,2023-06-01,QCOM,0.0
equity_min_cvar,2023-07-03,QCOM,0.0
equity_min_cvar,2023-08-01,QCOM,0.0
equity_min_cvar,2023-09-01,QCOM,0.0
equity_min_cvar,2023-10-02,QCOM,0.0
equity_min_cvar,2023-11-01,QCOM,0.0
equity_min_cvar,2023-12-01,QCOM,0.0
equity_min_cvar,2022-01-03,SBUX,0.01896767239293835
equity_min_cvar,2022-02-01,SBUX,0.05919356735307354
equity_min_cvar,2022-03-01,SBUX,0.0
equity_min_cvar,2022-04-01,SBUX,0.0
equity_min_cvar,2022-05-02,SBUX,0.035621387221404226
equity_min_cvar,2022-06-01,SBUX,0.0
equity_min_cvar,2022-07-01,SBUX,0.0
equity_min_cvar,2022-08-01,SBUX,0.0
equity_min_cvar,2022-09-01,SBUX,0.0
equity_min_cvar,2022-10-03,SBUX,0.011835997326455985
equity_min_cvar,2022-11-01,SBUX,0.008887696627136198
equity_min_cvar,2022-12-01,SBUX,0.0
equity_min_cvar,2023-01-03,SBUX,0.012490596662639113
equity_min_cvar,2023-02-01,SBUX,0.09139894382612662
equity_min_cvar,2023-03-01,SBUX,0.06375359500388443
equity_min_cvar,2023-04-03,SBUX,0.09115627715194116
equity_min_cvar,2023-05-01,SBUX,0.09693341178405544
equity_min_cvar,2023-06-01,SBUX,0.06215633768944999
equity_min_cvar,2023-07-03,SBUX,0.013985179373834753
equity_min_cvar,2023-08-01,SBUX,0.013985179373835028
equity_min_cvar,2023-09-01,SBUX,0.00040662281291216064
equity_min_cvar,2023-10-02,SBUX,0.0
equity_min_cvar,2023-11-01,SBUX,0.04990791824897357
equity_min_cvar,2023-12-01,SBUX,0.007032067283545519
equity_min_cvar,2022-01-03,SHW,0.1
equity_min_cvar,2022-02-01,SHW,0.1000000000000008
equity_min_cvar,2022-03-01,SHW,0.08700634875731254
equity_min_cvar,2022-04-01,SHW,0.10000000000000069
equity_min_cvar,2022-05-02,SHW,0.09999999999999996
equity_min_cvar,2022-06-01,SHW,0.0999999999999999
equity_min_cvar,2022-07-01,SHW,0.0450094929305868
equity_min_cvar,2022-08-01,SHW,0.04531546276890616
equity_min_cvar,2022-09-01,SHW,0.060333317886866696
equity_min_cvar,2022-10-03,SHW,0.024931024273830184
equity_min_cvar,2022-11-01,SHW,0.01131436107939502
equity_min_cvar,2022-12-01,SHW,0.01007844977321064
equity_min_cvar,2023-01-03,SHW,0.0
equity_min_cvar,2023-02-01,SHW,0.0
equity_min_cvar,2023-03-01,SHW,0.0
equity_min_cvar,2023-04-03,SHW,0.0
equity_min_cvar,2023-05-01,SHW,0.0
equity_min_cvar,2023-06-01,SHW,0.0
equity_min_cvar,2023-07-03,SHW,0.0
equity_min_cvar,2023-08-01,SHW,0.0
equity_min_cvar,2023-09-01,SHW,0.0
equity_min_cvar,2023-10-02,SHW,0.0
equity_min_cvar,2023-11-01,SHW,0.0
equity_min_cvar,2023-12-01,SHW,0.0
equity_min_cvar,2022-01-03,SLB,0.0
equity_min_cvar,2022-02-01,SLB,0.0
equity_min_cvar,2022-03-01,SLB,0.0
equity_min_cvar,2022-04-01,SLB,0.0
equity_min_cvar,2022-05-02,SLB,0.03341181855190733
equity_min_cvar,2022-06-01,SLB,0.0
equity_min_cvar,2022-07-01,SLB,0.0
equity_min_cvar,2022-08-01,SLB,0.0
equity_min_cvar,2022-09-01,SLB,0.0
equity_min_cvar,2022-10-03,SLB,0.0
equity_min_cvar,2022-11-01,SLB,0.0
equity_min_cvar,2022-12-01,SLB,0.0
equity_min_cvar,2023-01-03,SLB,0.0
equity_min_cvar,2023-02-01,SLB,0.0
equity_min_cvar,2023-03-01,SLB,0.0
equity_min_cvar,2023-04-03,SLB,0.0
equity_min_cvar,2023-05-01,SLB,0.0
equity_min_cvar,2023-06-01,SLB,0.0
equity_min_cvar,2023-07-03,SLB,0.0
equity_min_cvar,2023-08-01,SLB,0.0
equity_min_cvar,2023-09-01,SLB,0.0
equity_min_cvar,2023-10-02,SLB,0.004417339438045298
equity_min_cvar,2023-11-01,SLB,0.0
equity_min_cvar,2023-12-01,SLB,0.0
equity_min_cvar,2022-01-03,SO,0.0
equity_min_cvar,2022-02-01,SO,0.1000000000000008
equity_min_cvar,2022-03-01,SO,0.0750252398189329
equity_min_cvar,2022-04-01,SO,0.048691921185208424
equity_min_cvar,2022-05-02,SO,0.05176200622024078
equity_min_cvar,2022-06-01,SO,0.0999999999999999
equity_min_cvar,2022-07-01,SO,0.10000000000000002
equity_min_cvar,2022-08-01,SO,0.09999999999999998
equity_min_cvar,2022-09-01,SO,0.10000000000000006
equity_min_cvar,2022-10-03,SO,0.0
equity_min_cvar,2022-11-01,SO,0.0
equity_min_cvar,2022-12-01,SO,0.01195566420808688
equity_min_cvar,2023-01-03,SO,0.029662087039548334
equity_min_cvar,2023-02-01,SO,0.0
equity_min_cvar,2023-03-01,SO,0.0
equity_min_cvar,2023-04-03,SO,0.0
equity_min_cvar,2023-05-01,SO,0.0
equity_min_cvar,2023-06-01,SO,0.0
equity_min_cvar,2023-07-03,SO,0.0
equity_min_cvar,2023-08-01,SO,0.0
equity_min_cvar,2023-09-01,SO,0.0
equity_min_cvar,2023-10-02,SO,0.0
equity_min_cvar,2023-11-01,SO,0.09999999999999987
equity_min_cvar,2023-12-01,SO,0.061936380935716906
equity_min_cvar,2022-01-03,T,0.1
equity_min_cvar,2022-02-01,T,0.0008203324475333669
equity_min_cvar,2022-03-01,T,0.023535432189239657
equity_min_cvar,2022-04-01,T,0.0
equity_min_cvar,2022-05-02,T,0.016353768329709382
equity_min_cvar,2022-06-01,T,0.012539720413557671
equity_min_cvar,2022-07-01,T,0.01680314993723783
equity_min_cvar,2022-08-01,T,0.022774837884334403
equity_min_cvar,2022-09-01,T,0.037476151696418845
equity_min_cvar,2022-10-03,T,0.03706220626679886
equity_min_cvar,2022-11-01,T,0.02773544628908899
equity_min_cvar,2022-12-01,T,0.061982027271914944
equity_min_cvar,2023-01-03,T,0.06111050770587397
equity_min_cvar,2023-02-01,T,0.09020492963664226
equity_min_cvar,2023-03-01,T,0.10000000000000021
equity_min_cvar,2023-04-03,T,0.1
equity_min_cvar,2023-05-01,T,0.09999999999999996
equity_min_cvar,2023-06-01,T,0.0
equity_min_cvar,2023-07-03,T,0.07662935906300537
equity_min_cvar,2023-08-01,T,0.0766293590629879
equity_min_cvar,2023-09-01,T,0.017059891069307442
equity_min_cvar,2023-10-02,T,0.037332061472919675
equity_min_cvar,2023-11-01,T,0.014362094113153699
equity_min_cvar,2023-12-01,T,0.048622688948433544
equity_min_cvar,2022-01-03,TMUS,0.0
equity_min_cvar,2022-02-01,TMUS,0.0
equity_min_cvar,2022-03-01,TMUS,0.0
equity_min_cvar,2022-04-01,TMUS,0.0
equity_min_cvar,2022-05-02,TMUS,0.0
equity_min_cvar,2022-06-01,TMUS,0.0
equity_min_cvar,2022-07-01,TMUS,0.0
equity_min_cvar,2022-08-01,TMUS,0.0
equity_min_cvar,2022-09-01,TMUS,0.0
equity_min_cvar,2022-10-03,TMUS,0.0
equity_min_cvar,2022-11-01,TMUS,0.0
equity_min_cvar,2022-12-01,TMUS,0.0
equity_min_cvar,2023-01-03,TMUS,0.0
equity_min_cvar,2023-02-01,TMUS,0.0
equity_min_cvar,2023-03-01,TMUS,0.0
equity_min_cvar,2023-04-03,TMUS,0.0
equity_min_cvar,2023-05-01,TMUS,0.0
equity_min_cvar,2023-06-01,TMUS,0.1
equity_min_cvar,2023-07-03,TMUS,0.1000000000000012
equity_min_cvar,2023-08-01,TMUS,0.09999999999999801
equity_min_cvar,2023-09-01,TMUS,0.1
equity_min_cvar,2023-10-02,TMUS,0.09999999999999998
equity_min_cvar,2023-11-01,TMUS,0.09999999999999987
equity_min_cvar,2023-12-01,TMUS,0.10000000000000013
equity_min_cvar,2022-01-03,TTWO,0.049801262526361134
equity_min_cvar,2022-02-01,TTWO,0.05660067740526473
equity_min_cvar,2022-03-01,TTWO,0.05413429394166752
equity_min_cvar,2022-04-01,TTWO,0.08715769924592941
equity_min_cvar,2022-05-02,TTWO,0.09727378037915269
equity_min_cvar,2022-06-01,TTWO,0.09447126812264041
equity_min_cvar,2022-07-01,TTWO,0.07686985771456652
equity_min_cvar,2022-08-01,TTWO,0.07550196663866783
equity_min_cvar,2022-09-01,TTWO,0.07035500789581205
equity_min_cvar,2022-10-03,TTWO,0.04173424457301894
equity_min_cvar,2022-11-01,TTWO,0.053512177029270254
equity_min_cvar,2022-12-01,TTWO,0.03924975499615461
equity_min_cvar,2023-01-03,TTWO,0.01861759169543154
equity_min_cvar,2023-02-01,TTWO,0.0
equity_min_cvar,2023-03-01,TTWO,0.0
equity_min_cvar,2023-04-03,TTWO,0.0
equity_min_cvar,2023-05-01,TTWO,0.0
equity_min_cvar,2023-06-01,TTWO,0.015066076013891124
equity_min_cvar,2023-07-03,TTWO,0.0
equity_min_cvar,2023-08-01,TTWO,0.0
equity_min_cvar,2023-09-01,TTWO,0.0
equity_min_cvar,2023-10-02,TTWO,0.0
equity_min_cvar,2023-11-01,TTWO,0.0
equity_min_cvar,2023-12-01,TTWO,0.0
equity_min_cvar,2022-01-03,UPS,0.0
equity_min_cvar,2022-02-01,UPS,0.06410869335460122
equity_min_cvar,2022-03-01,UPS,0.0
equity_min_cvar,2022-04-01,UPS,0.0
equity_min_cvar,2022-05-02,UPS,0.0
equity_min_cvar,2022-06-01,UPS,0.0
equity_min_cvar,2022-07-01,UPS,0.0
equity_min_cvar,2022-08-01,UPS,0.0
equity_min_cvar,2022-09-01,UPS,0.0
equity_min_cvar,2022-10-03,UPS,0.0
equity_min_cvar,2022-11-01,UPS,0.0
equity_min_cvar,2022-12-01,UPS,0.0
equity_min_cvar,2023-01-03,UPS,0.0
equity_min_cvar,2023-02-01,UPS,0.0
equity_min_cvar,2023-03-01,UPS,0.0
equity_min_cvar,2023-04-03,UPS,0.0
equity_min_cvar,2023-05-01,UPS,0.0
equity_min_cvar,2023-06-01,UPS,0.07292454418200973
equity_min_cvar,2023-07-03,UPS,0.027803429051810432
equity_min_cvar,2023-08-01,UPS,0.0278034290518066
equity_min_cvar,2023-09-01,UPS,0.0
equity_min_cvar,2023-10-02,UPS,0.0
equity_min_cvar,2023-11-01,UPS,0.0
equity_min_cvar,2023-12-01,UPS,0.0
equity_min_cvar,2022-01-03,USB,0.0
equity_min_cvar,2022-02-01,USB,0.0
equity_min_cvar,2022-03-01,USB,0.0
equity_min_cvar,2022-04-01,USB,0.0
equity_min_cvar,2022-05-02,USB,0.0
equity_min_cvar,2022-06-01,USB,0.0
equity_min_cvar,2022-07-01,USB,0.0
equity_min_cvar,2022-08-01,USB,0.0
equity_min_cvar,2022-09-01,USB,0.0
equity_min_cvar,2022-10-03,USB,0.0
equity_min_cvar,2022-11-01,USB,0.0
equity_min_cvar,2022-12-01,USB,0.026324157576378973
equity_min_cvar,2023-01-03,USB,0.03341144250601457
equity_min_cvar,2023-02-01,USB,0.0
equity_min_cvar,2023-03-01,USB,0.0
equity_min_cvar,2023-04-03,USB,0.0
equity_min_cvar,2023-05-01,USB,0.0
equity_min_cvar,2023-06-01,USB,0.0
equity_min_cvar,2023-07-03,USB,0.0
equity_min_cvar,2023-08-01,USB,0.0
equity_min_cvar,2023-09-01,USB,0.0
equity_min_cvar,2023-10-02,USB,0.0
equity_min_cvar,2023-11-01,USB,0.0
equity_min_cvar,2023-12-01,USB,0.0
equity_min_cvar,2022-01-03,V,0.0
equity_min_cvar,2022-02-01,V,0.0
equity_min_cvar,2022-03-01,V,0.037559578952953324
equity_min_cvar,2022-04-01,V,0.005778772326378283
equity_min_cvar,2022-05-02,V,0.0
equity_min_cvar,2022-06-01,V,0.0
equity_min_cvar,2022-07-01,V,0.0
equity_min_cvar,2022-08-01,V,0.0
equity_min_cvar,2022-09-01,V,0.0
equity_min_cvar,2022-10-03,V,0.0
equity_min_cvar,2022-11-01,V,0.0
equity_min_cvar,2022-12-01,V,0.0
equity_min_cvar,2023-01-03,V,0.0
equity_min_cvar,2023-02-01,V,0.0
equity_min_cvar,2023-03-01,V,0.0
equity_min_cvar,2023-04-03,V,0.0
equity_min_cvar,2023-05-01,V,0.0
equity_min_cvar,2023-06-01,V,0.0
equity_min_cvar,2023-07-03,V,0.03340691238156953
equity_min_cvar,2023-08-01,V,0.03340691238156139
equity_min_cvar,2023-09-01,V,0.1
equity_min_cvar,2023-10-02,V,0.08736615531648746
equity_min_cvar,2023-11-01,V,0.0
equity_min_cvar,2023-12-01,V,0.10000000000000013
equity_min_cvar,2022-01-03,WFC,0.0
equity_min_cvar,2022-02-01,WFC,0.0
equity_min_cvar,2022-03-01,WFC,0.0
equity_min_cvar,2022-04-01,WFC,0.0
equity_min_cvar,2022-05-02,WFC,0.0
equity_min_cvar,2022-06-01,WFC,0.0
equity_min_cvar,2022-07-01,WFC,0.0
equity_min_cvar,2022-08-01,WFC,0.0
equity_min_cvar,2022-09-01,WFC,0.0
equity_min_cvar,2022-10-03,WFC,0.0
equity_min_cvar,2022-11-01,WFC,0.0
equity_min_cvar,2022-12-01,WFC,0.0
equity_min_cvar,2023-01-03,WFC,0.0
equity_min_cvar,2023-02-01,WFC,0.0
equity_min_cvar,2023-03-01,WFC,0.0
equity_min_cvar,2023-04-03,WFC,0.0
equity_min_cvar,2023-05-01,WFC,0.0
equity_min_cvar,2023-06-01,WFC,0.0
equity_min_cvar,2023-07-03,WFC,0.0
equity_min_cvar,2023-08-01,WFC,0.0
equity_min_cvar,2023-09-01,WFC,0.0
equity_min_cvar,2023-10-02,WFC,0.0
equity_min_cvar,2023-11-01,WFC,0.0
equity_min_cvar,2023-12-01,WFC,0.0
equity_min_cvar,2022-01-03,WMT,0.0
equity_min_cvar,2022-02-01,WMT,0.0
equity_min_cvar,2022-03-01,WMT,0.03211073290678263
equity_min_cvar,2022-04-01,WMT,0.029780785636091163
equity_min_cvar,2022-05-02,WMT,0.028122603681044626
equity_min_cvar,2022-06-01,WMT,0.023475294792013317
equity_min_cvar,2022-07-01,WMT,0.10000000000000002
equity_min_cvar,2022-08-01,WMT,0.09999999999999998
equity_min_cvar,2022-09-01,WMT,0.10000000000000006
equity_min_cvar,2022-10-03,WMT,0.10000000000000003
equity_min_cvar,2022-11-01,WMT,0.10000000000000028
equity_min_cvar,2022-12-01,WMT,0.09999999999999834
equity_min_cvar,2023-01-03,WMT,0.09999999999999998
equity_min_cvar,2023-02-01,WMT,0.08008463901973369
equity_min_cvar,2023-03-01,WMT,0.09862134115898916
equity_min_cvar,2023-04-03,WMT,0.08059658615430883
equity_min_cvar,2023-05-01,WMT,0.0825078822439909
equity_min_cvar,2023-06-01,WMT,0.1
equity_min_cvar,2023-07-03,WMT,0.1000000000000012
equity_min_cvar,2023-08-01,WMT,0.09999999999999801
equity_min_cvar,2023-09-01,WMT,0.1
equity_min_cvar,2023-10-02,WMT,0.09999999999999998
equity_min_cvar,2023-11-01,WMT,0.09999999999999987
equity_min_cvar,2023-12-01,WMT,0.10000000000000013
equity_min_cvar,2022-01-03,XOM,0.0
equity_min_cvar,2022-02-01,XOM,0.0
equity_min_cvar,2022-03-01,XOM,0.0
equity_min_cvar,2022-04-01,XOM,0.0
equity_min_cvar,2022-05-02,XOM,0.0
equity_min_cvar,2022-06-01,XOM,0.0
equity_min_cvar,2022-07-01,XOM,0.0
equity_min_cvar,2022-08-01,XOM,0.0
equity_min_cvar,2022-09-01,XOM,0.0
equity_min_cvar,2022-10-03,XOM,0.0
equity_min_cvar,2022-11-01,XOM,0.0
equity_min_cvar,2022-12-01,XOM,0.0
equity_min_cvar,2023-01-03,XOM,0.06056274447134035
equity_min_cvar,2023-02-01,XOM,0.05444330222566852
equity_min_cvar,2023-03-01,XOM,0.06444889898207332
equity_min_cvar,2023-04-03,XOM,0.0
equity_min_cvar,2023-05-01,XOM,0.05624023070675791
equity_min_cvar,2023-06-01,XOM,0.0
equity_min_cvar,2023-07-03,XOM,0.0
equity_min_cvar,2023-08-01,XOM,0.0
equity_min_cvar,2023-09-01,XOM,0.0018535758385801063
equity_min_cvar,2023-10-02,XOM,0.0
equity_min_cvar,2023-11-01,XOM,0.0
equity_min_cvar,2023-12-01,XOM,0.0
crypto_equal_weight,2022-01-03,CR_ADA-USD,0.1
crypto_equal_weight,2022-02-01,CR_ADA-USD,0.1
crypto_equal_weight,2022-03-01,CR_ADA-USD,0.1
crypto_equal_weight,2022-04-01,CR_ADA-USD,0.1
crypto_equal_weight,2022-05-02,CR_ADA-USD,0.1
crypto_equal_weight,2022-06-01,CR_ADA-USD,0.1
crypto_equal_weight,2022-07-01,CR_ADA-USD,0.1
crypto_equal_weight,2022-08-01,CR_ADA-USD,0.1
crypto_equal_weight,2022-09-01,CR_ADA-USD,0.1
crypto_equal_weight,2022-10-03,CR_ADA-USD,0.1
crypto_equal_weight,2022-11-01,CR_ADA-USD,0.1
crypto_equal_weight,2022-12-01,CR_ADA-USD,0.1
crypto_equal_weight,2023-01-03,CR_ADA-USD,0.1
crypto_equal_weight,2023-02-01,CR_ADA-USD,0.1
crypto_equal_weight,2023-03-01,CR_ADA-USD,0.1
crypto_equal_weight,2023-04-03,CR_ADA-USD,0.1
crypto_equal_weight,2023-05-01,CR_ADA-USD,0.1
crypto_equal_weight,2023-06-01,CR_ADA-USD,0.1
crypto_equal_weight,2023-07-03,CR_ADA-USD,0.1
crypto_equal_weight,2023-08-01,CR_ADA-USD,0.1
crypto_equal_weight,2023-09-01,CR_ADA-USD,0.1
crypto_equal_weight,2023-10-02,CR_ADA-USD,0.1
crypto_equal_weight,2023-11-01,CR_ADA-USD,0.1
crypto_equal_weight,2023-12-01,CR_ADA-USD,0.1
crypto_equal_weight,2022-01-03,CR_BCH-USD,0.1
crypto_equal_weight,2022-02-01,CR_BCH-USD,0.1
crypto_equal_weight,2022-03-01,CR_BCH-USD,0.1
crypto_equal_weight,2022-04-01,CR_BCH-USD,0.1
crypto_equal_weight,2022-05-02,CR_BCH-USD,0.1
crypto_equal_weight,2022-06-01,CR_BCH-USD,0.1
crypto_equal_weight,2022-07-01,CR_BCH-USD,0.1
crypto_equal_weight,2022-08-01,CR_BCH-USD,0.1
crypto_equal_weight,2022-09-01,CR_BCH-USD,0.1
crypto_equal_weight,2022-10-03,CR_BCH-USD,0.1
crypto_equal_weight,2022-11-01,CR_BCH-USD,0.1
crypto_equal_weight,2022-12-01,CR_BCH-USD,0.1
crypto_equal_weight,2023-01-03,CR_BCH-USD,0.1
crypto_equal_weight,2023-02-01,CR_BCH-USD,0.1
crypto_equal_weight,2023-03-01,CR_BCH-USD,0.1
crypto_equal_weight,2023-04-03,CR_BCH-USD,0.1
crypto_equal_weight,2023-05-01,CR_BCH-USD,0.1
crypto_equal_weight,2023-06-01,CR_BCH-USD,0.1
crypto_equal_weight,2023-07-03,CR_BCH-USD,0.1
crypto_equal_weight,2023-08-01,CR_BCH-USD,0.1
crypto_equal_weight,2023-09-01,CR_BCH-USD,0.1
crypto_equal_weight,2023-10-02,CR_BCH-USD,0.1
crypto_equal_weight,2023-11-01,CR_BCH-USD,0.1
crypto_equal_weight,2023-12-01,CR_BCH-USD,0.1
crypto_equal_weight,2022-01-03,CR_BTC-USD,0.1
crypto_equal_weight,2022-02-01,CR_BTC-USD,0.1
crypto_equal_weight,2022-03-01,CR_BTC-USD,0.1
crypto_equal_weight,2022-04-01,CR_BTC-USD,0.1
crypto_equal_weight,2022-05-02,CR_BTC-USD,0.1
crypto_equal_weight,2022-06-01,CR_BTC-USD,0.1
crypto_equal_weight,2022-07-01,CR_BTC-USD,0.1
crypto_equal_weight,2022-08-01,CR_BTC-USD,0.1
crypto_equal_weight,2022-09-01,CR_BTC-USD,0.1
crypto_equal_weight,2022-10-03,CR_BTC-USD,0.1
crypto_equal_weight,2022-11-01,CR_BTC-USD,0.1
crypto_equal_weight,2022-12-01,CR_BTC-USD,0.1
crypto_equal_weight,2023-01-03,CR_BTC-USD,0.1
crypto_equal_weight,2023-02-01,CR_BTC-USD,0.1
crypto_equal_weight,2023-03-01,CR_BTC-USD,0.1
crypto_equal_weight,2023-04-03,CR_BTC-USD,0.1
crypto_equal_weight,2023-05-01,CR_BTC-USD,0.1
crypto_equal_weight,2023-06-01,CR_BTC-USD,0.1
crypto_equal_weight,2023-07-03,CR_BTC-USD,0.1
crypto_equal_weight,2023-08-01,CR_BTC-USD,0.1
crypto_equal_weight,2023-09-01,CR_BTC-USD,0.1
crypto_equal_weight,2023-10-02,CR_BTC-USD,0.1
crypto_equal_weight,2023-11-01,CR_BTC-USD,0.1
crypto_equal_weight,2023-12-01,CR_BTC-USD,0.1
crypto_equal_weight,2022-01-03,CR_EOS-USD,0.1
crypto_equal_weight,2022-02-01,CR_EOS-USD,0.1
crypto_equal_weight,2022-03-01,CR_EOS-USD,0.1
crypto_equal_weight,2022-04-01,CR_EOS-USD,0.1
crypto_equal_weight,2022-05-02,CR_EOS-USD,0.1
crypto_equal_weight,2022-06-01,CR_EOS-USD,0.1
crypto_equal_weight,2022-07-01,CR_EOS-USD,0.1
crypto_equal_weight,2022-08-01,CR_EOS-USD,0.1
crypto_equal_weight,2022-09-01,CR_EOS-USD,0.1
crypto_equal_weight,2022-10-03,CR_EOS-USD,0.1
crypto_equal_weight,2022-11-01,CR_EOS-USD,0.1
crypto_equal_weight,2022-12-01,CR_EOS-USD,0.1
crypto_equal_weight,2023-01-03,CR_EOS-USD,0.1
crypto_equal_weight,2023-02-01,CR_EOS-USD,0.1
crypto_equal_weight,2023-03-01,CR_EOS-USD,0.1
crypto_equal_weight,2023-04-03,CR_EOS-USD,0.1
crypto_equal_weight,2023-05-01,CR_EOS-USD,0.1
crypto_equal_weight,2023-06-01,CR_EOS-USD,0.1
crypto_equal_weight,2023-07-03,CR_EOS-USD,0.1
crypto_equal_weight,2023-08-01,CR_EOS-USD,0.1
crypto_equal_weight,2023-09-01,CR_EOS-USD,0.1
crypto_equal_weight,2023-10-02,CR_EOS-USD,0.1
crypto_equal_weight,2023-11-01,CR_EOS-USD,0.1
crypto_equal_weight,2023-12-01,CR_EOS-USD,0.1
crypto_equal_weight,2022-01-03,CR_ETC-USD,0.1
crypto_equal_weight,2022-02-01,CR_ETC-USD,0.1
crypto_equal_weight,2022-03-01,CR_ETC-USD,0.1
crypto_equal_weight,2022-04-01,CR_ETC-USD,0.1
crypto_equal_weight,2022-05-02,CR_ETC-USD,0.1
crypto_equal_weight,2022-06-01,CR_ETC-USD,0.1
crypto_equal_weight,2022-07-01,CR_ETC-USD,0.1
crypto_equal_weight,2022-08-01,CR_ETC-USD,0.1
crypto_equal_weight,2022-09-01,CR_ETC-USD,0.1
crypto_equal_weight,2022-10-03,CR_ETC-USD,0.1
crypto_equal_weight,2022-11-01,CR_ETC-USD,0.1
crypto_equal_weight,2022-12-01,CR_ETC-USD,0.1
crypto_equal_weight,2023-01-03,CR_ETC-USD,0.1
crypto_equal_weight,2023-02-01,CR_ETC-USD,0.1
crypto_equal_weight,2023-03-01,CR_ETC-USD,0.1
crypto_equal_weight,2023-04-03,CR_ETC-USD,0.1
crypto_equal_weight,2023-05-01,CR_ETC-USD,0.1
crypto_equal_weight,2023-06-01,CR_ETC-USD,0.1
crypto_equal_weight,2023-07-03,CR_ETC-USD,0.1
crypto_equal_weight,2023-08-01,CR_ETC-USD,0.1
crypto_equal_weight,2023-09-01,CR_ETC-USD,0.1
crypto_equal_weight,2023-10-02,CR_ETC-USD,0.1
crypto_equal_weight,2023-11-01,CR_ETC-USD,0.1
crypto_equal_weight,2023-12-01,CR_ETC-USD,0.1
crypto_equal_weight,2022-01-03,CR_ETH-USD,0.1
crypto_equal_weight,2022-02-01,CR_ETH-USD,0.1
crypto_equal_weight,2022-03-01,CR_ETH-USD,0.1
crypto_equal_weight,2022-04-01,CR_ETH-USD,0.1
crypto_equal_weight,2022-05-02,CR_ETH-USD,0.1
crypto_equal_weight,2022-06-01,CR_ETH-USD,0.1
crypto_equal_weight,2022-07-01,CR_ETH-USD,0.1
crypto_equal_weight,2022-08-01,CR_ETH-USD,0.1
crypto_equal_weight,2022-09-01,CR_ETH-USD,0.1
crypto_equal_weight,2022-10-03,CR_ETH-USD,0.1
crypto_equal_weight,2022-11-01,CR_ETH-USD,0.1
crypto_equal_weight,2022-12-01,CR_ETH-USD,0.1
crypto_equal_weight,2023-01-03,CR_ETH-USD,0.1
crypto_equal_weight,2023-02-01,CR_ETH-USD,0.1
crypto_equal_weight,2023-03-01,CR_ETH-USD,0.1
crypto_equal_weight,2023-04-03,CR_ETH-USD,0.1
crypto_equal_weight,2023-05-01,CR_ETH-USD,0.1
crypto_equal_weight,2023-06-01,CR_ETH-USD,0.1
crypto_equal_weight,2023-07-03,CR_ETH-USD,0.1
crypto_equal_weight,2023-08-01,CR_ETH-USD,0.1
crypto_equal_weight,2023-09-01,CR_ETH-USD,0.1
crypto_equal_weight,2023-10-02,CR_ETH-USD,0.1
crypto_equal_weight,2023-11-01,CR_ETH-USD,0.1
crypto_equal_weight,2023-12-01,CR_ETH-USD,0.1
crypto_equal_weight,2022-01-03,CR_LTC-USD,0.1
crypto_equal_weight,2022-02-01,CR_LTC-USD,0.1
crypto_equal_weight,2022-03-01,CR_LTC-USD,0.1
crypto_equal_weight,2022-04-01,CR_LTC-USD,0.1
crypto_equal_weight,2022-05-02,CR_LTC-USD,0.1
crypto_equal_weight,2022-06-01,CR_LTC-USD,0.1
crypto_equal_weight,2022-07-01,CR_LTC-USD,0.1
crypto_equal_weight,2022-08-01,CR_LTC-USD,0.1
crypto_equal_weight,2022-09-01,CR_LTC-USD,0.1
crypto_equal_weight,2022-10-03,CR_LTC-USD,0.1
crypto_equal_weight,2022-11-01,CR_LTC-USD,0.1
crypto_equal_weight,2022-12-01,CR_LTC-USD,0.1
crypto_equal_weight,2023-01-03,CR_LTC-USD,0.1
crypto_equal_weight,2023-02-01,CR_LTC-USD,0.1
crypto_equal_weight,2023-03-01,CR_LTC-USD,0.1
crypto_equal_weight,2023-04-03,CR_LTC-USD,0.1
crypto_equal_weight,2023-05-01,CR_LTC-USD,0.1
crypto_equal_weight,2023-06-01,CR_LTC-USD,0.1
crypto_equal_weight,2023-07-03,CR_LTC-USD,0.1
crypto_equal_weight,2023-08-01,CR_LTC-USD,0.1
crypto_equal_weight,2023-09-01,CR_LTC-USD,0.1
crypto_equal_weight,2023-10-02,CR_LTC-USD,0.1
crypto_equal_weight,2023-11-01,CR_LTC-USD,0.1
crypto_equal_weight,2023-12-01,CR_LTC-USD,0.1
crypto_equal_weight,2022-01-03,CR_TRX-USD,0.1
crypto_equal_weight,2022-02-01,CR_TRX-USD,0.1
crypto_equal_weight,2022-03-01,CR_TRX-USD,0.1
crypto_equal_weight,2022-04-01,CR_TRX-USD,0.1
crypto_equal_weight,2022-05-02,CR_TRX-USD,0.1
crypto_equal_weight,2022-06-01,CR_TRX-USD,0.1
crypto_equal_weight,2022-07-01,CR_TRX-USD,0.1
crypto_equal_weight,2022-08-01,CR_TRX-USD,0.1
crypto_equal_weight,2022-09-01,CR_TRX-USD,0.1
crypto_equal_weight,2022-10-03,CR_TRX-USD,0.1
crypto_equal_weight,2022-11-01,CR_TRX-USD,0.1
crypto_equal_weight,2022-12-01,CR_TRX-USD,0.1
crypto_equal_weight,2023-01-03,CR_TRX-USD,0.1
crypto_equal_weight,2023-02-01,CR_TRX-USD,0.1
crypto_equal_weight,2023-03-01,CR_TRX-USD,0.1
crypto_equal_weight,2023-04-03,CR_TRX-USD,0.1
crypto_equal_weight,2023-05-01,CR_TRX-USD,0.1
crypto_equal_weight,2023-06-01,CR_TRX-USD,0.1
crypto_equal_weight,2023-07-03,CR_TRX-USD,0.1
crypto_equal_weight,2023-08-01,CR_TRX-USD,0.1
crypto_equal_weight,2023-09-01,CR_TRX-USD,0.1
crypto_equal_weight,2023-10-02,CR_TRX-USD,0.1
crypto_equal_weight,2023-11-01,CR_TRX-USD,0.1
crypto_equal_weight,2023-12-01,CR_TRX-USD,0.1
crypto_equal_weight,2022-01-03,CR_XLM-USD,0.1
crypto_equal_weight,2022-02-01,CR_XLM-USD,0.1
crypto_equal_weight,2022-03-01,CR_XLM-USD,0.1
crypto_equal_weight,2022-04-01,CR_XLM-USD,0.1
crypto_equal_weight,2022-05-02,CR_XLM-USD,0.1
crypto_equal_weight,2022-06-01,CR_XLM-USD,0.1
crypto_equal_weight,2022-07-01,CR_XLM-USD,0.1
crypto_equal_weight,2022-08-01,CR_XLM-USD,0.1
crypto_equal_weight,2022-09-01,CR_XLM-USD,0.1
crypto_equal_weight,2022-10-03,CR_XLM-USD,0.1
crypto_equal_weight,2022-11-01,CR_XLM-USD,0.1
crypto_equal_weight,2022-12-01,CR_XLM-USD,0.1
crypto_equal_weight,2023-01-03,CR_XLM-USD,0.1
crypto_equal_weight,2023-02-01,CR_XLM-USD,0.1
crypto_equal_weight,2023-03-01,CR_XLM-USD,0.1
crypto_equal_weight,2023-04-03,CR_XLM-USD,0.1
crypto_equal_weight,2023-05-01,CR_XLM-USD,0.1
crypto_equal_weight,2023-06-01,CR_XLM-USD,0.1
crypto_equal_weight,2023-07-03,CR_XLM-USD,0.1
crypto_equal_weight,2023-08-01,CR_XLM-USD,0.1
crypto_equal_weight,2023-09-01,CR_XLM-USD,0.1
crypto_equal_weight,2023-10-02,CR_XLM-USD,0.1
crypto_equal_weight,2023-11-01,CR_XLM-USD,0.1
crypto_equal_weight,2023-12-01,CR_XLM-USD,0.1
crypto_equal_weight,2022-01-03,CR_XRP-USD,0.1
crypto_equal_weight,2022-02-01,CR_XRP-USD,0.1
crypto_equal_weight,2022-03-01,CR_XRP-USD,0.1
crypto_equal_weight,2022-04-01,CR_XRP-USD,0.1
crypto_equal_weight,2022-05-02,CR_XRP-USD,0.1
crypto_equal_weight,2022-06-01,CR_XRP-USD,0.1
crypto_equal_weight,2022-07-01,CR_XRP-USD,0.1
crypto_equal_weight,2022-08-01,CR_XRP-USD,0.1
crypto_equal_weight,2022-09-01,CR_XRP-USD,0.1
crypto_equal_weight,2022-10-03,CR_XRP-USD,0.1
crypto_equal_weight,2022-11-01,CR_XRP-USD,0.1
crypto_equal_weight,2022-12-01,CR_XRP-USD,0.1
crypto_equal_weight,2023-01-03,CR_XRP-USD,0.1
crypto_equal_weight,2023-02-01,CR_XRP-USD,0.1
crypto_equal_weight,2023-03-01,CR_XRP-USD,0.1
crypto_equal_weight,2023-04-03,CR_XRP-USD,0.1
crypto_equal_weight,2023-05-01,CR_XRP-USD,0.1
crypto_equal_weight,2023-06-01,CR_XRP-USD,0.1
crypto_equal_weight,2023-07-03,CR_XRP-USD,0.1
crypto_equal_weight,2023-08-01,CR_XRP-USD,0.1
crypto_equal_weight,2023-09-01,CR_XRP-USD,0.1
crypto_equal_weight,2023-10-02,CR_XRP-USD,0.1
crypto_equal_weight,2023-11-01,CR_XRP-USD,0.1
crypto_equal_weight,2023-12-01,CR_XRP-USD,0.1
crypto_min_variance,2022-01-03,CR_ADA-USD,0.11603646705327973
crypto_min_variance,2022-02-01,CR_ADA-USD,0.10984432339601753
crypto_min_variance,2022-03-01,CR_ADA-USD,0.1084635758479537
crypto_min_variance,2022-04-01,CR_ADA-USD,0.1226145830690404
crypto_min_variance,2022-05-02,CR_ADA-USD,0.12559829969017963
crypto_min_variance,2022-06-01,CR_ADA-USD,0.11413675981754011
crypto_min_variance,2022-07-01,CR_ADA-USD,0.11845642862139989
crypto_min_variance,2022-08-01,CR_ADA-USD,0.12278184690857379
crypto_min_variance,2022-09-01,CR_ADA-USD,0.12180040809896245
crypto_min_variance,2022-10-03,CR_ADA-USD,0.13259536450742782
crypto_min_variance,2022-11-01,CR_ADA-USD,0.13082754464175844
crypto_min_variance,2022-12-01,CR_ADA-USD,0.12597091700406865
crypto_min_variance,2023-01-03,CR_ADA-USD,0.11302950933935374
crypto_min_variance,2023-02-01,CR_ADA-USD,0.10297199326791479
crypto_min_variance,2023-03-01,CR_ADA-USD,0.10354338901814188
crypto_min_variance,2023-04-03,CR_ADA-USD,0.11240002446482111
crypto_min_variance,2023-05-01,CR_ADA-USD,0.07729245889593649
crypto_min_variance,2023-06-01,CR_ADA-USD,0.044841820236579066
crypto_min_variance,2023-07-03,CR_ADA-USD,0.036995777848264626
crypto_min_variance,2023-08-01,CR_ADA-USD,0.05464173382865684
crypto_min_variance,2023-09-01,CR_ADA-USD,0.09070940533519671
crypto_min_variance,2023-10-02,CR_ADA-USD,0.06260843769441407
crypto_min_variance,2023-11-01,CR_ADA-USD,0.04752066976218475
crypto_min_variance,2023-12-01,CR_ADA-USD,0.02921199952110625
crypto_min_variance,2022-01-03,CR_BCH-USD,0.0
crypto_min_variance,2022-02-01,CR_BCH-USD,0.01425481734436933
crypto_min_variance,2022-03-01,CR_BCH-USD,0.019317230248938527
crypto_min_variance,2022-04-01,CR_BCH-USD,0.04308624686816601
crypto_min_variance,2022-05-02,CR_BCH-USD,0.047144989120662235
crypto_min_variance,2022-06-01,CR_BCH-USD,0.05648101759716849
crypto_min_variance,2022-07-01,CR_BCH-USD,0.05544776783913977
crypto_min_variance,2022-08-01,CR_BCH-USD,0.056788335242157775
crypto_min_variance,2022-09-01,CR_BCH-USD,0.0431934757127363
crypto_min_variance,2022-10-03,CR_BCH-USD,0.0433092844181138
crypto_min_variance,2022-11-01,CR_BCH-USD,0.041234301532488665
crypto_min_variance,2022-12-01,CR_BCH-USD,0.04551565701985341
crypto_min_variance,2023-01-03,CR_BCH-USD,0.021756439218571136
crypto_min_variance,2023-02-01,CR_BCH-USD,0.0
crypto_min_variance,2023-03-01,CR_BCH-USD,0.0013742385882934882
crypto_min_variance,2023-04-03,CR_BCH-USD,0.0010762107411218687
crypto_min_variance,2023-05-01,CR_BCH-USD,3.0222135558033436e-17
crypto_min_variance,2023-06-01,CR_BCH-USD,0.15589968184425895
crypto_min_variance,2023-07-03,CR_BCH-USD,0.08410006096088242
crypto_min_variance,2023-08-01,CR_BCH-USD,0.1297836613660476
crypto_min_variance,2023-09-01,CR_BCH-USD,0.10482503786543595
crypto_min_variance,2023-10-02,CR_BCH-USD,0.08684563965389643
crypto_min_variance,2023-11-01,CR_BCH-USD,0.0836347510836415
crypto_min_variance,2023-12-01,CR_BCH-USD,0.09144355851088141
crypto_min_variance,2022-01-03,CR_BTC-USD,0.19999999999999996
crypto_min_variance,2022-02-01,CR_BTC-USD,0.20000000000000007
crypto_min_variance,2022-03-01,CR_BTC-USD,0.20000000000000004
crypto_min_variance,2022-04-01,CR_BTC-USD,0.20000000000000007
crypto_min_variance,2022-05-02,CR_BTC-USD,0.19999999999999998
crypto_min_variance,2022-06-01,CR_BTC-USD,0.2
crypto_min_variance,2022-07-01,CR_BTC-USD,0.20000000000000004
crypto_min_variance,2022-08-01,CR_BTC-USD,0.2
crypto_min_variance,2022-09-01,CR_BTC-USD,0.2
crypto_min_variance,2022-10-03,CR_BTC-USD,0.19999999999999993
crypto_min_variance,2022-11-01,CR_BTC-USD,0.2
crypto_min_variance,2022-12-01,CR_BTC-USD,0.19999999999999996
crypto_min_variance,2023-01-03,CR_BTC-USD,0.2
crypto_min_variance,2023-02-01,CR_BTC-USD,0.19999999999999996
crypto_min_variance,2023-03-01,CR_BTC-USD,0.2
crypto_min_variance,2023-04-03,CR_BTC-USD,0.2
crypto_min_variance,2023-05-01,CR_BTC-USD,0.2
crypto_min_variance,2023-06-01,CR_BTC-USD,0.19999999999999998
crypto_min_variance,2023-07-03,CR_BTC-USD,0.20000000000000004
crypto_min_variance,2023-08-01,CR_BTC-USD,0.2
crypto_min_variance,2023-09-01,CR_BTC-USD,0.2
crypto_min_variance,2023-10-02,CR_BTC-USD,0.2
crypto_min_variance,2023-11-01,CR_BTC-USD,0.20000000000000007
crypto_min_variance,2023-12-01,CR_BTC-USD,0.2
crypto_min_variance,2022-01-03,CR_EOS-USD,9.83066438583341e-18
crypto_min_variance,2022-02-01,CR_EOS-USD,0.0
crypto_min_variance,2022-03-01,CR_EOS-USD,1.0652286344670083e-17
crypto_min_variance,2022-04-01,CR_EOS-USD,7.621178942920569e-18
crypto_min_variance,2022-05-02,CR_EOS-USD,0.0
crypto_min_variance,2022-06-01,CR_EOS-USD,5.800481622797449e-18
crypto_min_variance,2022-07-01,CR_EOS-USD,0.0
crypto_min_variance,2022-08-01,CR_EOS-USD,0.0
crypto_min_variance,2022-09-01,CR_EOS-USD,2.0159595902889162e-17
crypto_min_variance,2022-10-03,CR_EOS-USD,4.255493527005604e-18
crypto_min_variance,2022-11-01,CR_EOS-USD,4.797594613248357e-18
crypto_min_variance,2022-12-01,CR_EOS-USD,0.0
crypto_min_variance,2023-01-03,CR_EOS-USD,0.0
crypto_min_variance,2023-02-01,CR_EOS-USD,1.4636729328554307e-17
crypto_min_variance,2023-03-01,CR_EOS-USD,0.0
crypto_min_variance,2023-04-03,CR_EOS-USD,0.0
crypto_min_variance,2023-05-01,CR_EOS-USD,0.0
crypto_min_variance,2023-06-01,CR_EOS-USD,0.0027117809290065145
crypto_min_variance,2023-07-03,CR_EOS-USD,0.026994842116032286
crypto_min_variance,2023-08-01,CR_EOS-USD,0.05942967846547324
crypto_min_variance,2023-09-01,CR_EOS-USD,0.06538339041076607
crypto_min_variance,2023-10-02,CR_EOS-USD,0.08611790171498347
crypto_min_variance,2023-11-01,CR_EOS-USD,0.0876197032995393
crypto_min_variance,2023-12-01,CR_EOS-USD,0.07926636169858739
crypto_min_variance,2022-01-03,CR_ETC-USD,0.04219532883283537
crypto_min_variance,2022-02-01,CR_ETC-USD,0.04688647320095421
crypto_min_variance,2022-03-01,CR_ETC-USD,0.04258695833650494
crypto_min_variance,2022-04-01,CR_ETC-USD,0.033095517262256235
crypto_min_variance,2022-05-02,CR_ETC-USD,0.027159121596843305
crypto_min_variance,2022-06-01,CR_ETC-USD,0.02449774087174937
crypto_min_variance,2022-07-01,CR_ETC-USD,0.019521613842638393
crypto_min_variance,2022-08-01,CR_ETC-USD,0.0
crypto_min_variance,2022-09-01,CR_ETC-USD,2.137911158869854e-18
crypto_min_variance,2022-10-03,CR_ETC-USD,5.09575021068187e-18
crypto_min_variance,2022-11-01,CR_ETC-USD,7.426784881525705e-18
crypto_min_variance,2022-12-01,CR_ETC-USD,1.7889335846010823e-18
crypto_min_variance,2023-01-03,CR_ETC-USD,3.2991933295555e-18
crypto_min_variance,2023-02-01,CR_ETC-USD,3.252606517456513e-19
crypto_min_variance,2023-03-01,CR_ETC-USD,1.565316886525947e-18
crypto_min_variance,2023-04-03,CR_ETC-USD,0.0
crypto_min_variance,2023-05-01,CR_ETC-USD,0.0
crypto_min_variance,2023-06-01,CR_ETC-USD,6.071532165918825e-18
crypto_min_variance,2023-07-03,CR_ETC-USD,0.0
crypto_min_variance,2023-08-01,CR_ETC-USD,0.0
crypto_min_variance,2023-09-01,CR_ETC-USD,8.131516293641285e-18
crypto_min_variance,2023-10-02,CR_ETC-USD,0.0
crypto_min_variance,2023-11-01,CR_ETC-USD,2.016616040823039e-17
crypto_min_variance,2023-12-01,CR_ETC-USD,0.0
crypto_min_variance,2022-01-03,CR_ETH-USD,0.2
crypto_min_variance,2022-02-01,CR_ETH-USD,0.20000000000000007
crypto_min_variance,2022-03-01,CR_ETH-USD,0.2
crypto_min_variance,2022-04-01,CR_ETH-USD,0.20000000000000004
crypto_min_variance,2022-05-02,CR_ETH-USD,0.2
crypto_min_variance,2022-06-01,CR_ETH-USD,0.2
crypto_min_variance,2022-07-01,CR_ETH-USD,0.20000000000000007
crypto_min_variance,2022-08-01,CR_ETH-USD,0.2
crypto_min_variance,2022-09-01,CR_ETH-USD,0.19999999999999998
crypto_min_variance,2022-10-03,CR_ETH-USD,0.19999999999999996
crypto_min_variance,2022-11-01,CR_ETH-USD,0.2
crypto_min_variance,2022-12-01,CR_ETH-USD,0.2
crypto_min_variance,2023-01-03,CR_ETH-USD,0.2
crypto_min_variance,2023-02-01,CR_ETH-USD,0.19999999999999996
crypto_min_variance,2023-03-01,CR_ETH-USD,0.19999999999999998
crypto_min_variance,2023-04-03,CR_ETH-USD,0.2
crypto_min_variance,2023-05-01,CR_ETH-USD,0.2
crypto_min_variance,2023-06-01,CR_ETH-USD,0.12391806051906232
crypto_min_variance,2023-07-03,CR_ETH-USD,0.12313832363528683
crypto_min_variance,2023-08-01,CR_ETH-USD,0.1826472526871023
crypto_min_variance,2023-09-01,CR_ETH-USD,0.17842533251172196
crypto_min_variance,2023-10-02,CR_ETH-USD,0.1890019368774269
crypto_min_variance,2023-11-01,CR_ETH-USD,0.19349133086929468
crypto_min_variance,2023-12-01,CR_ETH-USD,0.17883822096279234
crypto_min_variance,2022-01-03,CR_LTC-USD,0.15540897379601062
crypto_min_variance,2022-02-01,CR_LTC-USD,0.15502685016402346
crypto_min_variance,2022-03-01,CR_LTC-USD,0.1510211009468164
crypto_min_variance,2022-04-01,CR_LTC-USD,0.14638756790010643
crypto_min_variance,2022-05-02,CR_LTC-USD,0.14569359973209559
crypto_min_variance,2022-06-01,CR_LTC-USD,0.14077696187404462
crypto_min_variance,2022-07-01,CR_LTC-USD,0.13966349116755086
crypto_min_variance,2022-08-01,CR_LTC-USD,0.147263731751375
crypto_min_variance,2022-09-01,CR_LTC-USD,0.1538267336613947
crypto_min_variance,2022-10-03,CR_LTC-USD,0.15286697011010042
crypto_min_variance,2022-11-01,CR_LTC-USD,0.15706552578903168
crypto_min_variance,2022-12-01,CR_LTC-USD,0.14019466285931376
crypto_min_variance,2023-01-03,CR_LTC-USD,0.13105588719399822
crypto_min_variance,2023-02-01,CR_LTC-USD,0.10471170785550998
crypto_min_variance,2023-03-01,CR_LTC-USD,0.11056265092628308
crypto_min_variance,2023-04-03,CR_LTC-USD,0.10392308722036687
crypto_min_variance,2023-05-01,CR_LTC-USD,0.056629298838797484
crypto_min_variance,2023-06-01,CR_LTC-USD,0.037845900159893656
crypto_min_variance,2023-07-03,CR_LTC-USD,0.028894997227037627
crypto_min_variance,2023-08-01,CR_LTC-USD,0.0544030217308999
crypto_min_variance,2023-09-01,CR_LTC-USD,0.04792880078451535
crypto_min_variance,2023-10-02,CR_LTC-USD,0.05065795131395324
crypto_min_variance,2023-11-01,CR_LTC-USD,0.05694856574830025
crypto_min_variance,2023-12-01,CR_LTC-USD,0.08924371774967726
crypto_min_variance,2022-01-03,CR_TRX-USD,0.171554873892961
crypto_min_variance,2022-02-01,CR_TRX-USD,0.17256309858862162
crypto_min_variance,2022-03-01,CR_TRX-USD,0.18733053141477074
crypto_min_variance,2022-04-01,CR_TRX-USD,0.20000000000000007
crypto_min_variance,2022-05-02,CR_TRX-USD,0.2
crypto_min_variance,2022-06-01,CR_TRX-USD,0.2
crypto_min_variance,2022-07-01,CR_TRX-USD,0.20000000000000007
crypto_min_variance,2022-08-01,CR_TRX-USD,0.2
crypto_min_variance,2022-09-01,CR_TRX-USD,0.19999999999999998
crypto_min_variance,2022-10-03,CR_TRX-USD,0.19999999999999996
crypto_min_variance,2022-11-01,CR_TRX-USD,0.19999999999999998
crypto_min_variance,2022-12-01,CR_TRX-USD,0.2
crypto_min_variance,2023-01-03,CR_TRX-USD,0.2
crypto_min_variance,2023-02-01,CR_TRX-USD,0.19999999999999996
crypto_min_variance,2023-03-01,CR_TRX-USD,0.2
crypto_min_variance,2023-04-03,CR_TRX-USD,0.2
crypto_min_variance,2023-05-01,CR_TRX-USD,0.2
crypto_min_variance,2023-06-01,CR_TRX-USD,0.19999999999999998
crypto_min_variance,2023-07-03,CR_TRX-USD,0.20000000000000004
crypto_min_variance,2023-08-01,CR_TRX-USD,0.2
crypto_min_variance,2023-09-01,CR_TRX-USD,0.20000000000000004
crypto_min_variance,2023-10-02,CR_TRX-USD,0.2
crypto_min_variance,2023-11-01,CR_TRX-USD,0.20000000000000007
crypto_min_variance,2023-12-01,CR_TRX-USD,0.2
crypto_min_variance,2022-01-03,CR_XLM-USD,0.029579822614099225
crypto_min_variance,2022-02-01,CR_XLM-USD,0.01952008454075521
crypto_min_variance,2022-03-01,CR_XLM-USD,0.019900831803134785
crypto_min_variance,2022-04-01,CR_XLM-USD,0.0021971945832041976
crypto_min_variance,2022-05-02,CR_XLM-USD,0.0027511228261229118
crypto_min_variance,2022-06-01,CR_XLM-USD,0.013656721201689892
crypto_min_variance,2022-07-01,CR_XLM-USD,0.014962582340732033
crypto_min_variance,2022-08-01,CR_XLM-USD,0.01660990601145785
crypto_min_variance,2022-09-01,CR_XLM-USD,0.018644563396680403
crypto_min_variance,2022-10-03,CR_XLM-USD,0.014928819065131714
crypto_min_variance,2022-11-01,CR_XLM-USD,0.015861033725254905
crypto_min_variance,2022-12-01,CR_XLM-USD,0.032417984371916925
crypto_min_variance,2023-01-03,CR_XLM-USD,0.04450911606427711
crypto_min_variance,2023-02-01,CR_XLM-USD,0.15375474249703305
crypto_min_variance,2023-03-01,CR_XLM-USD,0.17101450523659442
crypto_min_variance,2023-04-03,CR_XLM-USD,0.17195085530042667
crypto_min_variance,2023-05-01,CR_XLM-USD,0.1836912055843949
crypto_min_variance,2023-06-01,CR_XLM-USD,0.16652981832630198
crypto_min_variance,2023-07-03,CR_XLM-USD,0.19134575367085033
crypto_min_variance,2023-08-01,CR_XLM-USD,0.08968759487202183
crypto_min_variance,2023-09-01,CR_XLM-USD,0.07343610977686628
crypto_min_variance,2023-10-02,CR_XLM-USD,0.0844324265346103
crypto_min_variance,2023-11-01,CR_XLM-USD,0.09569218031665622
crypto_min_variance,2023-12-01,CR_XLM-USD,0.102216440225013
crypto_min_variance,2022-01-03,CR_XRP-USD,0.08522453381081412
crypto_min_variance,2022-02-01,CR_XRP-USD,0.08190435276525872
crypto_min_variance,2022-03-01,CR_XRP-USD,0.07137977140188098
crypto_min_variance,2022-04-01,CR_XRP-USD,0.05261889031722665
crypto_min_variance,2022-05-02,CR_XRP-USD,0.05165286703409639
crypto_min_variance,2022-06-01,CR_XRP-USD,0.05045079863780753
crypto_min_variance,2022-07-01,CR_XRP-USD,0.05194811618853895
crypto_min_variance,2022-08-01,CR_XRP-USD,0.056556180086435544
crypto_min_variance,2022-09-01,CR_XRP-USD,0.06253481913022611
crypto_min_variance,2022-10-03,CR_XRP-USD,0.05629956189922615
crypto_min_variance,2022-11-01,CR_XRP-USD,0.05501159431146627
crypto_min_variance,2022-12-01,CR_XRP-USD,0.055900778744847425
crypto_min_variance,2023-01-03,CR_XRP-USD,0.08964904818379973
crypto_min_variance,2023-02-01,CR_XRP-USD,0.03856155637954201
crypto_min_variance,2023-03-01,CR_XRP-USD,0.013505216230687095
crypto_min_variance,2023-04-03,CR_XRP-USD,0.010649822273263453
crypto_min_variance,2023-05-01,CR_XRP-USD,0.08238703668087118
crypto_min_variance,2023-06-01,CR_XRP-USD,0.06825293798489761
crypto_min_variance,2023-07-03,CR_XRP-USD,0.10853024454164595
crypto_min_variance,2023-08-01,CR_XRP-USD,0.029407057049798294
crypto_min_variance,2023-09-01,CR_XRP-USD,0.039291923315497745
crypto_min_variance,2023-10-02,CR_XRP-USD,0.04033570621071555
crypto_min_variance,2023-11-01,CR_XRP-USD,0.03509279892038325
crypto_min_variance,2023-12-01,CR_XRP-USD,0.02977970133194237
crypto_max_sharpe,2022-01-03,CR_ADA-USD,0.19999999999999996
crypto_max_sharpe,2022-02-01,CR_ADA-USD,0.19999999999999982
crypto_max_sharpe,2022-03-01,CR_ADA-USD,0.20000000000000007
crypto_max_sharpe,2022-04-01,CR_ADA-USD,0.20000000000000007
crypto_max_sharpe,2022-05-02,CR_ADA-USD,0.2
crypto_max_sharpe,2022-06-01,CR_ADA-USD,0.16730048989981727
crypto_max_sharpe,2022-07-01,CR_ADA-USD,0.11453056516708694
crypto_max_sharpe,2022-08-01,CR_ADA-USD,0.07529689251020227
crypto_max_sharpe,2022-09-01,CR_ADA-USD,0.05701530992349552
crypto_max_sharpe,2022-10-03,CR_ADA-USD,0.0
crypto_max_sharpe,2022-11-01,CR_ADA-USD,0.004731709343134348
crypto_max_sharpe,2022-12-01,CR_ADA-USD,0.20000000000000007
crypto_max_sharpe,2023-01-03,CR_ADA-USD,0.1878037816939074
crypto_max_sharpe,2023-02-01,CR_ADA-USD,0.0027867849827769233
crypto_max_sharpe,2023-03-01,CR_ADA-USD,0.0
crypto_max_sharpe,2023-04-03,CR_ADA-USD,2.7279252337598286e-17
crypto_max_sharpe,2023-05-01,CR_ADA-USD,0.0
crypto_max_sharpe,2023-06-01,CR_ADA-USD,2.5042384588705234e-17
crypto_max_sharpe,2023-07-03,CR_ADA-USD,9.575279132252639e-17
crypto_max_sharpe,2023-08-01,CR_ADA-USD,6.424298015595524e-17
crypto_max_sharpe,2023-09-01,CR_ADA-USD,5.5247277667114724e-17
crypto_max_sharpe,2023-10-02,CR_ADA-USD,1.1952881748850778e-16
crypto_max_sharpe,2023-11-01,CR_ADA-USD,6.781271820594325e-17
crypto_max_sharpe,2023-12-01,CR_ADA-USD,2.909459681513581e-17
crypto_max_sharpe,2022-01-03,CR_BCH-USD,0.0
crypto_max_sharpe,2022-02-01,CR_BCH-USD,3.7404974950749897e-17
crypto_max_sharpe,2022-03-01,CR_BCH-USD,4.4795337415543686e-17
crypto_max_sharpe,2022-04-01,CR_BCH-USD,0.0
crypto_max_sharpe,2022-05-02,CR_BCH-USD,0.0
crypto_max_sharpe,2022-06-01,CR_BCH-USD,3.7523458650898206e-17
crypto_max_sharpe,2022-07-01,CR_BCH-USD,3.9180356008194916e-17
crypto_max_sharpe,2022-08-01,CR_BCH-USD,0.0
crypto_max_sharpe,2022-09-01,CR_BCH-USD,0.0
crypto_max_sharpe,2022-10-03,CR_BCH-USD,0.0
crypto_max_sharpe,2022-11-01,CR_BCH-USD,1.4173226076648157e-17
crypto_max_sharpe,2022-12-01,CR_BCH-USD,9.052716250239584e-17
crypto_max_sharpe,2023-01-03,CR_BCH-USD,3.115996404350843e-17
crypto_max_sharpe,2023-02-01,CR_BCH-USD,0.0
crypto_max_sharpe,2023-03-01,CR_BCH-USD,0.0
crypto_max_sharpe,2023-04-03,CR_BCH-USD,1.136390825575632e-16
crypto_max_sharpe,2023-05-01,CR_BCH-USD,0.0
crypto_max_sharpe,2023-06-01,CR_BCH-USD,0.0
crypto_max_sharpe,2023-07-03,CR_BCH-USD,0.19999999999999982
crypto_max_sharpe,2023-08-01,CR_BCH-USD,0.20000000000000007
crypto_max_sharpe,2023-09-01,CR_BCH-USD,0.1999999999999999
crypto_max_sharpe,2023-10-02,CR_BCH-USD,0.19999999999999993
crypto_max_sharpe,2023-11-01,CR_BCH-USD,0.1999999999999999
crypto_max_sharpe,2023-12-01,CR_BCH-USD,0.19999999999999993
crypto_max_sharpe,2022-01-03,CR_BTC-USD,0.19999999999999993
crypto_max_sharpe,2022-02-01,CR_BTC-USD,0.19999999999999993
crypto_max_sharpe,2022-03-01,CR_BTC-USD,0.20000000000000004
crypto_max_sharpe,2022-04-01,CR_BTC-USD,0.20000000000000004
crypto_max_sharpe,2022-05-02,CR_BTC-USD,0.19999999999999998
crypto_max_sharpe,2022-06-01,CR_BTC-USD,0.20000000000000004
crypto_max_sharpe,2022-07-01,CR_BTC-USD,0.2
crypto_max_sharpe,2022-08-01,CR_BTC-USD,0.19999999999999996
crypto_max_sharpe,2022-09-01,CR_BTC-USD,0.2
crypto_max_sharpe,2022-10-03,CR_BTC-USD,0.2000000000000001
crypto_max_sharpe,2022-11-01,CR_BTC-USD,0.12431650859948158
crypto_max_sharpe,2022-12-01,CR_BTC-USD,0.0
crypto_max_sharpe,2023-01-03,CR_BTC-USD,0.0
crypto_max_sharpe,2023-02-01,CR_BTC-USD,7.465361173882834e-17
crypto_max_sharpe,2023-03-01,CR_BTC-USD,0.0
crypto_max_sharpe,2023-04-03,CR_BTC-USD,2.8673553857554777e-16
crypto_max_sharpe,2023-05-01,CR_BTC-USD,2.0469737016526324e-16
crypto_max_sharpe,2023-06-01,CR_BTC-USD,0.20000000000000007
crypto_max_sharpe,2023-07-03,CR_BTC-USD,0.0
crypto_max_sharpe,2023-08-01,CR_BTC-USD,0.0
crypto_max_sharpe,2023-09-01,CR_BTC-USD,8.326672684688673e-17
crypto_max_sharpe,2023-10-02,CR_BTC-USD,2.168404344971008e-16
crypto_max_sharpe,2023-11-01,CR_BTC-USD,0.19999999999999835
crypto_max_sharpe,2023-12-01,CR_BTC-USD,0.2
crypto_max_sharpe,2022-01-03,CR_EOS-USD,0.0
crypto_max_sharpe,2022-02-01,CR_EOS-USD,1.3877787807814454e-17
crypto_max_sharpe,2022-03-01,CR_EOS-USD,8.613647447218433e-17
crypto_max_sharpe,2022-04-01,CR_EOS-USD,0.0
crypto_max_sharpe,2022-05-02,CR_EOS-USD,0.0
crypto_max_sharpe,2022-06-01,CR_EOS-USD,0.0
crypto_max_sharpe,2022-07-01,CR_EOS-USD,7.983793747640133e-17
crypto_max_sharpe,2022-08-01,CR_EOS-USD,0.0
crypto_max_sharpe,2022-09-01,CR_EOS-USD,0.0
crypto_max_sharpe,2022-10-03,CR_EOS-USD,0.0
crypto_max_sharpe,2022-11-01,CR_EOS-USD,6.161807168492844e-17
crypto_max_sharpe,2022-12-01,CR_EOS-USD,0.0
crypto_max_sharpe,2023-01-03,CR_EOS-USD,0.012196218306092885
crypto_max_sharpe,2023-02-01,CR_EOS-USD,0.08459950024549368
crypto_max_sharpe,2023-03-01,CR_EOS-USD,0.2
crypto_max_sharpe,2023-04-03,CR_EOS-USD,0.19999999999999987
crypto_max_sharpe,2023-05-01,CR_EOS-USD,0.2
crypto_max_sharpe,2023-06-01,CR_EOS-USD,1.6053697894741116e-17
crypto_max_sharpe,2023-07-03,CR_EOS-USD,4.261827818506729e-17
crypto_max_sharpe,2023-08-01,CR_EOS-USD,0.0
crypto_max_sharpe,2023-09-01,CR_EOS-USD,1.5695711454022967e-16
crypto_max_sharpe,2023-10-02,CR_EOS-USD,4.1017605010856654e-17
crypto_max_sharpe,2023-11-01,CR_EOS-USD,0.0
crypto_max_sharpe,2023-12-01,CR_EOS-USD,2.142646369198386e-17
crypto_max_sharpe,2022-01-03,CR_ETC-USD,0.12712291223043837
crypto_max_sharpe,2022-02-01,CR_ETC-USD,0.0
crypto_max_sharpe,2022-03-01,CR_ETC-USD,0.11133568947617284
crypto_max_sharpe,2022-04-01,CR_ETC-USD,0.18397461293224815
crypto_max_sharpe,2022-05-02,CR_ETC-USD,0.16186851879972586
crypto_max_sharpe,2022-06-01,CR_ETC-USD,0.20000000000000004
crypto_max_sharpe,2022-07-01,CR_ETC-USD,0.19999999999999984
crypto_max_sharpe,2022-08-01,CR_ETC-USD,0.19999999999999996
crypto_max_sharpe,2022-09-01,CR_ETC-USD,0.19999999999999998
crypto_max_sharpe,2022-10-03,CR_ETC-USD,0.2000000000000001
crypto_max_sharpe,2022-11-01,CR_ETC-USD,0.20000000000000007
crypto_max_sharpe,2022-12-01,CR_ETC-USD,0.20000000000000007
crypto_max_sharpe,2023-01-03,CR_ETC-USD,0.19999999999999984
crypto_max_sharpe,2023-02-01,CR_ETC-USD,0.1999999999999999
crypto_max_sharpe,2023-03-01,CR_ETC-USD,0.2
crypto_max_sharpe,2023-04-03,CR_ETC-USD,0.19999999999999993
crypto_max_sharpe,2023-05-01,CR_ETC-USD,0.2
crypto_max_sharpe,2023-06-01,CR_ETC-USD,0.1999999999999996
crypto_max_sharpe,2023-07-03,CR_ETC-USD,0.0
crypto_max_sharpe,2023-08-01,CR_ETC-USD,0.1195053962856938
crypto_max_sharpe,2023-09-01,CR_ETC-USD,0.19999999999999982
crypto_max_sharpe,2023-10-02,CR_ETC-USD,0.19999999999999993
crypto_max_sharpe,2023-11-01,CR_ETC-USD,0.20000000000000007
crypto_max_sharpe,2023-12-01,CR_ETC-USD,0.2
crypto_max_sharpe,2022-01-03,CR_ETH-USD,0.19999999999999996
crypto_max_sharpe,2022-02-01,CR_ETH-USD,0.1999999999999999
crypto_max_sharpe,2022-03-01,CR_ETH-USD,0.20000000000000007
crypto_max_sharpe,2022-04-01,CR_ETH-USD,0.19999999999999996
crypto_max_sharpe,2022-05-02,CR_ETH-USD,0.2
crypto_max_sharpe,2022-06-01,CR_ETH-USD,0.20000000000000004
crypto_max_sharpe,2022-07-01,CR_ETH-USD,0.10704261316968104
crypto_max_sharpe,2022-08-01,CR_ETH-USD,0.19999999999999996
crypto_max_sharpe,2022-09-01,CR_ETH-USD,0.2
crypto_max_sharpe,2022-10-03,CR_ETH-USD,0.09983794797515197
crypto_max_sharpe,2022-11-01,CR_ETH-USD,0.19999999999999996
crypto_max_sharpe,2022-12-01,CR_ETH-USD,0.2
crypto_max_sharpe,2023-01-03,CR_ETH-USD,0.19999999999999996
crypto_max_sharpe,2023-02-01,CR_ETH-USD,0.2
crypto_max_sharpe,2023-03-01,CR_ETH-USD,0.19999999999999993
crypto_max_sharpe,2023-04-03,CR_ETH-USD,0.19999999999999998
crypto_max_sharpe,2023-05-01,CR_ETH-USD,0.2
crypto_max_sharpe,2023-06-01,CR_ETH-USD,0.20000000000000007
crypto_max_sharpe,2023-07-03,CR_ETH-USD,0.19999999999999996
crypto_max_sharpe,2023-08-01,CR_ETH-USD,0.20000000000000004
crypto_max_sharpe,2023-09-01,CR_ETH-USD,0.1999999999999999
crypto_max_sharpe,2023-10-02,CR_ETH-USD,0.19999999999999993
crypto_max_sharpe,2023-11-01,CR_ETH-USD,1.1379786002407857e-15
crypto_max_sharpe,2023-12-01,CR_ETH-USD,0.0
crypto_max_sharpe,2022-01-03,CR_LTC-USD,7.905030835619487e-17
crypto_max_sharpe,2022-02-01,CR_LTC-USD,0.0
crypto_max_sharpe,2022-03-01,CR_LTC-USD,7.345469718589295e-17
crypto_max_sharpe,2022-04-01,CR_LTC-USD,0.0
crypto_max_sharpe,2022-05-02,CR_LTC-USD,9.99368646444434e-17
crypto_max_sharpe,2022-06-01,CR_LTC-USD,0.0
crypto_max_sharpe,2022-07-01,CR_LTC-USD,1.449307254069998e-16
crypto_max_sharpe,2022-08-01,CR_LTC-USD,0.0
crypto_max_sharpe,2022-09-01,CR_LTC-USD,0.0
crypto_max_sharpe,2022-10-03,CR_LTC-USD,0.0
crypto_max_sharpe,2022-11-01,CR_LTC-USD,0.0
crypto_max_sharpe,2022-12-01,CR_LTC-USD,0.0
crypto_max_sharpe,2023-01-03,CR_LTC-USD,0.0
crypto_max_sharpe,2023-02-01,CR_LTC-USD,0.11261371477172945
crypto_max_sharpe,2023-03-01,CR_LTC-USD,1.1275702593849246e-16
crypto_max_sharpe,2023-04-03,CR_LTC-USD,0.0
crypto_max_sharpe,2023-05-01,CR_LTC-USD,0.0
crypto_max_sharpe,2023-06-01,CR_LTC-USD,1.5265566588595905e-16
crypto_max_sharpe,2023-07-03,CR_LTC-USD,0.20000000000000007
crypto_max_sharpe,2023-08-01,CR_LTC-USD,3.8096764309555876e-16
crypto_max_sharpe,2023-09-01,CR_LTC-USD,0.0
crypto_max_sharpe,2023-10-02,CR_LTC-USD,0.0
crypto_max_sharpe,2023-11-01,CR_LTC-USD,2.239444477420922e-16
crypto_max_sharpe,2023-12-01,CR_LTC-USD,1.6209629625601688e-16
crypto_max_sharpe,2022-01-03,CR_TRX-USD,0.12547961124441756
crypto_max_sharpe,2022-02-01,CR_TRX-USD,0.17077762009364317
crypto_max_sharpe,2022-03-01,CR_TRX-USD,0.08379504066191977
crypto_max_sharpe,2022-04-01,CR_TRX-USD,0.10388493395153583
crypto_max_sharpe,2022-05-02,CR_TRX-USD,0.18484272298004403
crypto_max_sharpe,2022-06-01,CR_TRX-USD,0.20000000000000004
crypto_max_sharpe,2022-07-01,CR_TRX-USD,0.1999999999999999
crypto_max_sharpe,2022-08-01,CR_TRX-USD,0.19999999999999996
crypto_max_sharpe,2022-09-01,CR_TRX-USD,0.2
crypto_max_sharpe,2022-10-03,CR_TRX-USD,0.10016205202484779
crypto_max_sharpe,2022-11-01,CR_TRX-USD,0.17883870534493412
crypto_max_sharpe,2022-12-01,CR_TRX-USD,0.19999999999999998
crypto_max_sharpe,2023-01-03,CR_TRX-USD,0.19999999999999993
crypto_max_sharpe,2023-02-01,CR_TRX-USD,0.19999999999999993
crypto_max_sharpe,2023-03-01,CR_TRX-USD,0.2
crypto_max_sharpe,2023-04-03,CR_TRX-USD,0.2
crypto_max_sharpe,2023-05-01,CR_TRX-USD,0.1999999999999999
crypto_max_sharpe,2023-06-01,CR_TRX-USD,0.20000000000000007
crypto_max_sharpe,2023-07-03,CR_TRX-USD,0.20000000000000007
crypto_max_sharpe,2023-08-01,CR_TRX-USD,0.20000000000000007
crypto_max_sharpe,2023-09-01,CR_TRX-USD,0.19999999999999996
crypto_max_sharpe,2023-10-02,CR_TRX-USD,0.19999999999999984
crypto_max_sharpe,2023-11-01,CR_TRX-USD,0.19999999999999968
crypto_max_sharpe,2023-12-01,CR_TRX-USD,0.1999999999999997
crypto_max_sharpe,2022-01-03,CR_XLM-USD,0.1473974765251441
crypto_max_sharpe,2022-02-01,CR_XLM-USD,0.1999999999999999
crypto_max_sharpe,2022-03-01,CR_XLM-USD,0.15083323801689447
crypto_max_sharpe,2022-04-01,CR_XLM-USD,0.10616707109701452
crypto_max_sharpe,2022-05-02,CR_XLM-USD,0.05245394658365222
crypto_max_sharpe,2022-06-01,CR_XLM-USD,0.03269951010018251
crypto_max_sharpe,2022-07-01,CR_XLM-USD,0.10569795944907955
crypto_max_sharpe,2022-08-01,CR_XLM-USD,0.04479497798378466
crypto_max_sharpe,2022-09-01,CR_XLM-USD,0.118319489299721
crypto_max_sharpe,2022-10-03,CR_XLM-USD,0.19999999999999998
crypto_max_sharpe,2022-11-01,CR_XLM-USD,0.09211307671244982
crypto_max_sharpe,2022-12-01,CR_XLM-USD,1.9644215620126065e-17
crypto_max_sharpe,2023-01-03,CR_XLM-USD,4.4434402032740526e-17
crypto_max_sharpe,2023-02-01,CR_XLM-USD,5.669077880792758e-17
crypto_max_sharpe,2023-03-01,CR_XLM-USD,0.0
crypto_max_sharpe,2023-04-03,CR_XLM-USD,0.0
crypto_max_sharpe,2023-05-01,CR_XLM-USD,0.0
crypto_max_sharpe,2023-06-01,CR_XLM-USD,0.0
crypto_max_sharpe,2023-07-03,CR_XLM-USD,0.0
crypto_max_sharpe,2023-08-01,CR_XLM-USD,0.08049460371430554
crypto_max_sharpe,2023-09-01,CR_XLM-USD,2.4294868335387997e-17
crypto_max_sharpe,2023-10-02,CR_XLM-USD,0.0
crypto_max_sharpe,2023-11-01,CR_XLM-USD,8.017475922243171e-16
crypto_max_sharpe,2023-12-01,CR_XLM-USD,1.345479598395493e-16
crypto_max_sharpe,2022-01-03,CR_XRP-USD,1.213444408204581e-17
crypto_max_sharpe,2022-02-01,CR_XRP-USD,0.029222379906357253
crypto_max_sharpe,2022-03-01,CR_XRP-USD,0.05403603184501246
crypto_max_sharpe,2022-04-01,CR_XRP-USD,0.005973382019201539
crypto_max_sharpe,2022-05-02,CR_XRP-USD,0.0008348116365777692
crypto_max_sharpe,2022-06-01,CR_XRP-USD,0.0
crypto_max_sharpe,2022-07-01,CR_XRP-USD,0.07272886221415237
crypto_max_sharpe,2022-08-01,CR_XRP-USD,0.0799081295060132
crypto_max_sharpe,2022-09-01,CR_XRP-USD,0.02466520077678336
crypto_max_sharpe,2022-10-03,CR_XRP-USD,0.2000000000000001
crypto_max_sharpe,2022-11-01,CR_XRP-USD,0.20000000000000007
crypto_max_sharpe,2022-12-01,CR_XRP-USD,0.19999999999999987
crypto_max_sharpe,2023-01-03,CR_XRP-USD,0.19999999999999996
crypto_max_sharpe,2023-02-01,CR_XRP-USD,0.1999999999999999
crypto_max_sharpe,2023-03-01,CR_XRP-USD,0.2
crypto_max_sharpe,2023-04-03,CR_XRP-USD,0.19999999999999984
crypto_max_sharpe,2023-05-01,CR_XRP-USD,0.2
crypto_max_sharpe,2023-06-01,CR_XRP-USD,0.20000000000000007
crypto_max_sharpe,2023-07-03,CR_XRP-USD,0.2
crypto_max_sharpe,2023-08-01,CR_XRP-USD,0.20000000000000007
crypto_max_sharpe,2023-09-01,CR_XRP-USD,0.19999999999999996
crypto_max_sharpe,2023-10-02,CR_XRP-USD,0.19999999999999993
crypto_max_sharpe,2023-11-01,CR_XRP-USD,0.19999999999999996
crypto_max_sharpe,2023-12-01,CR_XRP-USD,0.19999999999999996
crypto_risk_parity,2022-01-03,CR_ADA-USD,0.09770490268772548
crypto_risk_parity,2022-02-01,CR_ADA-USD,0.09713976915890249
crypto_risk_parity,2022-03-01,CR_ADA-USD,0.09732207709557947
crypto_risk_parity,2022-04-01,CR_ADA-USD,0.0974782252127448
crypto_risk_parity,2022-05-02,CR_ADA-USD,0.0973676086424039
crypto_risk_parity,2022-06-01,CR_ADA-USD,0.0960275173596716
crypto_risk_parity,2022-07-01,CR_ADA-USD,0.09646456874766562
crypto_risk_parity,2022-08-01,CR_ADA-USD,0.09715294980127509
crypto_risk_parity,2022-09-01,CR_ADA-USD,0.09726480311402137
crypto_risk_parity,2022-10-03,CR_ADA-USD,0.09859038966017789
crypto_risk_parity,2022-11-01,CR_ADA-USD,0.0985015338432155
crypto_risk_parity,2022-12-01,CR_ADA-USD,0.09842241922110559
crypto_risk_parity,2023-01-03,CR_ADA-USD,0.09806739435264213
crypto_risk_parity,2023-02-01,CR_ADA-USD,0.09952359303394213
crypto_risk_parity,2023-03-01,CR_ADA-USD,0.09892223073980742
crypto_risk_parity,2023-04-03,CR_ADA-USD,0.09890848514839674
crypto_risk_parity,2023-05-01,CR_ADA-USD,0.09710799409085799
crypto_risk_parity,2023-06-01,CR_ADA-USD,0.09407179652150359
crypto_risk_parity,2023-07-03,CR_ADA-USD,0.09323814932592181
crypto_risk_parity,2023-08-01,CR_ADA-USD,0.09223898568800341
crypto_risk_parity,2023-09-01,CR_ADA-USD,0.0943589552056024
crypto_risk_parity,2023-10-02,CR_ADA-USD,0.09229323868194876
crypto_risk_parity,2023-11-01,CR_ADA-USD,0.0914783538513602
crypto_risk_parity,2023-12-01,CR_ADA-USD,0.09042909461077829
crypto_risk_parity,2022-01-03,CR_BCH-USD,0.08962089181667067
crypto_risk_parity,2022-02-01,CR_BCH-USD,0.09153641798838266
crypto_risk_parity,2022-03-01,CR_BCH-USD,0.09199101393664096
crypto_risk_parity,2022-04-01,CR_BCH-USD,0.09181522965667295
crypto_risk_parity,2022-05-02,CR_BCH-USD,0.09154559408194722
crypto_risk_parity,2022-06-01,CR_BCH-USD,0.09176038754930527
crypto_risk_parity,2022-07-01,CR_BCH-USD,0.0918381450584006
crypto_risk_parity,2022-08-01,CR_BCH-USD,0.09157770885053425
crypto_risk_parity,2022-09-01,CR_BCH-USD,0.09117495865303382
crypto_risk_parity,2022-10-03,CR_BCH-USD,0.09164052587745178
crypto_risk_parity,2022-11-01,CR_BCH-USD,0.09162415672315306
crypto_risk_parity,2022-12-01,CR_BCH-USD,0.09178888127536738
crypto_risk_parity,2023-01-03,CR_BCH-USD,0.09099505678182722
crypto_risk_parity,2023-02-01,CR_BCH-USD,0.09043301337271867
crypto_risk_parity,2023-03-01,CR_BCH-USD,0.09020514703574281
crypto_risk_parity,2023-04-03,CR_BCH-USD,0.08987679722112535
crypto_risk_parity,2023-05-01,CR_BCH-USD,0.09028540344061634
crypto_risk_parity,2023-06-01,CR_BCH-USD,0.09955539032825426
crypto_risk_parity,2023-07-03,CR_BCH-USD,0.09380606043293736
crypto_risk_parity,2023-08-01,CR_BCH-USD,0.09800837041472445
crypto_risk_parity,2023-09-01,CR_BCH-USD,0.09588059187328098
crypto_risk_parity,2023-10-02,CR_BCH-USD,0.09417872051805759
crypto_risk_parity,2023-11-01,CR_BCH-USD,0.09397049208820463
crypto_risk_parity,2023-12-01,CR_BCH-USD,0.09504807698723317
crypto_risk_parity,2022-01-03,CR_BTC-USD,0.1404630965153512
crypto_risk_parity,2022-02-01,CR_BTC-USD,0.139757962104418
crypto_risk_parity,2022-03-01,CR_BTC-USD,0.13789475795642886
crypto_risk_parity,2022-04-01,CR_BTC-USD,0.14377772739118364
crypto_risk_parity,2022-05-02,CR_BTC-USD,0.14430083347057826
crypto_risk_parity,2022-06-01,CR_BTC-USD,0.1454240032575473
crypto_risk_parity,2022-07-01,CR_BTC-USD,0.1440633550371552
crypto_risk_parity,2022-08-01,CR_BTC-USD,0.14355424473062559
crypto_risk_parity,2022-09-01,CR_BTC-USD,0.1427844855147375
crypto_risk_parity,2022-10-03,CR_BTC-USD,0.14242730402566103
crypto_risk_parity,2022-11-01,CR_BTC-USD,0.14255757159324298
crypto_risk_parity,2022-12-01,CR_BTC-USD,0.14033525123847532
crypto_risk_parity,2023-01-03,CR_BTC-USD,0.13790995419537452
crypto_risk_parity,2023-02-01,CR_BTC-USD,0.13861055324059976
crypto_risk_parity,2023-03-01,CR_BTC-USD,0.13928102215953014
crypto_risk_parity,2023-04-03,CR_BTC-USD,0.13907265490848103
crypto_risk_parity,2023-05-01,CR_BTC-USD,0.13620609538460102
crypto_risk_parity,2023-06-01,CR_BTC-USD,0.12384673743142721
crypto_risk_parity,2023-07-03,CR_BTC-USD,0.12330337769223247
crypto_risk_parity,2023-08-01,CR_BTC-USD,0.1269822598104778
crypto_risk_parity,2023-09-01,CR_BTC-USD,0.12634039334523686
crypto_risk_parity,2023-10-02,CR_BTC-USD,0.1248704773031977
crypto_risk_parity,2023-11-01,CR_BTC-USD,0.12499718266320435
crypto_risk_parity,2023-12-01,CR_BTC-USD,0.12395372869275624
crypto_risk_parity,2022-01-03,CR_EOS-USD,0.08618206264395596
crypto_risk_parity,2022-02-01,CR_EOS-USD,0.08668147134388345
crypto_risk_parity,2022-03-01,CR_EOS-USD,0.08698156892480478
crypto_risk_parity,2022-04-01,CR_EOS-USD,0.0846800950207874
crypto_risk_parity,2022-05-02,CR_EOS-USD,0.08455692224203609
crypto_risk_parity,2022-06-01,CR_EOS-USD,0.0848188158085571
crypto_risk_parity,2022-07-01,CR_EOS-USD,0.08527682249213582
crypto_risk_parity,2022-08-01,CR_EOS-USD,0.08577405348501572
crypto_risk_parity,2022-09-01,CR_EOS-USD,0.08537927024228172
crypto_risk_parity,2022-10-03,CR_EOS-USD,0.0849914043812344
crypto_risk_parity,2022-11-01,CR_EOS-USD,0.0848200564133641
crypto_risk_parity,2022-12-01,CR_EOS-USD,0.08464220199387541
crypto_risk_parity,2023-01-03,CR_EOS-USD,0.08445039375685476
crypto_risk_parity,2023-02-01,CR_EOS-USD,0.08267404404633268
crypto_risk_parity,2023-03-01,CR_EOS-USD,0.08219311694156516
crypto_risk_parity,2023-04-03,CR_EOS-USD,0.08278836230249088
crypto_risk_parity,2023-05-01,CR_EOS-USD,0.08259721596782811
crypto_risk_parity,2023-06-01,CR_EOS-USD,0.0914636146270595
crypto_risk_parity,2023-07-03,CR_EOS-USD,0.0913620786276485
crypto_risk_parity,2023-08-01,CR_EOS-USD,0.09303081957167043
crypto_risk_parity,2023-09-01,CR_EOS-USD,0.09298705670499197
crypto_risk_parity,2023-10-02,CR_EOS-USD,0.0936780871052094
crypto_risk_parity,2023-11-01,CR_EOS-USD,0.09373536373915245
crypto_risk_parity,2023-12-01,CR_EOS-USD,0.09340425075599268
crypto_risk_parity,2022-01-03,CR_ETC-USD,0.09074272718038846
crypto_risk_parity,2022-02-01,CR_ETC-USD,0.09172963882851369
crypto_risk_parity,2022-03-01,CR_ETC-USD,0.09182434104833484
crypto_risk_parity,2022-04-01,CR_ETC-USD,0.09015254352789878
crypto_risk_parity,2022-05-02,CR_ETC-USD,0.08932095190679391
crypto_risk_parity,2022-06-01,CR_ETC-USD,0.08898390140096293
crypto_risk_parity,2022-07-01,CR_ETC-USD,0.0888419652059981
crypto_risk_parity,2022-08-01,CR_ETC-USD,0.08613189675340095
crypto_risk_parity,2022-09-01,CR_ETC-USD,0.08543473550188253
crypto_risk_parity,2022-10-03,CR_ETC-USD,0.0847780579745119
crypto_risk_parity,2022-11-01,CR_ETC-USD,0.08445240738196243
crypto_risk_parity,2022-12-01,CR_ETC-USD,0.08378010165875784
crypto_risk_parity,2023-01-03,CR_ETC-USD,0.08278975877718366
crypto_risk_parity,2023-02-01,CR_ETC-USD,0.08058244118977687
crypto_risk_parity,2023-03-01,CR_ETC-USD,0.08036646479023685
crypto_risk_parity,2023-04-03,CR_ETC-USD,0.07998984288040334
crypto_risk_parity,2023-05-01,CR_ETC-USD,0.07932258387029978
crypto_risk_parity,2023-06-01,CR_ETC-USD,0.0823351820446901
crypto_risk_parity,2023-07-03,CR_ETC-USD,0.08278581512398209
crypto_risk_parity,2023-08-01,CR_ETC-USD,0.08466488695658768
crypto_risk_parity,2023-09-01,CR_ETC-USD,0.08393905778094511
crypto_risk_parity,2023-10-02,CR_ETC-USD,0.08313099749481434
crypto_risk_parity,2023-11-01,CR_ETC-USD,0.08264377617305894
crypto_risk_parity,2023-12-01,CR_ETC-USD,0.08151824437228793
crypto_risk_parity,2022-01-03,CR_ETH-USD,0.10816308336090166
crypto_risk_parity,2022-02-01,CR_ETH-USD,0.1073579787368715
crypto_risk_parity,2022-03-01,CR_ETH-USD,0.10748637346601667
crypto_risk_parity,2022-04-01,CR_ETH-USD,0.11033049576553935
crypto_risk_parity,2022-05-02,CR_ETH-USD,0.1115687658381579
crypto_risk_parity,2022-06-01,CR_ETH-USD,0.11221399139485223
crypto_risk_parity,2022-07-01,CR_ETH-USD,0.11117604284729478
crypto_risk_parity,2022-08-01,CR_ETH-USD,0.10965522508560456
crypto_risk_parity,2022-09-01,CR_ETH-USD,0.10898758296079343
crypto_risk_parity,2022-10-03,CR_ETH-USD,0.10984985082134639
crypto_risk_parity,2022-11-01,CR_ETH-USD,0.10988068623943957
crypto_risk_parity,2022-12-01,CR_ETH-USD,0.10778938553436687
crypto_risk_parity,2023-01-03,CR_ETH-USD,0.10625220137908098
crypto_risk_parity,2023-02-01,CR_ETH-USD,0.1066792659673024
crypto_risk_parity,2023-03-01,CR_ETH-USD,0.10618609326514829
crypto_risk_parity,2023-04-03,CR_ETH-USD,0.10639907895340125
crypto_risk_parity,2023-05-01,CR_ETH-USD,0.1038210061192618
crypto_risk_parity,2023-06-01,CR_ETH-USD,0.0980790803728059
crypto_risk_parity,2023-07-03,CR_ETH-USD,0.09743913635607054
crypto_risk_parity,2023-08-01,CR_ETH-USD,0.10054925371774477
crypto_risk_parity,2023-09-01,CR_ETH-USD,0.10015625664085515
crypto_risk_parity,2023-10-02,CR_ETH-USD,0.1002402861212322
crypto_risk_parity,2023-11-01,CR_ETH-USD,0.10034746705265585
crypto_risk_parity,2023-12-01,CR_ETH-USD,0.09948062647029506
crypto_risk_parity,2022-01-03,CR_LTC-USD,0.1000500404139156
crypto_risk_parity,2022-02-01,CR_LTC-USD,0.10017009924506728
crypto_risk_parity,2022-03-01,CR_LTC-USD,0.10021234679680828
crypto_risk_parity,2022-04-01,CR_LTC-USD,0.09943487894104201
crypto_risk_parity,2022-05-02,CR_LTC-USD,0.0991819258887805
crypto_risk_parity,2022-06-01,CR_LTC-USD,0.0983193924270453
crypto_risk_parity,2022-07-01,CR_LTC-USD,0.09831974779891214
crypto_risk_parity,2022-08-01,CR_LTC-USD,0.09885421859382541
crypto_risk_parity,2022-09-01,CR_LTC-USD,0.09902872319976097
crypto_risk_parity,2022-10-03,CR_LTC-USD,0.09955780398361809
crypto_risk_parity,2022-11-01,CR_LTC-USD,0.09984886165707987
crypto_risk_parity,2022-12-01,CR_LTC-USD,0.09889030230475206
crypto_risk_parity,2023-01-03,CR_LTC-USD,0.09851915058932821
crypto_risk_parity,2023-02-01,CR_LTC-USD,0.09766926938236149
crypto_risk_parity,2023-03-01,CR_LTC-USD,0.09758503648352021
crypto_risk_parity,2023-04-03,CR_LTC-USD,0.09677936299129877
crypto_risk_parity,2023-05-01,CR_LTC-USD,0.09528183590859574
crypto_risk_parity,2023-06-01,CR_LTC-USD,0.09369697177485106
crypto_risk_parity,2023-07-03,CR_LTC-USD,0.09150357631736462
crypto_risk_parity,2023-08-01,CR_LTC-USD,0.09353479816310209
crypto_risk_parity,2023-09-01,CR_LTC-USD,0.09259345191695034
crypto_risk_parity,2023-10-02,CR_LTC-USD,0.09212465530144792
crypto_risk_parity,2023-11-01,CR_LTC-USD,0.09234506224923625
crypto_risk_parity,2023-12-01,CR_LTC-USD,0.09435742339367718
crypto_risk_parity,2022-01-03,CR_TRX-USD,0.10217311834466769
crypto_risk_parity,2022-02-01,CR_TRX-USD,0.10221671167183238
crypto_risk_parity,2022-03-01,CR_TRX-USD,0.10352746492737297
crypto_risk_parity,2022-04-01,CR_TRX-USD,0.10529110172483123
crypto_risk_parity,2022-05-02,CR_TRX-USD,0.10548339060149563
crypto_risk_parity,2022-06-01,CR_TRX-USD,0.10513660196010274
crypto_risk_parity,2022-07-01,CR_TRX-USD,0.1058056630662849
crypto_risk_parity,2022-08-01,CR_TRX-USD,0.10737946875900546
crypto_risk_parity,2022-09-01,CR_TRX-USD,0.10934918777084994
crypto_risk_parity,2022-10-03,CR_TRX-USD,0.10811637552483357
crypto_risk_parity,2022-11-01,CR_TRX-USD,0.10826670426514878
crypto_risk_parity,2022-12-01,CR_TRX-USD,0.11005808942047329
crypto_risk_parity,2023-01-03,CR_TRX-USD,0.11041988331623721
crypto_risk_parity,2023-02-01,CR_TRX-USD,0.10818687387375134
crypto_risk_parity,2023-03-01,CR_TRX-USD,0.11043138702815226
crypto_risk_parity,2023-04-03,CR_TRX-USD,0.11293539319106308
crypto_risk_parity,2023-05-01,CR_TRX-USD,0.11537542195812389
crypto_risk_parity,2023-06-01,CR_TRX-USD,0.12102848996766724
crypto_risk_parity,2023-07-03,CR_TRX-USD,0.12649103182218394
crypto_risk_parity,2023-08-01,CR_TRX-USD,0.13012003977002784
crypto_risk_parity,2023-09-01,CR_TRX-USD,0.13249000552252346
crypto_risk_parity,2023-10-02,CR_TRX-USD,0.13861664570548826
crypto_risk_parity,2023-11-01,CR_TRX-USD,0.13970879147061796
crypto_risk_parity,2023-12-01,CR_TRX-USD,0.14218879390809275
crypto_risk_parity,2022-01-03,CR_XLM-USD,0.0901344091830442
crypto_risk_parity,2022-02-01,CR_XLM-USD,0.0891031460687819
crypto_risk_parity,2022-03-01,CR_XLM-USD,0.08917084934473739
crypto_risk_parity,2022-04-01,CR_XLM-USD,0.08628956532189343
crypto_risk_parity,2022-05-02,CR_XLM-USD,0.08626380269593298
crypto_risk_parity,2022-06-01,CR_XLM-USD,0.08700913261509725
crypto_risk_parity,2022-07-01,CR_XLM-USD,0.08748636146513886
crypto_risk_parity,2022-08-01,CR_XLM-USD,0.0882492202577126
crypto_risk_parity,2022-09-01,CR_XLM-USD,0.0884654250170309
crypto_risk_parity,2022-10-03,CR_XLM-USD,0.08847071390413228
crypto_risk_parity,2022-11-01,CR_XLM-USD,0.0885732304060871
crypto_risk_parity,2022-12-01,CR_XLM-USD,0.09145654737786746
crypto_risk_parity,2023-01-03,CR_XLM-USD,0.09341540417546403
crypto_risk_parity,2023-02-01,CR_XLM-USD,0.10067476342971139
crypto_risk_parity,2023-03-01,CR_XLM-USD,0.10098370741438209
crypto_risk_parity,2023-04-03,CR_XLM-USD,0.10032049554599365
crypto_risk_parity,2023-05-01,CR_XLM-USD,0.1018578505982373
crypto_risk_parity,2023-06-01,CR_XLM-USD,0.10053797785430339
crypto_risk_parity,2023-07-03,CR_XLM-USD,0.10168089156450678
crypto_risk_parity,2023-08-01,CR_XLM-USD,0.09226507905058341
crypto_risk_parity,2023-09-01,CR_XLM-USD,0.09175770320071762
crypto_risk_parity,2023-10-02,CR_XLM-USD,0.09172148471726015
crypto_risk_parity,2023-11-01,CR_XLM-USD,0.09202646936285822
crypto_risk_parity,2023-12-01,CR_XLM-USD,0.09186534034418639
crypto_risk_parity,2022-01-03,CR_XRP-USD,0.09476566785337902
crypto_risk_parity,2022-02-01,CR_XRP-USD,0.09430680485334672
crypto_risk_parity,2022-03-01,CR_XRP-USD,0.09358920650327579
crypto_risk_parity,2022-04-01,CR_XRP-USD,0.09075013743740638
crypto_risk_parity,2022-05-02,CR_XRP-USD,0.09041020463187362
crypto_risk_parity,2022-06-01,CR_XRP-USD,0.09030625622685823
crypto_risk_parity,2022-07-01,CR_XRP-USD,0.0907273282810139
crypto_risk_parity,2022-08-01,CR_XRP-USD,0.09167101368300032
crypto_risk_parity,2022-09-01,CR_XRP-USD,0.09213082802560792
crypto_risk_parity,2022-10-03,CR_XRP-USD,0.09157757384703276
crypto_risk_parity,2022-11-01,CR_XRP-USD,0.09147479147730667
crypto_risk_parity,2022-12-01,CR_XRP-USD,0.09283681997495881
crypto_risk_parity,2023-01-03,CR_XRP-USD,0.09718080267600715
crypto_risk_parity,2023-02-01,CR_XRP-USD,0.0949661824635034
crypto_risk_parity,2023-03-01,CR_XRP-USD,0.09384579414191482
crypto_risk_parity,2023-04-03,CR_XRP-USD,0.09292952685734594
crypto_risk_parity,2023-05-01,CR_XRP-USD,0.09814459266157799
crypto_risk_parity,2023-06-01,CR_XRP-USD,0.0953847590774378
crypto_risk_parity,2023-07-03,CR_XRP-USD,0.09838988273715198
crypto_risk_parity,2023-08-01,CR_XRP-USD,0.08860550685707808
crypto_risk_parity,2023-09-01,CR_XRP-USD,0.08949652780889611
crypto_risk_parity,2023-10-02,CR_XRP-USD,0.0891454070513437
crypto_risk_parity,2023-11-01,CR_XRP-USD,0.08874704134965108
crypto_risk_parity,2023-12-01,CR_XRP-USD,0.08775442046470043
crypto_min_cvar,2022-01-03,CR_ADA-USD,0.2
crypto_min_cvar,2022-02-01,CR_ADA-USD,0.1999999999999997
crypto_min_cvar,2022-03-01,CR_ADA-USD,0.20000000000000043
crypto_min_cvar,2022-04-01,CR_ADA-USD,0.20000000000000007
crypto_min_cvar,2022-05-02,CR_ADA-USD,0.20000000000000084
crypto_min_cvar,2022-06-01,CR_ADA-USD,0.17754383957665676
crypto_min_cvar,2022-07-01,CR_ADA-USD,0.09198635887251118
crypto_min_cvar,2022-08-01,CR_ADA-USD,0.09198635887251758
crypto_min_cvar,2022-09-01,CR_ADA-USD,0.029589375626782523
crypto_min_cvar,2022-10-03,CR_ADA-USD,0.0
crypto_min_cvar,2022-11-01,CR_ADA-USD,0.0
crypto_min_cvar,2022-12-01,CR_ADA-USD,0.1928257258328169
crypto_min_cvar,2023-01-03,CR_ADA-USD,0.0
crypto_min_cvar,2023-02-01,CR_ADA-USD,0.0
crypto_min_cvar,2023-03-01,CR_ADA-USD,0.0
crypto_min_cvar,2023-04-03,CR_ADA-USD,0.0
crypto_min_cvar,2023-05-01,CR_ADA-USD,0.0
crypto_min_cvar,2023-06-01,CR_ADA-USD,0.09868065697435274
crypto_min_cvar,2023-07-03,CR_ADA-USD,0.0
crypto_min_cvar,2023-08-01,CR_ADA-USD,0.0001633155322624395
crypto_min_cvar,2023-09-01,CR_ADA-USD,0.20000000000000215
crypto_min_cvar,2023-10-02,CR_ADA-USD,0.1886810380213151
crypto_min_cvar,2023-11-01,CR_ADA-USD,0.18868103802131694
crypto_min_cvar,2023-12-01,CR_ADA-USD,0.0544052962752352
crypto_min_cvar,2022-01-03,CR_BCH-USD,0.0
crypto_min_cvar,2022-02-01,CR_BCH-USD,0.04078921618065868
crypto_min_cvar,2022-03-01,CR_BCH-USD,0.0800287405909213
crypto_min_cvar,2022-04-01,CR_BCH-USD,0.0800287405909204
crypto_min_cvar,2022-05-02,CR_BCH-USD,0.0
crypto_min_cvar,2022-06-01,CR_BCH-USD,0.2000000000000014
crypto_min_cvar,2022-07-01,CR_BCH-USD,0.0
crypto_min_cvar,2022-08-01,CR_BCH-USD,0.0
crypto_min_cvar,2022-09-01,CR_BCH-USD,0.0
crypto_min_cvar,2022-10-03,CR_BCH-USD,0.0
crypto_min_cvar,2022-11-01,CR_BCH-USD,0.0
crypto_min_cvar,2022-12-01,CR_BCH-USD,0.0
crypto_min_cvar,2023-01-03,CR_BCH-USD,0.03887274770088289
crypto_min_cvar,2023-02-01,CR_BCH-USD,0.0
crypto_min_cvar,2023-03-01,CR_BCH-USD,0.0
crypto_min_cvar,2023-04-03,CR_BCH-USD,0.0
crypto_min_cvar,2023-05-01,CR_BCH-USD,0.08383693710327692
crypto_min_cvar,2023-06-01,CR_BCH-USD,0.0
crypto_min_cvar,2023-07-03,CR_BCH-USD,0.0
crypto_min_cvar,2023-08-01,CR_BCH-USD,0.0
crypto_min_cvar,2023-09-01,CR_BCH-USD,0.11981421231531654
crypto_min_cvar,2023-10-02,CR_BCH-USD,0.19999999999999993
crypto_min_cvar,2023-11-01,CR_BCH-USD,0.19999999999999993
crypto_min_cvar,2023-12-01,CR_BCH-USD,0.2
crypto_min_cvar,2022-01-03,CR_BTC-USD,0.2
crypto_min_cvar,2022-02-01,CR_BTC-USD,0.1999999999999997
crypto_min_cvar,2022-03-01,CR_BTC-USD,0.20000000000000043
crypto_min_cvar,2022-04-01,CR_BTC-USD,0.20000000000000007
crypto_min_cvar,2022-05-02,CR_BTC-USD,0.20000000000000084
crypto_min_cvar,2022-06-01,CR_BTC-USD,0.2000000000000014
crypto_min_cvar,2022-07-01,CR_BTC-USD,0.19999999999999996
crypto_min_cvar,2022-08-01,CR_BTC-USD,0.19999999999999907
crypto_min_cvar,2022-09-01,CR_BTC-USD,0.20000000000000548
crypto_min_cvar,2022-10-03,CR_BTC-USD,0.20000000000000062
crypto_min_cvar,2022-11-01,CR_BTC-USD,0.20000000000000157
crypto_min_cvar,2022-12-01,CR_BTC-USD,0.1999999999999992
crypto_min_cvar,2023-01-03,CR_BTC-USD,0.20000000000000007
crypto_min_cvar,2023-02-01,CR_BTC-USD,0.20000000000000023
crypto_min_cvar,2023-03-01,CR_BTC-USD,0.20000000000000046
crypto_min_cvar,2023-04-03,CR_BTC-USD,0.19999999999998785
crypto_min_cvar,2023-05-01,CR_BTC-USD,0.19999999999999973
crypto_min_cvar,2023-06-01,CR_BTC-USD,0.19999999999999601
crypto_min_cvar,2023-07-03,CR_BTC-USD,0.2
crypto_min_cvar,2023-08-01,CR_BTC-USD,0.19999999999999876
crypto_min_cvar,2023-09-01,CR_BTC-USD,0.20000000000000215
crypto_min_cvar,2023-10-02,CR_BTC-USD,0.19999999999999993
crypto_min_cvar,2023-11-01,CR_BTC-USD,0.19999999999999993
crypto_min_cvar,2023-12-01,CR_BTC-USD,0.2
crypto_min_cvar,2022-01-03,CR_EOS-USD,0.0
crypto_min_cvar,2022-02-01,CR_EOS-USD,0.0
crypto_min_cvar,2022-03-01,CR_EOS-USD,0.0
crypto_min_cvar,2022-04-01,CR_EOS-USD,0.0
crypto_min_cvar,2022-05-02,CR_EOS-USD,0.0
crypto_min_cvar,2022-06-01,CR_EOS-USD,0.0
crypto_min_cvar,2022-07-01,CR_EOS-USD,0.0
crypto_min_cvar,2022-08-01,CR_EOS-USD,0.0
crypto_min_cvar,2022-09-01,CR_EOS-USD,0.0
crypto_min_cvar,2022-10-03,CR_EOS-USD,0.0
crypto_min_cvar,2022-11-01,CR_EOS-USD,0.0
crypto_min_cvar,2022-12-01,CR_EOS-USD,0.0
crypto_min_cvar,2023-01-03,CR_EOS-USD,0.0
crypto_min_cvar,2023-02-01,CR_EOS-USD,0.0
crypto_min_cvar,2023-03-01,CR_EOS-USD,0.0
crypto_min_cvar,2023-04-03,CR_EOS-USD,0.0
crypto_min_cvar,2023-05-01,CR_EOS-USD,0.0
crypto_min_cvar,2023-06-01,CR_EOS-USD,0.0
crypto_min_cvar,2023-07-03,CR_EOS-USD,0.0
crypto_min_cvar,2023-08-01,CR_EOS-USD,0.0
crypto_min_cvar,2023-09-01,CR_EOS-USD,0.0
crypto_min_cvar,2023-10-02,CR_EOS-USD,0.0
crypto_min_cvar,2023-11-01,CR_EOS-USD,0.0
crypto_min_cvar,2023-12-01,CR_EOS-USD,0.036085908771315504
crypto_min_cvar,2022-01-03,CR_ETC-USD,0.014908558749674635
crypto_min_cvar,2022-02-01,CR_ETC-USD,0.03537157002235985
crypto_min_cvar,2022-03-01,CR_ETC-USD,0.04618054067833831
crypto_min_cvar,2022-04-01,CR_ETC-USD,0.04618054067833903
crypto_min_cvar,2022-05-02,CR_ETC-USD,1.916212925197751e-05
crypto_min_cvar,2022-06-01,CR_ETC-USD,0.0
crypto_min_cvar,2022-07-01,CR_ETC-USD,0.0
crypto_min_cvar,2022-08-01,CR_ETC-USD,0.0
crypto_min_cvar,2022-09-01,CR_ETC-USD,0.0
crypto_min_cvar,2022-10-03,CR_ETC-USD,0.0
crypto_min_cvar,2022-11-01,CR_ETC-USD,0.0
crypto_min_cvar,2022-12-01,CR_ETC-USD,0.0
crypto_min_cvar,2023-01-03,CR_ETC-USD,0.0
crypto_min_cvar,2023-02-01,CR_ETC-USD,0.0
crypto_min_cvar,2023-03-01,CR_ETC-USD,0.0
crypto_min_cvar,2023-04-03,CR_ETC-USD,0.0
crypto_min_cvar,2023-05-01,CR_ETC-USD,0.0
crypto_min_cvar,2023-06-01,CR_ETC-USD,0.0
crypto_min_cvar,2023-07-03,CR_ETC-USD,0.0
crypto_min_cvar,2023-08-01,CR_ETC-USD,0.0
crypto_min_cvar,2023-09-01,CR_ETC-USD,0.0
crypto_min_cvar,2023-10-02,CR_ETC-USD,0.0
crypto_min_cvar,2023-11-01,CR_ETC-USD,0.0
crypto_min_cvar,2023-12-01,CR_ETC-USD,0.0
crypto_min_cvar,2022-01-03,CR_ETH-USD,0.2
crypto_min_cvar,2022-02-01,CR_ETH-USD,0.1999999999999997
crypto_min_cvar,2022-03-01,CR_ETH-USD,0.20000000000000043
crypto_min_cvar,2022-04-01,CR_ETH-USD,0.20000000000000007
crypto_min_cvar,2022-05-02,CR_ETH-USD,0.20000000000000084
crypto_min_cvar,2022-06-01,CR_ETH-USD,0.2000000000000014
crypto_min_cvar,2022-07-01,CR_ETH-USD,0.19999999999999996
crypto_min_cvar,2022-08-01,CR_ETH-USD,0.19999999999999907
crypto_min_cvar,2022-09-01,CR_ETH-USD,0.20000000000000548
crypto_min_cvar,2022-10-03,CR_ETH-USD,0.19999999999999757
crypto_min_cvar,2022-11-01,CR_ETH-USD,0.19999999999999382
crypto_min_cvar,2022-12-01,CR_ETH-USD,0.0
crypto_min_cvar,2023-01-03,CR_ETH-USD,0.0
crypto_min_cvar,2023-02-01,CR_ETH-USD,0.020408136528196057
crypto_min_cvar,2023-03-01,CR_ETH-USD,0.0
crypto_min_cvar,2023-04-03,CR_ETH-USD,0.02040813652826606
crypto_min_cvar,2023-05-01,CR_ETH-USD,0.0
crypto_min_cvar,2023-06-01,CR_ETH-USD,0.0
crypto_min_cvar,2023-07-03,CR_ETH-USD,0.0
crypto_min_cvar,2023-08-01,CR_ETH-USD,0.0
crypto_min_cvar,2023-09-01,CR_ETH-USD,0.20000000000000215
crypto_min_cvar,2023-10-02,CR_ETH-USD,0.19999999999999993
crypto_min_cvar,2023-11-01,CR_ETH-USD,0.19999999999999993
crypto_min_cvar,2023-12-01,CR_ETH-USD,0.2
crypto_min_cvar,2022-01-03,CR_LTC-USD,0.0
crypto_min_cvar,2022-02-01,CR_LTC-USD,0.0
crypto_min_cvar,2022-03-01,CR_LTC-USD,0.0
crypto_min_cvar,2022-04-01,CR_LTC-USD,0.0
crypto_min_cvar,2022-05-02,CR_LTC-USD,0.0021223936887273787
crypto_min_cvar,2022-06-01,CR_LTC-USD,0.0
crypto_min_cvar,2022-07-01,CR_LTC-USD,0.0
crypto_min_cvar,2022-08-01,CR_LTC-USD,0.0
crypto_min_cvar,2022-09-01,CR_LTC-USD,0.0
crypto_min_cvar,2022-10-03,CR_LTC-USD,0.0
crypto_min_cvar,2022-11-01,CR_LTC-USD,0.0
crypto_min_cvar,2022-12-01,CR_LTC-USD,0.007174274167186318
crypto_min_cvar,2023-01-03,CR_LTC-USD,0.16112725229911695
crypto_min_cvar,2023-02-01,CR_LTC-USD,0.1795918634718032
crypto_min_cvar,2023-03-01,CR_LTC-USD,0.1999999999999982
crypto_min_cvar,2023-04-03,CR_LTC-USD,0.17959186347178274
crypto_min_cvar,2023-05-01,CR_LTC-USD,0.11616306289672415
crypto_min_cvar,2023-06-01,CR_LTC-USD,0.10131934302566328
crypto_min_cvar,2023-07-03,CR_LTC-USD,0.2
crypto_min_cvar,2023-08-01,CR_LTC-USD,0.19999999999999876
crypto_min_cvar,2023-09-01,CR_LTC-USD,0.08018578768467481
crypto_min_cvar,2023-10-02,CR_LTC-USD,0.011318961978685177
crypto_min_cvar,2023-11-01,CR_LTC-USD,0.011318961978683293
crypto_min_cvar,2023-12-01,CR_LTC-USD,0.10950879495344927
crypto_min_cvar,2022-01-03,CR_TRX-USD,0.2
crypto_min_cvar,2022-02-01,CR_TRX-USD,0.1999999999999997
crypto_min_cvar,2022-03-01,CR_TRX-USD,0.20000000000000043
crypto_min_cvar,2022-04-01,CR_TRX-USD,0.20000000000000007
crypto_min_cvar,2022-05-02,CR_TRX-USD,0.20000000000000084
crypto_min_cvar,2022-06-01,CR_TRX-USD,0.2000000000000014
crypto_min_cvar,2022-07-01,CR_TRX-USD,0.19999999999999996
crypto_min_cvar,2022-08-01,CR_TRX-USD,0.19999999999999907
crypto_min_cvar,2022-09-01,CR_TRX-USD,0.20000000000000548
crypto_min_cvar,2022-10-03,CR_TRX-USD,0.20000000000000062
crypto_min_cvar,2022-11-01,CR_TRX-USD,0.20000000000000157
crypto_min_cvar,2022-12-01,CR_TRX-USD,0.1999999999999992
crypto_min_cvar,2023-01-03,CR_TRX-USD,0.20000000000000007
crypto_min_cvar,2023-02-01,CR_TRX-USD,0.20000000000000023
crypto_min_cvar,2023-03-01,CR_TRX-USD,0.20000000000000046
crypto_min_cvar,2023-04-03,CR_TRX-USD,0.19999999999998785
crypto_min_cvar,2023-05-01,CR_TRX-USD,0.19999999999999973
crypto_min_cvar,2023-06-01,CR_TRX-USD,0.19999999999999601
crypto_min_cvar,2023-07-03,CR_TRX-USD,0.2
crypto_min_cvar,2023-08-01,CR_TRX-USD,0.19999999999999876
crypto_min_cvar,2023-09-01,CR_TRX-USD,0.20000000000000215
crypto_min_cvar,2023-10-02,CR_TRX-USD,0.19999999999999993
crypto_min_cvar,2023-11-01,CR_TRX-USD,0.19999999999999993
crypto_min_cvar,2023-12-01,CR_TRX-USD,0.2
crypto_min_cvar,2022-01-03,CR_XLM-USD,0.1616217365454286
crypto_min_cvar,2022-02-01,CR_XLM-USD,0.0
crypto_min_cvar,2022-03-01,CR_XLM-USD,0.0
crypto_min_cvar,2022-04-01,CR_XLM-USD,0.0
crypto_min_cvar,2022-05-02,CR_XLM-USD,0.0
crypto_min_cvar,2022-06-01,CR_XLM-USD,0.0
crypto_min_cvar,2022-07-01,CR_XLM-USD,0.10801364112748899
crypto_min_cvar,2022-08-01,CR_XLM-USD,0.10801364112748603
crypto_min_cvar,2022-09-01,CR_XLM-USD,0.20000000000000548
crypto_min_cvar,2022-10-03,CR_XLM-USD,0.20000000000000062
crypto_min_cvar,2022-11-01,CR_XLM-USD,0.20000000000000157
crypto_min_cvar,2022-12-01,CR_XLM-USD,0.1999999999999992
crypto_min_cvar,2023-01-03,CR_XLM-USD,0.20000000000000007
crypto_min_cvar,2023-02-01,CR_XLM-USD,0.20000000000000023
crypto_min_cvar,2023-03-01,CR_XLM-USD,0.20000000000000046
crypto_min_cvar,2023-04-03,CR_XLM-USD,0.19999999999998785
crypto_min_cvar,2023-05-01,CR_XLM-USD,0.19999999999999973
crypto_min_cvar,2023-06-01,CR_XLM-USD,0.19999999999999601
crypto_min_cvar,2023-07-03,CR_XLM-USD,0.2
crypto_min_cvar,2023-08-01,CR_XLM-USD,0.19999999999999876
crypto_min_cvar,2023-09-01,CR_XLM-USD,0.0
crypto_min_cvar,2023-10-02,CR_XLM-USD,0.0
crypto_min_cvar,2023-11-01,CR_XLM-USD,0.0
crypto_min_cvar,2023-12-01,CR_XLM-USD,0.0
crypto_min_cvar,2022-01-03,CR_XRP-USD,0.02346970470489671
crypto_min_cvar,2022-02-01,CR_XRP-USD,0.12383921379698264
crypto_min_cvar,2022-03-01,CR_XRP-USD,0.07379071873073868
crypto_min_cvar,2022-04-01,CR_XRP-USD,0.07379071873074027
crypto_min_cvar,2022-05-02,CR_XRP-USD,0.1978584441820172
crypto_min_cvar,2022-06-01,CR_XRP-USD,0.02245616042333765
crypto_min_cvar,2022-07-01,CR_XRP-USD,0.19999999999999996
crypto_min_cvar,2022-08-01,CR_XRP-USD,0.19999999999999907
crypto_min_cvar,2022-09-01,CR_XRP-USD,0.17041062437319557
crypto_min_cvar,2022-10-03,CR_XRP-USD,0.20000000000000062
crypto_min_cvar,2022-11-01,CR_XRP-USD,0.20000000000000157
crypto_min_cvar,2022-12-01,CR_XRP-USD,0.1999999999999992
crypto_min_cvar,2023-01-03,CR_XRP-USD,0.20000000000000007
crypto_min_cvar,2023-02-01,CR_XRP-USD,0.20000000000000023
crypto_min_cvar,2023-03-01,CR_XRP-USD,0.20000000000000046
crypto_min_cvar,2023-04-03,CR_XRP-USD,0.19999999999998785
crypto_min_cvar,2023-05-01,CR_XRP-USD,0.19999999999999973
crypto_min_cvar,2023-06-01,CR_XRP-USD,0.19999999999999601
crypto_min_cvar,2023-07-03,CR_XRP-USD,0.2
crypto_min_cvar,2023-08-01,CR_XRP-USD,0.19983668446774253
crypto_min_cvar,2023-09-01,CR_XRP-USD,0.0
crypto_min_cvar,2023-10-02,CR_XRP-USD,0.0
crypto_min_cvar,2023-11-01,CR_XRP-USD,0.0
crypto_min_cvar,2023-12-01,CR_XRP-USD,0.0
combined_equal_weight,2022-01-03,ABBV,0.016666666666666666
combined_equal_weight,2022-02-01,ABBV,0.016666666666666666
combined_equal_weight,2022-03-01,ABBV,0.016666666666666666
combined_equal_weight,2022-04-01,ABBV,0.016666666666666666
combined_equal_weight,2022-05-02,ABBV,0.016666666666666666
combined_equal_weight,2022-06-01,ABBV,0.016666666666666666
combined_equal_weight,2022-07-01,ABBV,0.016666666666666666
combined_equal_weight,2022-08-01,ABBV,0.016666666666666666
combined_equal_weight,2022-09-01,ABBV,0.016666666666666666
combined_equal_weight,2022-10-03,ABBV,0.016666666666666666
combined_equal_weight,2022-11-01,ABBV,0.016666666666666666
combined_equal_weight,2022-12-01,ABBV,0.016666666666666666
combined_equal_weight,2023-01-03,ABBV,0.016666666666666666
combined_equal_weight,2023-02-01,ABBV,0.016666666666666666
combined_equal_weight,2023-03-01,ABBV,0.016666666666666666
combined_equal_weight,2023-04-03,ABBV,0.016666666666666666
combined_equal_weight,2023-05-01,ABBV,0.016666666666666666
combined_equal_weight,2023-06-01,ABBV,0.016666666666666666
combined_equal_weight,2023-07-03,ABBV,0.016666666666666666
combined_equal_weight,2023-08-01,ABBV,0.016666666666666666
combined_equal_weight,2023-09-01,ABBV,0.016666666666666666
combined_equal_weight,2023-10-02,ABBV,0.016666666666666666
combined_equal_weight,2023-11-01,ABBV,0.016666666666666666
combined_equal_weight,2023-12-01,ABBV,0.016666666666666666
combined_equal_weight,2022-01-03,ABT,0.016666666666666666
combined_equal_weight,2022-02-01,ABT,0.016666666666666666
combined_equal_weight,2022-03-01,ABT,0.016666666666666666
combined_equal_weight,2022-04-01,ABT,0.016666666666666666
combined_equal_weight,2022-05-02,ABT,0.016666666666666666
combined_equal_weight,2022-06-01,ABT,0.016666666666666666
combined_equal_weight,2022-07-01,ABT,0.016666666666666666
combined_equal_weight,2022-08-01,ABT,0.016666666666666666
combined_equal_weight,2022-09-01,ABT,0.016666666666666666
combined_equal_weight,2022-10-03,ABT,0.016666666666666666
combined_equal_weight,2022-11-01,ABT,0.016666666666666666
combined_equal_weight,2022-12-01,ABT,0.016666666666666666
combined_equal_weight,2023-01-03,ABT,0.016666666666666666
combined_equal_weight,2023-02-01,ABT,0.016666666666666666
combined_equal_weight,2023-03-01,ABT,0.016666666666666666
combined_equal_weight,2023-04-03,ABT,0.016666666666666666
combined_equal_weight,2023-05-01,ABT,0.016666666666666666
combined_equal_weight,2023-06-01,ABT,0.016666666666666666
combined_equal_weight,2023-07-03,ABT,0.016666666666666666
combined_equal_weight,2023-08-01,ABT,0.016666666666666666
combined_equal_weight,2023-09-01,ABT,0.016666666666666666
combined_equal_weight,2023-10-02,ABT,0.016666666666666666
combined_equal_weight,2023-11-01,ABT,0.016666666666666666
combined_equal_weight,2023-12-01,ABT,0.016666666666666666
combined_equal_weight,2022-01-03,ADBE,0.016666666666666666
combined_equal_weight,2022-02-01,ADBE,0.016666666666666666
combined_equal_weight,2022-03-01,ADBE,0.016666666666666666
combined_equal_weight,2022-04-01,ADBE,0.016666666666666666
combined_equal_weight,2022-05-02,ADBE,0.016666666666666666
combined_equal_weight,2022-06-01,ADBE,0.016666666666666666
combined_equal_weight,2022-07-01,ADBE,0.016666666666666666
combined_equal_weight,2022-08-01,ADBE,0.016666666666666666
combined_equal_weight,2022-09-01,ADBE,0.016666666666666666
combined_equal_weight,2022-10-03,ADBE,0.016666666666666666
combined_equal_weight,2022-11-01,ADBE,0.016666666666666666
combined_equal_weight,2022-12-01,ADBE,0.016666666666666666
combined_equal_weight,2023-01-03,ADBE,0.016666666666666666
combined_equal_weight,2023-02-01,ADBE,0.016666666666666666
combined_equal_weight,2023-03-01,ADBE,0.016666666666666666
combined_equal_weight,2023-04-03,ADBE,0.016666666666666666
combined_equal_weight,2023-05-01,ADBE,0.016666666666666666
combined_equal_weight,2023-06-01,ADBE,0.016666666666666666
combined_equal_weight,2023-07-03,ADBE,0.016666666666666666
combined_equal_weight,2023-08-01,ADBE,0.016666666666666666
combined_equal_weight,2023-09-01,ADBE,0.016666666666666666
combined_equal_weight,2023-10-02,ADBE,0.016666666666666666
combined_equal_weight,2023-11-01,ADBE,0.016666666666666666
combined_equal_weight,2023-12-01,ADBE,0.016666666666666666
combined_equal_weight,2022-01-03,AEP,0.016666666666666666
combined_equal_weight,2022-02-01,AEP,0.016666666666666666
combined_equal_weight,2022-03-01,AEP,0.016666666666666666
combined_equal_weight,2022-04-01,AEP,0.016666666666666666
combined_equal_weight,2022-05-02,AEP,0.016666666666666666
combined_equal_weight,2022-06-01,AEP,0.016666666666666666
combined_equal_weight,2022-07-01,AEP,0.016666666666666666
combined_equal_weight,2022-08-01,AEP,0.016666666666666666
combined_equal_weight,2022-09-01,AEP,0.016666666666666666
combined_equal_weight,2022-10-03,AEP,0.016666666666666666
combined_equal_weight,2022-11-01,AEP,0.016666666666666666
combined_equal_weight,2022-12-01,AEP,0.016666666666666666
combined_equal_weight,2023-01-03,AEP,0.016666666666666666
combined_equal_weight,2023-02-01,AEP,0.016666666666666666
combined_equal_weight,2023-03-01,AEP,0.016666666666666666
combined_equal_weight,2023-04-03,AEP,0.016666666666666666
combined_equal_weight,2023-05-01,AEP,0.016666666666666666
combined_equal_weight,2023-06-01,AEP,0.016666666666666666
combined_equal_weight,2023-07-03,AEP,0.016666666666666666
combined_equal_weight,2023-08-01,AEP,0.016666666666666666
combined_equal_weight,2023-09-01,AEP,0.016666666666666666
combined_equal_weight,2023-10-02,AEP,0.016666666666666666
combined_equal_weight,2023-11-01,AEP,0.016666666666666666
combined_equal_weight,2023-12-01,AEP,0.016666666666666666
combined_equal_weight,2022-01-03,AMD,0.016666666666666666
combined_equal_weight,2022-02-01,AMD,0.016666666666666666
combined_equal_weight,2022-03-01,AMD,0.016666666666666666
combined_equal_weight,2022-04-01,AMD,0.016666666666666666
combined_equal_weight,2022-05-02,AMD,0.016666666666666666
combined_equal_weight,2022-06-01,AMD,0.016666666666666666
combined_equal_weight,2022-07-01,AMD,0.016666666666666666
combined_equal_weight,2022-08-01,AMD,0.016666666666666666
combined_equal_weight,2022-09-01,AMD,0.016666666666666666
combined_equal_weight,2022-10-03,AMD,0.016666666666666666
combined_equal_weight,2022-11-01,AMD,0.016666666666666666
combined_equal_weight,2022-12-01,AMD,0.016666666666666666
combined_equal_weight,2023-01-03,AMD,0.016666666666666666
combined_equal_weight,2023-02-01,AMD,0.016666666666666666
combined_equal_weight,2023-03-01,AMD,0.016666666666666666
combined_equal_weight,2023-04-03,AMD,0.016666666666666666
combined_equal_weight,2023-05-01,AMD,0.016666666666666666
combined_equal_weight,2023-06-01,AMD,0.016666666666666666
combined_equal_weight,2023-07-03,AMD,0.016666666666666666
combined_equal_weight,2023-08-01,AMD,0.016666666666666666
combined_equal_weight,2023-09-01,AMD,0.016666666666666666
combined_equal_weight,2023-10-02,AMD,0.016666666666666666
combined_equal_weight,2023-11-01,AMD,0.016666666666666666
combined_equal_weight,2023-12-01,AMD,0.016666666666666666
combined_equal_weight,2022-01-03,AMGN,0.016666666666666666
combined_equal_weight,2022-02-01,AMGN,0.016666666666666666
combined_equal_weight,2022-03-01,AMGN,0.016666666666666666
combined_equal_weight,2022-04-01,AMGN,0.016666666666666666
combined_equal_weight,2022-05-02,AMGN,0.016666666666666666
combined_equal_weight,2022-06-01,AMGN,0.016666666666666666
combined_equal_weight,2022-07-01,AMGN,0.016666666666666666
combined_equal_weight,2022-08-01,AMGN,0.016666666666666666
combined_equal_weight,2022-09-01,AMGN,0.016666666666666666
combined_equal_weight,2022-10-03,AMGN,0.016666666666666666
combined_equal_weight,2022-11-01,AMGN,0.016666666666666666
combined_equal_weight,2022-12-01,AMGN,0.016666666666666666
combined_equal_weight,2023-01-03,AMGN,0.016666666666666666
combined_equal_weight,2023-02-01,AMGN,0.016666666666666666
combined_equal_weight,2023-03-01,AMGN,0.016666666666666666
combined_equal_weight,2023-04-03,AMGN,0.016666666666666666
combined_equal_weight,2023-05-01,AMGN,0.016666666666666666
combined_equal_weight,2023-06-01,AMGN,0.016666666666666666
combined_equal_weight,2023-07-03,AMGN,0.016666666666666666
combined_equal_weight,2023-08-01,AMGN,0.016666666666666666
combined_equal_weight,2023-09-01,AMGN,0.016666666666666666
combined_equal_weight,2023-10-02,AMGN,0.016666666666666666
combined_equal_weight,2023-11-01,AMGN,0.016666666666666666
combined_equal_weight,2023-12-01,AMGN,0.016666666666666666
combined_equal_weight,2022-01-03,AMT,0.016666666666666666
combined_equal_weight,2022-02-01,AMT,0.016666666666666666
combined_equal_weight,2022-03-01,AMT,0.016666666666666666
combined_equal_weight,2022-04-01,AMT,0.016666666666666666
combined_equal_weight,2022-05-02,AMT,0.016666666666666666
combined_equal_weight,2022-06-01,AMT,0.016666666666666666
combined_equal_weight,2022-07-01,AMT,0.016666666666666666
combined_equal_weight,2022-08-01,AMT,0.016666666666666666
combined_equal_weight,2022-09-01,AMT,0.016666666666666666
combined_equal_weight,2022-10-03,AMT,0.016666666666666666
combined_equal_weight,2022-11-01,AMT,0.016666666666666666
combined_equal_weight,2022-12-01,AMT,0.016666666666666666
combined_equal_weight,2023-01-03,AMT,0.016666666666666666
combined_equal_weight,2023-02-01,AMT,0.016666666666666666
combined_equal_weight,2023-03-01,AMT,0.016666666666666666
combined_equal_weight,2023-04-03,AMT,0.016666666666666666
combined_equal_weight,2023-05-01,AMT,0.016666666666666666
combined_equal_weight,2023-06-01,AMT,0.016666666666666666
combined_equal_weight,2023-07-03,AMT,0.016666666666666666
combined_equal_weight,2023-08-01,AMT,0.016666666666666666
combined_equal_weight,2023-09-01,AMT,0.016666666666666666
combined_equal_weight,2023-10-02,AMT,0.016666666666666666
combined_equal_weight,2023-11-01,AMT,0.016666666666666666
combined_equal_weight,2023-12-01,AMT,0.016666666666666666
combined_equal_weight,2022-01-03,BA,0.016666666666666666
combined_equal_weight,2022-02-01,BA,0.016666666666666666
combined_equal_weight,2022-03-01,BA,0.016666666666666666
combined_equal_weight,2022-04-01,BA,0.016666666666666666
combined_equal_weight,2022-05-02,BA,0.016666666666666666
combined_equal_weight,2022-06-01,BA,0.016666666666666666
combined_equal_weight,2022-07-01,BA,0.016666666666666666
combined_equal_weight,2022-08-01,BA,0.016666666666666666
combined_equal_weight,2022-09-01,BA,0.016666666666666666
combined_equal_weight,2022-10-03,BA,0.016666666666666666
combined_equal_weight,2022-11-01,BA,0.016666666666666666
combined_equal_weight,2022-12-01,BA,0.016666666666666666
combined_equal_weight,2023-01-03,BA,0.016666666666666666
combined_equal_weight,2023-02-01,BA,0.016666666666666666
combined_equal_weight,2023-03-01,BA,0.016666666666666666
combined_equal_weight,2023-04-03,BA,0.016666666666666666
combined_equal_weight,2023-05-01,BA,0.016666666666666666
combined_equal_weight,2023-06-01,BA,0.016666666666666666
combined_equal_weight,2023-07-03,BA,0.016666666666666666
combined_equal_weight,2023-08-01,BA,0.016666666666666666
combined_equal_weight,2023-09-01,BA,0.016666666666666666
combined_equal_weight,2023-10-02,BA,0.016666666666666666
combined_equal_weight,2023-11-01,BA,0.016666666666666666
combined_equal_weight,2023-12-01,BA,0.016666666666666666
combined_equal_weight,2022-01-03,CAT,0.016666666666666666
combined_equal_weight,2022-02-01,CAT,0.016666666666666666
combined_equal_weight,2022-03-01,CAT,0.016666666666666666
combined_equal_weight,2022-04-01,CAT,0.016666666666666666
combined_equal_weight,2022-05-02,CAT,0.016666666666666666
combined_equal_weight,2022-06-01,CAT,0.016666666666666666
combined_equal_weight,2022-07-01,CAT,0.016666666666666666
combined_equal_weight,2022-08-01,CAT,0.016666666666666666
combined_equal_weight,2022-09-01,CAT,0.016666666666666666
combined_equal_weight,2022-10-03,CAT,0.016666666666666666
combined_equal_weight,2022-11-01,CAT,0.016666666666666666
combined_equal_weight,2022-12-01,CAT,0.016666666666666666
combined_equal_weight,2023-01-03,CAT,0.016666666666666666
combined_equal_weight,2023-02-01,CAT,0.016666666666666666
combined_equal_weight,2023-03-01,CAT,0.016666666666666666
combined_equal_weight,2023-04-03,CAT,0.016666666666666666
combined_equal_weight,2023-05-01,CAT,0.016666666666666666
combined_equal_weight,2023-06-01,CAT,0.016666666666666666
combined_equal_weight,2023-07-03,CAT,0.016666666666666666
combined_equal_weight,2023-08-01,CAT,0.016666666666666666
combined_equal_weight,2023-09-01,CAT,0.016666666666666666
combined_equal_weight,2023-10-02,CAT,0.016666666666666666
combined_equal_weight,2023-11-01,CAT,0.016666666666666666
combined_equal_weight,2023-12-01,CAT,0.016666666666666666
combined_equal_weight,2022-01-03,CCI,0.016666666666666666
combined_equal_weight,2022-02-01,CCI,0.016666666666666666
combined_equal_weight,2022-03-01,CCI,0.016666666666666666
combined_equal_weight,2022-04-01,CCI,0.016666666666666666
combined_equal_weight,2022-05-02,CCI,0.016666666666666666
combined_equal_weight,2022-06-01,CCI,0.016666666666666666
combined_equal_weight,2022-07-01,CCI,0.016666666666666666
combined_equal_weight,2022-08-01,CCI,0.016666666666666666
combined_equal_weight,2022-09-01,CCI,0.016666666666666666
combined_equal_weight,2022-10-03,CCI,0.016666666666666666
combined_equal_weight,2022-11-01,CCI,0.016666666666666666
combined_equal_weight,2022-12-01,CCI,0.016666666666666666
combined_equal_weight,2023-01-03,CCI,0.016666666666666666
combined_equal_weight,2023-02-01,CCI,0.016666666666666666
combined_equal_weight,2023-03-01,CCI,0.016666666666666666
combined_equal_weight,2023-04-03,CCI,0.016666666666666666
combined_equal_weight,2023-05-01,CCI,0.016666666666666666
combined_equal_weight,2023-06-01,CCI,0.016666666666666666
combined_equal_weight,2023-07-03,CCI,0.016666666666666666
combined_equal_weight,2023-08-01,CCI,0.016666666666666666
combined_equal_weight,2023-09-01,CCI,0.016666666666666666
combined_equal_weight,2023-10-02,CCI,0.016666666666666666
combined_equal_weight,2023-11-01,CCI,0.016666666666666666
combined_equal_weight,2023-12-01,CCI,0.016666666666666666
combined_equal_weight,2022-01-03,CMCSA,0.016666666666666666
combined_equal_weight,2022-02-01,CMCSA,0.016666666666666666
combined_equal_weight,2022-03-01,CMCSA,0.016666666666666666
combined_equal_weight,2022-04-01,CMCSA,0.016666666666666666
combined_equal_weight,2022-05-02,CMCSA,0.016666666666666666
combined_equal_weight,2022-06-01,CMCSA,0.016666666666666666
combined_equal_weight,2022-07-01,CMCSA,0.016666666666666666
combined_equal_weight,2022-08-01,CMCSA,0.016666666666666666
combined_equal_weight,2022-09-01,CMCSA,0.016666666666666666
combined_equal_weight,2022-10-03,CMCSA,0.016666666666666666
combined_equal_weight,2022-11-01,CMCSA,0.016666666666666666
combined_equal_weight,2022-12-01,CMCSA,0.016666666666666666
combined_equal_weight,2023-01-03,CMCSA,0.016666666666666666
combined_equal_weight,2023-02-01,CMCSA,0.016666666666666666
combined_equal_weight,2023-03-01,CMCSA,0.016666666666666666
combined_equal_weight,2023-04-03,CMCSA,0.016666666666666666
combined_equal_weight,2023-05-01,CMCSA,0.016666666666666666
combined_equal_weight,2023-06-01,CMCSA,0.016666666666666666
combined_equal_weight,2023-07-03,CMCSA,0.016666666666666666
combined_equal_weight,2023-08-01,CMCSA,0.016666666666666666
combined_equal_weight,2023-09-01,CMCSA,0.016666666666666666
combined_equal_weight,2023-10-02,CMCSA,0.016666666666666666
combined_equal_weight,2023-11-01,CMCSA,0.016666666666666666
combined_equal_weight,2023-12-01,CMCSA,0.016666666666666666
combined_equal_weight,2022-01-03,COP,0.016666666666666666
combined_equal_weight,2022-02-01,COP,0.016666666666666666
combined_equal_weight,2022-03-01,COP,0.016666666666666666
combined_equal_weight,2022-04-01,COP,0.016666666666666666
combined_equal_weight,2022-05-02,COP,0.016666666666666666
combined_equal_weight,2022-06-01,COP,0.016666666666666666
combined_equal_weight,2022-07-01,COP,0.016666666666666666
combined_equal_weight,2022-08-01,COP,0.016666666666666666
combined_equal_weight,2022-09-01,COP,0.016666666666666666
combined_equal_weight,2022-10-03,COP,0.016666666666666666
combined_equal_weight,2022-11-01,COP,0.016666666666666666
combined_equal_weight,2022-12-01,COP,0.016666666666666666
combined_equal_weight,2023-01-03,COP,0.016666666666666666
combined_equal_weight,2023-02-01,COP,0.016666666666666666
combined_equal_weight,2023-03-01,COP,0.016666666666666666
combined_equal_weight,2023-04-03,COP,0.016666666666666666
combined_equal_weight,2023-05-01,COP,0.016666666666666666
combined_equal_weight,2023-06-01,COP,0.016666666666666666
combined_equal_weight,2023-07-03,COP,0.016666666666666666
combined_equal_weight,2023-08-01,COP,0.016666666666666666
combined_equal_weight,2023-09-01,COP,0.016666666666666666
combined_equal_weight,2023-10-02,COP,0.016666666666666666
combined_equal_weight,2023-11-01,COP,0.016666666666666666
combined_equal_weight,2023-12-01,COP,0.016666666666666666
combined_equal_weight,2022-01-03,CVX,0.016666666666666666
combined_equal_weight,2022-02-01,CVX,0.016666666666666666
combined_equal_weight,2022-03-01,CVX,0.016666666666666666
combined_equal_weight,2022-04-01,CVX,0.016666666666666666
combined_equal_weight,2022-05-02,CVX,0.016666666666666666
combined_equal_weight,2022-06-01,CVX,0.016666666666666666
combined_equal_weight,2022-07-01,CVX,0.016666666666666666
combined_equal_weight,2022-08-01,CVX,0.016666666666666666
combined_equal_weight,2022-09-01,CVX,0.016666666666666666
combined_equal_weight,2022-10-03,CVX,0.016666666666666666
combined_equal_weight,2022-11-01,CVX,0.016666666666666666
combined_equal_weight,2022-12-01,CVX,0.016666666666666666
combined_equal_weight,2023-01-03,CVX,0.016666666666666666
combined_equal_weight,2023-02-01,CVX,0.016666666666666666
combined_equal_weight,2023-03-01,CVX,0.016666666666666666
combined_equal_weight,2023-04-03,CVX,0.016666666666666666
combined_equal_weight,2023-05-01,CVX,0.016666666666666666
combined_equal_weight,2023-06-01,CVX,0.016666666666666666
combined_equal_weight,2023-07-03,CVX,0.016666666666666666
combined_equal_weight,2023-08-01,CVX,0.016666666666666666
combined_equal_weight,2023-09-01,CVX,0.016666666666666666
combined_equal_weight,2023-10-02,CVX,0.016666666666666666
combined_equal_weight,2023-11-01,CVX,0.016666666666666666
combined_equal_weight,2023-12-01,CVX,0.016666666666666666
combined_equal_weight,2022-01-03,D,0.016666666666666666
combined_equal_weight,2022-02-01,D,0.016666666666666666
combined_equal_weight,2022-03-01,D,0.016666666666666666
combined_equal_weight,2022-04-01,D,0.016666666666666666
combined_equal_weight,2022-05-02,D,0.016666666666666666
combined_equal_weight,2022-06-01,D,0.016666666666666666
combined_equal_weight,2022-07-01,D,0.016666666666666666
combined_equal_weight,2022-08-01,D,0.016666666666666666
combined_equal_weight,2022-09-01,D,0.016666666666666666
combined_equal_weight,2022-10-03,D,0.016666666666666666
combined_equal_weight,2022-11-01,D,0.016666666666666666
combined_equal_weight,2022-12-01,D,0.016666666666666666
combined_equal_weight,2023-01-03,D,0.016666666666666666
combined_equal_weight,2023-02-01,D,0.016666666666666666
combined_equal_weight,2023-03-01,D,0.016666666666666666
combined_equal_weight,2023-04-03,D,0.016666666666666666
combined_equal_weight,2023-05-01,D,0.016666666666666666
combined_equal_weight,2023-06-01,D,0.016666666666666666
combined_equal_weight,2023-07-03,D,0.016666666666666666
combined_equal_weight,2023-08-01,D,0.016666666666666666
combined_equal_weight,2023-09-01,D,0.016666666666666666
combined_equal_weight,2023-10-02,D,0.016666666666666666
combined_equal_weight,2023-11-01,D,0.016666666666666666
combined_equal_weight,2023-12-01,D,0.016666666666666666
combined_equal_weight,2022-01-03,DD,0.016666666666666666
combined_equal_weight,2022-02-01,DD,0.016666666666666666
combined_equal_weight,2022-03-01,DD,0.016666666666666666
combined_equal_weight,2022-04-01,DD,0.016666666666666666
combined_equal_weight,2022-05-02,DD,0.016666666666666666
combined_equal_weight,2022-06-01,DD,0.016666666666666666
combined_equal_weight,2022-07-01,DD,0.016666666666666666
combined_equal_weight,2022-08-01,DD,0.016666666666666666
combined_equal_weight,2022-09-01,DD,0.016666666666666666
combined_equal_weight,2022-10-03,DD,0.016666666666666666
combined_equal_weight,2022-11-01,DD,0.016666666666666666
combined_equal_weight,2022-12-01,DD,0.016666666666666666
combined_equal_weight,2023-01-03,DD,0.016666666666666666
combined_equal_weight,2023-02-01,DD,0.016666666666666666
combined_equal_weight,2023-03-01,DD,0.016666666666666666
combined_equal_weight,2023-04-03,DD,0.016666666666666666
combined_equal_weight,2023-05-01,DD,0.016666666666666666
combined_equal_weight,2023-06-01,DD,0.016666666666666666
combined_equal_weight,2023-07-03,DD,0.016666666666666666
combined_equal_weight,2023-08-01,DD,0.016666666666666666
combined_equal_weight,2023-09-01,DD,0.016666666666666666
combined_equal_weight,2023-10-02,DD,0.016666666666666666
combined_equal_weight,2023-11-01,DD,0.016666666666666666
combined_equal_weight,2023-12-01,DD,0.016666666666666666
combined_equal_weight,2022-01-03,DIS,0.016666666666666666
combined_equal_weight,2022-02-01,DIS,0.016666666666666666
combined_equal_weight,2022-03-01,DIS,0.016666666666666666
combined_equal_weight,2022-04-01,DIS,0.016666666666666666
combined_equal_weight,2022-05-02,DIS,0.016666666666666666
combined_equal_weight,2022-06-01,DIS,0.016666666666666666
combined_equal_weight,2022-07-01,DIS,0.016666666666666666
combined_equal_weight,2022-08-01,DIS,0.016666666666666666
combined_equal_weight,2022-09-01,DIS,0.016666666666666666
combined_equal_weight,2022-10-03,DIS,0.016666666666666666
combined_equal_weight,2022-11-01,DIS,0.016666666666666666
combined_equal_weight,2022-12-01,DIS,0.016666666666666666
combined_equal_weight,2023-01-03,DIS,0.016666666666666666
combined_equal_weight,2023-02-01,DIS,0.016666666666666666
combined_equal_weight,2023-03-01,DIS,0.016666666666666666
combined_equal_weight,2023-04-03,DIS,0.016666666666666666
combined_equal_weight,2023-05-01,DIS,0.016666666666666666
combined_equal_weight,2023-06-01,DIS,0.016666666666666666
combined_equal_weight,2023-07-03,DIS,0.016666666666666666
combined_equal_weight,2023-08-01,DIS,0.016666666666666666
combined_equal_weight,2023-09-01,DIS,0.016666666666666666
combined_equal_weight,2023-10-02,DIS,0.016666666666666666
combined_equal_weight,2023-11-01,DIS,0.016666666666666666
combined_equal_weight,2023-12-01,DIS,0.016666666666666666
combined_equal_weight,2022-01-03,DOW,0.016666666666666666
combined_equal_weight,2022-02-01,DOW,0.016666666666666666
combined_equal_weight,2022-03-01,DOW,0.016666666666666666
combined_equal_weight,2022-04-01,DOW,0.016666666666666666
combined_equal_weight,2022-05-02,DOW,0.016666666666666666
combined_equal_weight,2022-06-01,DOW,0.016666666666666666
combined_equal_weight,2022-07-01,DOW,0.016666666666666666
combined_equal_weight,2022-08-01,DOW,0.016666666666666666
combined_equal_weight,2022-09-01,DOW,0.016666666666666666
combined_equal_weight,2022-10-03,DOW,0.016666666666666666
combined_equal_weight,2022-11-01,DOW,0.016666666666666666
combined_equal_weight,2022-12-01,DOW,0.016666666666666666
combined_equal_weight,2023-01-03,DOW,0.016666666666666666
combined_equal_weight,2023-02-01,DOW,0.016666666666666666
combined_equal_weight,2023-03-01,DOW,0.016666666666666666
combined_equal_weight,2023-04-03,DOW,0.016666666666666666
combined_equal_weight,2023-05-01,DOW,0.016666666666666666
combined_equal_weight,2023-06-01,DOW,0.016666666666666666
combined_equal_weight,2023-07-03,DOW,0.016666666666666666
combined_equal_weight,2023-08-01,DOW,0.016666666666666666
combined_equal_weight,2023-09-01,DOW,0.016666666666666666
combined_equal_weight,2023-10-02,DOW,0.016666666666666666
combined_equal_weight,2023-11-01,DOW,0.016666666666666666
combined_equal_weight,2023-12-01,DOW,0.016666666666666666
combined_equal_weight,2022-01-03,DUK,0.016666666666666666
combined_equal_weight,2022-02-01,DUK,0.016666666666666666
combined_equal_weight,2022-03-01,DUK,0.016666666666666666
combined_equal_weight,2022-04-01,DUK,0.016666666666666666
combined_equal_weight,2022-05-02,DUK,0.016666666666666666
combined_equal_weight,2022-06-01,DUK,0.016666666666666666
combined_equal_weight,2022-07-01,DUK,0.016666666666666666
combined_equal_weight,2022-08-01,DUK,0.016666666666666666
combined_equal_weight,2022-09-01,DUK,0.016666666666666666
combined_equal_weight,2022-10-03,DUK,0.016666666666666666
combined_equal_weight,2022-11-01,DUK,0.016666666666666666
combined_equal_weight,2022-12-01,DUK,0.016666666666666666
combined_equal_weight,2023-01-03,DUK,0.016666666666666666
combined_equal_weight,2023-02-01,DUK,0.016666666666666666
combined_equal_weight,2023-03-01,DUK,0.016666666666666666
combined_equal_weight,2023-04-03,DUK,0.016666666666666666
combined_equal_weight,2023-05-01,DUK,0.016666666666666666
combined_equal_weight,2023-06-01,DUK,0.016666666666666666
combined_equal_weight,2023-07-03,DUK,0.016666666666666666
combined_equal_weight,2023-08-01,DUK,0.016666666666666666
combined_equal_weight,2023-09-01,DUK,0.016666666666666666
combined_equal_weight,2023-10-02,DUK,0.016666666666666666
combined_equal_weight,2023-11-01,DUK,0.016666666666666666
combined_equal_weight,2023-12-01,DUK,0.016666666666666666
combined_equal_weight,2022-01-03,EA,0.016666666666666666
combined_equal_weight,2022-02-01,EA,0.016666666666666666
combined_equal_weight,2022-03-01,EA,0.016666666666666666
combined_equal_weight,2022-04-01,EA,0.016666666666666666
combined_equal_weight,2022-05-02,EA,0.016666666666666666
combined_equal_weight,2022-06-01,EA,0.016666666666666666
combined_equal_weight,2022-07-01,EA,0.016666666666666666
combined_equal_weight,2022-08-01,EA,0.016666666666666666
combined_equal_weight,2022-09-01,EA,0.016666666666666666
combined_equal_weight,2022-10-03,EA,0.016666666666666666
combined_equal_weight,2022-11-01,EA,0.016666666666666666
combined_equal_weight,2022-12-01,EA,0.016666666666666666
combined_equal_weight,2023-01-03,EA,0.016666666666666666
combined_equal_weight,2023-02-01,EA,0.016666666666666666
combined_equal_weight,2023-03-01,EA,0.016666666666666666
combined_equal_weight,2023-04-03,EA,0.016666666666666666
combined_equal_weight,2023-05-01,EA,0.016666666666666666
combined_equal_weight,2023-06-01,EA,0.016666666666666666
combined_equal_weight,2023-07-03,EA,0.016666666666666666
combined_equal_weight,2023-08-01,EA,0.016666666666666666
combined_equal_weight,2023-09-01,EA,0.016666666666666666
combined_equal_weight,2023-10-02,EA,0.016666666666666666
combined_equal_weight,2023-11-01,EA,0.016666666666666666
combined_equal_weight,2023-12-01,EA,0.016666666666666666
combined_equal_weight,2022-01-03,GE,0.016666666666666666
combined_equal_weight,2022-02-01,GE,0.016666666666666666
combined_equal_weight,2022-03-01,GE,0.016666666666666666
combined_equal_weight,2022-04-01,GE,0.016666666666666666
combined_equal_weight,2022-05-02,GE,0.016666666666666666
combined_equal_weight,2022-06-01,GE,0.016666666666666666
combined_equal_weight,2022-07-01,GE,0.016666666666666666
combined_equal_weight,2022-08-01,GE,0.016666666666666666
combined_equal_weight,2022-09-01,GE,0.016666666666666666
combined_equal_weight,2022-10-03,GE,0.016666666666666666
combined_equal_weight,2022-11-01,GE,0.016666666666666666
combined_equal_weight,2022-12-01,GE,0.016666666666666666
combined_equal_weight,2023-01-03,GE,0.016666666666666666
combined_equal_weight,2023-02-01,GE,0.016666666666666666
combined_equal_weight,2023-03-01,GE,0.016666666666666666
combined_equal_weight,2023-04-03,GE,0.016666666666666666
combined_equal_weight,2023-05-01,GE,0.016666666666666666
combined_equal_weight,2023-06-01,GE,0.016666666666666666
combined_equal_weight,2023-07-03,GE,0.016666666666666666
combined_equal_weight,2023-08-01,GE,0.016666666666666666
combined_equal_weight,2023-09-01,GE,0.016666666666666666
combined_equal_weight,2023-10-02,GE,0.016666666666666666
combined_equal_weight,2023-11-01,GE,0.016666666666666666
combined_equal_weight,2023-12-01,GE,0.016666666666666666
combined_equal_weight,2022-01-03,GILD,0.016666666666666666
combined_equal_weight,2022-02-01,GILD,0.016666666666666666
combined_equal_weight,2022-03-01,GILD,0.016666666666666666
combined_equal_weight,2022-04-01,GILD,0.016666666666666666
combined_equal_weight,2022-05-02,GILD,0.016666666666666666
combined_equal_weight,2022-06-01,GILD,0.016666666666666666
combined_equal_weight,2022-07-01,GILD,0.016666666666666666
combined_equal_weight,2022-08-01,GILD,0.016666666666666666
combined_equal_weight,2022-09-01,GILD,0.016666666666666666
combined_equal_weight,2022-10-03,GILD,0.016666666666666666
combined_equal_weight,2022-11-01,GILD,0.016666666666666666
combined_equal_weight,2022-12-01,GILD,0.016666666666666666
combined_equal_weight,2023-01-03,GILD,0.016666666666666666
combined_equal_weight,2023-02-01,GILD,0.016666666666666666
combined_equal_weight,2023-03-01,GILD,0.016666666666666666
combined_equal_weight,2023-04-03,GILD,0.016666666666666666
combined_equal_weight,2023-05-01,GILD,0.016666666666666666
combined_equal_weight,2023-06-01,GILD,0.016666666666666666
combined_equal_weight,2023-07-03,GILD,0.016666666666666666
combined_equal_weight,2023-08-01,GILD,0.016666666666666666
combined_equal_weight,2023-09-01,GILD,0.016666666666666666
combined_equal_weight,2023-10-02,GILD,0.016666666666666666
combined_equal_weight,2023-11-01,GILD,0.016666666666666666
combined_equal_weight,2023-12-01,GILD,0.016666666666666666
combined_equal_weight,2022-01-03,GS,0.016666666666666666
combined_equal_weight,2022-02-01,GS,0.016666666666666666
combined_equal_weight,2022-03-01,GS,0.016666666666666666
combined_equal_weight,2022-04-01,GS,0.016666666666666666
combined_equal_weight,2022-05-02,GS,0.016666666666666666
combined_equal_weight,2022-06-01,GS,0.016666666666666666
combined_equal_weight,2022-07-01,GS,0.016666666666666666
combined_equal_weight,2022-08-01,GS,0.016666666666666666
combined_equal_weight,2022-09-01,GS,0.016666666666666666
combined_equal_weight,2022-10-03,GS,0.016666666666666666
combined_equal_weight,2022-11-01,GS,0.016666666666666666
combined_equal_weight,2022-12-01,GS,0.016666666666666666
combined_equal_weight,2023-01-03,GS,0.016666666666666666
combined_equal_weight,2023-02-01,GS,0.016666666666666666
combined_equal_weight,2023-03-01,GS,0.016666666666666666
combined_equal_weight,2023-04-03,GS,0.016666666666666666
combined_equal_weight,2023-05-01,GS,0.016666666666666666
combined_equal_weight,2023-06-01,GS,0.016666666666666666
combined_equal_weight,2023-07-03,GS,0.016666666666666666
combined_equal_weight,2023-08-01,GS,0.016666666666666666
combined_equal_weight,2023-09-01,GS,0.016666666666666666
combined_equal_weight,2023-10-02,GS,0.016666666666666666
combined_equal_weight,2023-11-01,GS,0.016666666666666666
combined_equal_weight,2023-12-01,GS,0.016666666666666666
combined_equal_weight,2022-01-03,INTC,0.016666666666666666
combined_equal_weight,2022-02-01,INTC,0.016666666666666666
combined_equal_weight,2022-03-01,INTC,0.016666666666666666
combined_equal_weight,2022-04-01,INTC,0.016666666666666666
combined_equal_weight,2022-05-02,INTC,0.016666666666666666
combined_equal_weight,2022-06-01,INTC,0.016666666666666666
combined_equal_weight,2022-07-01,INTC,0.016666666666666666
combined_equal_weight,2022-08-01,INTC,0.016666666666666666
combined_equal_weight,2022-09-01,INTC,0.016666666666666666
combined_equal_weight,2022-10-03,INTC,0.016666666666666666
combined_equal_weight,2022-11-01,INTC,0.016666666666666666
combined_equal_weight,2022-12-01,INTC,0.016666666666666666
combined_equal_weight,2023-01-03,INTC,0.016666666666666666
combined_equal_weight,2023-02-01,INTC,0.016666666666666666
combined_equal_weight,2023-03-01,INTC,0.016666666666666666
combined_equal_weight,2023-04-03,INTC,0.016666666666666666
combined_equal_weight,2023-05-01,INTC,0.016666666666666666
combined_equal_weight,2023-06-01,INTC,0.016666666666666666
combined_equal_weight,2023-07-03,INTC,0.016666666666666666
combined_equal_weight,2023-08-01,INTC,0.016666666666666666
combined_equal_weight,2023-09-01,INTC,0.016666666666666666
combined_equal_weight,2023-10-02,INTC,0.016666666666666666
combined_equal_weight,2023-11-01,INTC,0.016666666666666666
combined_equal_weight,2023-12-01,INTC,0.016666666666666666
combined_equal_weight,2022-01-03,KO,0.016666666666666666
combined_equal_weight,2022-02-01,KO,0.016666666666666666
combined_equal_weight,2022-03-01,KO,0.016666666666666666
combined_equal_weight,2022-04-01,KO,0.016666666666666666
combined_equal_weight,2022-05-02,KO,0.016666666666666666
combined_equal_weight,2022-06-01,KO,0.016666666666666666
combined_equal_weight,2022-07-01,KO,0.016666666666666666
combined_equal_weight,2022-08-01,KO,0.016666666666666666
combined_equal_weight,2022-09-01,KO,0.016666666666666666
combined_equal_weight,2022-10-03,KO,0.016666666666666666
combined_equal_weight,2022-11-01,KO,0.016666666666666666
combined_equal_weight,2022-12-01,KO,0.016666666666666666
combined_equal_weight,2023-01-03,KO,0.016666666666666666
combined_equal_weight,2023-02-01,KO,0.016666666666666666
combined_equal_weight,2023-03-01,KO,0.016666666666666666
combined_equal_weight,2023-04-03,KO,0.016666666666666666
combined_equal_weight,2023-05-01,KO,0.016666666666666666
combined_equal_weight,2023-06-01,KO,0.016666666666666666
combined_equal_weight,2023-07-03,KO,0.016666666666666666
combined_equal_weight,2023-08-01,KO,0.016666666666666666
combined_equal_weight,2023-09-01,KO,0.016666666666666666
combined_equal_weight,2023-10-02,KO,0.016666666666666666
combined_equal_weight,2023-11-01,KO,0.016666666666666666
combined_equal_weight,2023-12-01,KO,0.016666666666666666
combined_equal_weight,2022-01-03,MMM,0.016666666666666666
combined_equal_weight,2022-02-01,MMM,0.016666666666666666
combined_equal_weight,2022-03-01,MMM,0.016666666666666666
combined_equal_weight,2022-04-01,MMM,0.016666666666666666
combined_equal_weight,2022-05-02,MMM,0.016666666666666666
combined_equal_weight,2022-06-01,MMM,0.016666666666666666
combined_equal_weight,2022-07-01,MMM,0.016666666666666666
combined_equal_weight,2022-08-01,MMM,0.016666666666666666
combined_equal_weight,2022-09-01,MMM,0.016666666666666666
combined_equal_weight,2022-10-03,MMM,0.016666666666666666
combined_equal_weight,2022-11-01,MMM,0.016666666666666666
combined_equal_weight,2022-12-01,MMM,0.016666666666666666
combined_equal_weight,2023-01-03,MMM,0.016666666666666666
combined_equal_weight,2023-02-01,MMM,0.016666666666666666
combined_equal_weight,2023-03-01,MMM,0.016666666666666666
combined_equal_weight,2023-04-03,MMM,0.016666666666666666
combined_equal_weight,2023-05-01,MMM,0.016666666666666666
combined_equal_weight,2023-06-01,MMM,0.016666666666666666
combined_equal_weight,2023-07-03,MMM,0.016666666666666666
combined_equal_weight,2023-08-01,MMM,0.016666666666666666
combined_equal_weight,2023-09-01,MMM,0.016666666666666666
combined_equal_weight,2023-10-02,MMM,0.016666666666666666
combined_equal_weight,2023-11-01,MMM,0.016666666666666666
combined_equal_weight,2023-12-01,MMM,0.016666666666666666
combined_equal_weight,2022-01-03,MRK,0.016666666666666666
combined_equal_weight,2022-02-01,MRK,0.016666666666666666
combined_equal_weight,2022-03-01,MRK,0.016666666666666666
combined_equal_weight,2022-04-01,MRK,0.016666666666666666
combined_equal_weight,2022-05-02,MRK,0.016666666666666666
combined_equal_weight,2022-06-01,MRK,0.016666666666666666
combined_equal_weight,2022-07-01,MRK,0.016666666666666666
combined_equal_weight,2022-08-01,MRK,0.016666666666666666
combined_equal_weight,2022-09-01,MRK,0.016666666666666666
combined_equal_weight,2022-10-03,MRK,0.016666666666666666
combined_equal_weight,2022-11-01,MRK,0.016666666666666666
combined_equal_weight,2022-12-01,MRK,0.016666666666666666
combined_equal_weight,2023-01-03,MRK,0.016666666666666666
combined_equal_weight,2023-02-01,MRK,0.016666666666666666
combined_equal_weight,2023-03-01,MRK,0.016666666666666666
combined_equal_weight,2023-04-03,MRK,0.016666666666666666
combined_equal_weight,2023-05-01,MRK,0.016666666666666666
combined_equal_weight,2023-06-01,MRK,0.016666666666666666
combined_equal_weight,2023-07-03,MRK,0.016666666666666666
combined_equal_weight,2023-08-01,MRK,0.016666666666666666
combined_equal_weight,2023-09-01,MRK,0.016666666666666666
combined_equal_weight,2023-10-02,MRK,0.016666666666666666
combined_equal_weight,2023-11-01,MRK,0.016666666666666666
combined_equal_weight,2023-12-01,MRK,0.016666666666666666
combined_equal_weight,2022-01-03,MS,0.016666666666666666
combined_equal_weight,2022-02-01,MS,0.016666666666666666
combined_equal_weight,2022-03-01,MS,0.016666666666666666
combined_equal_weight,2022-04-01,MS,0.016666666666666666
combined_equal_weight,2022-05-02,MS,0.016666666666666666
combined_equal_weight,2022-06-01,MS,0.016666666666666666
combined_equal_weight,2022-07-01,MS,0.016666666666666666
combined_equal_weight,2022-08-01,MS,0.016666666666666666
combined_equal_weight,2022-09-01,MS,0.016666666666666666
combined_equal_weight,2022-10-03,MS,0.016666666666666666
combined_equal_weight,2022-11-01,MS,0.016666666666666666
combined_equal_weight,2022-12-01,MS,0.016666666666666666
combined_equal_weight,2023-01-03,MS,0.016666666666666666
combined_equal_weight,2023-02-01,MS,0.016666666666666666
combined_equal_weight,2023-03-01,MS,0.016666666666666666
combined_equal_weight,2023-04-03,MS,0.016666666666666666
combined_equal_weight,2023-05-01,MS,0.016666666666666666
combined_equal_weight,2023-06-01,MS,0.016666666666666666
combined_equal_weight,2023-07-03,MS,0.016666666666666666
combined_equal_weight,2023-08-01,MS,0.016666666666666666
combined_equal_weight,2023-09-01,MS,0.016666666666666666
combined_equal_weight,2023-10-02,MS,0.016666666666666666
combined_equal_weight,2023-11-01,MS,0.016666666666666666
combined_equal_weight,2023-12-01,MS,0.016666666666666666
combined_equal_weight,2022-01-03,NEE,0.016666666666666666
combined_equal_weight,2022-02-01,NEE,0.016666666666666666
combined_equal_weight,2022-03-01,NEE,0.016666666666666666
combined_equal_weight,2022-04-01,NEE,0.016666666666666666
combined_equal_weight,2022-05-02,NEE,0.016666666666666666
combined_equal_weight,2022-06-01,NEE,0.016666666666666666
combined_equal_weight,2022-07-01,NEE,0.016666666666666666
combined_equal_weight,2022-08-01,NEE,0.016666666666666666
combined_equal_weight,2022-09-01,NEE,0.016666666666666666
combined_equal_weight,2022-10-03,NEE,0.016666666666666666
combined_equal_weight,2022-11-01,NEE,0.016666666666666666
combined_equal_weight,2022-12-01,NEE,0.016666666666666666
combined_equal_weight,2023-01-03,NEE,0.016666666666666666
combined_equal_weight,2023-02-01,NEE,0.016666666666666666
combined_equal_weight,2023-03-01,NEE,0.016666666666666666
combined_equal_weight,2023-04-03,NEE,0.016666666666666666
combined_equal_weight,2023-05-01,NEE,0.016666666666666666
combined_equal_weight,2023-06-01,NEE,0.016666666666666666
combined_equal_weight,2023-07-03,NEE,0.016666666666666666
combined_equal_weight,2023-08-01,NEE,0.016666666666666666
combined_equal_weight,2023-09-01,NEE,0.016666666666666666
combined_equal_weight,2023-10-02,NEE,0.016666666666666666
combined_equal_weight,2023-11-01,NEE,0.016666666666666666
combined_equal_weight,2023-12-01,NEE,0.016666666666666666
combined_equal_weight,2022-01-03,NEM,0.016666666666666666
combined_equal_weight,2022-02-01,NEM,0.016666666666666666
combined_equal_weight,2022-03-01,NEM,0.016666666666666666
combined_equal_weight,2022-04-01,NEM,0.016666666666666666
combined_equal_weight,2022-05-02,NEM,0.016666666666666666
combined_equal_weight,2022-06-01,NEM,0.016666666666666666
combined_equal_weight,2022-07-01,NEM,0.016666666666666666
combined_equal_weight,2022-08-01,NEM,0.016666666666666666
combined_equal_weight,2022-09-01,NEM,0.016666666666666666
combined_equal_weight,2022-10-03,NEM,0.016666666666666666
combined_equal_weight,2022-11-01,NEM,0.016666666666666666
combined_equal_weight,2022-12-01,NEM,0.016666666666666666
combined_equal_weight,2023-01-03,NEM,0.016666666666666666
combined_equal_weight,2023-02-01,NEM,0.016666666666666666
combined_equal_weight,2023-03-01,NEM,0.016666666666666666
combined_equal_weight,2023-04-03,NEM,0.016666666666666666
combined_equal_weight,2023-05-01,NEM,0.016666666666666666
combined_equal_weight,2023-06-01,NEM,0.016666666666666666
combined_equal_weight,2023-07-03,NEM,0.016666666666666666
combined_equal_weight,2023-08-01,NEM,0.016666666666666666
combined_equal_weight,2023-09-01,NEM,0.016666666666666666
combined_equal_weight,2023-10-02,NEM,0.016666666666666666
combined_equal_weight,2023-11-01,NEM,0.016666666666666666
combined_equal_weight,2023-12-01,NEM,0.016666666666666666
combined_equal_weight,2022-01-03,NKE,0.016666666666666666
combined_equal_weight,2022-02-01,NKE,0.016666666666666666
combined_equal_weight,2022-03-01,NKE,0.016666666666666666
combined_equal_weight,2022-04-01,NKE,0.016666666666666666
combined_equal_weight,2022-05-02,NKE,0.016666666666666666
combined_equal_weight,2022-06-01,NKE,0.016666666666666666
combined_equal_weight,2022-07-01,NKE,0.016666666666666666
combined_equal_weight,2022-08-01,NKE,0.016666666666666666
combined_equal_weight,2022-09-01,NKE,0.016666666666666666
combined_equal_weight,2022-10-03,NKE,0.016666666666666666
combined_equal_weight,2022-11-01,NKE,0.016666666666666666
combined_equal_weight,2022-12-01,NKE,0.016666666666666666
combined_equal_weight,2023-01-03,NKE,0.016666666666666666
combined_equal_weight,2023-02-01,NKE,0.016666666666666666
combined_equal_weight,2023-03-01,NKE,0.016666666666666666
combined_equal_weight,2023-04-03,NKE,0.016666666666666666
combined_equal_weight,2023-05-01,NKE,0.016666666666666666
combined_equal_weight,2023-06-01,NKE,0.016666666666666666
combined_equal_weight,2023-07-03,NKE,0.016666666666666666
combined_equal_weight,2023-08-01,NKE,0.016666666666666666
combined_equal_weight,2023-09-01,NKE,0.016666666666666666
combined_equal_weight,2023-10-02,NKE,0.016666666666666666
combined_equal_weight,2023-11-01,NKE,0.016666666666666666
combined_equal_weight,2023-12-01,NKE,0.016666666666666666
combined_equal_weight,2022-01-03,NUE,0.016666666666666666
combined_equal_weight,2022-02-01,NUE,0.016666666666666666
combined_equal_weight,2022-03-01,NUE,0.016666666666666666
combined_equal_weight,2022-04-01,NUE,0.016666666666666666
combined_equal_weight,2022-05-02,NUE,0.016666666666666666
combined_equal_weight,2022-06-01,NUE,0.016666666666666666
combined_equal_weight,2022-07-01,NUE,0.016666666666666666
combined_equal_weight,2022-08-01,NUE,0.016666666666666666
combined_equal_weight,2022-09-01,NUE,0.016666666666666666
combined_equal_weight,2022-10-03,NUE,0.016666666666666666
combined_equal_weight,2022-11-01,NUE,0.016666666666666666
combined_equal_weight,2022-12-01,NUE,0.016666666666666666
combined_equal_weight,2023-01-03,NUE,0.016666666666666666
combined_equal_weight,2023-02-01,NUE,0.016666666666666666
combined_equal_weight,2023-03-01,NUE,0.016666666666666666
combined_equal_weight,2023-04-03,NUE,0.016666666666666666
combined_equal_weight,2023-05-01,NUE,0.016666666666666666
combined_equal_weight,2023-06-01,NUE,0.016666666666666666
combined_equal_weight,2023-07-03,NUE,0.016666666666666666
combined_equal_weight,2023-08-01,NUE,0.016666666666666666
combined_equal_weight,2023-09-01,NUE,0.016666666666666666
combined_equal_weight,2023-10-02,NUE,0.016666666666666666
combined_equal_weight,2023-11-01,NUE,0.016666666666666666
combined_equal_weight,2023-12-01,NUE,0.016666666666666666
combined_equal_weight,2022-01-03,NVDA,0.016666666666666666
combined_equal_weight,2022-02-01,NVDA,0.016666666666666666
combined_equal_weight,2022-03-01,NVDA,0.016666666666666666
combined_equal_weight,2022-04-01,NVDA,0.016666666666666666
combined_equal_weight,2022-05-02,NVDA,0.016666666666666666
combined_equal_weight,2022-06-01,NVDA,0.016666666666666666
combined_equal_weight,2022-07-01,NVDA,0.016666666666666666
combined_equal_weight,2022-08-01,NVDA,0.016666666666666666
combined_equal_weight,2022-09-01,NVDA,0.016666666666666666
combined_equal_weight,2022-10-03,NVDA,0.016666666666666666
combined_equal_weight,2022-11-01,NVDA,0.016666666666666666
combined_equal_weight,2022-12-01,NVDA,0.016666666666666666
combined_equal_weight,2023-01-03,NVDA,0.016666666666666666
combined_equal_weight,2023-02-01,NVDA,0.016666666666666666
combined_equal_weight,2023-03-01,NVDA,0.016666666666666666
combined_equal_weight,2023-04-03,NVDA,0.016666666666666666
combined_equal_weight,2023-05-01,NVDA,0.016666666666666666
combined_equal_weight,2023-06-01,NVDA,0.016666666666666666
combined_equal_weight,2023-07-03,NVDA,0.016666666666666666
combined_equal_weight,2023-08-01,NVDA,0.016666666666666666
combined_equal_weight,2023-09-01,NVDA,0.016666666666666666
combined_equal_weight,2023-10-02,NVDA,0.016666666666666666
combined_equal_weight,2023-11-01,NVDA,0.016666666666666666
combined_equal_weight,2023-12-01,NVDA,0.016666666666666666
combined_equal_weight,2022-01-03,O,0.016666666666666666
combined_equal_weight,2022-02-01,O,0.016666666666666666
combined_equal_weight,2022-03-01,O,0.016666666666666666
combined_equal_weight,2022-04-01,O,0.016666666666666666
combined_equal_weight,2022-05-02,O,0.016666666666666666
combined_equal_weight,2022-06-01,O,0.016666666666666666
combined_equal_weight,2022-07-01,O,0.016666666666666666
combined_equal_weight,2022-08-01,O,0.016666666666666666
combined_equal_weight,2022-09-01,O,0.016666666666666666
combined_equal_weight,2022-10-03,O,0.016666666666666666
combined_equal_weight,2022-11-01,O,0.016666666666666666
combined_equal_weight,2022-12-01,O,0.016666666666666666
combined_equal_weight,2023-01-03,O,0.016666666666666666
combined_equal_weight,2023-02-01,O,0.016666666666666666
combined_equal_weight,2023-03-01,O,0.016666666666666666
combined_equal_weight,2023-04-03,O,0.016666666666666666
combined_equal_weight,2023-05-01,O,0.016666666666666666
combined_equal_weight,2023-06-01,O,0.016666666666666666
combined_equal_weight,2023-07-03,O,0.016666666666666666
combined_equal_weight,2023-08-01,O,0.016666666666666666
combined_equal_weight,2023-09-01,O,0.016666666666666666
combined_equal_weight,2023-10-02,O,0.016666666666666666
combined_equal_weight,2023-11-01,O,0.016666666666666666
combined_equal_weight,2023-12-01,O,0.016666666666666666
combined_equal_weight,2022-01-03,OXY,0.016666666666666666
combined_equal_weight,2022-02-01,OXY,0.016666666666666666
combined_equal_weight,2022-03-01,OXY,0.016666666666666666
combined_equal_weight,2022-04-01,OXY,0.016666666666666666
combined_equal_weight,2022-05-02,OXY,0.016666666666666666
combined_equal_weight,2022-06-01,OXY,0.016666666666666666
combined_equal_weight,2022-07-01,OXY,0.016666666666666666
combined_equal_weight,2022-08-01,OXY,0.016666666666666666
combined_equal_weight,2022-09-01,OXY,0.016666666666666666
combined_equal_weight,2022-10-03,OXY,0.016666666666666666
combined_equal_weight,2022-11-01,OXY,0.016666666666666666
combined_equal_weight,2022-12-01,OXY,0.016666666666666666
combined_equal_weight,2023-01-03,OXY,0.016666666666666666
combined_equal_weight,2023-02-01,OXY,0.016666666666666666
combined_equal_weight,2023-03-01,OXY,0.016666666666666666
combined_equal_weight,2023-04-03,OXY,0.016666666666666666
combined_equal_weight,2023-05-01,OXY,0.016666666666666666
combined_equal_weight,2023-06-01,OXY,0.016666666666666666
combined_equal_weight,2023-07-03,OXY,0.016666666666666666
combined_equal_weight,2023-08-01,OXY,0.016666666666666666
combined_equal_weight,2023-09-01,OXY,0.016666666666666666
combined_equal_weight,2023-10-02,OXY,0.016666666666666666
combined_equal_weight,2023-11-01,OXY,0.016666666666666666
combined_equal_weight,2023-12-01,OXY,0.016666666666666666
combined_equal_weight,2022-01-03,PLD,0.016666666666666666
combined_equal_weight,2022-02-01,PLD,0.016666666666666666
combined_equal_weight,2022-03-01,PLD,0.016666666666666666
combined_equal_weight,2022-04-01,PLD,0.016666666666666666
combined_equal_weight,2022-05-02,PLD,0.016666666666666666
combined_equal_weight,2022-06-01,PLD,0.016666666666666666
combined_equal_weight,2022-07-01,PLD,0.016666666666666666
combined_equal_weight,2022-08-01,PLD,0.016666666666666666
combined_equal_weight,2022-09-01,PLD,0.016666666666666666
combined_equal_weight,2022-10-03,PLD,0.016666666666666666
combined_equal_weight,2022-11-01,PLD,0.016666666666666666
combined_equal_weight,2022-12-01,PLD,0.016666666666666666
combined_equal_weight,2023-01-03,PLD,0.016666666666666666
combined_equal_weight,2023-02-01,PLD,0.016666666666666666
combined_equal_weight,2023-03-01,PLD,0.016666666666666666
combined_equal_weight,2023-04-03,PLD,0.016666666666666666
combined_equal_weight,2023-05-01,PLD,0.016666666666666666
combined_equal_weight,2023-06-01,PLD,0.016666666666666666
combined_equal_weight,2023-07-03,PLD,0.016666666666666666
combined_equal_weight,2023-08-01,PLD,0.016666666666666666
combined_equal_weight,2023-09-01,PLD,0.016666666666666666
combined_equal_weight,2023-10-02,PLD,0.016666666666666666
combined_equal_weight,2023-11-01,PLD,0.016666666666666666
combined_equal_weight,2023-12-01,PLD,0.016666666666666666
combined_equal_weight,2022-01-03,PSA,0.016666666666666666
combined_equal_weight,2022-02-01,PSA,0.016666666666666666
combined_equal_weight,2022-03-01,PSA,0.016666666666666666
combined_equal_weight,2022-04-01,PSA,0.016666666666666666
combined_equal_weight,2022-05-02,PSA,0.016666666666666666
combined_equal_weight,2022-06-01,PSA,0.016666666666666666
combined_equal_weight,2022-07-01,PSA,0.016666666666666666
combined_equal_weight,2022-08-01,PSA,0.016666666666666666
combined_equal_weight,2022-09-01,PSA,0.016666666666666666
combined_equal_weight,2022-10-03,PSA,0.016666666666666666
combined_equal_weight,2022-11-01,PSA,0.016666666666666666
combined_equal_weight,2022-12-01,PSA,0.016666666666666666
combined_equal_weight,2023-01-03,PSA,0.016666666666666666
combined_equal_weight,2023-02-01,PSA,0.016666666666666666
combined_equal_weight,2023-03-01,PSA,0.016666666666666666
combined_equal_weight,2023-04-03,PSA,0.016666666666666666
combined_equal_weight,2023-05-01,PSA,0.016666666666666666
combined_equal_weight,2023-06-01,PSA,0.016666666666666666
combined_equal_weight,2023-07-03,PSA,0.016666666666666666
combined_equal_weight,2023-08-01,PSA,0.016666666666666666
combined_equal_weight,2023-09-01,PSA,0.016666666666666666
combined_equal_weight,2023-10-02,PSA,0.016666666666666666
combined_equal_weight,2023-11-01,PSA,0.016666666666666666
combined_equal_weight,2023-12-01,PSA,0.016666666666666666
combined_equal_weight,2022-01-03,QCOM,0.016666666666666666
combined_equal_weight,2022-02-01,QCOM,0.016666666666666666
combined_equal_weight,2022-03-01,QCOM,0.016666666666666666
combined_equal_weight,2022-04-01,QCOM,0.016666666666666666
combined_equal_weight,2022-05-02,QCOM,0.016666666666666666
combined_equal_weight,2022-06-01,QCOM,0.016666666666666666
combined_equal_weight,2022-07-01,QCOM,0.016666666666666666
combined_equal_weight,2022-08-01,QCOM,0.016666666666666666
combined_equal_weight,2022-09-01,QCOM,0.016666666666666666
combined_equal_weight,2022-10-03,QCOM,0.016666666666666666
combined_equal_weight,2022-11-01,QCOM,0.016666666666666666
combined_equal_weight,2022-12-01,QCOM,0.016666666666666666
combined_equal_weight,2023-01-03,QCOM,0.016666666666666666
combined_equal_weight,2023-02-01,QCOM,0.016666666666666666
combined_equal_weight,2023-03-01,QCOM,0.016666666666666666
combined_equal_weight,2023-04-03,QCOM,0.016666666666666666
combined_equal_weight,2023-05-01,QCOM,0.016666666666666666
combined_equal_weight,2023-06-01,QCOM,0.016666666666666666
combined_equal_weight,2023-07-03,QCOM,0.016666666666666666
combined_equal_weight,2023-08-01,QCOM,0.016666666666666666
combined_equal_weight,2023-09-01,QCOM,0.016666666666666666
combined_equal_weight,2023-10-02,QCOM,0.016666666666666666
combined_equal_weight,2023-11-01,QCOM,0.016666666666666666
combined_equal_weight,2023-12-01,QCOM,0.016666666666666666
combined_equal_weight,2022-01-03,SBUX,0.016666666666666666
combined_equal_weight,2022-02-01,SBUX,0.016666666666666666
combined_equal_weight,2022-03-01,SBUX,0.016666666666666666
combined_equal_weight,2022-04-01,SBUX,0.016666666666666666
combined_equal_weight,2022-05-02,SBUX,0.016666666666666666
combined_equal_weight,2022-06-01,SBUX,0.016666666666666666
combined_equal_weight,2022-07-01,SBUX,0.016666666666666666
combined_equal_weight,2022-08-01,SBUX,0.016666666666666666
combined_equal_weight,2022-09-01,SBUX,0.016666666666666666
combined_equal_weight,2022-10-03,SBUX,0.016666666666666666
combined_equal_weight,2022-11-01,SBUX,0.016666666666666666
combined_equal_weight,2022-12-01,SBUX,0.016666666666666666
combined_equal_weight,2023-01-03,SBUX,0.016666666666666666
combined_equal_weight,2023-02-01,SBUX,0.016666666666666666
combined_equal_weight,2023-03-01,SBUX,0.016666666666666666
combined_equal_weight,2023-04-03,SBUX,0.016666666666666666
combined_equal_weight,2023-05-01,SBUX,0.016666666666666666
combined_equal_weight,2023-06-01,SBUX,0.016666666666666666
combined_equal_weight,2023-07-03,SBUX,0.016666666666666666
combined_equal_weight,2023-08-01,SBUX,0.016666666666666666
combined_equal_weight,2023-09-01,SBUX,0.016666666666666666
combined_equal_weight,2023-10-02,SBUX,0.016666666666666666
combined_equal_weight,2023-11-01,SBUX,0.016666666666666666
combined_equal_weight,2023-12-01,SBUX,0.016666666666666666
combined_equal_weight,2022-01-03,SHW,0.016666666666666666
combined_equal_weight,2022-02-01,SHW,0.016666666666666666
combined_equal_weight,2022-03-01,SHW,0.016666666666666666
combined_equal_weight,2022-04-01,SHW,0.016666666666666666
combined_equal_weight,2022-05-02,SHW,0.016666666666666666
combined_equal_weight,2022-06-01,SHW,0.016666666666666666
combined_equal_weight,2022-07-01,SHW,0.016666666666666666
combined_equal_weight,2022-08-01,SHW,0.016666666666666666
combined_equal_weight,2022-09-01,SHW,0.016666666666666666
combined_equal_weight,2022-10-03,SHW,0.016666666666666666
combined_equal_weight,2022-11-01,SHW,0.016666666666666666
combined_equal_weight,2022-12-01,SHW,0.016666666666666666
combined_equal_weight,2023-01-03,SHW,0.016666666666666666
combined_equal_weight,2023-02-01,SHW,0.016666666666666666
combined_equal_weight,2023-03-01,SHW,0.016666666666666666
combined_equal_weight,2023-04-03,SHW,0.016666666666666666
combined_equal_weight,2023-05-01,SHW,0.016666666666666666
combined_equal_weight,2023-06-01,SHW,0.016666666666666666
combined_equal_weight,2023-07-03,SHW,0.016666666666666666
combined_equal_weight,2023-08-01,SHW,0.016666666666666666
combined_equal_weight,2023-09-01,SHW,0.016666666666666666
combined_equal_weight,2023-10-02,SHW,0.016666666666666666
combined_equal_weight,2023-11-01,SHW,0.016666666666666666
combined_equal_weight,2023-12-01,SHW,0.016666666666666666
combined_equal_weight,2022-01-03,SLB,0.016666666666666666
combined_equal_weight,2022-02-01,SLB,0.016666666666666666
combined_equal_weight,2022-03-01,SLB,0.016666666666666666
combined_equal_weight,2022-04-01,SLB,0.016666666666666666
combined_equal_weight,2022-05-02,SLB,0.016666666666666666
combined_equal_weight,2022-06-01,SLB,0.016666666666666666
combined_equal_weight,2022-07-01,SLB,0.016666666666666666
combined_equal_weight,2022-08-01,SLB,0.016666666666666666
combined_equal_weight,2022-09-01,SLB,0.016666666666666666
combined_equal_weight,2022-10-03,SLB,0.016666666666666666
combined_equal_weight,2022-11-01,SLB,0.016666666666666666
combined_equal_weight,2022-12-01,SLB,0.016666666666666666
combined_equal_weight,2023-01-03,SLB,0.016666666666666666
combined_equal_weight,2023-02-01,SLB,0.016666666666666666
combined_equal_weight,2023-03-01,SLB,0.016666666666666666
combined_equal_weight,2023-04-03,SLB,0.016666666666666666
combined_equal_weight,2023-05-01,SLB,0.016666666666666666
combined_equal_weight,2023-06-01,SLB,0.016666666666666666
combined_equal_weight,2023-07-03,SLB,0.016666666666666666
combined_equal_weight,2023-08-01,SLB,0.016666666666666666
combined_equal_weight,2023-09-01,SLB,0.016666666666666666
combined_equal_weight,2023-10-02,SLB,0.016666666666666666
combined_equal_weight,2023-11-01,SLB,0.016666666666666666
combined_equal_weight,2023-12-01,SLB,0.016666666666666666
combined_equal_weight,2022-01-03,SO,0.016666666666666666
combined_equal_weight,2022-02-01,SO,0.016666666666666666
combined_equal_weight,2022-03-01,SO,0.016666666666666666
combined_equal_weight,2022-04-01,SO,0.016666666666666666
combined_equal_weight,2022-05-02,SO,0.016666666666666666
combined_equal_weight,2022-06-01,SO,0.016666666666666666
combined_equal_weight,2022-07-01,SO,0.016666666666666666
combined_equal_weight,2022-08-01,SO,0.016666666666666666
combined_equal_weight,2022-09-01,SO,0.016666666666666666
combined_equal_weight,2022-10-03,SO,0.016666666666666666
combined_equal_weight,2022-11-01,SO,0.016666666666666666
combined_equal_weight,2022-12-01,SO,0.016666666666666666
combined_equal_weight,2023-01-03,SO,0.016666666666666666
combined_equal_weight,2023-02-01,SO,0.016666666666666666
combined_equal_weight,2023-03-01,SO,0.016666666666666666
combined_equal_weight,2023-04-03,SO,0.016666666666666666
combined_equal_weight,2023-05-01,SO,0.016666666666666666
combined_equal_weight,2023-06-01,SO,0.016666666666666666
combined_equal_weight,2023-07-03,SO,0.016666666666666666
combined_equal_weight,2023-08-01,SO,0.016666666666666666
combined_equal_weight,2023-09-01,SO,0.016666666666666666
combined_equal_weight,2023-10-02,SO,0.016666666666666666
combined_equal_weight,2023-11-01,SO,0.016666666666666666
combined_equal_weight,2023-12-01,SO,0.016666666666666666
combined_equal_weight,2022-01-03,T,0.016666666666666666
combined_equal_weight,2022-02-01,T,0.016666666666666666
combined_equal_weight,2022-03-01,T,0.016666666666666666
combined_equal_weight,2022-04-01,T,0.016666666666666666
combined_equal_weight,2022-05-02,T,0.016666666666666666
combined_equal_weight,2022-06-01,T,0.016666666666666666
combined_equal_weight,2022-07-01,T,0.016666666666666666
combined_equal_weight,2022-08-01,T,0.016666666666666666
combined_equal_weight,2022-09-01,T,0.016666666666666666
combined_equal_weight,2022-10-03,T,0.016666666666666666
combined_equal_weight,2022-11-01,T,0.016666666666666666
combined_equal_weight,2022-12-01,T,0.016666666666666666
combined_equal_weight,2023-01-03,T,0.016666666666666666
combined_equal_weight,2023-02-01,T,0.016666666666666666
combined_equal_weight,2023-03-01,T,0.016666666666666666
combined_equal_weight,2023-04-03,T,0.016666666666666666
combined_equal_weight,2023-05-01,T,0.016666666666666666
combined_equal_weight,2023-06-01,T,0.016666666666666666
combined_equal_weight,2023-07-03,T,0.016666666666666666
combined_equal_weight,2023-08-01,T,0.016666666666666666
combined_equal_weight,2023-09-01,T,0.016666666666666666
combined_equal_weight,2023-10-02,T,0.016666666666666666
combined_equal_weight,2023-11-01,T,0.016666666666666666
combined_equal_weight,2023-12-01,T,0.016666666666666666
combined_equal_weight,2022-01-03,TMUS,0.016666666666666666
combined_equal_weight,2022-02-01,TMUS,0.016666666666666666
combined_equal_weight,2022-03-01,TMUS,0.016666666666666666
combined_equal_weight,2022-04-01,TMUS,0.016666666666666666
combined_equal_weight,2022-05-02,TMUS,0.016666666666666666
combined_equal_weight,2022-06-01,TMUS,0.016666666666666666
combined_equal_weight,2022-07-01,TMUS,0.016666666666666666
combined_equal_weight,2022-08-01,TMUS,0.016666666666666666
combined_equal_weight,2022-09-01,TMUS,0.016666666666666666
combined_equal_weight,2022-10-03,TMUS,0.016666666666666666
combined_equal_weight,2022-11-01,TMUS,0.016666666666666666
combined_equal_weight,2022-12-01,TMUS,0.016666666666666666
combined_equal_weight,2023-01-03,TMUS,0.016666666666666666
combined_equal_weight,2023-02-01,TMUS,0.016666666666666666
combined_equal_weight,2023-03-01,TMUS,0.016666666666666666
combined_equal_weight,2023-04-03,TMUS,0.016666666666666666
combined_equal_weight,2023-05-01,TMUS,0.016666666666666666
combined_equal_weight,2023-06-01,TMUS,0.016666666666666666
combined_equal_weight,2023-07-03,TMUS,0.016666666666666666
combined_equal_weight,2023-08-01,TMUS,0.016666666666666666
combined_equal_weight,2023-09-01,TMUS,0.016666666666666666
combined_equal_weight,2023-10-02,TMUS,0.016666666666666666
combined_equal_weight,2023-11-01,TMUS,0.016666666666666666
combined_equal_weight,2023-12-01,TMUS,0.016666666666666666
combined_equal_weight,2022-01-03,TTWO,0.016666666666666666
combined_equal_weight,2022-02-01,TTWO,0.016666666666666666
combined_equal_weight,2022-03-01,TTWO,0.016666666666666666
combined_equal_weight,2022-04-01,TTWO,0.016666666666666666
combined_equal_weight,2022-05-02,TTWO,0.016666666666666666
combined_equal_weight,2022-06-01,TTWO,0.016666666666666666
combined_equal_weight,2022-07-01,TTWO,0.016666666666666666
combined_equal_weight,2022-08-01,TTWO,0.016666666666666666
combined_equal_weight,2022-09-01,TTWO,0.016666666666666666
combined_equal_weight,2022-10-03,TTWO,0.016666666666666666
combined_equal_weight,2022-11-01,TTWO,0.016666666666666666
combined_equal_weight,2022-12-01,TTWO,0.016666666666666666
combined_equal_weight,2023-01-03,TTWO,0.016666666666666666
combined_equal_weight,2023-02-01,TTWO,0.016666666666666666
combined_equal_weight,2023-03-01,TTWO,0.016666666666666666
combined_equal_weight,2023-04-03,TTWO,0.016666666666666666
combined_equal_weight,2023-05-01,TTWO,0.016666666666666666
combined_equal_weight,2023-06-01,TTWO,0.016666666666666666
combined_equal_weight,2023-07-03,TTWO,0.016666666666666666
combined_equal_weight,2023-08-01,TTWO,0.016666666666666666
combined_equal_weight,2023-09-01,TTWO,0.016666666666666666
combined_equal_weight,2023-10-02,TTWO,0.016666666666666666
combined_equal_weight,2023-11-01,TTWO,0.016666666666666666
combined_equal_weight,2023-12-01,TTWO,0.016666666666666666
combined_equal_weight,2022-01-03,UPS,0.016666666666666666
combined_equal_weight,2022-02-01,UPS,0.016666666666666666
combined_equal_weight,2022-03-01,UPS,0.016666666666666666
combined_equal_weight,2022-04-01,UPS,0.016666666666666666
combined_equal_weight,2022-05-02,UPS,0.016666666666666666
combined_equal_weight,2022-06-01,UPS,0.016666666666666666
combined_equal_weight,2022-07-01,UPS,0.016666666666666666
combined_equal_weight,2022-08-01,UPS,0.016666666666666666
combined_equal_weight,2022-09-01,UPS,0.016666666666666666
combined_equal_weight,2022-10-03,UPS,0.016666666666666666
combined_equal_weight,2022-11-01,UPS,0.016666666666666666
combined_equal_weight,2022-12-01,UPS,0.016666666666666666
combined_equal_weight,2023-01-03,UPS,0.016666666666666666
combined_equal_weight,2023-02-01,UPS,0.016666666666666666
combined_equal_weight,2023-03-01,UPS,0.016666666666666666
combined_equal_weight,2023-04-03,UPS,0.016666666666666666
combined_equal_weight,2023-05-01,UPS,0.016666666666666666
combined_equal_weight,2023-06-01,UPS,0.016666666666666666
combined_equal_weight,2023-07-03,UPS,0.016666666666666666
combined_equal_weight,2023-08-01,UPS,0.016666666666666666
combined_equal_weight,2023-09-01,UPS,0.016666666666666666
combined_equal_weight,2023-10-02,UPS,0.016666666666666666
combined_equal_weight,2023-11-01,UPS,0.016666666666666666
combined_equal_weight,2023-12-01,UPS,0.016666666666666666
combined_equal_weight,2022-01-03,USB,0.016666666666666666
combined_equal_weight,2022-02-01,USB,0.016666666666666666
combined_equal_weight,2022-03-01,USB,0.016666666666666666
combined_equal_weight,2022-04-01,USB,0.016666666666666666
combined_equal_weight,2022-05-02,USB,0.016666666666666666
combined_equal_weight,2022-06-01,USB,0.016666666666666666
combined_equal_weight,2022-07-01,USB,0.016666666666666666
combined_equal_weight,2022-08-01,USB,0.016666666666666666
combined_equal_weight,2022-09-01,USB,0.016666666666666666
combined_equal_weight,2022-10-03,USB,0.016666666666666666
combined_equal_weight,2022-11-01,USB,0.016666666666666666
combined_equal_weight,2022-12-01,USB,0.016666666666666666
combined_equal_weight,2023-01-03,USB,0.016666666666666666
combined_equal_weight,2023-02-01,USB,0.016666666666666666
combined_equal_weight,2023-03-01,USB,0.016666666666666666
combined_equal_weight,2023-04-03,USB,0.016666666666666666
combined_equal_weight,2023-05-01,USB,0.016666666666666666
combined_equal_weight,2023-06-01,USB,0.016666666666666666
combined_equal_weight,2023-07-03,USB,0.016666666666666666
combined_equal_weight,2023-08-01,USB,0.016666666666666666
combined_equal_weight,2023-09-01,USB,0.016666666666666666
combined_equal_weight,2023-10-02,USB,0.016666666666666666
combined_equal_weight,2023-11-01,USB,0.016666666666666666
combined_equal_weight,2023-12-01,USB,0.016666666666666666
combined_equal_weight,2022-01-03,V,0.016666666666666666
combined_equal_weight,2022-02-01,V,0.016666666666666666
combined_equal_weight,2022-03-01,V,0.016666666666666666
combined_equal_weight,2022-04-01,V,0.016666666666666666
combined_equal_weight,2022-05-02,V,0.016666666666666666
combined_equal_weight,2022-06-01,V,0.016666666666666666
combined_equal_weight,2022-07-01,V,0.016666666666666666
combined_equal_weight,2022-08-01,V,0.016666666666666666
combined_equal_weight,2022-09-01,V,0.016666666666666666
combined_equal_weight,2022-10-03,V,0.016666666666666666
combined_equal_weight,2022-11-01,V,0.016666666666666666
combined_equal_weight,2022-12-01,V,0.016666666666666666
combined_equal_weight,2023-01-03,V,0.016666666666666666
combined_equal_weight,2023-02-01,V,0.016666666666666666
combined_equal_weight,2023-03-01,V,0.016666666666666666
combined_equal_weight,2023-04-03,V,0.016666666666666666
combined_equal_weight,2023-05-01,V,0.016666666666666666
combined_equal_weight,2023-06-01,V,0.016666666666666666
combined_equal_weight,2023-07-03,V,0.016666666666666666
combined_equal_weight,2023-08-01,V,0.016666666666666666
combined_equal_weight,2023-09-01,V,0.016666666666666666
combined_equal_weight,2023-10-02,V,0.016666666666666666
combined_equal_weight,2023-11-01,V,0.016666666666666666
combined_equal_weight,2023-12-01,V,0.016666666666666666
combined_equal_weight,2022-01-03,WFC,0.016666666666666666
combined_equal_weight,2022-02-01,WFC,0.016666666666666666
combined_equal_weight,2022-03-01,WFC,0.016666666666666666
combined_equal_weight,2022-04-01,WFC,0.016666666666666666
combined_equal_weight,2022-05-02,WFC,0.016666666666666666
combined_equal_weight,2022-06-01,WFC,0.016666666666666666
combined_equal_weight,2022-07-01,WFC,0.016666666666666666
combined_equal_weight,2022-08-01,WFC,0.016666666666666666
combined_equal_weight,2022-09-01,WFC,0.016666666666666666
combined_equal_weight,2022-10-03,WFC,0.016666666666666666
combined_equal_weight,2022-11-01,WFC,0.016666666666666666
combined_equal_weight,2022-12-01,WFC,0.016666666666666666
combined_equal_weight,2023-01-03,WFC,0.016666666666666666
combined_equal_weight,2023-02-01,WFC,0.016666666666666666
combined_equal_weight,2023-03-01,WFC,0.016666666666666666
combined_equal_weight,2023-04-03,WFC,0.016666666666666666
combined_equal_weight,2023-05-01,WFC,0.016666666666666666
combined_equal_weight,2023-06-01,WFC,0.016666666666666666
combined_equal_weight,2023-07-03,WFC,0.016666666666666666
combined_equal_weight,2023-08-01,WFC,0.016666666666666666
combined_equal_weight,2023-09-01,WFC,0.016666666666666666
combined_equal_weight,2023-10-02,WFC,0.016666666666666666
combined_equal_weight,2023-11-01,WFC,0.016666666666666666
combined_equal_weight,2023-12-01,WFC,0.016666666666666666
combined_equal_weight,2022-01-03,WMT,0.016666666666666666
combined_equal_weight,2022-02-01,WMT,0.016666666666666666
combined_equal_weight,2022-03-01,WMT,0.016666666666666666
combined_equal_weight,2022-04-01,WMT,0.016666666666666666
combined_equal_weight,2022-05-02,WMT,0.016666666666666666
combined_equal_weight,2022-06-01,WMT,0.016666666666666666
combined_equal_weight,2022-07-01,WMT,0.016666666666666666
combined_equal_weight,2022-08-01,WMT,0.016666666666666666
combined_equal_weight,2022-09-01,WMT,0.016666666666666666
combined_equal_weight,2022-10-03,WMT,0.016666666666666666
combined_equal_weight,2022-11-01,WMT,0.016666666666666666
combined_equal_weight,2022-12-01,WMT,0.016666666666666666
combined_equal_weight,2023-01-03,WMT,0.016666666666666666
combined_equal_weight,2023-02-01,WMT,0.016666666666666666
combined_equal_weight,2023-03-01,WMT,0.016666666666666666
combined_equal_weight,2023-04-03,WMT,0.016666666666666666
combined_equal_weight,2023-05-01,WMT,0.016666666666666666
combined_equal_weight,2023-06-01,WMT,0.016666666666666666
combined_equal_weight,2023-07-03,WMT,0.016666666666666666
combined_equal_weight,2023-08-01,WMT,0.016666666666666666
combined_equal_weight,2023-09-01,WMT,0.016666666666666666
combined_equal_weight,2023-10-02,WMT,0.016666666666666666
combined_equal_weight,2023-11-01,WMT,0.016666666666666666
combined_equal_weight,2023-12-01,WMT,0.016666666666666666
combined_equal_weight,2022-01-03,XOM,0.016666666666666666
combined_equal_weight,2022-02-01,XOM,0.016666666666666666
combined_equal_weight,2022-03-01,XOM,0.016666666666666666
combined_equal_weight,2022-04-01,XOM,0.016666666666666666
combined_equal_weight,2022-05-02,XOM,0.016666666666666666
combined_equal_weight,2022-06-01,XOM,0.016666666666666666
combined_equal_weight,2022-07-01,XOM,0.016666666666666666
combined_equal_weight,2022-08-01,XOM,0.016666666666666666
combined_equal_weight,2022-09-01,XOM,0.016666666666666666
combined_equal_weight,2022-10-03,XOM,0.016666666666666666
combined_equal_weight,2022-11-01,XOM,0.016666666666666666
combined_equal_weight,2022-12-01,XOM,0.016666666666666666
combined_equal_weight,2023-01-03,XOM,0.016666666666666666
combined_equal_weight,2023-02-01,XOM,0.016666666666666666
combined_equal_weight,2023-03-01,XOM,0.016666666666666666
combined_equal_weight,2023-04-03,XOM,0.016666666666666666
combined_equal_weight,2023-05-01,XOM,0.016666666666666666
combined_equal_weight,2023-06-01,XOM,0.016666666666666666
combined_equal_weight,2023-07-03,XOM,0.016666666666666666
combined_equal_weight,2023-08-01,XOM,0.016666666666666666
combined_equal_weight,2023-09-01,XOM,0.016666666666666666
combined_equal_weight,2023-10-02,XOM,0.016666666666666666
combined_equal_weight,2023-11-01,XOM,0.016666666666666666
combined_equal_weight,2023-12-01,XOM,0.016666666666666666
combined_equal_weight,2022-01-03,CR_ADA-USD,0.016666666666666666
combined_equal_weight,2022-02-01,CR_ADA-USD,0.016666666666666666
combined_equal_weight,2022-03-01,CR_ADA-USD,0.016666666666666666
combined_equal_weight,2022-04-01,CR_ADA-USD,0.016666666666666666
combined_equal_weight,2022-05-02,CR_ADA-USD,0.016666666666666666
combined_equal_weight,2022-06-01,CR_ADA-USD,0.016666666666666666
combined_equal_weight,2022-07-01,CR_ADA-USD,0.016666666666666666
combined_equal_weight,2022-08-01,CR_ADA-USD,0.016666666666666666
combined_equal_weight,2022-09-01,CR_ADA-USD,0.016666666666666666
combined_equal_weight,2022-10-03,CR_ADA-USD,0.016666666666666666
combined_equal_weight,2022-11-01,CR_ADA-USD,0.016666666666666666
combined_equal_weight,2022-12-01,CR_ADA-USD,0.016666666666666666
combined_equal_weight,2023-01-03,CR_ADA-USD,0.016666666666666666
combined_equal_weight,2023-02-01,CR_ADA-USD,0.016666666666666666
combined_equal_weight,2023-03-01,CR_ADA-USD,0.016666666666666666
combined_equal_weight,2023-04-03,CR_ADA-USD,0.016666666666666666
combined_equal_weight,2023-05-01,CR_ADA-USD,0.016666666666666666
combined_equal_weight,2023-06-01,CR_ADA-USD,0.016666666666666666
combined_equal_weight,2023-07-03,CR_ADA-USD,0.016666666666666666
combined_equal_weight,2023-08-01,CR_ADA-USD,0.016666666666666666
combined_equal_weight,2023-09-01,CR_ADA-USD,0.016666666666666666
combined_equal_weight,2023-10-02,CR_ADA-USD,0.016666666666666666
combined_equal_weight,2023-11-01,CR_ADA-USD,0.016666666666666666
combined_equal_weight,2023-12-01,CR_ADA-USD,0.016666666666666666
combined_equal_weight,2022-01-03,CR_BCH-USD,0.016666666666666666
combined_equal_weight,2022-02-01,CR_BCH-USD,0.016666666666666666
combined_equal_weight,2022-03-01,CR_BCH-USD,0.016666666666666666
combined_equal_weight,2022-04-01,CR_BCH-USD,0.016666666666666666
combined_equal_weight,2022-05-02,CR_BCH-USD,0.016666666666666666
combined_equal_weight,2022-06-01,CR_BCH-USD,0.016666666666666666
combined_equal_weight,2022-07-01,CR_BCH-USD,0.016666666666666666
combined_equal_weight,2022-08-01,CR_BCH-USD,0.016666666666666666
combined_equal_weight,2022-09-01,CR_BCH-USD,0.016666666666666666
combined_equal_weight,2022-10-03,CR_BCH-USD,0.016666666666666666
combined_equal_weight,2022-11-01,CR_BCH-USD,0.016666666666666666
combined_equal_weight,2022-12-01,CR_BCH-USD,0.016666666666666666
combined_equal_weight,2023-01-03,CR_BCH-USD,0.016666666666666666
combined_equal_weight,2023-02-01,CR_BCH-USD,0.016666666666666666
combined_equal_weight,2023-03-01,CR_BCH-USD,0.016666666666666666
combined_equal_weight,2023-04-03,CR_BCH-USD,0.016666666666666666
combined_equal_weight,2023-05-01,CR_BCH-USD,0.016666666666666666
combined_equal_weight,2023-06-01,CR_BCH-USD,0.016666666666666666
combined_equal_weight,2023-07-03,CR_BCH-USD,0.016666666666666666
combined_equal_weight,2023-08-01,CR_BCH-USD,0.016666666666666666
combined_equal_weight,2023-09-01,CR_BCH-USD,0.016666666666666666
combined_equal_weight,2023-10-02,CR_BCH-USD,0.016666666666666666
combined_equal_weight,2023-11-01,CR_BCH-USD,0.016666666666666666
combined_equal_weight,2023-12-01,CR_BCH-USD,0.016666666666666666
combined_equal_weight,2022-01-03,CR_BTC-USD,0.016666666666666666
combined_equal_weight,2022-02-01,CR_BTC-USD,0.016666666666666666
combined_equal_weight,2022-03-01,CR_BTC-USD,0.016666666666666666
combined_equal_weight,2022-04-01,CR_BTC-USD,0.016666666666666666
combined_equal_weight,2022-05-02,CR_BTC-USD,0.016666666666666666
combined_equal_weight,2022-06-01,CR_BTC-USD,0.016666666666666666
combined_equal_weight,2022-07-01,CR_BTC-USD,0.016666666666666666
combined_equal_weight,2022-08-01,CR_BTC-USD,0.016666666666666666
combined_equal_weight,2022-09-01,CR_BTC-USD,0.016666666666666666
combined_equal_weight,2022-10-03,CR_BTC-USD,0.016666666666666666
combined_equal_weight,2022-11-01,CR_BTC-USD,0.016666666666666666
combined_equal_weight,2022-12-01,CR_BTC-USD,0.016666666666666666
combined_equal_weight,2023-01-03,CR_BTC-USD,0.016666666666666666
combined_equal_weight,2023-02-01,CR_BTC-USD,0.016666666666666666
combined_equal_weight,2023-03-01,CR_BTC-USD,0.016666666666666666
combined_equal_weight,2023-04-03,CR_BTC-USD,0.016666666666666666
combined_equal_weight,2023-05-01,CR_BTC-USD,0.016666666666666666
combined_equal_weight,2023-06-01,CR_BTC-USD,0.016666666666666666
combined_equal_weight,2023-07-03,CR_BTC-USD,0.016666666666666666
combined_equal_weight,2023-08-01,CR_BTC-USD,0.016666666666666666
combined_equal_weight,2023-09-01,CR_BTC-USD,0.016666666666666666
combined_equal_weight,2023-10-02,CR_BTC-USD,0.016666666666666666
combined_equal_weight,2023-11-01,CR_BTC-USD,0.016666666666666666
combined_equal_weight,2023-12-01,CR_BTC-USD,0.016666666666666666
combined_equal_weight,2022-01-03,CR_EOS-USD,0.016666666666666666
combined_equal_weight,2022-02-01,CR_EOS-USD,0.016666666666666666
combined_equal_weight,2022-03-01,CR_EOS-USD,0.016666666666666666
combined_equal_weight,2022-04-01,CR_EOS-USD,0.016666666666666666
combined_equal_weight,2022-05-02,CR_EOS-USD,0.016666666666666666
combined_equal_weight,2022-06-01,CR_EOS-USD,0.016666666666666666
combined_equal_weight,2022-07-01,CR_EOS-USD,0.016666666666666666
combined_equal_weight,2022-08-01,CR_EOS-USD,0.016666666666666666
combined_equal_weight,2022-09-01,CR_EOS-USD,0.016666666666666666
combined_equal_weight,2022-10-03,CR_EOS-USD,0.016666666666666666
combined_equal_weight,2022-11-01,CR_EOS-USD,0.016666666666666666
combined_equal_weight,2022-12-01,CR_EOS-USD,0.016666666666666666
combined_equal_weight,2023-01-03,CR_EOS-USD,0.016666666666666666
combined_equal_weight,2023-02-01,CR_EOS-USD,0.016666666666666666
combined_equal_weight,2023-03-01,CR_EOS-USD,0.016666666666666666
combined_equal_weight,2023-04-03,CR_EOS-USD,0.016666666666666666
combined_equal_weight,2023-05-01,CR_EOS-USD,0.016666666666666666
combined_equal_weight,2023-06-01,CR_EOS-USD,0.016666666666666666
combined_equal_weight,2023-07-03,CR_EOS-USD,0.016666666666666666
combined_equal_weight,2023-08-01,CR_EOS-USD,0.016666666666666666
combined_equal_weight,2023-09-01,CR_EOS-USD,0.016666666666666666
combined_equal_weight,2023-10-02,CR_EOS-USD,0.016666666666666666
combined_equal_weight,2023-11-01,CR_EOS-USD,0.016666666666666666
combined_equal_weight,2023-12-01,CR_EOS-USD,0.016666666666666666
combined_equal_weight,2022-01-03,CR_ETC-USD,0.016666666666666666
combined_equal_weight,2022-02-01,CR_ETC-USD,0.016666666666666666
combined_equal_weight,2022-03-01,CR_ETC-USD,0.016666666666666666
combined_equal_weight,2022-04-01,CR_ETC-USD,0.016666666666666666
combined_equal_weight,2022-05-02,CR_ETC-USD,0.016666666666666666
combined_equal_weight,2022-06-01,CR_ETC-USD,0.016666666666666666
combined_equal_weight,2022-07-01,CR_ETC-USD,0.016666666666666666
combined_equal_weight,2022-08-01,CR_ETC-USD,0.016666666666666666
combined_equal_weight,2022-09-01,CR_ETC-USD,0.016666666666666666
combined_equal_weight,2022-10-03,CR_ETC-USD,0.016666666666666666
combined_equal_weight,2022-11-01,CR_ETC-USD,0.016666666666666666
combined_equal_weight,2022-12-01,CR_ETC-USD,0.016666666666666666
combined_equal_weight,2023-01-03,CR_ETC-USD,0.016666666666666666
combined_equal_weight,2023-02-01,CR_ETC-USD,0.016666666666666666
combined_equal_weight,2023-03-01,CR_ETC-USD,0.016666666666666666
combined_equal_weight,2023-04-03,CR_ETC-USD,0.016666666666666666
combined_equal_weight,2023-05-01,CR_ETC-USD,0.016666666666666666
combined_equal_weight,2023-06-01,CR_ETC-USD,0.016666666666666666
combined_equal_weight,2023-07-03,CR_ETC-USD,0.016666666666666666
combined_equal_weight,2023-08-01,CR_ETC-USD,0.016666666666666666
combined_equal_weight,2023-09-01,CR_ETC-USD,0.016666666666666666
combined_equal_weight,2023-10-02,CR_ETC-USD,0.016666666666666666
combined_equal_weight,2023-11-01,CR_ETC-USD,0.016666666666666666
combined_equal_weight,2023-12-01,CR_ETC-USD,0.016666666666666666
combined_equal_weight,2022-01-03,CR_ETH-USD,0.016666666666666666
combined_equal_weight,2022-02-01,CR_ETH-USD,0.016666666666666666
combined_equal_weight,2022-03-01,CR_ETH-USD,0.016666666666666666
combined_equal_weight,2022-04-01,CR_ETH-USD,0.016666666666666666
combined_equal_weight,2022-05-02,CR_ETH-USD,0.016666666666666666
combined_equal_weight,2022-06-01,CR_ETH-USD,0.016666666666666666
combined_equal_weight,2022-07-01,CR_ETH-USD,0.016666666666666666
combined_equal_weight,2022-08-01,CR_ETH-USD,0.016666666666666666
combined_equal_weight,2022-09-01,CR_ETH-USD,0.016666666666666666
combined_equal_weight,2022-10-03,CR_ETH-USD,0.016666666666666666
combined_equal_weight,2022-11-01,CR_ETH-USD,0.016666666666666666
combined_equal_weight,2022-12-01,CR_ETH-USD,0.016666666666666666
combined_equal_weight,2023-01-03,CR_ETH-USD,0.016666666666666666
combined_equal_weight,2023-02-01,CR_ETH-USD,0.016666666666666666
combined_equal_weight,2023-03-01,CR_ETH-USD,0.016666666666666666
combined_equal_weight,2023-04-03,CR_ETH-USD,0.016666666666666666
combined_equal_weight,2023-05-01,CR_ETH-USD,0.016666666666666666
combined_equal_weight,2023-06-01,CR_ETH-USD,0.016666666666666666
combined_equal_weight,2023-07-03,CR_ETH-USD,0.016666666666666666
combined_equal_weight,2023-08-01,CR_ETH-USD,0.016666666666666666
combined_equal_weight,2023-09-01,CR_ETH-USD,0.016666666666666666
combined_equal_weight,2023-10-02,CR_ETH-USD,0.016666666666666666
combined_equal_weight,2023-11-01,CR_ETH-USD,0.016666666666666666
combined_equal_weight,2023-12-01,CR_ETH-USD,0.016666666666666666
combined_equal_weight,2022-01-03,CR_LTC-USD,0.016666666666666666
combined_equal_weight,2022-02-01,CR_LTC-USD,0.016666666666666666
combined_equal_weight,2022-03-01,CR_LTC-USD,0.016666666666666666
combined_equal_weight,2022-04-01,CR_LTC-USD,0.016666666666666666
combined_equal_weight,2022-05-02,CR_LTC-USD,0.016666666666666666
combined_equal_weight,2022-06-01,CR_LTC-USD,0.016666666666666666
combined_equal_weight,2022-07-01,CR_LTC-USD,0.016666666666666666
combined_equal_weight,2022-08-01,CR_LTC-USD,0.016666666666666666
combined_equal_weight,2022-09-01,CR_LTC-USD,0.016666666666666666
combined_equal_weight,2022-10-03,CR_LTC-USD,0.016666666666666666
combined_equal_weight,2022-11-01,CR_LTC-USD,0.016666666666666666
combined_equal_weight,2022-12-01,CR_LTC-USD,0.016666666666666666
combined_equal_weight,2023-01-03,CR_LTC-USD,0.016666666666666666
combined_equal_weight,2023-02-01,CR_LTC-USD,0.016666666666666666
combined_equal_weight,2023-03-01,CR_LTC-USD,0.016666666666666666
combined_equal_weight,2023-04-03,CR_LTC-USD,0.016666666666666666
combined_equal_weight,2023-05-01,CR_LTC-USD,0.016666666666666666
combined_equal_weight,2023-06-01,CR_LTC-USD,0.016666666666666666
combined_equal_weight,2023-07-03,CR_LTC-USD,0.016666666666666666
combined_equal_weight,2023-08-01,CR_LTC-USD,0.016666666666666666
combined_equal_weight,2023-09-01,CR_LTC-USD,0.016666666666666666
combined_equal_weight,2023-10-02,CR_LTC-USD,0.016666666666666666
combined_equal_weight,2023-11-01,CR_LTC-USD,0.016666666666666666
combined_equal_weight,2023-12-01,CR_LTC-USD,0.016666666666666666
combined_equal_weight,2022-01-03,CR_TRX-USD,0.016666666666666666
combined_equal_weight,2022-02-01,CR_TRX-USD,0.016666666666666666
combined_equal_weight,2022-03-01,CR_TRX-USD,0.016666666666666666
combined_equal_weight,2022-04-01,CR_TRX-USD,0.016666666666666666
combined_equal_weight,2022-05-02,CR_TRX-USD,0.016666666666666666
combined_equal_weight,2022-06-01,CR_TRX-USD,0.016666666666666666
combined_equal_weight,2022-07-01,CR_TRX-USD,0.016666666666666666
combined_equal_weight,2022-08-01,CR_TRX-USD,0.016666666666666666
combined_equal_weight,2022-09-01,CR_TRX-USD,0.016666666666666666
combined_equal_weight,2022-10-03,CR_TRX-USD,0.016666666666666666
combined_equal_weight,2022-11-01,CR_TRX-USD,0.016666666666666666
combined_equal_weight,2022-12-01,CR_TRX-USD,0.016666666666666666
combined_equal_weight,2023-01-03,CR_TRX-USD,0.016666666666666666
combined_equal_weight,2023-02-01,CR_TRX-USD,0.016666666666666666
combined_equal_weight,2023-03-01,CR_TRX-USD,0.016666666666666666
combined_equal_weight,2023-04-03,CR_TRX-USD,0.016666666666666666
combined_equal_weight,2023-05-01,CR_TRX-USD,0.016666666666666666
combined_equal_weight,2023-06-01,CR_TRX-USD,0.016666666666666666
combined_equal_weight,2023-07-03,CR_TRX-USD,0.016666666666666666
combined_equal_weight,2023-08-01,CR_TRX-USD,0.016666666666666666
combined_equal_weight,2023-09-01,CR_TRX-USD,0.016666666666666666
combined_equal_weight,2023-10-02,CR_TRX-USD,0.016666666666666666
combined_equal_weight,2023-11-01,CR_TRX-USD,0.016666666666666666
combined_equal_weight,2023-12-01,CR_TRX-USD,0.016666666666666666
combined_equal_weight,2022-01-03,CR_XLM-USD,0.016666666666666666
combined_equal_weight,2022-02-01,CR_XLM-USD,0.016666666666666666
combined_equal_weight,2022-03-01,CR_XLM-USD,0.016666666666666666
combined_equal_weight,2022-04-01,CR_XLM-USD,0.016666666666666666
combined_equal_weight,2022-05-02,CR_XLM-USD,0.016666666666666666
combined_equal_weight,2022-06-01,CR_XLM-USD,0.016666666666666666
combined_equal_weight,2022-07-01,CR_XLM-USD,0.016666666666666666
combined_equal_weight,2022-08-01,CR_XLM-USD,0.016666666666666666
combined_equal_weight,2022-09-01,CR_XLM-USD,0.016666666666666666
combined_equal_weight,2022-10-03,CR_XLM-USD,0.016666666666666666
combined_equal_weight,2022-11-01,CR_XLM-USD,0.016666666666666666
combined_equal_weight,2022-12-01,CR_XLM-USD,0.016666666666666666
combined_equal_weight,2023-01-03,CR_XLM-USD,0.016666666666666666
combined_equal_weight,2023-02-01,CR_XLM-USD,0.016666666666666666
combined_equal_weight,2023-03-01,CR_XLM-USD,0.016666666666666666
combined_equal_weight,2023-04-03,CR_XLM-USD,0.016666666666666666
combined_equal_weight,2023-05-01,CR_XLM-USD,0.016666666666666666
combined_equal_weight,2023-06-01,CR_XLM-USD,0.016666666666666666
combined_equal_weight,2023-07-03,CR_XLM-USD,0.016666666666666666
combined_equal_weight,2023-08-01,CR_XLM-USD,0.016666666666666666
combined_equal_weight,2023-09-01,CR_XLM-USD,0.016666666666666666
combined_equal_weight,2023-10-02,CR_XLM-USD,0.016666666666666666
combined_equal_weight,2023-11-01,CR_XLM-USD,0.016666666666666666
combined_equal_weight,2023-12-01,CR_XLM-USD,0.016666666666666666
combined_equal_weight,2022-01-03,CR_XRP-USD,0.016666666666666666
combined_equal_weight,2022-02-01,CR_XRP-USD,0.016666666666666666
combined_equal_weight,2022-03-01,CR_XRP-USD,0.016666666666666666
combined_equal_weight,2022-04-01,CR_XRP-USD,0.016666666666666666
combined_equal_weight,2022-05-02,CR_XRP-USD,0.016666666666666666
combined_equal_weight,2022-06-01,CR_XRP-USD,0.016666666666666666
combined_equal_weight,2022-07-01,CR_XRP-USD,0.016666666666666666
combined_equal_weight,2022-08-01,CR_XRP-USD,0.016666666666666666
combined_equal_weight,2022-09-01,CR_XRP-USD,0.016666666666666666
combined_equal_weight,2022-10-03,CR_XRP-USD,0.016666666666666666
combined_equal_weight,2022-11-01,CR_XRP-USD,0.016666666666666666
combined_equal_weight,2022-12-01,CR_XRP-USD,0.016666666666666666
combined_equal_weight,2023-01-03,CR_XRP-USD,0.016666666666666666
combined_equal_weight,2023-02-01,CR_XRP-USD,0.016666666666666666
combined_equal_weight,2023-03-01,CR_XRP-USD,0.016666666666666666
combined_equal_weight,2023-04-03,CR_XRP-USD,0.016666666666666666
combined_equal_weight,2023-05-01,CR_XRP-USD,0.016666666666666666
combined_equal_weight,2023-06-01,CR_XRP-USD,0.016666666666666666
combined_equal_weight,2023-07-03,CR_XRP-USD,0.016666666666666666
combined_equal_weight,2023-08-01,CR_XRP-USD,0.016666666666666666
combined_equal_weight,2023-09-01,CR_XRP-USD,0.016666666666666666
combined_equal_weight,2023-10-02,CR_XRP-USD,0.016666666666666666
combined_equal_weight,2023-11-01,CR_XRP-USD,0.016666666666666666
combined_equal_weight,2023-12-01,CR_XRP-USD,0.016666666666666666
combined_min_variance,2022-01-03,ABBV,0.0857243293065945
combined_min_variance,2022-02-01,ABBV,0.08932936004426953
combined_min_variance,2022-03-01,ABBV,0.08989071028398805
combined_min_variance,2022-04-01,ABBV,0.06839039724636649
combined_min_variance,2022-05-02,ABBV,0.05784731545078729
combined_min_variance,2022-06-01,ABBV,0.05348444951813522
combined_min_variance,2022-07-01,ABBV,0.05041551367868596
combined_min_variance,2022-08-01,ABBV,0.05124741743743577
combined_min_variance,2022-09-01,ABBV,0.049713915260791816
combined_min_variance,2022-10-03,ABBV,0.05033504286175957
combined_min_variance,2022-11-01,ABBV,0.05965372772283913
combined_min_variance,2022-12-01,ABBV,0.063576106574779
combined_min_variance,2023-01-03,ABBV,0.0669146939617492
combined_min_variance,2023-02-01,ABBV,0.07177707987537918
combined_min_variance,2023-03-01,ABBV,0.07124154625592491
combined_min_variance,2023-04-03,ABBV,0.07417638915248298
combined_min_variance,2023-05-01,ABBV,0.07673407557758842
combined_min_variance,2023-06-01,ABBV,0.07862634968090539
combined_min_variance,2023-07-03,ABBV,0.07935787928173671
combined_min_variance,2023-08-01,ABBV,0.07861886718980386
combined_min_variance,2023-09-01,ABBV,0.08115862086523301
combined_min_variance,2023-10-02,ABBV,0.08442919560874068
combined_min_variance,2023-11-01,ABBV,0.08621869354603713
combined_min_variance,2023-12-01,ABBV,0.09028961397732685
combined_min_variance,2022-01-03,ABT,0.0016060306463471278
combined_min_variance,2022-02-01,ABT,0.0006257388372303436
combined_min_variance,2022-03-01,ABT,0.00030497203348545446
combined_min_variance,2022-04-01,ABT,0.024913158470773043
combined_min_variance,2022-05-02,ABT,0.014961703657276464
combined_min_variance,2022-06-01,ABT,0.016401521276075363
combined_min_variance,2022-07-01,ABT,0.018932097666163
combined_min_variance,2022-08-01,ABT,0.016898646025142825
combined_min_variance,2022-09-01,ABT,0.01683831129764549
combined_min_variance,2022-10-03,ABT,0.0235000213726474
combined_min_variance,2022-11-01,ABT,0.023320319145438795
combined_min_variance,2022-12-01,ABT,0.021680210623676314
combined_min_variance,2023-01-03,ABT,0.01888235369227364
combined_min_variance,2023-02-01,ABT,0.016145189695020365
combined_min_variance,2023-03-01,ABT,0.014860002751247808
combined_min_variance,2023-04-03,ABT,0.014963252334305212
combined_min_variance,2023-05-01,ABT,0.012510939457539746
combined_min_variance,2023-06-01,ABT,0.009872819025716852
combined_min_variance,2023-07-03,ABT,0.012668295770588322
combined_min_variance,2023-08-01,ABT,0.0074687114909752755
combined_min_variance,2023-09-01,ABT,0.008726623145303758
combined_min_variance,2023-10-02,ABT,0.004383872569916276
combined_min_variance,2023-11-01,ABT,0.013094952329574541
combined_min_variance,2023-12-01,ABT,0.013934490546664078
combined_min_variance,2022-01-03,ADBE,7.880699768459758e-19
combined_min_variance,2022-02-01,ADBE,3.716426410118759e-20
combined_min_variance,2022-03-01,ADBE,0.0
combined_min_variance,2022-04-01,ADBE,0.004402535041452946
combined_min_variance,2022-05-02,ADBE,0.01006216723837902
combined_min_variance,2022-06-01,ADBE,0.00794198216615862
combined_min_variance,2022-07-01,ADBE,0.004826183199496235
combined_min_variance,2022-08-01,ADBE,0.0046870726934677585
combined_min_variance,2022-09-01,ADBE,0.003828804063224014
combined_min_variance,2022-10-03,ADBE,0.001237024840044906
combined_min_variance,2022-11-01,ADBE,0.002684960668446966
combined_min_variance,2022-12-01,ADBE,0.0
combined_min_variance,2023-01-03,ADBE,0.0
combined_min_variance,2023-02-01,ADBE,2.3209439442194187e-19
combined_min_variance,2023-03-01,ADBE,2.238376911941946e-19
combined_min_variance,2023-04-03,ADBE,0.0
combined_min_variance,2023-05-01,ADBE,6.613676609695634e-19
combined_min_variance,2023-06-01,ADBE,0.0
combined_min_variance,2023-07-03,ADBE,6.083115648305038e-19
combined_min_variance,2023-08-01,ADBE,1.5162747452923642e-19
combined_min_variance,2023-09-01,ADBE,0.0
combined_min_variance,2023-10-02,ADBE,1.344646450725721e-18
combined_min_variance,2023-11-01,ADBE,8.757667321288733e-20
combined_min_variance,2023-12-01,ADBE,0.0
combined_min_variance,2022-01-03,AEP,0.04125237867198515
combined_min_variance,2022-02-01,AEP,0.04145499315660043
combined_min_variance,2022-03-01,AEP,0.0434480916136826
combined_min_variance,2022-04-01,AEP,0.03762825762097903
combined_min_variance,2022-05-02,AEP,0.044454137883342175
combined_min_variance,2022-06-01,AEP,0.052493040045052126
combined_min_variance,2022-07-01,AEP,0.0484888034942364
combined_min_variance,2022-08-01,AEP,0.04832010650749558
combined_min_variance,2022-09-01,AEP,0.04770379401246833
combined_min_variance,2022-10-03,AEP,0.039924434799143635
combined_min_variance,2022-11-01,AEP,0.0341239034153709
combined_min_variance,2022-12-01,AEP,0.03131363292583973
combined_min_variance,2023-01-03,AEP,0.030587937362045046
combined_min_variance,2023-02-01,AEP,0.028999429342134803
combined_min_variance,2023-03-01,AEP,0.024758847804166186
combined_min_variance,2023-04-03,AEP,0.022947233709277478
combined_min_variance,2023-05-01,AEP,0.020014520462689745
combined_min_variance,2023-06-01,AEP,0.014002758787193625
combined_min_variance,2023-07-03,AEP,0.015070317652813529
combined_min_variance,2023-08-01,AEP,0.01215416240977684
combined_min_variance,2023-09-01,AEP,0.013748992339668422
combined_min_variance,2023-10-02,AEP,0.010402136534531637
combined_min_variance,2023-11-01,AEP,0.008177998898584636
combined_min_variance,2023-12-01,AEP,0.007449153864552479
combined_min_variance,2022-01-03,AMD,8.159727170426443e-20
combined_min_variance,2022-02-01,AMD,0.0
combined_min_variance,2022-03-01,AMD,5.46546702194545e-19
combined_min_variance,2022-04-01,AMD,7.700982587535617e-19
combined_min_variance,2022-05-02,AMD,1.479965451462297e-18
combined_min_variance,2022-06-01,AMD,5.196487502465473e-19
combined_min_variance,2022-07-01,AMD,8.659081647963166e-20
combined_min_variance,2022-08-01,AMD,0.0
combined_min_variance,2022-09-01,AMD,0.0
combined_min_variance,2022-10-03,AMD,5.8535722209741025e-21
combined_min_variance,2022-11-01,AMD,8.59931126590859e-20
combined_min_variance,2022-12-01,AMD,0.0
combined_min_variance,2023-01-03,AMD,2.5535850781109003e-19
combined_min_variance,2023-02-01,AMD,3.0858327355146903e-19
combined_min_variance,2023-03-01,AMD,3.012110355875051e-20
combined_min_variance,2023-04-03,AMD,9.287844286676674e-19
combined_min_variance,2023-05-01,AMD,0.0
combined_min_variance,2023-06-01,AMD,5.3291560052402544e-20
combined_min_variance,2023-07-03,AMD,2.4372793550862256e-21
combined_min_variance,2023-08-01,AMD,0.0
combined_min_variance,2023-09-01,AMD,0.0
combined_min_variance,2023-10-02,AMD,2.705109552256793e-20
combined_min_variance,2023-11-01,AMD,0.0
combined_min_variance,2023-12-01,AMD,1.520147518220906e-19
combined_min_variance,2022-01-03,AMGN,0.003392521422798064
combined_min_variance,2022-02-01,AMGN,0.006905428432960741
combined_min_variance,2022-03-01,AMGN,0.009483694327852761
combined_min_variance,2022-04-01,AMGN,0.031271573825608884
combined_min_variance,2022-05-02,AMGN,0.03183353117680204
combined_min_variance,2022-06-01,AMGN,0.03389719974245046
combined_min_variance,2022-07-01,AMGN,0.03866564618219263
combined_min_variance,2022-08-01,AMGN,0.042300161863444936
combined_min_variance,2022-09-01,AMGN,0.04219195417006107
combined_min_variance,2022-10-03,AMGN,0.05109170166628754
combined_min_variance,2022-11-01,AMGN,0.05785088256787286
combined_min_variance,2022-12-01,AMGN,0.06437337550496552
combined_min_variance,2023-01-03,AMGN,0.06901257690867145
combined_min_variance,2023-02-01,AMGN,0.07268949223531028
combined_min_variance,2023-03-01,AMGN,0.0698848822301143
combined_min_variance,2023-04-03,AMGN,0.07193291900209696
combined_min_variance,2023-05-01,AMGN,0.07266663888300821
combined_min_variance,2023-06-01,AMGN,0.07369767839552158
combined_min_variance,2023-07-03,AMGN,0.07319841392924917
combined_min_variance,2023-08-01,AMGN,0.07233939186962852
combined_min_variance,2023-09-01,AMGN,0.07901271272622923
combined_min_variance,2023-10-02,AMGN,0.0815178381375518
combined_min_variance,2023-11-01,AMGN,0.0823342920385675
combined_min_variance,2023-12-01,AMGN,0.0810322238072555
combined_min_variance,2022-01-03,AMT,2.4197477549378557e-19
combined_min_variance,2022-02-01,AMT,1.0355447631293166e-18
combined_min_variance,2022-03-01,AMT,0.0
combined_min_variance,2022-04-01,AMT,0.001711470212608864
combined_min_variance,2022-05-02,AMT,0.006490383077294049
combined_min_variance,2022-06-01,AMT,0.004803857663349307
combined_min_variance,2022-07-01,AMT,0.006496464643366333
combined_min_variance,2022-08-01,AMT,0.0033913457819223078
combined_min_variance,2022-09-01,AMT,0.00571047425350376
combined_min_variance,2022-10-03,AMT,0.00626641850261868
combined_min_variance,2022-11-01,AMT,0.0
combined_min_variance,2022-12-01,AMT,4.7675101708228154e-18
combined_min_variance,2023-01-03,AMT,0.0
combined_min_variance,2023-02-01,AMT,0.0
combined_min_variance,2023-03-01,AMT,0.0
combined_min_variance,2023-04-03,AMT,0.0
combined_min_variance,2023-05-01,AMT,1.7389469618236807e-18
combined_min_variance,2023-06-01,AMT,3.4962837980324445e-19
combined_min_variance,2023-07-03,AMT,2.698076761909287e-18
combined_min_variance,2023-08-01,AMT,0.0
combined_min_variance,2023-09-01,AMT,6.484854736914795e-19
combined_min_variance,2023-10-02,AMT,2.6986443225971534e-19
combined_min_variance,2023-11-01,AMT,0.0
combined_min_variance,2023-12-01,AMT,1.073267357785483e-19
combined_min_variance,2022-01-03,BA,2.1781400031495624e-19
combined_min_variance,2022-02-01,BA,2.0392511287286987e-19
combined_min_variance,2022-03-01,BA,0.0
combined_min_variance,2022-04-01,BA,0.0
combined_min_variance,2022-05-02,BA,3.520747071220377e-20
combined_min_variance,2022-06-01,BA,3.124308748898092e-19
combined_min_variance,2022-07-01,BA,0.0
combined_min_variance,2022-08-01,BA,0.0
combined_min_variance,2022-09-01,BA,1.2913085531213766e-19
combined_min_variance,2022-10-03,BA,0.0
combined_min_variance,2022-11-01,BA,2.76197052452789e-20
combined_min_variance,2022-12-01,BA,1.2586555437135124e-18
combined_min_variance,2023-01-03,BA,0.0
combined_min_variance,2023-02-01,BA,2.0481725790126994e-19
combined_min_variance,2023-03-01,BA,2.2814884985041945e-19
combined_min_variance,2023-04-03,BA,0.0
combined_min_variance,2023-05-01,BA,1.46376541110605e-19
combined_min_variance,2023-06-01,BA,0.0
combined_min_variance,2023-07-03,BA,5.810692625320819e-19
combined_min_variance,2023-08-01,BA,1.7337871539910973e-19
combined_min_variance,2023-09-01,BA,0.0
combined_min_variance,2023-10-02,BA,1.276993449799903e-18
combined_min_variance,2023-11-01,BA,0.0
combined_min_variance,2023-12-01,BA,0.0
combined_min_variance,2022-01-03,CAT,0.004674050264753339
combined_min_variance,2022-02-01,CAT,0.009344681723060876
combined_min_variance,2022-03-01,CAT,0.009668495282505818
combined_min_variance,2022-04-01,CAT,0.02017695878376905
combined_min_variance,2022-05-02,CAT,0.02018683460441226
combined_min_variance,2022-06-01,CAT,0.019755761982744435
combined_min_variance,2022-07-01,CAT,0.02383067602629422
combined_min_variance,2022-08-01,CAT,0.022521772539040957
combined_min_variance,2022-09-01,CAT,0.017830322267377314
combined_min_variance,2022-10-03,CAT,0.014411754997450567
combined_min_variance,2022-11-01,CAT,0.010538770776834794
combined_min_variance,2022-12-01,CAT,0.00821947449814199
combined_min_variance,2023-01-03,CAT,0.0075380511796081795
combined_min_variance,2023-02-01,CAT,0.00648400922021571
combined_min_variance,2023-03-01,CAT,0.005038285779603972
combined_min_variance,2023-04-03,CAT,0.006137061431183059
combined_min_variance,2023-05-01,CAT,0.00900130776028877
combined_min_variance,2023-06-01,CAT,0.006447536650448968
combined_min_variance,2023-07-03,CAT,0.00277690428379264
combined_min_variance,2023-08-01,CAT,0.006518977710635232
combined_min_variance,2023-09-01,CAT,0.005167291249011872
combined_min_variance,2023-10-02,CAT,0.005025631796273353
combined_min_variance,2023-11-01,CAT,0.0037595831777971775
combined_min_variance,2023-12-01,CAT,0.0010266201808856274
combined_min_variance,2022-01-03,CCI,0.0
combined_min_variance,2022-02-01,CCI,0.0
combined_min_variance,2022-03-01,CCI,0.0
combined_min_variance,2022-04-01,CCI,0.008805544504379445
combined_min_variance,2022-05-02,CCI,0.010154059392067424
combined_min_variance,2022-06-01,CCI,0.01601543324296621
combined_min_variance,2022-07-01,CCI,0.017045582465735322
combined_min_variance,2022-08-01,CCI,0.014778940118715667
combined_min_variance,2022-09-01,CCI,0.017193458151717137
combined_min_variance,2022-10-03,CCI,0.017107967096060057
combined_min_variance,2022-11-01,CCI,0.012423132041335268
combined_min_variance,2022-12-01,CCI,0.0019237556913356234
combined_min_variance,2023-01-03,CCI,0.001297832223566546
combined_min_variance,2023-02-01,CCI,1.41044461143938e-18
combined_min_variance,2023-03-01,CCI,0.0
combined_min_variance,2023-04-03,CCI,0.0
combined_min_variance,2023-05-01,CCI,0.0
combined_min_variance,2023-06-01,CCI,6.311367513617629e-20
combined_min_variance,2023-07-03,CCI,1.3963992005349067e-18
combined_min_variance,2023-08-01,CCI,1.135156736966972e-18
combined_min_variance,2023-09-01,CCI,0.0
combined_min_variance,2023-10-02,CCI,1.8423987190670297e-19
combined_min_variance,2023-11-01,CCI,2.1175918495073062e-19
combined_min_variance,2023-12-01,CCI,0.0
combined_min_variance,2022-01-03,CMCSA,0.006029245571244225
combined_min_variance,2022-02-01,CMCSA,0.007199394648061867
combined_min_variance,2022-03-01,CMCSA,0.005543950786977279
combined_min_variance,2022-04-01,CMCSA,0.0032218841362556838
combined_min_variance,2022-05-02,CMCSA,0.008836731907751538
combined_min_variance,2022-06-01,CMCSA,0.01057076489523604
combined_min_variance,2022-07-01,CMCSA,0.0102376241121667
combined_min_variance,2022-08-01,CMCSA,0.01575069209457145
combined_min_variance,2022-09-01,CMCSA,0.014598967532621743
combined_min_variance,2022-10-03,CMCSA,0.0036117663869391107
combined_min_variance,2022-11-01,CMCSA,0.007643439757143069
combined_min_variance,2022-12-01,CMCSA,0.0066563462371509435
combined_min_variance,2023-01-03,CMCSA,0.00382536410959538
combined_min_variance,2023-02-01,CMCSA,0.005744321853080044
combined_min_variance,2023-03-01,CMCSA,0.004124541084432067
combined_min_variance,2023-04-03,CMCSA,0.006526387763808033
combined_min_variance,2023-05-01,CMCSA,0.004592027453930892
combined_min_variance,2023-06-01,CMCSA,0.0029995129475862484
combined_min_variance,2023-07-03,CMCSA,0.002655328571005535
combined_min_variance,2023-08-01,CMCSA,0.0070294502529269255
combined_min_variance,2023-09-01,CMCSA,0.00825437816699561
combined_min_variance,2023-10-02,CMCSA,0.010927929711982214
combined_min_variance,2023-11-01,CMCSA,0.01611477086371451
combined_min_variance,2023-12-01,CMCSA,0.015265228343346095
combined_min_variance,2022-01-03,COP,3.435811063481287e-19
combined_min_variance,2022-02-01,COP,3.10785233261955e-20
combined_min_variance,2022-03-01,COP,0.0
combined_min_variance,2022-04-01,COP,0.0
combined_min_variance,2022-05-02,COP,0.0
combined_min_variance,2022-06-01,COP,3.052329056282481e-19
combined_min_variance,2022-07-01,COP,1.5809889752274727e-18
combined_min_variance,2022-08-01,COP,4.498996840875324e-18
combined_min_variance,2022-09-01,COP,1.023978167092144e-18
combined_min_variance,2022-10-03,COP,0.0
combined_min_variance,2022-11-01,COP,0.0
combined_min_variance,2022-12-01,COP,3.468579242901901e-05
combined_min_variance,2023-01-03,COP,0.0
combined_min_variance,2023-02-01,COP,0.0005327338497415473
combined_min_variance,2023-03-01,COP,0.0
combined_min_variance,2023-04-03,COP,0.0
combined_min_variance,2023-05-01,COP,1.6260333866447964e-18
combined_min_variance,2023-06-01,COP,3.057985570806582e-18
combined_min_variance,2023-07-03,COP,0.0
combined_min_variance,2023-08-01,COP,2.1367510073621847e-19
combined_min_variance,2023-09-01,COP,3.572818037694717e-18
combined_min_variance,2023-10-02,COP,4.557665247888952e-18
combined_min_variance,2023-11-01,COP,2.908032446969893e-19
combined_min_variance,2023-12-01,COP,0.0
combined_min_variance,2022-01-03,CVX,0.0
combined_min_variance,2022-02-01,CVX,2.1545187842338304e-19
combined_min_variance,2022-03-01,CVX,2.941640287138129e-19
combined_min_variance,2022-04-01,CVX,0.002987663162757178
combined_min_variance,2022-05-02,CVX,0.012667757262470472
combined_min_variance,2022-06-01,CVX,0.00970757860417872
combined_min_variance,2022-07-01,CVX,0.016060801468403413
combined_min_variance,2022-08-01,CVX,0.01626291085108334
combined_min_variance,2022-09-01,CVX,0.021263323881411725
combined_min_variance,2022-10-03,CVX,0.025008412857173683
combined_min_variance,2022-11-01,CVX,0.025654430104366643
combined_min_variance,2022-12-01,CVX,0.03499886412207643
combined_min_variance,2023-01-03,CVX,0.03389991237836609
combined_min_variance,2023-02-01,CVX,0.03781320010315733
combined_min_variance,2023-03-01,CVX,0.037475309241480244
combined_min_variance,2023-04-03,CVX,0.03865308723436044
combined_min_variance,2023-05-01,CVX,0.037123977688621315
combined_min_variance,2023-06-01,CVX,0.03772266057473764
combined_min_variance,2023-07-03,CVX,0.03822691534292635
combined_min_variance,2023-08-01,CVX,0.03906065541438363
combined_min_variance,2023-09-01,CVX,0.04002018597822194
combined_min_variance,2023-10-02,CVX,0.04473700674787756
combined_min_variance,2023-11-01,CVX,0.04292540395094219
combined_min_variance,2023-12-01,CVX,0.041650872082707284
combined_min_variance,2022-01-03,D,0.0
combined_min_variance,2022-02-01,D,0.0
combined_min_variance,2022-03-01,D,1.5846115133490124e-18
combined_min_variance,2022-04-01,D,0.04009597528560074
combined_min_variance,2022-05-02,D,0.04592214034947648
combined_min_variance,2022-06-01,D,0.045065135164714616
combined_min_variance,2022-07-01,D,0.041104204256702366
combined_min_variance,2022-08-01,D,0.04090564657654422
combined_min_variance,2022-09-01,D,0.0407668075058631
combined_min_variance,2022-10-03,D,0.03485984739884245
combined_min_variance,2022-11-01,D,0.030702484942253666
combined_min_variance,2022-12-01,D,0.03172854784805413
combined_min_variance,2023-01-03,D,0.03221238020751527
combined_min_variance,2023-02-01,D,0.03172960392905111
combined_min_variance,2023-03-01,D,0.028710171332047354
combined_min_variance,2023-04-03,D,0.030052837171178542
combined_min_variance,2023-05-01,D,0.02830163737157546
combined_min_variance,2023-06-01,D,0.02491182689870725
combined_min_variance,2023-07-03,D,0.026868271293600737
combined_min_variance,2023-08-01,D,0.024234095190701632
combined_min_variance,2023-09-01,D,0.023374914488896725
combined_min_variance,2023-10-02,D,0.017140797207901355
combined_min_variance,2023-11-01,D,0.015777037637907797
combined_min_variance,2023-12-01,D,0.0152985954812431
combined_min_variance,2022-01-03,DD,4.802556635063736e-19
combined_min_variance,2022-02-01,DD,3.8970746656062436e-20
combined_min_variance,2022-03-01,DD,0.0
combined_min_variance,2022-04-01,DD,0.0
combined_min_variance,2022-05-02,DD,2.046566090240788e-18
combined_min_variance,2022-06-01,DD,0.0
combined_min_variance,2022-07-01,DD,0.0
combined_min_variance,2022-08-01,DD,0.0
combined_min_variance,2022-09-01,DD,2.315162217337926e-19
combined_min_variance,2022-10-03,DD,5.182689342978798e-19
combined_min_variance,2022-11-01,DD,1.2966099377844073e-19
combined_min_variance,2022-12-01,DD,1.2481778859403535e-18
combined_min_variance,2023-01-03,DD,2.017241960797998e-18
combined_min_variance,2023-02-01,DD,0.0
combined_min_variance,2023-03-01,DD,1.8185673944283808e-20
combined_min_variance,2023-04-03,DD,3.4385141638459516e-18
combined_min_variance,2023-05-01,DD,0.0
combined_min_variance,2023-06-01,DD,0.0
combined_min_variance,2023-07-03,DD,1.5814272962271203e-18
combined_min_variance,2023-08-01,DD,0.0
combined_min_variance,2023-09-01,DD,0.0
combined_min_variance,2023-10-02,DD,1.4886576328743155e-18
combined_min_variance,2023-11-01,DD,0.0
combined_min_variance,2023-12-01,DD,2.4169623634373406e-18
combined_min_variance,2022-01-03,DIS,0.01498763501065807
combined_min_variance,2022-02-01,DIS,0.011301318412621211
combined_min_variance,2022-03-01,DIS,0.016900501041945317
combined_min_variance,2022-04-01,DIS,0.02159114872117602
combined_min_variance,2022-05-02,DIS,0.017822870359788065
combined_min_variance,2022-06-01,DIS,0.019537276252854785
combined_min_variance,2022-07-01,DIS,0.019001904379096754
combined_min_variance,2022-08-01,DIS,0.017841062988022245
combined_min_variance,2022-09-01,DIS,0.012836523909790376
combined_min_variance,2022-10-03,DIS,0.004003194396910463
combined_min_variance,2022-11-01,DIS,0.006579897936091228
combined_min_variance,2022-12-01,DIS,0.0006983106323743579
combined_min_variance,2023-01-03,DIS,0.0012400033390098971
combined_min_variance,2023-02-01,DIS,0.0004307678505961236
combined_min_variance,2023-03-01,DIS,0.003224064914467276
combined_min_variance,2023-04-03,DIS,0.0017583373531123911
combined_min_variance,2023-05-01,DIS,0.0008857126758643684
combined_min_variance,2023-06-01,DIS,2.202146912654522e-18
combined_min_variance,2023-07-03,DIS,0.0
combined_min_variance,2023-08-01,DIS,4.526036741074272e-19
combined_min_variance,2023-09-01,DIS,4.740547728981829e-20
combined_min_variance,2023-10-02,DIS,3.956995727879449e-18
combined_min_variance,2023-11-01,DIS,0.0
combined_min_variance,2023-12-01,DIS,1.0739221037735174e-19
combined_min_variance,2022-01-03,DOW,9.56807659431928e-19
combined_min_variance,2022-02-01,DOW,5.761351668467001e-19
combined_min_variance,2022-03-01,DOW,4.610443052430146e-19
combined_min_variance,2022-04-01,DOW,0.0
combined_min_variance,2022-05-02,DOW,1.0095250084125366e-18
combined_min_variance,2022-06-01,DOW,6.366705131789931e-05
combined_min_variance,2022-07-01,DOW,3.4290611125864485e-05
combined_min_variance,2022-08-01,DOW,0.002687290664586923
combined_min_variance,2022-09-01,DOW,0.002763262806285215
combined_min_variance,2022-10-03,DOW,0.004347720332793596
combined_min_variance,2022-11-01,DOW,0.00045920887524037666
combined_min_variance,2022-12-01,DOW,0.0008269706878693165
combined_min_variance,2023-01-03,DOW,0.0007357466639983557
combined_min_variance,2023-02-01,DOW,0.0013952335274696847
combined_min_variance,2023-03-01,DOW,0.0
combined_min_variance,2023-04-03,DOW,0.0012494079336486314
combined_min_variance,2023-05-01,DOW,0.0032958820077973066
combined_min_variance,2023-06-01,DOW,0.003414580728947683
combined_min_variance,2023-07-03,DOW,0.0034015834384630832
combined_min_variance,2023-08-01,DOW,0.00627135127921424
combined_min_variance,2023-09-01,DOW,0.00592464899016067
combined_min_variance,2023-10-02,DOW,0.004528780453202345
combined_min_variance,2023-11-01,DOW,0.006301960958844071
combined_min_variance,2023-12-01,DOW,0.004960870778236504
combined_min_variance,2022-01-03,DUK,0.0
combined_min_variance,2022-02-01,DUK,0.0
combined_min_variance,2022-03-01,DUK,1.2627510742502207e-17
combined_min_variance,2022-04-01,DUK,0.03514145997866134
combined_min_variance,2022-05-02,DUK,0.045998564061301817
combined_min_variance,2022-06-01,DUK,0.050836725557327614
combined_min_variance,2022-07-01,DUK,0.04670725970800774
combined_min_variance,2022-08-01,DUK,0.0474134244937712
combined_min_variance,2022-09-01,DUK,0.04727610551517875
combined_min_variance,2022-10-03,DUK,0.046145133065140564
combined_min_variance,2022-11-01,DUK,0.04126701872267456
combined_min_variance,2022-12-01,DUK,0.04520283457165907
combined_min_variance,2023-01-03,DUK,0.04649774692796067
combined_min_variance,2023-02-01,DUK,0.04588143033505463
combined_min_variance,2023-03-01,DUK,0.04518338473304646
combined_min_variance,2023-04-03,DUK,0.04186166946882442
combined_min_variance,2023-05-01,DUK,0.041663304656486974
combined_min_variance,2023-06-01,DUK,0.041768825058001356
combined_min_variance,2023-07-03,DUK,0.04133618393825433
combined_min_variance,2023-08-01,DUK,0.04079258513569303
combined_min_variance,2023-09-01,DUK,0.038951174345766955
combined_min_variance,2023-10-02,DUK,0.03924158888542322
combined_min_variance,2023-11-01,DUK,0.03643004521710593
combined_min_variance,2023-12-01,DUK,0.03901165366302184
combined_min_variance,2022-01-03,EA,0.07619944239978198
combined_min_variance,2022-02-01,EA,0.07927284231523801
combined_min_variance,2022-03-01,EA,0.07772764605725806
combined_min_variance,2022-04-01,EA,0.0672723673080616
combined_min_variance,2022-05-02,EA,0.057533013820658264
combined_min_variance,2022-06-01,EA,0.05980460338372651
combined_min_variance,2022-07-01,EA,0.05336714855978823
combined_min_variance,2022-08-01,EA,0.054148619827150225
combined_min_variance,2022-09-01,EA,0.056715870990127655
combined_min_variance,2022-10-03,EA,0.06092211248827113
combined_min_variance,2022-11-01,EA,0.06432545043753227
combined_min_variance,2022-12-01,EA,0.06668026689798874
combined_min_variance,2023-01-03,EA,0.06750335184472861
combined_min_variance,2023-02-01,EA,0.06795243207208373
combined_min_variance,2023-03-01,EA,0.06690240204862624
combined_min_variance,2023-04-03,EA,0.06802504963055016
combined_min_variance,2023-05-01,EA,0.06849795365741618
combined_min_variance,2023-06-01,EA,0.0742857282818228
combined_min_variance,2023-07-03,EA,0.0734781573853127
combined_min_variance,2023-08-01,EA,0.07329070086235848
combined_min_variance,2023-09-01,EA,0.06852712860689573
combined_min_variance,2023-10-02,EA,0.06841723735919214
combined_min_variance,2023-11-01,EA,0.07042230590417027
combined_min_variance,2023-12-01,EA,0.07277224972095822
combined_min_variance,2022-01-03,GE,0.0
combined_min_variance,2022-02-01,GE,0.0
combined_min_variance,2022-03-01,GE,1.218972842771812e-19
combined_min_variance,2022-04-01,GE,0.004921161897217747
combined_min_variance,2022-05-02,GE,0.0
combined_min_variance,2022-06-01,GE,1.2281879611203247e-18
combined_min_variance,2022-07-01,GE,0.0
combined_min_variance,2022-08-01,GE,0.0
combined_min_variance,2022-09-01,GE,5.385577073216875e-19
combined_min_variance,2022-10-03,GE,5.772036433631126e-19
combined_min_variance,2022-11-01,GE,0.0
combined_min_variance,2022-12-01,GE,0.0
combined_min_variance,2023-01-03,GE,4.244306496391134e-20
combined_min_variance,2023-02-01,GE,2.0653933605057242e-19
combined_min_variance,2023-03-01,GE,2.225665873713963e-18
combined_min_variance,2023-04-03,GE,0.003845593008383911
combined_min_variance,2023-05-01,GE,0.0
combined_min_variance,2023-06-01,GE,0.0
combined_min_variance,2023-07-03,GE,0.0
combined_min_variance,2023-08-01,GE,1.2538984278987464e-19
combined_min_variance,2023-09-01,GE,0.0024603384375894875
combined_min_variance,2023-10-02,GE,0.0
combined_min_variance,2023-11-01,GE,0.001400212467131158
combined_min_variance,2023-12-01,GE,0.0
combined_min_variance,2022-01-03,GILD,0.1
combined_min_variance,2022-02-01,GILD,0.1
combined_min_variance,2022-03-01,GILD,0.1
combined_min_variance,2022-04-01,GILD,0.06497613886149368
combined_min_variance,2022-05-02,GILD,0.05873302130718853
combined_min_variance,2022-06-01,GILD,0.06574828555494594
combined_min_variance,2022-07-01,GILD,0.05964609467536612
combined_min_variance,2022-08-01,GILD,0.05769835831188896
combined_min_variance,2022-09-01,GILD,0.056285409995943655
combined_min_variance,2022-10-03,GILD,0.051095474755127504
combined_min_variance,2022-11-01,GILD,0.04526399688580261
combined_min_variance,2022-12-01,GILD,0.04773855134520251
combined_min_variance,2023-01-03,GILD,0.04953121164618351
combined_min_variance,2023-02-01,GILD,0.050433345115082934
combined_min_variance,2023-03-01,GILD,0.053268181512495925
combined_min_variance,2023-04-03,GILD,0.05259374097127736
combined_min_variance,2023-05-01,GILD,0.05278406896425495
combined_min_variance,2023-06-01,GILD,0.05600960587884806
combined_min_variance,2023-07-03,GILD,0.055718963439451284
combined_min_variance,2023-08-01,GILD,0.053568515484637064
combined_min_variance,2023-09-01,GILD,0.05450778155877575
combined_min_variance,2023-10-02,GILD,0.052617055734647616
combined_min_variance,2023-11-01,GILD,0.051970846184613256
combined_min_variance,2023-12-01,GILD,0.04888880281212221
combined_min_variance,2022-01-03,GS,0.0
combined_min_variance,2022-02-01,GS,0.0
combined_min_variance,2022-03-01,GS,5.31627159465593e-19
combined_min_variance,2022-04-01,GS,0.007279615776059331
combined_min_variance,2022-05-02,GS,0.005360346905128781
combined_min_variance,2022-06-01,GS,0.0083122104526348
combined_min_variance,2022-07-01,GS,0.013335556385990946
combined_min_variance,2022-08-01,GS,0.011346010832924934
combined_min_variance,2022-09-01,GS,0.011586273154514947
combined_min_variance,2022-10-03,GS,0.011812567435855905
combined_min_variance,2022-11-01,GS,0.006572550273405203
combined_min_variance,2022-12-01,GS,0.011011832819832675
combined_min_variance,2023-01-03,GS,0.010640277371370717
combined_min_variance,2023-02-01,GS,0.008479295126243288
combined_min_variance,2023-03-01,GS,0.01211059002242191
combined_min_variance,2023-04-03,GS,0.005006356955835179
combined_min_variance,2023-05-01,GS,0.0066378403032233005
combined_min_variance,2023-06-01,GS,0.010511880621086411
combined_min_variance,2023-07-03,GS,0.009462038712908865
combined_min_variance,2023-08-01,GS,0.011090415229955306
combined_min_variance,2023-09-01,GS,0.009267322240421077
combined_min_variance,2023-10-02,GS,0.008507912656081165
combined_min_variance,2023-11-01,GS,0.006552097875116407
combined_min_variance,2023-12-01,GS,0.004428734747152425
combined_min_variance,2022-01-03,INTC,0.0
combined_min_variance,2022-02-01,INTC,0.0
combined_min_variance,2022-03-01,INTC,0.0
combined_min_variance,2022-04-01,INTC,0.004424968588303381
combined_min_variance,2022-05-02,INTC,0.006883071151652157
combined_min_variance,2022-06-01,INTC,0.006620905821983301
combined_min_variance,2022-07-01,INTC,0.001580754874530003
combined_min_variance,2022-08-01,INTC,0.0059538470672564495
combined_min_variance,2022-09-01,INTC,0.004414828023405795
combined_min_variance,2022-10-03,INTC,0.003207229407093694
combined_min_variance,2022-11-01,INTC,0.0
combined_min_variance,2022-12-01,INTC,7.446705074296022e-19
combined_min_variance,2023-01-03,INTC,6.4128121534912875e-19
combined_min_variance,2023-02-01,INTC,1.11917298617191e-20
combined_min_variance,2023-03-01,INTC,2.0515750496677463e-20
combined_min_variance,2023-04-03,INTC,3.9631867266030255e-18
combined_min_variance,2023-05-01,INTC,0.0
combined_min_variance,2023-06-01,INTC,0.0
combined_min_variance,2023-07-03,INTC,0.0
combined_min_variance,2023-08-01,INTC,0.0
combined_min_variance,2023-09-01,INTC,3.099097086249759e-19
combined_min_variance,2023-10-02,INTC,0.0
combined_min_variance,2023-11-01,INTC,0.0
combined_min_variance,2023-12-01,INTC,1.6434953809425067e-19
combined_min_variance,2022-01-03,KO,0.04909543249807201
combined_min_variance,2022-02-01,KO,0.04944451639359305
combined_min_variance,2022-03-01,KO,0.05069375750694124
combined_min_variance,2022-04-01,KO,0.030441380823709126
combined_min_variance,2022-05-02,KO,0.0353820369171091
combined_min_variance,2022-06-01,KO,0.02600674148533915
combined_min_variance,2022-07-01,KO,0.03673193772530125
combined_min_variance,2022-08-01,KO,0.03772944873015778
combined_min_variance,2022-09-01,KO,0.03826751807464355
combined_min_variance,2022-10-03,KO,0.04478963614633103
combined_min_variance,2022-11-01,KO,0.05212721305957228
combined_min_variance,2022-12-01,KO,0.0564628398865333
combined_min_variance,2023-01-03,KO,0.058621072421319094
combined_min_variance,2023-02-01,KO,0.05799298203405069
combined_min_variance,2023-03-01,KO,0.061374530250390844
combined_min_variance,2023-04-03,KO,0.06394514649120336
combined_min_variance,2023-05-01,KO,0.06656082290973091
combined_min_variance,2023-06-01,KO,0.07107407700525789
combined_min_variance,2023-07-03,KO,0.07119086851679939
combined_min_variance,2023-08-01,KO,0.07439571273321408
combined_min_variance,2023-09-01,KO,0.0743111014774761
combined_min_variance,2023-10-02,KO,0.08165205231206288
combined_min_variance,2023-11-01,KO,0.07478769169684091
combined_min_variance,2023-12-01,KO,0.07975788978839222
combined_min_variance,2022-01-03,MMM,0.06557561426152499
combined_min_variance,2022-02-01,MMM,0.06570312836194042
combined_min_variance,2022-03-01,MMM,0.055476566317893876
combined_min_variance,2022-04-01,MMM,0.04503935429099959
combined_min_variance,2022-05-02,MMM,0.03525873665849169
combined_min_variance,2022-06-01,MMM,0.040219467134464976
combined_min_variance,2022-07-01,MMM,0.044597082048874526
combined_min_variance,2022-08-01,MMM,0.04539174215211639
combined_min_variance,2022-09-01,MMM,0.03678001237505154
combined_min_variance,2022-10-03,MMM,0.03936354217646328
combined_min_variance,2022-11-01,MMM,0.03400493442370904
combined_min_variance,2022-12-01,MMM,0.03442546449546428
combined_min_variance,2023-01-03,MMM,0.03368976157474076
combined_min_variance,2023-02-01,MMM,0.018226492255433695
combined_min_variance,2023-03-01,MMM,0.016808938682941255
combined_min_variance,2023-04-03,MMM,0.016093936659455535
combined_min_variance,2023-05-01,MMM,0.015994393536766672
combined_min_variance,2023-06-01,MMM,0.015642973158754143
combined_min_variance,2023-07-03,MMM,0.01148883974611544
combined_min_variance,2023-08-01,MMM,0.010785755193279555
combined_min_variance,2023-09-01,MMM,0.009446448699419185
combined_min_variance,2023-10-02,MMM,0.014383393155258573
combined_min_variance,2023-11-01,MMM,0.005312674701632604
combined_min_variance,2023-12-01,MMM,0.0037991023057474885
combined_min_variance,2022-01-03,MRK,0.07571233565938695
combined_min_variance,2022-02-01,MRK,0.07990315170439521
combined_min_variance,2022-03-01,MRK,0.07596646177524943
combined_min_variance,2022-04-01,MRK,0.05801054995816004
combined_min_variance,2022-05-02,MRK,0.06264514128702654
combined_min_variance,2022-06-01,MRK,0.06432017839276108
combined_min_variance,2022-07-01,MRK,0.06540836619264616
combined_min_variance,2022-08-01,MRK,0.06662979851230716
combined_min_variance,2022-09-01,MRK,0.06446602630468927
combined_min_variance,2022-10-03,MRK,0.0712009556457416
combined_min_variance,2022-11-01,MRK,0.07719758141107282
combined_min_variance,2022-12-01,MRK,0.08249566889834661
combined_min_variance,2023-01-03,MRK,0.08541548459225837
combined_min_variance,2023-02-01,MRK,0.09012413063522312
combined_min_variance,2023-03-01,MRK,0.08716393582954171
combined_min_variance,2023-04-03,MRK,0.08897961623210081
combined_min_variance,2023-05-01,MRK,0.08652849532505077
combined_min_variance,2023-06-01,MRK,0.0926768717179984
combined_min_variance,2023-07-03,MRK,0.09498026164993212
combined_min_variance,2023-08-01,MRK,0.09197130777790283
combined_min_variance,2023-09-01,MRK,0.09135452689030457
combined_min_variance,2023-10-02,MRK,0.0900579981918646
combined_min_variance,2023-11-01,MRK,0.09825731705658297
combined_min_variance,2023-12-01,MRK,0.1
combined_min_variance,2022-01-03,MS,3.0293679892921456e-19
combined_min_variance,2022-02-01,MS,2.018590531210148e-19
combined_min_variance,2022-03-01,MS,0.0
combined_min_variance,2022-04-01,MS,2.630098996724683e-18
combined_min_variance,2022-05-02,MS,1.2116221353924229e-18
combined_min_variance,2022-06-01,MS,0.0
combined_min_variance,2022-07-01,MS,2.2686820091858292e-18
combined_min_variance,2022-08-01,MS,0.0
combined_min_variance,2022-09-01,MS,6.783033038668016e-19
combined_min_variance,2022-10-03,MS,0.0008849008496666589
combined_min_variance,2022-11-01,MS,0.0
combined_min_variance,2022-12-01,MS,9.7266504835196e-19
combined_min_variance,2023-01-03,MS,0.0
combined_min_variance,2023-02-01,MS,0.0
combined_min_variance,2023-03-01,MS,0.0013915064091268266
combined_min_variance,2023-04-03,MS,0.0008937773771749125
combined_min_variance,2023-05-01,MS,0.002327740872639574
combined_min_variance,2023-06-01,MS,0.004922642984496417
combined_min_variance,2023-07-03,MS,0.006549978221455771
combined_min_variance,2023-08-01,MS,0.0026143675903546114
combined_min_variance,2023-09-01,MS,0.003948298380067318
combined_min_variance,2023-10-02,MS,0.0
combined_min_variance,2023-11-01,MS,0.0
combined_min_variance,2023-12-01,MS,6.8899500355370175e-19
combined_min_variance,2022-01-03,NEE,0.0
combined_min_variance,2022-02-01,NEE,9.862406968882054e-19
combined_min_variance,2022-03-01,NEE,1.754839235656354e-18
combined_min_variance,2022-04-01,NEE,0.006976794304813495
combined_min_variance,2022-05-02,NEE,0.009323796153718887
combined_min_variance,2022-06-01,NEE,0.009548776392898473
combined_min_variance,2022-07-01,NEE,0.0037477750558782856
combined_min_variance,2022-08-01,NEE,0.0038258217576306944
combined_min_variance,2022-09-01,NEE,0.007837830723985566
combined_min_variance,2022-10-03,NEE,0.008710452821937957
combined_min_variance,2022-11-01,NEE,0.0037027586983314105
combined_min_variance,2022-12-01,NEE,0.002122482957600741
combined_min_variance,2023-01-03,NEE,0.000772106520893362
combined_min_variance,2023-02-01,NEE,0.013444736861929752
combined_min_variance,2023-03-01,NEE,0.012925908529701019
combined_min_variance,2023-04-03,NEE,0.013435531194549504
combined_min_variance,2023-05-01,NEE,0.008510658494902793
combined_min_variance,2023-06-01,NEE,0.006717210653631976
combined_min_variance,2023-07-03,NEE,0.004145309803887512
combined_min_variance,2023-08-01,NEE,0.0029212535265763905
combined_min_variance,2023-09-01,NEE,0.0018131762770636657
combined_min_variance,2023-10-02,NEE,0.0011101760062315674
combined_min_variance,2023-11-01,NEE,0.0013849092381879292
combined_min_variance,2023-12-01,NEE,0.0
combined_min_variance,2022-01-03,NEM,0.09879468815118284
combined_min_variance,2022-02-01,NEM,0.09586698306364415
combined_min_variance,2022-03-01,NEM,0.09711032858126778
combined_min_variance,2022-04-01,NEM,0.04087315117893381
combined_min_variance,2022-05-02,NEM,0.043017887709211895
combined_min_variance,2022-06-01,NEM,0.03741509576499519
combined_min_variance,2022-07-01,NEM,0.03841686114616764
combined_min_variance,2022-08-01,NEM,0.0387947845107656
combined_min_variance,2022-09-01,NEM,0.04003642299933908
combined_min_variance,2022-10-03,NEM,0.043232659874667415
combined_min_variance,2022-11-01,NEM,0.049119558625192454
combined_min_variance,2022-12-01,NEM,0.032019883478324636
combined_min_variance,2023-01-03,NEM,0.032031025809838555
combined_min_variance,2023-02-01,NEM,0.02876056839607672
combined_min_variance,2023-03-01,NEM,0.02674945176005923
combined_min_variance,2023-04-03,NEM,0.032659466825295184
combined_min_variance,2023-05-01,NEM,0.03306437008068007
combined_min_variance,2023-06-01,NEM,0.03419780330305251
combined_min_variance,2023-07-03,NEM,0.03447804826931116
combined_min_variance,2023-08-01,NEM,0.0376845238825289
combined_min_variance,2023-09-01,NEM,0.037636676758678204
combined_min_variance,2023-10-02,NEM,0.038104876835313474
combined_min_variance,2023-11-01,NEM,0.034092234709298806
combined_min_variance,2023-12-01,NEM,0.029576578429165525
combined_min_variance,2022-01-03,NKE,0.03351209737305752
combined_min_variance,2022-02-01,NKE,0.03318104337337848
combined_min_variance,2022-03-01,NKE,0.032503411040905775
combined_min_variance,2022-04-01,NKE,0.027193493087055907
combined_min_variance,2022-05-02,NKE,0.02589726301363041
combined_min_variance,2022-06-01,NKE,0.0190564577542312
combined_min_variance,2022-07-01,NKE,0.01718904035063895
combined_min_variance,2022-08-01,NKE,0.014590012241429688
combined_min_variance,2022-09-01,NKE,0.011255972977839776
combined_min_variance,2022-10-03,NKE,1.788360271082789e-18
combined_min_variance,2022-11-01,NKE,0.0
combined_min_variance,2022-12-01,NKE,1.3578211617290062e-21
combined_min_variance,2023-01-03,NKE,0.0
combined_min_variance,2023-02-01,NKE,3.523702354724086e-19
combined_min_variance,2023-03-01,NKE,4.3260019058165067e-19
combined_min_variance,2023-04-03,NKE,0.0
combined_min_variance,2023-05-01,NKE,0.0
combined_min_variance,2023-06-01,NKE,7.978689248226427e-19
combined_min_variance,2023-07-03,NKE,0.0
combined_min_variance,2023-08-01,NKE,6.260199316173001e-20
combined_min_variance,2023-09-01,NKE,0.0
combined_min_variance,2023-10-02,NKE,0.0
combined_min_variance,2023-11-01,NKE,0.0
combined_min_variance,2023-12-01,NKE,0.0
combined_min_variance,2022-01-03,NUE,2.7815536478942983e-19
combined_min_variance,2022-02-01,NUE,0.0
combined_min_variance,2022-03-01,NUE,2.392742069169143e-19
combined_min_variance,2022-04-01,NUE,5.871536560493109e-19
combined_min_variance,2022-05-02,NUE,0.0
combined_min_variance,2022-06-01,NUE,2.441446192678111e-19
combined_min_variance,2022-07-01,NUE,0.0
combined_min_variance,2022-08-01,NUE,0.0
combined_min_variance,2022-09-01,NUE,0.0
combined_min_variance,2022-10-03,NUE,3.7750368110060245e-19
combined_min_variance,2022-11-01,NUE,5.0684089622467506e-20
combined_min_variance,2022-12-01,NUE,1.058885206942649e-18
combined_min_variance,2023-01-03,NUE,0.0
combined_min_variance,2023-02-01,NUE,0.0
combined_min_variance,2023-03-01,NUE,4.723831032714324e-19
combined_min_variance,2023-04-03,NUE,0.0
combined_min_variance,2023-05-01,NUE,6.883178030494026e-19
combined_min_variance,2023-06-01,NUE,0.0
combined_min_variance,2023-07-03,NUE,0.0
combined_min_variance,2023-08-01,NUE,0.0
combined_min_variance,2023-09-01,NUE,0.0
combined_min_variance,2023-10-02,NUE,2.477482084855806e-19
combined_min_variance,2023-11-01,NUE,1.029847598250071e-19
combined_min_variance,2023-12-01,NUE,0.0
combined_min_variance,2022-01-03,NVDA,0.0
combined_min_variance,2022-02-01,NVDA,3.756868580340712e-19
combined_min_variance,2022-03-01,NVDA,0.0
combined_min_variance,2022-04-01,NVDA,8.357010721808052e-19
combined_min_variance,2022-05-02,NVDA,0.0
combined_min_variance,2022-06-01,NVDA,1.9580808875217077e-19
combined_min_variance,2022-07-01,NVDA,0.0
combined_min_variance,2022-08-01,NVDA,0.0
combined_min_variance,2022-09-01,NVDA,0.0
combined_min_variance,2022-10-03,NVDA,0.0
combined_min_variance,2022-11-01,NVDA,0.0
combined_min_variance,2022-12-01,NVDA,3.5551770378215195e-19
combined_min_variance,2023-01-03,NVDA,2.7555920238964606e-19
combined_min_variance,2023-02-01,NVDA,0.0
combined_min_variance,2023-03-01,NVDA,0.0
combined_min_variance,2023-04-03,NVDA,6.868769585517322e-19
combined_min_variance,2023-05-01,NVDA,0.0
combined_min_variance,2023-06-01,NVDA,8.106593240194964e-20
combined_min_variance,2023-07-03,NVDA,0.0
combined_min_variance,2023-08-01,NVDA,0.0
combined_min_variance,2023-09-01,NVDA,0.0
combined_min_variance,2023-10-02,NVDA,0.0
combined_min_variance,2023-11-01,NVDA,0.0
combined_min_variance,2023-12-01,NVDA,1.4063759188743579e-19
combined_min_variance,2022-01-03,O,0.0
combined_min_variance,2022-02-01,O,0.0
combined_min_variance,2022-03-01,O,2.762221720311534e-19
combined_min_variance,2022-04-01,O,0.002961437542919148
combined_min_variance,2022-05-02,O,0.009316911646211826
combined_min_variance,2022-06-01,O,0.00984181999401672
combined_min_variance,2022-07-01,O,0.019270376546931048
combined_min_variance,2022-08-01,O,0.021254835292706352
combined_min_variance,2022-09-01,O,0.026418492258513105
combined_min_variance,2022-10-03,O,0.03053016319175957
combined_min_variance,2022-11-01,O,0.03299909070946861
combined_min_variance,2022-12-01,O,0.04263019106475185
combined_min_variance,2023-01-03,O,0.04483946480210675
combined_min_variance,2023-02-01,O,0.04718069287371347
combined_min_variance,2023-03-01,O,0.05194550442116544
combined_min_variance,2023-04-03,O,0.04434056178955657
combined_min_variance,2023-05-01,O,0.049554959462482305
combined_min_variance,2023-06-01,O,0.04963745549984307
combined_min_variance,2023-07-03,O,0.04977053913618443
combined_min_variance,2023-08-01,O,0.053606898808365125
combined_min_variance,2023-09-01,O,0.04914467088513529
combined_min_variance,2023-10-02,O,0.05536913132065566
combined_min_variance,2023-11-01,O,0.05178920216894051
combined_min_variance,2023-12-01,O,0.044408532854307126
combined_min_variance,2022-01-03,OXY,0.0
combined_min_variance,2022-02-01,OXY,0.0
combined_min_variance,2022-03-01,OXY,0.0
combined_min_variance,2022-04-01,OXY,0.0
combined_min_variance,2022-05-02,OXY,3.178200183602093e-19
combined_min_variance,2022-06-01,OXY,0.0
combined_min_variance,2022-07-01,OXY,7.737103942561929e-20
combined_min_variance,2022-08-01,OXY,0.0
combined_min_variance,2022-09-01,OXY,1.823803299701157e-19
combined_min_variance,2022-10-03,OXY,0.0
combined_min_variance,2022-11-01,OXY,4.372924693452175e-19
combined_min_variance,2022-12-01,OXY,2.7060611518075184e-19
combined_min_variance,2023-01-03,OXY,1.3086980598618713e-18
combined_min_variance,2023-02-01,OXY,3.880618988709747e-19
combined_min_variance,2023-03-01,OXY,1.5313034397241048e-19
combined_min_variance,2023-04-03,OXY,1.522009508918068e-18
combined_min_variance,2023-05-01,OXY,4.511690380737414e-18
combined_min_variance,2023-06-01,OXY,5.047462748280809e-19
combined_min_variance,2023-07-03,OXY,1.426436564879001e-18
combined_min_variance,2023-08-01,OXY,0.0
combined_min_variance,2023-09-01,OXY,2.1034959183031536e-20
combined_min_variance,2023-10-02,OXY,3.87940396464943e-19
combined_min_variance,2023-11-01,OXY,0.0
combined_min_variance,2023-12-01,OXY,0.0001517119924451525
combined_min_variance,2022-01-03,PLD,0.0
combined_min_variance,2022-02-01,PLD,0.0
combined_min_variance,2022-03-01,PLD,0.0
combined_min_variance,2022-04-01,PLD,0.0
combined_min_variance,2022-05-02,PLD,2.157747744070561e-19
combined_min_variance,2022-06-01,PLD,0.0
combined_min_variance,2022-07-01,PLD,9.399830981530479e-19
combined_min_variance,2022-08-01,PLD,0.0
combined_min_variance,2022-09-01,PLD,0.0
combined_min_variance,2022-10-03,PLD,0.0
combined_min_variance,2022-11-01,PLD,0.0
combined_min_variance,2022-12-01,PLD,1.2869633262889252e-19
combined_min_variance,2023-01-03,PLD,0.0
combined_min_variance,2023-02-01,PLD,0.0
combined_min_variance,2023-03-01,PLD,0.0
combined_min_variance,2023-04-03,PLD,0.0
combined_min_variance,2023-05-01,PLD,7.52961109563604e-19
combined_min_variance,2023-06-01,PLD,2.105325399006378e-19
combined_min_variance,2023-07-03,PLD,0.0
combined_min_variance,2023-08-01,PLD,3.6207624110491905e-19
combined_min_variance,2023-09-01,PLD,8.177007363184546e-19
combined_min_variance,2023-10-02,PLD,0.0
combined_min_variance,2023-11-01,PLD,1.755035861260238e-20
combined_min_variance,2023-12-01,PLD,8.251041368048937e-20
combined_min_variance,2022-01-03,PSA,0.07703620607867855
combined_min_variance,2022-02-01,PSA,0.07644288555550972
combined_min_variance,2022-03-01,PSA,0.07912984140259104
combined_min_variance,2022-04-01,PSA,0.06424161159262494
combined_min_variance,2022-05-02,PSA,0.037074068023197404
combined_min_variance,2022-06-01,PSA,0.03648120279065493
combined_min_variance,2022-07-01,PSA,0.03409614681623066
combined_min_variance,2022-08-01,PSA,0.03249856079193733
combined_min_variance,2022-09-01,PSA,0.03154867758057173
combined_min_variance,2022-10-03,PSA,0.031003925420875763
combined_min_variance,2022-11-01,PSA,0.03325909494432229
combined_min_variance,2022-12-01,PSA,0.02348032747604095
combined_min_variance,2023-01-03,PSA,0.018280586364852823
combined_min_variance,2023-02-01,PSA,0.016783884592667834
combined_min_variance,2023-03-01,PSA,0.020732934511477567
combined_min_variance,2023-04-03,PSA,0.015013206588147586
combined_min_variance,2023-05-01,PSA,0.015752945779513184
combined_min_variance,2023-06-01,PSA,0.012341239442458279
combined_min_variance,2023-07-03,PSA,0.006866717001951668
combined_min_variance,2023-08-01,PSA,0.009752081399478084
combined_min_variance,2023-09-01,PSA,0.008730696115905132
combined_min_variance,2023-10-02,PSA,0.0053617736636547
combined_min_variance,2023-11-01,PSA,0.0033131876361691573
combined_min_variance,2023-12-01,PSA,0.0034704989664773468
combined_min_variance,2022-01-03,QCOM,0.0
combined_min_variance,2022-02-01,QCOM,0.0
combined_min_variance,2022-03-01,QCOM,0.0
combined_min_variance,2022-04-01,QCOM,0.0
combined_min_variance,2022-05-02,QCOM,4.995768772008937e-19
combined_min_variance,2022-06-01,QCOM,1.4390986998517977e-18
combined_min_variance,2022-07-01,QCOM,6.346280027050234e-20
combined_min_variance,2022-08-01,QCOM,0.0
combined_min_variance,2022-09-01,QCOM,0.0
combined_min_variance,2022-10-03,QCOM,0.0
combined_min_variance,2022-11-01,QCOM,0.0
combined_min_variance,2022-12-01,QCOM,9.909292766011628e-19
combined_min_variance,2023-01-03,QCOM,5.411374960591113e-20
combined_min_variance,2023-02-01,QCOM,0.0
combined_min_variance,2023-03-01,QCOM,6.110081165745281e-19
combined_min_variance,2023-04-03,QCOM,0.0
combined_min_variance,2023-05-01,QCOM,7.4790686875644635e-19
combined_min_variance,2023-06-01,QCOM,0.0
combined_min_variance,2023-07-03,QCOM,0.0
combined_min_variance,2023-08-01,QCOM,0.0
combined_min_variance,2023-09-01,QCOM,0.0
combined_min_variance,2023-10-02,QCOM,3.383260352989709e-19
combined_min_variance,2023-11-01,QCOM,2.0118961714074907e-19
combined_min_variance,2023-12-01,QCOM,0.0
combined_min_variance,2022-01-03,SBUX,9.30385204663688e-19
combined_min_variance,2022-02-01,SBUX,8.301839254979469e-19
combined_min_variance,2022-03-01,SBUX,0.0
combined_min_variance,2022-04-01,SBUX,0.0
combined_min_variance,2022-05-02,SBUX,0.005908024487103036
combined_min_variance,2022-06-01,SBUX,3.1159883446720683e-18
combined_min_variance,2022-07-01,SBUX,0.0044651877636514015
combined_min_variance,2022-08-01,SBUX,0.002013733506398061
combined_min_variance,2022-09-01,SBUX,0.0
combined_min_variance,2022-10-03,SBUX,0.0014599541692455178
combined_min_variance,2022-11-01,SBUX,0.00476124689046501
combined_min_variance,2022-12-01,SBUX,0.006299918548827736
combined_min_variance,2023-01-03,SBUX,0.005789861518703615
combined_min_variance,2023-02-01,SBUX,0.012187330084324313
combined_min_variance,2023-03-01,SBUX,0.005877926149696578
combined_min_variance,2023-04-03,SBUX,0.00164021912345763
combined_min_variance,2023-05-01,SBUX,0.006297385385865453
combined_min_variance,2023-06-01,SBUX,6.385536857880166e-18
combined_min_variance,2023-07-03,SBUX,0.0
combined_min_variance,2023-08-01,SBUX,4.336808689942018e-19
combined_min_variance,2023-09-01,SBUX,0.0
combined_min_variance,2023-10-02,SBUX,1.0121070114895557e-18
combined_min_variance,2023-11-01,SBUX,4.039840704576532e-19
combined_min_variance,2023-12-01,SBUX,0.0
combined_min_variance,2022-01-03,SHW,0.0009620409535189156
combined_min_variance,2022-02-01,SHW,0.0
combined_min_variance,2022-03-01,SHW,0.0
combined_min_variance,2022-04-01,SHW,0.012027894992708787
combined_min_variance,2022-05-02,SHW,0.03738541820052829
combined_min_variance,2022-06-01,SHW,0.032408281833112715
combined_min_variance,2022-07-01,SHW,0.029004940009060527
combined_min_variance,2022-08-01,SHW,0.030127700273760768
combined_min_variance,2022-09-01,SHW,0.028716945459232476
combined_min_variance,2022-10-03,SHW,0.028803321155806808
combined_min_variance,2022-11-01,SHW,0.017703626117494455
combined_min_variance,2022-12-01,SHW,0.01086758068568393
combined_min_variance,2023-01-03,SHW,0.007697496640131314
combined_min_variance,2023-02-01,SHW,0.0014606511102900398
combined_min_variance,2023-03-01,SHW,0.004336725899548497
combined_min_variance,2023-04-03,SHW,0.0031001357195721583
combined_min_variance,2023-05-01,SHW,0.004682759717529195
combined_min_variance,2023-06-01,SHW,0.004399389675845179
combined_min_variance,2023-07-03,SHW,0.006890804991314444
combined_min_variance,2023-08-01,SHW,0.005226030218391902
combined_min_variance,2023-09-01,SHW,0.004748189136623441
combined_min_variance,2023-10-02,SHW,0.0064314160222287186
combined_min_variance,2023-11-01,SHW,0.002645023150775315
combined_min_variance,2023-12-01,SHW,0.004895162826128457
combined_min_variance,2022-01-03,SLB,0.0
combined_min_variance,2022-02-01,SLB,3.620595325855198e-19
combined_min_variance,2022-03-01,SLB,0.0
combined_min_variance,2022-04-01,SLB,0.0
combined_min_variance,2022-05-02,SLB,2.628334557671499e-19
combined_min_variance,2022-06-01,SLB,1.7292581739364227e-19
combined_min_variance,2022-07-01,SLB,0.0
combined_min_variance,2022-08-01,SLB,0.0
combined_min_variance,2022-09-01,SLB,0.0
combined_min_variance,2022-10-03,SLB,1.0565817637148351e-18
combined_min_variance,2022-11-01,SLB,2.384668313376127e-18
combined_min_variance,2022-12-01,SLB,4.753788817609624e-19
combined_min_variance,2023-01-03,SLB,0.0
combined_min_variance,2023-02-01,SLB,0.0
combined_min_variance,2023-03-01,SLB,9.936618405519937e-20
combined_min_variance,2023-04-03,SLB,2.470677278587747e-18
combined_min_variance,2023-05-01,SLB,0.0
combined_min_variance,2023-06-01,SLB,0.0
combined_min_variance,2023-07-03,SLB,0.0
combined_min_variance,2023-08-01,SLB,1.929310672968864e-18
combined_min_variance,2023-09-01,SLB,2.9822827500189166e-19
combined_min_variance,2023-10-02,SLB,0.0
combined_min_variance,2023-11-01,SLB,1.1333352661901166e-18
combined_min_variance,2023-12-01,SLB,0.0
combined_min_variance,2022-01-03,SO,5.086682650205129e-19
combined_min_variance,2022-02-01,SO,5.118088811368495e-19
combined_min_variance,2022-03-01,SO,0.0
combined_min_variance,2022-04-01,SO,0.012726114878676637
combined_min_variance,2022-05-02,SO,0.029632728514494805
combined_min_variance,2022-06-01,SO,0.0400869166175298
combined_min_variance,2022-07-01,SO,0.03877255220926838
combined_min_variance,2022-08-01,SO,0.039462902250500684
combined_min_variance,2022-09-01,SO,0.04030385358713256
combined_min_variance,2022-10-03,SO,0.03319372924725772
combined_min_variance,2022-11-01,SO,0.031118974005055262
combined_min_variance,2022-12-01,SO,0.03387381517819193
combined_min_variance,2023-01-03,SO,0.03469741289246323
combined_min_variance,2023-02-01,SO,0.037157107788463206
combined_min_variance,2023-03-01,SO,0.035064860781699014
combined_min_variance,2023-04-03,SO,0.034874884062495004
combined_min_variance,2023-05-01,SO,0.033897195296675724
combined_min_variance,2023-06-01,SO,0.0336572999471886
combined_min_variance,2023-07-03,SO,0.03488302485992528
combined_min_variance,2023-08-01,SO,0.034746688317712784
combined_min_variance,2023-09-01,SO,0.0338288608771277
combined_min_variance,2023-10-02,SO,0.0294268916444599
combined_min_variance,2023-11-01,SO,0.029497463607278233
combined_min_variance,2023-12-01,SO,0.029085638760967703
combined_min_variance,2022-01-03,T,0.041331829765812664
combined_min_variance,2022-02-01,T,0.03374884769863223
combined_min_variance,2022-03-01,T,0.03172690803689278
combined_min_variance,2022-04-01,T,0.041631672404289555
combined_min_variance,2022-05-02,T,0.047324551373850304
combined_min_variance,2022-06-01,T,0.04724245968195039
combined_min_variance,2022-07-01,T,0.04757280777358882
combined_min_variance,2022-08-01,T,0.04664591009732961
combined_min_variance,2022-09-01,T,0.04617433009019141
combined_min_variance,2022-10-03,T,0.043449658801182525
combined_min_variance,2022-11-01,T,0.04126997760851606
combined_min_variance,2022-12-01,T,0.04250048195591735
combined_min_variance,2023-01-03,T,0.045692130142042445
combined_min_variance,2023-02-01,T,0.042150684300509486
combined_min_variance,2023-03-01,T,0.04349163427336255
combined_min_variance,2023-04-03,T,0.04382194521044943
combined_min_variance,2023-05-01,T,0.03783029429414893
combined_min_variance,2023-06-01,T,0.03432823008688679
combined_min_variance,2023-07-03,T,0.03587911220157126
combined_min_variance,2023-08-01,T,0.030553780657824107
combined_min_variance,2023-09-01,T,0.03189866256774985
combined_min_variance,2023-10-02,T,0.030775478288811213
combined_min_variance,2023-11-01,T,0.03353576065897333
combined_min_variance,2023-12-01,T,0.035711705993415645
combined_min_variance,2022-01-03,TMUS,0.02035361544161107
combined_min_variance,2022-02-01,TMUS,0.021241078861846785
combined_min_variance,2022-03-01,TMUS,0.02131561253373839
combined_min_variance,2022-04-01,TMUS,0.020929256497249703
combined_min_variance,2022-05-02,TMUS,0.0022178882162114067
combined_min_variance,2022-06-01,TMUS,0.009248754670909486
combined_min_variance,2022-07-01,TMUS,0.007901529711205458
combined_min_variance,2022-08-01,TMUS,0.006673379452289202
combined_min_variance,2022-09-01,TMUS,0.011575074141202775
combined_min_variance,2022-10-03,TMUS,0.016382550470671792
combined_min_variance,2022-11-01,TMUS,0.01566344789337188
combined_min_variance,2022-12-01,TMUS,0.01653512688757182
combined_min_variance,2023-01-03,TMUS,0.01839813356195572
combined_min_variance,2023-02-01,TMUS,0.025350866250961047
combined_min_variance,2023-03-01,TMUS,0.021849253135886832
combined_min_variance,2023-04-03,TMUS,0.028530925941494048
combined_min_variance,2023-05-01,TMUS,0.030950670850234775
combined_min_variance,2023-06-01,TMUS,0.03168198952497452
combined_min_variance,2023-07-03,TMUS,0.032229897807508116
combined_min_variance,2023-08-01,TMUS,0.031213690652132323
combined_min_variance,2023-09-01,TMUS,0.02972332426479915
combined_min_variance,2023-10-02,TMUS,0.027686139049685962
combined_min_variance,2023-11-01,TMUS,0.025880934997751733
combined_min_variance,2023-12-01,TMUS,0.030847774836164115
combined_min_variance,2022-01-03,TTWO,0.05728817568860522
combined_min_variance,2022-02-01,TTWO,0.05362762052675429
combined_min_variance,2022-03-01,TTWO,0.05561371657445803
combined_min_variance,2022-04-01,TTWO,0.05608299830014255
combined_min_variance,2022-05-02,TTWO,0.04669904729417553
combined_min_variance,2022-06-01,TTWO,0.03847360837177413
combined_min_variance,2022-07-01,TTWO,0.031994993244254116
combined_min_variance,2022-08-01,TTWO,0.03373436830475881
combined_min_variance,2022-09-01,TTWO,0.034061739299337694
combined_min_variance,2022-10-03,TTWO,0.032332485849114044
combined_min_variance,2022-11-01,TTWO,0.03750561144557005
combined_min_variance,2022-12-01,TTWO,0.03559768798032969
combined_min_variance,2023-01-03,TTWO,0.03490180315769785
combined_min_variance,2023-02-01,TTWO,0.035451468960339724
combined_min_variance,2023-03-01,TTWO,0.035885089087683446
combined_min_variance,2023-04-03,TTWO,0.031840378900886444
combined_min_variance,2023-05-01,TTWO,0.0313201425584135
combined_min_variance,2023-06-01,TTWO,0.030188891653925833
combined_min_variance,2023-07-03,TTWO,0.03272781188358225
combined_min_variance,2023-08-01,TTWO,0.03277629882053346
combined_min_variance,2023-09-01,TTWO,0.03155860649089239
combined_min_variance,2023-10-02,TTWO,0.03186935042581017
combined_min_variance,2023-11-01,TTWO,0.030935595289107467
combined_min_variance,2023-12-01,TTWO,0.03034014760306965
combined_min_variance,2022-01-03,UPS,0.04046550307326664
combined_min_variance,2022-02-01,UPS,0.0416470573916557
combined_min_variance,2022-03-01,UPS,0.042871839268685714
combined_min_variance,2022-04-01,UPS,0.013215577424354795
combined_min_variance,2022-05-02,UPS,0.011859405934739482
combined_min_variance,2022-06-01,UPS,0.011162151527508227
combined_min_variance,2022-07-01,UPS,0.01930388083180437
combined_min_variance,2022-08-01,UPS,0.017112505557596403
combined_min_variance,2022-09-01,UPS,0.019316229145990366
combined_min_variance,2022-10-03,UPS,0.01988213851121306
combined_min_variance,2022-11-01,UPS,0.028843611210703602
combined_min_variance,2022-12-01,UPS,0.02267313336503059
combined_min_variance,2023-01-03,UPS,0.01811242674482435
combined_min_variance,2023-02-01,UPS,0.014546004818918316
combined_min_variance,2023-03-01,UPS,0.018139377466673347
combined_min_variance,2023-04-03,UPS,0.021454759061246387
combined_min_variance,2023-05-01,UPS,0.020555537937079905
combined_min_variance,2023-06-01,UPS,0.024459466488256084
combined_min_variance,2023-07-03,UPS,0.020708813268705085
combined_min_variance,2023-08-01,UPS,0.020578815088666588
combined_min_variance,2023-09-01,UPS,0.018839033362774444
combined_min_variance,2023-10-02,UPS,0.019573035271924912
combined_min_variance,2023-11-01,UPS,0.015782195163397513
combined_min_variance,2023-12-01,UPS,0.013945687002097511
combined_min_variance,2022-01-03,USB,0.0
combined_min_variance,2022-02-01,USB,2.23158992968704e-19
combined_min_variance,2022-03-01,USB,3.4702022806056094e-19
combined_min_variance,2022-04-01,USB,0.0
combined_min_variance,2022-05-02,USB,0.0011930201779369127
combined_min_variance,2022-06-01,USB,0.003957995771205524
combined_min_variance,2022-07-01,USB,0.0063960730130501325
combined_min_variance,2022-08-01,USB,0.005517923381943311
combined_min_variance,2022-09-01,USB,0.004795651876635426
combined_min_variance,2022-10-03,USB,0.010750214956921847
combined_min_variance,2022-11-01,USB,0.013091965450345407
combined_min_variance,2022-12-01,USB,0.013310234181461603
combined_min_variance,2023-01-03,USB,0.011285613621764261
combined_min_variance,2023-02-01,USB,0.008776824593008018
combined_min_variance,2023-03-01,USB,0.012237696650433852
combined_min_variance,2023-04-03,USB,0.0045730266456790545
combined_min_variance,2023-05-01,USB,0.0034691244576109657
combined_min_variance,2023-06-01,USB,0.0
combined_min_variance,2023-07-03,USB,0.0
combined_min_variance,2023-08-01,USB,1.0311703700131397e-18
combined_min_variance,2023-09-01,USB,0.0
combined_min_variance,2023-10-02,USB,5.656098607957417e-19
combined_min_variance,2023-11-01,USB,0.0
combined_min_variance,2023-12-01,USB,1.878108582253426e-18
combined_min_variance,2022-01-03,V,1.6286346056487453e-18
combined_min_variance,2022-02-01,V,0.0
combined_min_variance,2022-03-01,V,0.0
combined_min_variance,2022-04-01,V,0.0
combined_min_variance,2022-05-02,V,0.0021465139185799513
combined_min_variance,2022-06-01,V,0.0021481196082852776
combined_min_variance,2022-07-01,V,6.689519345318666e-19
combined_min_variance,2022-08-01,V,1.575016148717078e-05
combined_min_variance,2022-09-01,V,0.0
combined_min_variance,2022-10-03,V,0.005625262384197577
combined_min_variance,2022-11-01,V,0.0015522489639131394
combined_min_variance,2022-12-01,V,0.003832418052108414
combined_min_variance,2023-01-03,V,0.00444770150700651
combined_min_variance,2023-02-01,V,0.000383544111533516
combined_min_variance,2023-03-01,V,0.0036079699552586993
combined_min_variance,2023-04-03,V,0.007875539938572637
combined_min_variance,2023-05-01,V,0.010229261231398641
combined_min_variance,2023-06-01,V,0.007376012092231278
combined_min_variance,2023-07-03,V,0.008629645730782468
combined_min_variance,2023-08-01,V,0.012978557676265235
combined_min_variance,2023-09-01,V,0.013965580149656041
combined_min_variance,2023-10-02,V,0.013967597623541519
combined_min_variance,2023-11-01,V,0.016810441603914945
combined_min_variance,2023-12-01,V,0.015742970479750533
combined_min_variance,2022-01-03,WFC,7.00548752683534e-19
combined_min_variance,2022-02-01,WFC,4.211495512715361e-19
combined_min_variance,2022-03-01,WFC,1.0608274205722426e-19
combined_min_variance,2022-04-01,WFC,0.0
combined_min_variance,2022-05-02,WFC,0.0
combined_min_variance,2022-06-01,WFC,7.484096764788093e-19
combined_min_variance,2022-07-01,WFC,0.0
combined_min_variance,2022-08-01,WFC,9.47489073325225e-19
combined_min_variance,2022-09-01,WFC,2.3637962628288777e-19
combined_min_variance,2022-10-03,WFC,0.0
combined_min_variance,2022-11-01,WFC,0.0
combined_min_variance,2022-12-01,WFC,0.0
combined_min_variance,2023-01-03,WFC,1.0757318430129614e-18
combined_min_variance,2023-02-01,WFC,0.003292953671403533
combined_min_variance,2023-03-01,WFC,0.0
combined_min_variance,2023-04-03,WFC,0.0
combined_min_variance,2023-05-01,WFC,1.797877700767718e-18
combined_min_variance,2023-06-01,WFC,3.652094948252274e-18
combined_min_variance,2023-07-03,WFC,1.8881958882842975e-18
combined_min_variance,2023-08-01,WFC,0.001290185218621272
combined_min_variance,2023-09-01,WFC,0.002916967702808991
combined_min_variance,2023-10-02,WFC,0.0
combined_min_variance,2023-11-01,WFC,1.5163789722165255e-18
combined_min_variance,2023-12-01,WFC,0.0
combined_min_variance,2022-01-03,WMT,0.09999999999999999
combined_min_variance,2022-02-01,WMT,0.1
combined_min_variance,2022-03-01,WMT,0.1
combined_min_variance,2022-04-01,WMT,0.1
combined_min_variance,2022-05-02,WMT,0.08773628475748896
combined_min_variance,2022-06-01,WMT,0.08127658539178914
combined_min_variance,2022-07-01,WMT,0.07203409519392245
combined_min_variance,2022-08-01,WMT,0.07077272229514031
combined_min_variance,2022-09-01,WMT,0.07264735128096804
combined_min_variance,2022-10-03,WMT,0.07629270322502257
combined_min_variance,2022-11-01,WMT,0.07843443506957101
combined_min_variance,2022-12-01,WMT,0.0787370096813406
combined_min_variance,2023-01-03,WMT,0.0792029623419122
combined_min_variance,2023-02-01,WMT,0.07601089485102457
combined_min_variance,2023-03-01,WMT,0.07898027388539684
combined_min_variance,2023-04-03,WMT,0.07973108184318968
combined_min_variance,2023-05-01,WMT,0.08306692264500347
combined_min_variance,2023-06-01,WMT,0.08943012222687462
combined_min_variance,2023-07-03,WMT,0.09117761941707977
combined_min_variance,2023-08-01,WMT,0.09276508960141604
combined_min_variance,2023-09-01,WMT,0.09204841673553985
combined_min_variance,2023-10-02,WMT,0.0967655383212876
combined_min_variance,2023-11-01,WMT,0.09923698543300619
combined_min_variance,2023-12-01,WMT,0.1
combined_min_variance,2022-01-03,XOM,8.673617379884035e-19
combined_min_variance,2022-02-01,XOM,0.0006441981978261265
combined_min_variance,2022-03-01,XOM,0.0014955415761388517
combined_min_variance,2022-04-01,XOM,0.0103807736572436
combined_min_variance,2022-05-02,XOM,0.0054581396139250235
combined_min_variance,2022-06-01,XOM,0.00660929186214587
combined_min_variance,2022-07-01,XOM,0.013319747980177644
combined_min_variance,2022-08-01,XOM,0.013054774055279016
combined_min_variance,2022-09-01,XOM,0.01571828571785629
combined_min_variance,2022-10-03,XOM,0.013223920441762928
combined_min_variance,2022-11-01,XOM,0.01818882248945812
combined_min_variance,2022-12-01,XOM,0.02547196845309866
combined_min_variance,2023-01-03,XOM,0.025805515968846258
combined_min_variance,2023-02-01,XOM,0.02423061768050829
combined_min_variance,2023-03-01,XOM,0.024654272609881685
combined_min_variance,2023-04-03,XOM,0.027466537275149278
combined_min_variance,2023-05-01,XOM,0.024696432243987612
combined_min_variance,2023-06-01,XOM,0.02299656100880046
combined_min_variance,2023-07-03,XOM,0.02318345445379066
combined_min_variance,2023-08-01,XOM,0.021701083316046622
combined_min_variance,2023-09-01,XOM,0.024984650088808347
combined_min_variance,2023-10-02,XOM,0.024476324488908522
combined_min_variance,2023-11-01,XOM,0.030379011856342907
combined_min_variance,2023-12-01,XOM,0.033201517561984806
combined_min_variance,2022-01-03,CR_ADA-USD,3.952982046997959e-20
combined_min_variance,2022-02-01,CR_ADA-USD,2.9935827671537746e-19
combined_min_variance,2022-03-01,CR_ADA-USD,0.0
combined_min_variance,2022-04-01,CR_ADA-USD,0.0
combined_min_variance,2022-05-02,CR_ADA-USD,4.325271903309525e-21
combined_min_variance,2022-06-01,CR_ADA-USD,1.9517775143859148e-20
combined_min_variance,2022-07-01,CR_ADA-USD,0.0
combined_min_variance,2022-08-01,CR_ADA-USD,1.7987393916525731e-19
combined_min_variance,2022-09-01,CR_ADA-USD,0.0
combined_min_variance,2022-10-03,CR_ADA-USD,9.201417107606854e-20
combined_min_variance,2022-11-01,CR_ADA-USD,0.0
combined_min_variance,2022-12-01,CR_ADA-USD,2.441868042292988e-19
combined_min_variance,2023-01-03,CR_ADA-USD,0.0
combined_min_variance,2023-02-01,CR_ADA-USD,6.292608548755587e-20
combined_min_variance,2023-03-01,CR_ADA-USD,0.0
combined_min_variance,2023-04-03,CR_ADA-USD,1.9464092720717207e-19
combined_min_variance,2023-05-01,CR_ADA-USD,0.0
combined_min_variance,2023-06-01,CR_ADA-USD,9.380680400164584e-20
combined_min_variance,2023-07-03,CR_ADA-USD,0.0
combined_min_variance,2023-08-01,CR_ADA-USD,1.724575155967994e-20
combined_min_variance,2023-09-01,CR_ADA-USD,0.0
combined_min_variance,2023-10-02,CR_ADA-USD,0.0
combined_min_variance,2023-11-01,CR_ADA-USD,1.1082127333220634e-20
combined_min_variance,2023-12-01,CR_ADA-USD,3.372940077357284e-20
combined_min_variance,2022-01-03,CR_BCH-USD,0.0
combined_min_variance,2022-02-01,CR_BCH-USD,0.0
combined_min_variance,2022-03-01,CR_BCH-USD,4.0465554624740497e-19
combined_min_variance,2022-04-01,CR_BCH-USD,0.0
combined_min_variance,2022-05-02,CR_BCH-USD,3.7511239132089644e-20
combined_min_variance,2022-06-01,CR_BCH-USD,3.515377709722797e-19
combined_min_variance,2022-07-01,CR_BCH-USD,2.8827920435201927e-19
combined_min_variance,2022-08-01,CR_BCH-USD,3.3421884798934955e-19
combined_min_variance,2022-09-01,CR_BCH-USD,0.0
combined_min_variance,2022-10-03,CR_BCH-USD,0.0
combined_min_variance,2022-11-01,CR_BCH-USD,0.0
combined_min_variance,2022-12-01,CR_BCH-USD,0.0
combined_min_variance,2023-01-03,CR_BCH-USD,0.0
combined_min_variance,2023-02-01,CR_BCH-USD,1.108724071470416e-20
combined_min_variance,2023-03-01,CR_BCH-USD,0.0
combined_min_variance,2023-04-03,CR_BCH-USD,0.0
combined_min_variance,2023-05-01,CR_BCH-USD,0.0
combined_min_variance,2023-06-01,CR_BCH-USD,0.0
combined_min_variance,2023-07-03,CR_BCH-USD,0.0
combined_min_variance,2023-08-01,CR_BCH-USD,0.0
combined_min_variance,2023-09-01,CR_BCH-USD,1.1786306110441501e-19
combined_min_variance,2023-10-02,CR_BCH-USD,0.0
combined_min_variance,2023-11-01,CR_BCH-USD,4.570893612629681e-21
combined_min_variance,2023-12-01,CR_BCH-USD,0.0
combined_min_variance,2022-01-03,CR_BTC-USD,0.006006827761120086
combined_min_variance,2022-02-01,CR_BTC-USD,0.0031157313007809315
combined_min_variance,2022-03-01,CR_BTC-USD,0.003127953957541842
combined_min_variance,2022-04-01,CR_BTC-USD,0.004145081195544432
combined_min_variance,2022-05-02,CR_BTC-USD,0.004292196967902396
combined_min_variance,2022-06-01,CR_BTC-USD,0.00210571245327572
combined_min_variance,2022-07-01,CR_BTC-USD,0.0
combined_min_variance,2022-08-01,CR_BTC-USD,0.0
combined_min_variance,2022-09-01,CR_BTC-USD,2.263116343557402e-19
combined_min_variance,2022-10-03,CR_BTC-USD,0.0
combined_min_variance,2022-11-01,CR_BTC-USD,0.0
combined_min_variance,2022-12-01,CR_BTC-USD,0.0
combined_min_variance,2023-01-03,CR_BTC-USD,3.452753608546554e-19
combined_min_variance,2023-02-01,CR_BTC-USD,7.625840048699174e-20
combined_min_variance,2023-03-01,CR_BTC-USD,0.0
combined_min_variance,2023-04-03,CR_BTC-USD,7.874390422626409e-19
combined_min_variance,2023-05-01,CR_BTC-USD,0.0
combined_min_variance,2023-06-01,CR_BTC-USD,1.3576328370435673e-19
combined_min_variance,2023-07-03,CR_BTC-USD,9.76302753495877e-20
combined_min_variance,2023-08-01,CR_BTC-USD,0.0
combined_min_variance,2023-09-01,CR_BTC-USD,1.5621578349235272e-18
combined_min_variance,2023-10-02,CR_BTC-USD,3.644232234456464e-19
combined_min_variance,2023-11-01,CR_BTC-USD,8.90966740777483e-19
combined_min_variance,2023-12-01,CR_BTC-USD,2.4888545120383165e-18
combined_min_variance,2022-01-03,CR_EOS-USD,1.158464059928959e-19
combined_min_variance,2022-02-01,CR_EOS-USD,0.0
combined_min_variance,2022-03-01,CR_EOS-USD,2.909324043407346e-19
combined_min_variance,2022-04-01,CR_EOS-USD,2.025809244605835e-19
combined_min_variance,2022-05-02,CR_EOS-USD,0.0
combined_min_variance,2022-06-01,CR_EOS-USD,8.371629090140795e-20
combined_min_variance,2022-07-01,CR_EOS-USD,0.0
combined_min_variance,2022-08-01,CR_EOS-USD,8.508754640950133e-20
combined_min_variance,2022-09-01,CR_EOS-USD,1.5419601838828303e-19
combined_min_variance,2022-10-03,CR_EOS-USD,0.0
combined_min_variance,2022-11-01,CR_EOS-USD,0.0
combined_min_variance,2022-12-01,CR_EOS-USD,2.5642811325397815e-20
combined_min_variance,2023-01-03,CR_EOS-USD,0.0
combined_min_variance,2023-02-01,CR_EOS-USD,0.0
combined_min_variance,2023-03-01,CR_EOS-USD,3.5768881048197214e-19
combined_min_variance,2023-04-03,CR_EOS-USD,1.7294246223520334e-20
combined_min_variance,2023-05-01,CR_EOS-USD,2.3125292720085994e-19
combined_min_variance,2023-06-01,CR_EOS-USD,0.0
combined_min_variance,2023-07-03,CR_EOS-USD,0.0
combined_min_variance,2023-08-01,CR_EOS-USD,1.5295258380546016e-19
combined_min_variance,2023-09-01,CR_EOS-USD,1.2689405373012033e-20
combined_min_variance,2023-10-02,CR_EOS-USD,0.0
combined_min_variance,2023-11-01,CR_EOS-USD,3.206135403363425e-20
combined_min_variance,2023-12-01,CR_EOS-USD,1.8400753597651406e-19
combined_min_variance,2022-01-03,CR_ETC-USD,0.0
combined_min_variance,2022-02-01,CR_ETC-USD,1.5358166497702548e-19
combined_min_variance,2022-03-01,CR_ETC-USD,5.200089308532572e-19
combined_min_variance,2022-04-01,CR_ETC-USD,6.034385618009021e-19
combined_min_variance,2022-05-02,CR_ETC-USD,0.0
combined_min_variance,2022-06-01,CR_ETC-USD,1.844351449556785e-19
combined_min_variance,2022-07-01,CR_ETC-USD,0.0
combined_min_variance,2022-08-01,CR_ETC-USD,2.504483706488263e-19
combined_min_variance,2022-09-01,CR_ETC-USD,7.567438902562607e-20
combined_min_variance,2022-10-03,CR_ETC-USD,0.0
combined_min_variance,2022-11-01,CR_ETC-USD,0.0
combined_min_variance,2022-12-01,CR_ETC-USD,0.0
combined_min_variance,2023-01-03,CR_ETC-USD,0.0
combined_min_variance,2023-02-01,CR_ETC-USD,7.307874929019574e-20
combined_min_variance,2023-03-01,CR_ETC-USD,2.352685625704629e-19
combined_min_variance,2023-04-03,CR_ETC-USD,5.883261543341602e-20
combined_min_variance,2023-05-01,CR_ETC-USD,1.3048330862153751e-19
combined_min_variance,2023-06-01,CR_ETC-USD,8.236942503514897e-20
combined_min_variance,2023-07-03,CR_ETC-USD,0.0
combined_min_variance,2023-08-01,CR_ETC-USD,1.2078098776973077e-19
combined_min_variance,2023-09-01,CR_ETC-USD,0.0
combined_min_variance,2023-10-02,CR_ETC-USD,0.0
combined_min_variance,2023-11-01,CR_ETC-USD,2.2521079480493646e-19
combined_min_variance,2023-12-01,CR_ETC-USD,0.0
combined_min_variance,2022-01-03,CR_ETH-USD,2.692658850786619e-19
combined_min_variance,2022-02-01,CR_ETH-USD,1.379208635752874e-19
combined_min_variance,2022-03-01,CR_ETH-USD,7.04686470799969e-19
combined_min_variance,2022-04-01,CR_ETH-USD,1.6519910282497588e-19
combined_min_variance,2022-05-02,CR_ETH-USD,6.765539482154603e-19
combined_min_variance,2022-06-01,CR_ETH-USD,9.010400716247335e-21
combined_min_variance,2022-07-01,CR_ETH-USD,0.0
combined_min_variance,2022-08-01,CR_ETH-USD,1.6236694946443741e-19
combined_min_variance,2022-09-01,CR_ETH-USD,1.5872383404075562e-20
combined_min_variance,2022-10-03,CR_ETH-USD,0.0
combined_min_variance,2022-11-01,CR_ETH-USD,3.1983567785705836e-19
combined_min_variance,2022-12-01,CR_ETH-USD,6.225327145181022e-19
combined_min_variance,2023-01-03,CR_ETH-USD,0.0
combined_min_variance,2023-02-01,CR_ETH-USD,0.0
combined_min_variance,2023-03-01,CR_ETH-USD,0.0
combined_min_variance,2023-04-03,CR_ETH-USD,0.0
combined_min_variance,2023-05-01,CR_ETH-USD,0.0
combined_min_variance,2023-06-01,CR_ETH-USD,0.0
combined_min_variance,2023-07-03,CR_ETH-USD,0.0
combined_min_variance,2023-08-01,CR_ETH-USD,1.1963460367846005e-19
combined_min_variance,2023-09-01,CR_ETH-USD,0.0
combined_min_variance,2023-10-02,CR_ETH-USD,0.0
combined_min_variance,2023-11-01,CR_ETH-USD,1.824193420353581e-20
combined_min_variance,2023-12-01,CR_ETH-USD,1.0047055177373365e-19
combined_min_variance,2022-01-03,CR_LTC-USD,0.0
combined_min_variance,2022-02-01,CR_LTC-USD,2.661689411709486e-19
combined_min_variance,2022-03-01,CR_LTC-USD,3.2297343338351854e-19
combined_min_variance,2022-04-01,CR_LTC-USD,0.0
combined_min_variance,2022-05-02,CR_LTC-USD,2.0634391639802788e-19
combined_min_variance,2022-06-01,CR_LTC-USD,4.257952418415388e-19
combined_min_variance,2022-07-01,CR_LTC-USD,0.0
combined_min_variance,2022-08-01,CR_LTC-USD,1.999202649388949e-19
combined_min_variance,2022-09-01,CR_LTC-USD,1.7886627575788645e-19
combined_min_variance,2022-10-03,CR_LTC-USD,0.0
combined_min_variance,2022-11-01,CR_LTC-USD,0.0
combined_min_variance,2022-12-01,CR_LTC-USD,3.3040916881131916e-19
combined_min_variance,2023-01-03,CR_LTC-USD,0.0
combined_min_variance,2023-02-01,CR_LTC-USD,0.0
combined_min_variance,2023-03-01,CR_LTC-USD,0.0
combined_min_variance,2023-04-03,CR_LTC-USD,2.8614176701140485e-19
combined_min_variance,2023-05-01,CR_LTC-USD,0.0
combined_min_variance,2023-06-01,CR_LTC-USD,0.0
combined_min_variance,2023-07-03,CR_LTC-USD,0.0
combined_min_variance,2023-08-01,CR_LTC-USD,0.0
combined_min_variance,2023-09-01,CR_LTC-USD,1.5231065599351897e-19
combined_min_variance,2023-10-02,CR_LTC-USD,0.0
combined_min_variance,2023-11-01,CR_LTC-USD,5.1819643671863734e-21
combined_min_variance,2023-12-01,CR_LTC-USD,7.141554066823768e-20
combined_min_variance,2022-01-03,CR_TRX-USD,8.256322351384881e-20
combined_min_variance,2022-02-01,CR_TRX-USD,0.0
combined_min_variance,2022-03-01,CR_TRX-USD,0.0
combined_min_variance,2022-04-01,CR_TRX-USD,0.003910578449049478
combined_min_variance,2022-05-02,CR_TRX-USD,0.004483289528689368
combined_min_variance,2022-06-01,CR_TRX-USD,0.0013299841253000472
combined_min_variance,2022-07-01,CR_TRX-USD,9.916904666322122e-20
combined_min_variance,2022-08-01,CR_TRX-USD,1.787253013112041e-19
combined_min_variance,2022-09-01,CR_TRX-USD,0.0005611793148874924
combined_min_variance,2022-10-03,CR_TRX-USD,2.4281303988721394e-19
combined_min_variance,2022-11-01,CR_TRX-USD,0.0003916267112186481
combined_min_variance,2022-12-01,CR_TRX-USD,2.5422162304712492e-20
combined_min_variance,2023-01-03,CR_TRX-USD,1.1723014605234289e-19
combined_min_variance,2023-02-01,CR_TRX-USD,6.01829302596849e-20
combined_min_variance,2023-03-01,CR_TRX-USD,0.0
combined_min_variance,2023-04-03,CR_TRX-USD,7.811354160307139e-20
combined_min_variance,2023-05-01,CR_TRX-USD,4.5516910695818084e-20
combined_min_variance,2023-06-01,CR_TRX-USD,3.2103327209910126e-19
combined_min_variance,2023-07-03,CR_TRX-USD,0.0
combined_min_variance,2023-08-01,CR_TRX-USD,0.0
combined_min_variance,2023-09-01,CR_TRX-USD,1.1771002664786937e-19
combined_min_variance,2023-10-02,CR_TRX-USD,0.001111843974978605
combined_min_variance,2023-11-01,CR_TRX-USD,0.00487916998169307
combined_min_variance,2023-12-01,CR_TRX-USD,0.009055970594414512
combined_min_variance,2022-01-03,CR_XLM-USD,0.0
combined_min_variance,2022-02-01,CR_XLM-USD,1.3996989859860868e-20
combined_min_variance,2022-03-01,CR_XLM-USD,5.674363684623943e-19
combined_min_variance,2022-04-01,CR_XLM-USD,1.8986592059858138e-19
combined_min_variance,2022-05-02,CR_XLM-USD,1.0463217780903445e-19
combined_min_variance,2022-06-01,CR_XLM-USD,1.6452561633569452e-19
combined_min_variance,2022-07-01,CR_XLM-USD,2.1820261639834244e-19
combined_min_variance,2022-08-01,CR_XLM-USD,1.1392660599856257e-19
combined_min_variance,2022-09-01,CR_XLM-USD,1.119946081896181e-19
combined_min_variance,2022-10-03,CR_XLM-USD,0.0
combined_min_variance,2022-11-01,CR_XLM-USD,0.0
combined_min_variance,2022-12-01,CR_XLM-USD,1.5640274883475569e-19
combined_min_variance,2023-01-03,CR_XLM-USD,0.0
combined_min_variance,2023-02-01,CR_XLM-USD,9.542885718326939e-20
combined_min_variance,2023-03-01,CR_XLM-USD,0.0
combined_min_variance,2023-04-03,CR_XLM-USD,3.4007910389748204e-19
combined_min_variance,2023-05-01,CR_XLM-USD,0.0
combined_min_variance,2023-06-01,CR_XLM-USD,7.131976694979901e-20
combined_min_variance,2023-07-03,CR_XLM-USD,2.257461984486863e-19
combined_min_variance,2023-08-01,CR_XLM-USD,6.903177823639647e-20
combined_min_variance,2023-09-01,CR_XLM-USD,1.4161247793093764e-19
combined_min_variance,2023-10-02,CR_XLM-USD,0.0
combined_min_variance,2023-11-01,CR_XLM-USD,0.0
combined_min_variance,2023-12-01,CR_XLM-USD,9.450189106328485e-20
combined_min_variance,2022-01-03,CR_XRP-USD,2.754387159939254e-19
combined_min_variance,2022-02-01,CR_XRP-USD,1.224172071084113e-19
combined_min_variance,2022-03-01,CR_XRP-USD,0.0
combined_min_variance,2022-04-01,CR_XRP-USD,2.3335780105040906e-19
combined_min_variance,2022-05-02,CR_XRP-USD,6.120860355420565e-20
combined_min_variance,2022-06-01,CR_XRP-USD,1.2848841519421478e-20
combined_min_variance,2022-07-01,CR_XRP-USD,0.0
combined_min_variance,2022-08-01,CR_XRP-USD,1.9127688610689266e-19
combined_min_variance,2022-09-01,CR_XRP-USD,1.6832365977406554e-19
combined_min_variance,2022-10-03,CR_XRP-USD,3.978559231023368e-19
combined_min_variance,2022-11-01,CR_XRP-USD,0.0
combined_min_variance,2022-12-01,CR_XRP-USD,5.776561960428158e-19
combined_min_variance,2023-01-03,CR_XRP-USD,0.0
combined_min_variance,2023-02-01,CR_XRP-USD,0.0
combined_min_variance,2023-03-01,CR_XRP-USD,0.0
combined_min_variance,2023-04-03,CR_XRP-USD,0.0
combined_min_variance,2023-05-01,CR_XRP-USD,0.0
combined_min_variance,2023-06-01,CR_XRP-USD,1.4782374281036876e-19
combined_min_variance,2023-07-03,CR_XRP-USD,6.120860355420565e-20
combined_min_variance,2023-08-01,CR_XRP-USD,0.0
combined_min_variance,2023-09-01,CR_XRP-USD,1.530215088855141e-19
combined_min_variance,2023-10-02,CR_XRP-USD,0.0
combined_min_variance,2023-11-01,CR_XRP-USD,1.811725012934875e-19
combined_min_variance,2023-12-01,CR_XRP-USD,2.6533433118051806e-19
combined_max_sharpe,2022-01-03,ABBV,0.08893859102995531
combined_max_sharpe,2022-02-01,ABBV,0.09999999999999994
combined_max_sharpe,2022-03-01,ABBV,0.09999999999999998
combined_max_sharpe,2022-04-01,ABBV,0.09999999999999994
combined_max_sharpe,2022-05-02,ABBV,0.09999999999999992
combined_max_sharpe,2022-06-01,ABBV,0.09999999999999994
combined_max_sharpe,2022-07-01,ABBV,0.09999999999999991
combined_max_sharpe,2022-08-01,ABBV,0.0999999999999999
combined_max_sharpe,2022-09-01,ABBV,0.09999999999999992
combined_max_sharpe,2022-10-03,ABBV,0.0999999999999999
combined_max_sharpe,2022-11-01,ABBV,0.09999999999999994
combined_max_sharpe,2022-12-01,ABBV,0.09999999999999994
combined_max_sharpe,2023-01-03,ABBV,0.09999999999999994
combined_max_sharpe,2023-02-01,ABBV,0.09999999999999994
combined_max_sharpe,2023-03-01,ABBV,0.09999999999999938
combined_max_sharpe,2023-04-03,ABBV,0.09999999999999981
combined_max_sharpe,2023-05-01,ABBV,0.09999999999999956
combined_max_sharpe,2023-06-01,ABBV,0.0999999999999999
combined_max_sharpe,2023-07-03,ABBV,0.09999999999999894
combined_max_sharpe,2023-08-01,ABBV,0.09999999999999987
combined_max_sharpe,2023-09-01,ABBV,0.0999999999999999
combined_max_sharpe,2023-10-02,ABBV,0.0999999999999999
combined_max_sharpe,2023-11-01,ABBV,0.10000000000000005
combined_max_sharpe,2023-12-01,ABBV,0.09999999999999987
combined_max_sharpe,2022-01-03,ABT,0.02599293140805925
combined_max_sharpe,2022-02-01,ABT,0.015127651300083249
combined_max_sharpe,2022-03-01,ABT,0.04233904656101901
combined_max_sharpe,2022-04-01,ABT,0.018564773197613935
combined_max_sharpe,2022-05-02,ABT,1.119166185440565e-16
combined_max_sharpe,2022-06-01,ABT,0.0
combined_max_sharpe,2022-07-01,ABT,5.656762853383517e-17
combined_max_sharpe,2022-08-01,ABT,1.0342150297597232e-16
combined_max_sharpe,2022-09-01,ABT,1.4072593524415727e-16
combined_max_sharpe,2022-10-03,ABT,2.8300508905312685e-17
combined_max_sharpe,2022-11-01,ABT,8.899201054809363e-17
combined_max_sharpe,2022-12-01,ABT,1.059559522236845e-16
combined_max_sharpe,2023-01-03,ABT,4.421944990552038e-17
combined_max_sharpe,2023-02-01,ABT,0.0
combined_max_sharpe,2023-03-01,ABT,1.774678891436376e-16
combined_max_sharpe,2023-04-03,ABT,3.395630536416147e-17
combined_max_sharpe,2023-05-01,ABT,2.7192860347697896e-16
combined_max_sharpe,2023-06-01,ABT,0.0
combined_max_sharpe,2023-07-03,ABT,2.0654945231681475e-17
combined_max_sharpe,2023-08-01,ABT,0.0
combined_max_sharpe,2023-09-01,ABT,5.073734919201717e-16
combined_max_sharpe,2023-10-02,ABT,0.0
combined_max_sharpe,2023-11-01,ABT,0.0
combined_max_sharpe,2023-12-01,ABT,9.1844913948877e-17
combined_max_sharpe,2022-01-03,ADBE,0.0
combined_max_sharpe,2022-02-01,ADBE,0.0
combined_max_sharpe,2022-03-01,ADBE,0.0
combined_max_sharpe,2022-04-01,ADBE,4.6377199585830645e-17
combined_max_sharpe,2022-05-02,ADBE,5.262237957683758e-17
combined_max_sharpe,2022-06-01,ADBE,6.055095719056782e-17
combined_max_sharpe,2022-07-01,ADBE,2.7406557236978498e-17
combined_max_sharpe,2022-08-01,ADBE,0.0
combined_max_sharpe,2022-09-01,ADBE,0.0
combined_max_sharpe,2022-10-03,ADBE,0.0
combined_max_sharpe,2022-11-01,ADBE,1.0225040354377006e-17
combined_max_sharpe,2022-12-01,ADBE,0.0
combined_max_sharpe,2023-01-03,ADBE,2.5976845938573947e-18
combined_max_sharpe,2023-02-01,ADBE,2.0706713189560104e-17
combined_max_sharpe,2023-03-01,ADBE,0.0
combined_max_sharpe,2023-04-03,ADBE,1.2319687120360724e-16
combined_max_sharpe,2023-05-01,ADBE,9.438037051273177e-17
combined_max_sharpe,2023-06-01,ADBE,0.0
combined_max_sharpe,2023-07-03,ADBE,0.0
combined_max_sharpe,2023-08-01,ADBE,6.636382799537196e-17
combined_max_sharpe,2023-09-01,ADBE,1.8563275196285509e-16
combined_max_sharpe,2023-10-02,ADBE,0.0
combined_max_sharpe,2023-11-01,ADBE,1.5724769105586664e-16
combined_max_sharpe,2023-12-01,ADBE,0.0
combined_max_sharpe,2022-01-03,AEP,4.148458809055456e-18
combined_max_sharpe,2022-02-01,AEP,1.2106853349177645e-16
combined_max_sharpe,2022-03-01,AEP,9.401097002201593e-17
combined_max_sharpe,2022-04-01,AEP,0.009997077675290374
combined_max_sharpe,2022-05-02,AEP,0.01589347065179714
combined_max_sharpe,2022-06-01,AEP,0.03010145534763804
combined_max_sharpe,2022-07-01,AEP,0.023552308322102762
combined_max_sharpe,2022-08-01,AEP,0.016851831614982805
combined_max_sharpe,2022-09-01,AEP,0.0886456205262803
combined_max_sharpe,2022-10-03,AEP,0.023897706340838168
combined_max_sharpe,2022-11-01,AEP,0.0
combined_max_sharpe,2022-12-01,AEP,0.010572545990195002
combined_max_sharpe,2023-01-03,AEP,0.026127946769609146
combined_max_sharpe,2023-02-01,AEP,0.02003948097029714
combined_max_sharpe,2023-03-01,AEP,0.04320035770063917
combined_max_sharpe,2023-04-03,AEP,0.0
combined_max_sharpe,2023-05-01,AEP,4.624171707213776e-16
combined_max_sharpe,2023-06-01,AEP,0.0
combined_max_sharpe,2023-07-03,AEP,0.0
combined_max_sharpe,2023-08-01,AEP,1.157400528041039e-16
combined_max_sharpe,2023-09-01,AEP,3.7967224505299174e-16
combined_max_sharpe,2023-10-02,AEP,4.2104897192539233e-17
combined_max_sharpe,2023-11-01,AEP,4.548156525672737e-16
combined_max_sharpe,2023-12-01,AEP,6.105287080112927e-17
combined_max_sharpe,2022-01-03,AMD,0.08953228465105197
combined_max_sharpe,2022-02-01,AMD,0.07070055294907798
combined_max_sharpe,2022-03-01,AMD,0.06607884080465193
combined_max_sharpe,2022-04-01,AMD,0.0
combined_max_sharpe,2022-05-02,AMD,0.0
combined_max_sharpe,2022-06-01,AMD,0.02886601208812108
combined_max_sharpe,2022-07-01,AMD,0.014413420770300504
combined_max_sharpe,2022-08-01,AMD,0.0
combined_max_sharpe,2022-09-01,AMD,1.790676694551572e-17
combined_max_sharpe,2022-10-03,AMD,1.756221966912605e-17
combined_max_sharpe,2022-11-01,AMD,6.598943184689945e-17
combined_max_sharpe,2022-12-01,AMD,3.297354309966191e-17
combined_max_sharpe,2023-01-03,AMD,0.0
combined_max_sharpe,2023-02-01,AMD,0.0
combined_max_sharpe,2023-03-01,AMD,7.347012848521984e-17
combined_max_sharpe,2023-04-03,AMD,0.0
combined_max_sharpe,2023-05-01,AMD,1.4245875841307026e-17
combined_max_sharpe,2023-06-01,AMD,0.02322984218042323
combined_max_sharpe,2023-07-03,AMD,9.18399373775539e-16
combined_max_sharpe,2023-08-01,AMD,1.2024150665485577e-17
combined_max_sharpe,2023-09-01,AMD,0.0
combined_max_sharpe,2023-10-02,AMD,1.2434566656578453e-16
combined_max_sharpe,2023-11-01,AMD,0.0
combined_max_sharpe,2023-12-01,AMD,0.0
combined_max_sharpe,2022-01-03,AMGN,0.0
combined_max_sharpe,2022-02-01,AMGN,0.0
combined_max_sharpe,2022-03-01,AMGN,0.0
combined_max_sharpe,2022-04-01,AMGN,1.4582100915651735e-17
combined_max_sharpe,2022-05-02,AMGN,0.0
combined_max_sharpe,2022-06-01,AMGN,7.40738351399868e-17
combined_max_sharpe,2022-07-01,AMGN,0.0
combined_max_sharpe,2022-08-01,AMGN,0.0
combined_max_sharpe,2022-09-01,AMGN,0.0
combined_max_sharpe,2022-10-03,AMGN,0.0
combined_max_sharpe,2022-11-01,AMGN,0.045136267012552175
combined_max_sharpe,2022-12-01,AMGN,0.0691714753962823
combined_max_sharpe,2023-01-03,AMGN,0.033507882146103556
combined_max_sharpe,2023-02-01,AMGN,0.0
combined_max_sharpe,2023-03-01,AMGN,9.151022020307051e-17
combined_max_sharpe,2023-04-03,AMGN,0.0
combined_max_sharpe,2023-05-01,AMGN,0.0
combined_max_sharpe,2023-06-01,AMGN,1.620457985726122e-16
combined_max_sharpe,2023-07-03,AMGN,0.0
combined_max_sharpe,2023-08-01,AMGN,0.0
combined_max_sharpe,2023-09-01,AMGN,0.09999999999999985
combined_max_sharpe,2023-10-02,AMGN,0.0999999999999999
combined_max_sharpe,2023-11-01,AMGN,0.10000000000000005
combined_max_sharpe,2023-12-01,AMGN,0.09999999999999987
combined_max_sharpe,2022-01-03,AMT,1.467268582960109e-16
combined_max_sharpe,2022-02-01,AMT,0.0
combined_max_sharpe,2022-03-01,AMT,0.0
combined_max_sharpe,2022-04-01,AMT,0.0
combined_max_sharpe,2022-05-02,AMT,0.0
combined_max_sharpe,2022-06-01,AMT,0.0
combined_max_sharpe,2022-07-01,AMT,0.0
combined_max_sharpe,2022-08-01,AMT,3.665668229512751e-17
combined_max_sharpe,2022-09-01,AMT,1.127174967242173e-16
combined_max_sharpe,2022-10-03,AMT,0.0
combined_max_sharpe,2022-11-01,AMT,0.0
combined_max_sharpe,2022-12-01,AMT,1.766342955892699e-17
combined_max_sharpe,2023-01-03,AMT,1.2547201616148996e-16
combined_max_sharpe,2023-02-01,AMT,0.0
combined_max_sharpe,2023-03-01,AMT,2.78385113926075e-16
combined_max_sharpe,2023-04-03,AMT,0.0
combined_max_sharpe,2023-05-01,AMT,0.0
combined_max_sharpe,2023-06-01,AMT,7.737518765095862e-17
combined_max_sharpe,2023-07-03,AMT,1.631105858111187e-16
combined_max_sharpe,2023-08-01,AMT,9.169802844791548e-17
combined_max_sharpe,2023-09-01,AMT,1.2231965423782888e-17
combined_max_sharpe,2023-10-02,AMT,2.4776548001315695e-17
combined_max_sharpe,2023-11-01,AMT,0.0
combined_max_sharpe,2023-12-01,AMT,0.0
combined_max_sharpe,2022-01-03,BA,0.0
combined_max_sharpe,2022-02-01,BA,0.0
combined_max_sharpe,2022-03-01,BA,1.3709676319476745e-18
combined_max_sharpe,2022-04-01,BA,0.0
combined_max_sharpe,2022-05-02,BA,9.241391491571414e-18
combined_max_sharpe,2022-06-01,BA,2.8196851814819984e-17
combined_max_sharpe,2022-07-01,BA,2.4609715247178526e-17
combined_max_sharpe,2022-08-01,BA,6.566401797089976e-17
combined_max_sharpe,2022-09-01,BA,0.0
combined_max_sharpe,2022-10-03,BA,0.0
combined_max_sharpe,2022-11-01,BA,0.0
combined_max_sharpe,2022-12-01,BA,6.42966801703079e-17
combined_max_sharpe,2023-01-03,BA,0.0
combined_max_sharpe,2023-02-01,BA,5.963490652910837e-17
combined_max_sharpe,2023-03-01,BA,3.635050447956879e-17
combined_max_sharpe,2023-04-03,BA,0.0
combined_max_sharpe,2023-05-01,BA,1.3947724777837188e-16
combined_max_sharpe,2023-06-01,BA,3.5674638712483253e-17
combined_max_sharpe,2023-07-03,BA,1.752315790385211e-18
combined_max_sharpe,2023-08-01,BA,0.0
combined_max_sharpe,2023-09-01,BA,1.5113666707631427e-17
combined_max_sharpe,2023-10-02,BA,0.0
combined_max_sharpe,2023-11-01,BA,0.0
combined_max_sharpe,2023-12-01,BA,4.0787198496755326e-16
combined_max_sharpe,2022-01-03,CAT,0.0
combined_max_sharpe,2022-02-01,CAT,5.3286451022745496e-17
combined_max_sharpe,2022-03-01,CAT,0.0
combined_max_sharpe,2022-04-01,CAT,3.2831469640104875e-17
combined_max_sharpe,2022-05-02,CAT,0.01628768302092169
combined_max_sharpe,2022-06-01,CAT,0.013209628001570778
combined_max_sharpe,2022-07-01,CAT,9.33352110008113e-18
combined_max_sharpe,2022-08-01,CAT,4.8722830956367265e-18
combined_max_sharpe,2022-09-01,CAT,0.0
combined_max_sharpe,2022-10-03,CAT,0.0
combined_max_sharpe,2022-11-01,CAT,0.0
combined_max_sharpe,2022-12-01,CAT,8.491517701828443e-17
combined_max_sharpe,2023-01-03,CAT,1.7990809995994965e-17
combined_max_sharpe,2023-02-01,CAT,5.680124590504305e-17
combined_max_sharpe,2023-03-01,CAT,0.0
combined_max_sharpe,2023-04-03,CAT,8.91200227805912e-17
combined_max_sharpe,2023-05-01,CAT,0.0
combined_max_sharpe,2023-06-01,CAT,0.0
combined_max_sharpe,2023-07-03,CAT,0.0
combined_max_sharpe,2023-08-01,CAT,1.1933933315946477e-16
combined_max_sharpe,2023-09-01,CAT,0.0
combined_max_sharpe,2023-10-02,CAT,0.0
combined_max_sharpe,2023-11-01,CAT,1.5432203418819529e-16
combined_max_sharpe,2023-12-01,CAT,0.0
combined_max_sharpe,2022-01-03,CCI,0.0
combined_max_sharpe,2022-02-01,CCI,1.827502750146461e-17
combined_max_sharpe,2022-03-01,CCI,0.0
combined_max_sharpe,2022-04-01,CCI,0.0
combined_max_sharpe,2022-05-02,CCI,1.5492365805192757e-17
combined_max_sharpe,2022-06-01,CCI,0.0
combined_max_sharpe,2022-07-01,CCI,2.6065359111095392e-17
combined_max_sharpe,2022-08-01,CCI,0.0
combined_max_sharpe,2022-09-01,CCI,0.0
combined_max_sharpe,2022-10-03,CCI,1.2056606946219446e-18
combined_max_sharpe,2022-11-01,CCI,0.0
combined_max_sharpe,2022-12-01,CCI,0.0
combined_max_sharpe,2023-01-03,CCI,2.560159066384688e-17
combined_max_sharpe,2023-02-01,CCI,0.0
combined_max_sharpe,2023-03-01,CCI,5.915881578542856e-17
combined_max_sharpe,2023-04-03,CCI,8.770396762193138e-17
combined_max_sharpe,2023-05-01,CCI,9.08559279198311e-18
combined_max_sharpe,2023-06-01,CCI,6.691513729484194e-17
combined_max_sharpe,2023-07-03,CCI,7.089087271843569e-17
combined_max_sharpe,2023-08-01,CCI,0.0
combined_max_sharpe,2023-09-01,CCI,2.3832631480381454e-18
combined_max_sharpe,2023-10-02,CCI,0.0
combined_max_sharpe,2023-11-01,CCI,0.0
combined_max_sharpe,2023-12-01,CCI,0.0
combined_max_sharpe,2022-01-03,CMCSA,1.5357574356399027e-17
combined_max_sharpe,2022-02-01,CMCSA,0.0
combined_max_sharpe,2022-03-01,CMCSA,5.822033324888706e-18
combined_max_sharpe,2022-04-01,CMCSA,2.0160905021557203e-17
combined_max_sharpe,2022-05-02,CMCSA,0.0
combined_max_sharpe,2022-06-01,CMCSA,2.2620197046116556e-18
combined_max_sharpe,2022-07-01,CMCSA,0.0
combined_max_sharpe,2022-08-01,CMCSA,1.128227626837106e-17
combined_max_sharpe,2022-09-01,CMCSA,2.829975084186079e-17
combined_max_sharpe,2022-10-03,CMCSA,1.8997896944900155e-17
combined_max_sharpe,2022-11-01,CMCSA,0.0
combined_max_sharpe,2022-12-01,CMCSA,7.523898537872072e-17
combined_max_sharpe,2023-01-03,CMCSA,5.090402651532931e-17
combined_max_sharpe,2023-02-01,CMCSA,9.235849167228342e-17
combined_max_sharpe,2023-03-01,CMCSA,1.3768995415150373e-16
combined_max_sharpe,2023-04-03,CMCSA,0.0
combined_max_sharpe,2023-05-01,CMCSA,0.0
combined_max_sharpe,2023-06-01,CMCSA,0.0
combined_max_sharpe,2023-07-03,CMCSA,2.2824313176355605e-18
combined_max_sharpe,2023-08-01,CMCSA,5.7767532838930845e-18
combined_max_sharpe,2023-09-01,CMCSA,1.857749190436624e-16
combined_max_sharpe,2023-10-02,CMCSA,0.0
combined_max_sharpe,2023-11-01,CMCSA,8.954352229350715e-19
combined_max_sharpe,2023-12-01,CMCSA,0.0
combined_max_sharpe,2022-01-03,COP,2.3183277983245842e-18
combined_max_sharpe,2022-02-01,COP,0.0
combined_max_sharpe,2022-03-01,COP,0.02903214406414112
combined_max_sharpe,2022-04-01,COP,0.0587805113733447
combined_max_sharpe,2022-05-02,COP,0.021390590702660636
combined_max_sharpe,2022-06-01,COP,0.021307012493137826
combined_max_sharpe,2022-07-01,COP,0.007326762726292316
combined_max_sharpe,2022-08-01,COP,0.013032817470716674
combined_max_sharpe,2022-09-01,COP,0.07159624727556092
combined_max_sharpe,2022-10-03,COP,0.0999999999999999
combined_max_sharpe,2022-11-01,COP,0.09999999999999994
combined_max_sharpe,2022-12-01,COP,0.09999999999999976
combined_max_sharpe,2023-01-03,COP,0.09999999999999981
combined_max_sharpe,2023-02-01,COP,0.09999999999999994
combined_max_sharpe,2023-03-01,COP,0.07470325219330716
combined_max_sharpe,2023-04-03,COP,0.06227561636257534
combined_max_sharpe,2023-05-01,COP,0.07757171246919618
combined_max_sharpe,2023-06-01,COP,0.09999999999999973
combined_max_sharpe,2023-07-03,COP,0.09625560703960617
combined_max_sharpe,2023-08-01,COP,0.09999999999999987
combined_max_sharpe,2023-09-01,COP,0.09999999999999956
combined_max_sharpe,2023-10-02,COP,0.03160612025733789
combined_max_sharpe,2023-11-01,COP,0.054042799504990004
combined_max_sharpe,2023-12-01,COP,0.023161176311601205
combined_max_sharpe,2022-01-03,CVX,1.2923991802224346e-17
combined_max_sharpe,2022-02-01,CVX,3.079575316455374e-17
combined_max_sharpe,2022-03-01,CVX,0.0
combined_max_sharpe,2022-04-01,CVX,0.006218337705616147
combined_max_sharpe,2022-05-02,CVX,0.0
combined_max_sharpe,2022-06-01,CVX,0.0
combined_max_sharpe,2022-07-01,CVX,0.0
combined_max_sharpe,2022-08-01,CVX,1.2698458231613642e-16
combined_max_sharpe,2022-09-01,CVX,0.0
combined_max_sharpe,2022-10-03,CVX,0.036270777343348576
combined_max_sharpe,2022-11-01,CVX,0.04935759303995064
combined_max_sharpe,2022-12-01,CVX,0.02909815572365696
combined_max_sharpe,2023-01-03,CVX,0.07570310183032215
combined_max_sharpe,2023-02-01,CVX,0.060730928765029675
combined_max_sharpe,2023-03-01,CVX,0.03092905381957024
combined_max_sharpe,2023-04-03,CVX,0.025278115650356786
combined_max_sharpe,2023-05-01,CVX,0.04749667056990833
combined_max_sharpe,2023-06-01,CVX,0.05654938068003508
combined_max_sharpe,2023-07-03,CVX,0.06521769390846692
combined_max_sharpe,2023-08-01,CVX,0.038388124942413934
combined_max_sharpe,2023-09-01,CVX,0.05547542003485822
combined_max_sharpe,2023-10-02,CVX,0.0999999999999999
combined_max_sharpe,2023-11-01,CVX,0.0
combined_max_sharpe,2023-12-01,CVX,0.0
combined_max_sharpe,2022-01-03,D,5.728639648917229e-18
combined_max_sharpe,2022-02-01,D,1.1976583405197264e-17
combined_max_sharpe,2022-03-01,D,0.0
combined_max_sharpe,2022-04-01,D,8.220364357585424e-17
combined_max_sharpe,2022-05-02,D,0.0
combined_max_sharpe,2022-06-01,D,1.5440363606649207e-17
combined_max_sharpe,2022-07-01,D,2.83952033136949e-17
combined_max_sharpe,2022-08-01,D,0.0
combined_max_sharpe,2022-09-01,D,0.0
combined_max_sharpe,2022-10-03,D,1.844031922145479e-18
combined_max_sharpe,2022-11-01,D,0.0
combined_max_sharpe,2022-12-01,D,0.0
combined_max_sharpe,2023-01-03,D,0.0
combined_max_sharpe,2023-02-01,D,0.0
combined_max_sharpe,2023-03-01,D,0.0
combined_max_sharpe,2023-04-03,D,2.0654079734926685e-16
combined_max_sharpe,2023-05-01,D,1.7700342372664419e-16
combined_max_sharpe,2023-06-01,D,0.0
combined_max_sharpe,2023-07-03,D,1.4969541082888367e-17
combined_max_sharpe,2023-08-01,D,4.676260433656355e-17
combined_max_sharpe,2023-09-01,D,5.338468948790656e-17
combined_max_sharpe,2023-10-02,D,0.0
combined_max_sharpe,2023-11-01,D,7.181669753770744e-17
combined_max_sharpe,2023-12-01,D,0.0
combined_max_sharpe,2022-01-03,DD,3.473887797880381e-17
combined_max_sharpe,2022-02-01,DD,0.0
combined_max_sharpe,2022-03-01,DD,0.0
combined_max_sharpe,2022-04-01,DD,2.6527229733150024e-17
combined_max_sharpe,2022-05-02,DD,3.3474692775791835e-17
combined_max_sharpe,2022-06-01,DD,4.593108947860593e-18
combined_max_sharpe,2022-07-01,DD,0.0
combined_max_sharpe,2022-08-01,DD,1.2573567169949278e-17
combined_max_sharpe,2022-09-01,DD,1.111038463066768e-18
combined_max_sharpe,2022-10-03,DD,2.0434424636477886e-17
combined_max_sharpe,2022-11-01,DD,0.0
combined_max_sharpe,2022-12-01,DD,6.419154295950109e-17
combined_max_sharpe,2023-01-03,DD,6.087148672214429e-17
combined_max_sharpe,2023-02-01,DD,0.0
combined_max_sharpe,2023-03-01,DD,5.690178853375229e-17
combined_max_sharpe,2023-04-03,DD,4.77445580889423e-17
combined_max_sharpe,2023-05-01,DD,0.0
combined_max_sharpe,2023-06-01,DD,0.0
combined_max_sharpe,2023-07-03,DD,0.0
combined_max_sharpe,2023-08-01,DD,0.0
combined_max_sharpe,2023-09-01,DD,1.1249501117230722e-16
combined_max_sharpe,2023-10-02,DD,1.3418267826145872e-16
combined_max_sharpe,2023-11-01,DD,0.0
combined_max_sharpe,2023-12-01,DD,0.0
combined_max_sharpe,2022-01-03,DIS,4.679751858073202e-17
combined_max_sharpe,2022-02-01,DIS,0.0
combined_max_sharpe,2022-03-01,DIS,0.0
combined_max_sharpe,2022-04-01,DIS,0.0
combined_max_sharpe,2022-05-02,DIS,2.4773710963846016e-17
combined_max_sharpe,2022-06-01,DIS,0.0
combined_max_sharpe,2022-07-01,DIS,4.4254266965116123e-17
combined_max_sharpe,2022-08-01,DIS,0.0
combined_max_sharpe,2022-09-01,DIS,0.0
combined_max_sharpe,2022-10-03,DIS,0.0
combined_max_sharpe,2022-11-01,DIS,3.0840860023406426e-17
combined_max_sharpe,2022-12-01,DIS,0.0
combined_max_sharpe,2023-01-03,DIS,0.0
combined_max_sharpe,2023-02-01,DIS,0.0
combined_max_sharpe,2023-03-01,DIS,1.729883383689602e-16
combined_max_sharpe,2023-04-03,DIS,1.1379986800536623e-17
combined_max_sharpe,2023-05-01,DIS,1.4819258358557547e-17
combined_max_sharpe,2023-06-01,DIS,0.0
combined_max_sharpe,2023-07-03,DIS,1.275326121886234e-16
combined_max_sharpe,2023-08-01,DIS,6.095070512726574e-17
combined_max_sharpe,2023-09-01,DIS,0.0
combined_max_sharpe,2023-10-02,DIS,0.0
combined_max_sharpe,2023-11-01,DIS,0.0
combined_max_sharpe,2023-12-01,DIS,0.0
combined_max_sharpe,2022-01-03,DOW,3.1811453753244927e-17
combined_max_sharpe,2022-02-01,DOW,2.2151736687928232e-17
combined_max_sharpe,2022-03-01,DOW,1.4151883848332093e-17
combined_max_sharpe,2022-04-01,DOW,0.0
combined_max_sharpe,2022-05-02,DOW,0.0
combined_max_sharpe,2022-06-01,DOW,2.397213498819464e-17
combined_max_sharpe,2022-07-01,DOW,5.704593234140261e-18
combined_max_sharpe,2022-08-01,DOW,4.174601224609159e-18
combined_max_sharpe,2022-09-01,DOW,0.0
combined_max_sharpe,2022-10-03,DOW,1.2172636549785082e-17
combined_max_sharpe,2022-11-01,DOW,0.0
combined_max_sharpe,2022-12-01,DOW,2.5602921364655497e-17
combined_max_sharpe,2023-01-03,DOW,2.768703871954617e-17
combined_max_sharpe,2023-02-01,DOW,0.0
combined_max_sharpe,2023-03-01,DOW,1.9510787988348864e-16
combined_max_sharpe,2023-04-03,DOW,5.994072178031814e-17
combined_max_sharpe,2023-05-01,DOW,2.958918758512207e-17
combined_max_sharpe,2023-06-01,DOW,5.634400069727735e-17
combined_max_sharpe,2023-07-03,DOW,0.0
combined_max_sharpe,2023-08-01,DOW,5.970760573337033e-17
combined_max_sharpe,2023-09-01,DOW,0.0
combined_max_sharpe,2023-10-02,DOW,0.0
combined_max_sharpe,2023-11-01,DOW,0.0
combined_max_sharpe,2023-12-01,DOW,0.0
combined_max_sharpe,2022-01-03,DUK,0.0
combined_max_sharpe,2022-02-01,DUK,2.8606119695500275e-18
combined_max_sharpe,2022-03-01,DUK,0.0
combined_max_sharpe,2022-04-01,DUK,0.025215572285439768
combined_max_sharpe,2022-05-02,DUK,0.05557014383814594
combined_max_sharpe,2022-06-01,DUK,0.08301717444770658
combined_max_sharpe,2022-07-01,DUK,0.09369494073767323
combined_max_sharpe,2022-08-01,DUK,0.08949689836268745
combined_max_sharpe,2022-09-01,DUK,0.0999999999999999
combined_max_sharpe,2022-10-03,DUK,0.013669733649920838
combined_max_sharpe,2022-11-01,DUK,6.210034236421512e-17
combined_max_sharpe,2022-12-01,DUK,0.0
combined_max_sharpe,2023-01-03,DUK,0.031305774119475015
combined_max_sharpe,2023-02-01,DUK,1.2023129928507752e-16
combined_max_sharpe,2023-03-01,DUK,0.02006036967108519
combined_max_sharpe,2023-04-03,DUK,0.0
combined_max_sharpe,2023-05-01,DUK,0.0
combined_max_sharpe,2023-06-01,DUK,0.0
combined_max_sharpe,2023-07-03,DUK,1.1751668597212166e-17
combined_max_sharpe,2023-08-01,DUK,1.0566628996240852e-16
combined_max_sharpe,2023-09-01,DUK,0.0
combined_max_sharpe,2023-10-02,DUK,3.404714081798596e-17
combined_max_sharpe,2023-11-01,DUK,0.0
combined_max_sharpe,2023-12-01,DUK,1.7816724597853452e-16
combined_max_sharpe,2022-01-03,EA,1.5687708702318207e-17
combined_max_sharpe,2022-02-01,EA,2.0057519762200264e-17
combined_max_sharpe,2022-03-01,EA,1.4569754513120586e-17
combined_max_sharpe,2022-04-01,EA,0.0029534375109362744
combined_max_sharpe,2022-05-02,EA,3.2976708639848107e-17
combined_max_sharpe,2022-06-01,EA,0.0027916688076972747
combined_max_sharpe,2022-07-01,EA,0.0
combined_max_sharpe,2022-08-01,EA,0.0
combined_max_sharpe,2022-09-01,EA,1.453399239574044e-17
combined_max_sharpe,2022-10-03,EA,0.0
combined_max_sharpe,2022-11-01,EA,0.0
combined_max_sharpe,2022-12-01,EA,7.470703010363452e-18
combined_max_sharpe,2023-01-03,EA,2.604642535704883e-17
combined_max_sharpe,2023-02-01,EA,6.122302083429789e-17
combined_max_sharpe,2023-03-01,EA,0.0
combined_max_sharpe,2023-04-03,EA,9.267345647159535e-17
combined_max_sharpe,2023-05-01,EA,0.0
combined_max_sharpe,2023-06-01,EA,5.664220026067409e-17
combined_max_sharpe,2023-07-03,EA,6.090048361352181e-17
combined_max_sharpe,2023-08-01,EA,2.2864503928686627e-17
combined_max_sharpe,2023-09-01,EA,3.913085110603761e-18
combined_max_sharpe,2023-10-02,EA,0.0
combined_max_sharpe,2023-11-01,EA,0.0
combined_max_sharpe,2023-12-01,EA,3.643806015218428e-16
combined_max_sharpe,2022-01-03,GE,0.0
combined_max_sharpe,2022-02-01,GE,0.0
combined_max_sharpe,2022-03-01,GE,1.5818358598554853e-17
combined_max_sharpe,2022-04-01,GE,0.0
combined_max_sharpe,2022-05-02,GE,0.0
combined_max_sharpe,2022-06-01,GE,0.0
combined_max_sharpe,2022-07-01,GE,3.127357430876637e-17
combined_max_sharpe,2022-08-01,GE,0.0
combined_max_sharpe,2022-09-01,GE,0.0
combined_max_sharpe,2022-10-03,GE,0.0
combined_max_sharpe,2022-11-01,GE,2.288794927474347e-17
combined_max_sharpe,2022-12-01,GE,0.0
combined_max_sharpe,2023-01-03,GE,1.6816254391259512e-17
combined_max_sharpe,2023-02-01,GE,0.0
combined_max_sharpe,2023-03-01,GE,0.0
combined_max_sharpe,2023-04-03,GE,0.0
combined_max_sharpe,2023-05-01,GE,0.0
combined_max_sharpe,2023-06-01,GE,0.0
combined_max_sharpe,2023-07-03,GE,4.200573417445136e-16
combined_max_sharpe,2023-08-01,GE,0.0
combined_max_sharpe,2023-09-01,GE,0.005594423671531427
combined_max_sharpe,2023-10-02,GE,0.0
combined_max_sharpe,2023-11-01,GE,0.006291577044899688
combined_max_sharpe,2023-12-01,GE,0.09999999999999987
combined_max_sharpe,2022-01-03,GILD,0.0
combined_max_sharpe,2022-02-01,GILD,0.0006818991029213191
combined_max_sharpe,2022-03-01,GILD,8.334480747636446e-18
combined_max_sharpe,2022-04-01,GILD,0.0
combined_max_sharpe,2022-05-02,GILD,0.0
combined_max_sharpe,2022-06-01,GILD,0.0
combined_max_sharpe,2022-07-01,GILD,0.0
combined_max_sharpe,2022-08-01,GILD,0.0
combined_max_sharpe,2022-09-01,GILD,1.4103350411488177e-18
combined_max_sharpe,2022-10-03,GILD,0.0011630365898772515
combined_max_sharpe,2022-11-01,GILD,0.0981033441123446
combined_max_sharpe,2022-12-01,GILD,0.09999999999999992
combined_max_sharpe,2023-01-03,GILD,0.09999999999999994
combined_max_sharpe,2023-02-01,GILD,0.09999999999999994
combined_max_sharpe,2023-03-01,GILD,0.09999999999999894
combined_max_sharpe,2023-04-03,GILD,0.09999999999999934
combined_max_sharpe,2023-05-01,GILD,0.09999999999999931
combined_max_sharpe,2023-06-01,GILD,0.09999999999999917
combined_max_sharpe,2023-07-03,GILD,0.09431278866220652
combined_max_sharpe,2023-08-01,GILD,0.06314163450300456
combined_max_sharpe,2023-09-01,GILD,0.052158503233253176
combined_max_sharpe,2023-10-02,GILD,0.05215322138789018
combined_max_sharpe,2023-11-01,GILD,0.10000000000000005
combined_max_sharpe,2023-12-01,GILD,0.012532707177032205
combined_max_sharpe,2022-01-03,GS,1.855564369321661e-17
combined_max_sharpe,2022-02-01,GS,6.98364846377891e-17
combined_max_sharpe,2022-03-01,GS,4.4404372328039656e-17
combined_max_sharpe,2022-04-01,GS,1.0659688884913811e-17
combined_max_sharpe,2022-05-02,GS,0.0
combined_max_sharpe,2022-06-01,GS,0.0
combined_max_sharpe,2022-07-01,GS,2.2697694012640278e-17
combined_max_sharpe,2022-08-01,GS,0.010125490396636933
combined_max_sharpe,2022-09-01,GS,0.022536376844997826
combined_max_sharpe,2022-10-03,GS,1.2599503914443788e-16
combined_max_sharpe,2022-11-01,GS,0.006411932732562128
combined_max_sharpe,2022-12-01,GS,0.023400956097899536
combined_max_sharpe,2023-01-03,GS,0.0
combined_max_sharpe,2023-02-01,GS,0.0
combined_max_sharpe,2023-03-01,GS,4.8844081926203705e-17
combined_max_sharpe,2023-04-03,GS,0.0
combined_max_sharpe,2023-05-01,GS,6.26714593647276e-18
combined_max_sharpe,2023-06-01,GS,0.0
combined_max_sharpe,2023-07-03,GS,1.1549119311875256e-17
combined_max_sharpe,2023-08-01,GS,2.8801569614228814e-17
combined_max_sharpe,2023-09-01,GS,0.0
combined_max_sharpe,2023-10-02,GS,0.0
combined_max_sharpe,2023-11-01,GS,0.0
combined_max_sharpe,2023-12-01,GS,0.0
combined_max_sharpe,2022-01-03,INTC,1.2756807090448352e-17
combined_max_sharpe,2022-02-01,INTC,0.0
combined_max_sharpe,2022-03-01,INTC,0.0
combined_max_sharpe,2022-04-01,INTC,1.8627662380382995e-17
combined_max_sharpe,2022-05-02,INTC,1.0235339096365412e-16
combined_max_sharpe,2022-06-01,INTC,1.2831942911066727e-16
combined_max_sharpe,2022-07-01,INTC,1.6137325005028313e-17
combined_max_sharpe,2022-08-01,INTC,2.0774518678836028e-17
combined_max_sharpe,2022-09-01,INTC,0.0
combined_max_sharpe,2022-10-03,INTC,1.4450882389578527e-17
combined_max_sharpe,2022-11-01,INTC,0.0
combined_max_sharpe,2022-12-01,INTC,8.689858418459478e-17
combined_max_sharpe,2023-01-03,INTC,0.0
combined_max_sharpe,2023-02-01,INTC,0.0
combined_max_sharpe,2023-03-01,INTC,3.7240253425011635e-17
combined_max_sharpe,2023-04-03,INTC,6.147811283044459e-17
combined_max_sharpe,2023-05-01,INTC,6.529928339044192e-17
combined_max_sharpe,2023-06-01,INTC,2.3471679178034345e-17
combined_max_sharpe,2023-07-03,INTC,3.114517700337946e-17
combined_max_sharpe,2023-08-01,INTC,5.895581479994076e-17
combined_max_sharpe,2023-09-01,INTC,5.080871690720759e-19
combined_max_sharpe,2023-10-02,INTC,0.0
combined_max_sharpe,2023-11-01,INTC,0.0
combined_max_sharpe,2023-12-01,INTC,0.0
combined_max_sharpe,2022-01-03,KO,0.0
combined_max_sharpe,2022-02-01,KO,0.0
combined_max_sharpe,2022-03-01,KO,0.0
combined_max_sharpe,2022-04-01,KO,0.0
combined_max_sharpe,2022-05-02,KO,0.021150752445920656
combined_max_sharpe,2022-06-01,KO,0.004787474347422426
combined_max_sharpe,2022-07-01,KO,0.06832020324480025
combined_max_sharpe,2022-08-01,KO,0.04701789610379851
combined_max_sharpe,2022-09-01,KO,0.02427425509358214
combined_max_sharpe,2022-10-03,KO,0.015927389929104106
combined_max_sharpe,2022-11-01,KO,0.018436194175246962
combined_max_sharpe,2022-12-01,KO,0.03105126541821755
combined_max_sharpe,2023-01-03,KO,0.019143589087458703
combined_max_sharpe,2023-02-01,KO,0.0638530876908276
combined_max_sharpe,2023-03-01,KO,0.0681308539152087
combined_max_sharpe,2023-04-03,KO,0.06390040295011816
combined_max_sharpe,2023-05-01,KO,0.0931505697847187
combined_max_sharpe,2023-06-01,KO,0.08134925692524804
combined_max_sharpe,2023-07-03,KO,0.03721895035671625
combined_max_sharpe,2023-08-01,KO,0.011810258971560999
combined_max_sharpe,2023-09-01,KO,0.020413171477909386
combined_max_sharpe,2023-10-02,KO,0.015949979123463062
combined_max_sharpe,2023-11-01,KO,0.0
combined_max_sharpe,2023-12-01,KO,0.0
combined_max_sharpe,2022-01-03,MMM,0.0
combined_max_sharpe,2022-02-01,MMM,3.0738185147035772e-18
combined_max_sharpe,2022-03-01,MMM,0.0
combined_max_sharpe,2022-04-01,MMM,7.48327332426348e-18
combined_max_sharpe,2022-05-02,MMM,0.0
combined_max_sharpe,2022-06-01,MMM,2.3466942340609207e-18
combined_max_sharpe,2022-07-01,MMM,6.6401342112234864e-18
combined_max_sharpe,2022-08-01,MMM,2.699569806089876e-18
combined_max_sharpe,2022-09-01,MMM,0.0
combined_max_sharpe,2022-10-03,MMM,1.260125535350764e-17
combined_max_sharpe,2022-11-01,MMM,1.7115971450450092e-17
combined_max_sharpe,2022-12-01,MMM,0.0
combined_max_sharpe,2023-01-03,MMM,0.0
combined_max_sharpe,2023-02-01,MMM,0.0
combined_max_sharpe,2023-03-01,MMM,6.440570774234527e-18
combined_max_sharpe,2023-04-03,MMM,6.421063561445699e-17
combined_max_sharpe,2023-05-01,MMM,0.0
combined_max_sharpe,2023-06-01,MMM,0.0
combined_max_sharpe,2023-07-03,MMM,1.6627417058687746e-16
combined_max_sharpe,2023-08-01,MMM,0.0
combined_max_sharpe,2023-09-01,MMM,0.0
combined_max_sharpe,2023-10-02,MMM,0.0
combined_max_sharpe,2023-11-01,MMM,0.0
combined_max_sharpe,2023-12-01,MMM,0.0
combined_max_sharpe,2022-01-03,MRK,0.0
combined_max_sharpe,2022-02-01,MRK,2.6387550377805507e-17
combined_max_sharpe,2022-03-01,MRK,0.0
combined_max_sharpe,2022-04-01,MRK,3.2108553254089434e-17
combined_max_sharpe,2022-05-02,MRK,0.0013847292936218793
combined_max_sharpe,2022-06-01,MRK,0.02941494179709706
combined_max_sharpe,2022-07-01,MRK,0.052893804168080136
combined_max_sharpe,2022-08-01,MRK,0.03947013143234293
combined_max_sharpe,2022-09-01,MRK,1.3776225189836871e-17
combined_max_sharpe,2022-10-03,MRK,0.05156810798045473
combined_max_sharpe,2022-11-01,MRK,0.09999999999999992
combined_max_sharpe,2022-12-01,MRK,0.09999999999999994
combined_max_sharpe,2023-01-03,MRK,0.09999999999999994
combined_max_sharpe,2023-02-01,MRK,0.09999999999999994
combined_max_sharpe,2023-03-01,MRK,0.09999999999999971
combined_max_sharpe,2023-04-03,MRK,0.09999999999999978
combined_max_sharpe,2023-05-01,MRK,0.09999999999999981
combined_max_sharpe,2023-06-01,MRK,0.0999999999999999
combined_max_sharpe,2023-07-03,MRK,0.09999999999999978
combined_max_sharpe,2023-08-01,MRK,0.09999999999999987
combined_max_sharpe,2023-09-01,MRK,0.0999999999999998
combined_max_sharpe,2023-10-02,MRK,0.0999999999999999
combined_max_sharpe,2023-11-01,MRK,0.10000000000000005
combined_max_sharpe,2023-12-01,MRK,0.09999999999999987
combined_max_sharpe,2022-01-03,MS,1.7384886934207293e-17
combined_max_sharpe,2022-02-01,MS,0.032059363458666244
combined_max_sharpe,2022-03-01,MS,2.952590143895732e-17
combined_max_sharpe,2022-04-01,MS,0.0464051663169025
combined_max_sharpe,2022-05-02,MS,0.03635881783807079
combined_max_sharpe,2022-06-01,MS,0.034964771196835984
combined_max_sharpe,2022-07-01,MS,0.0020996525851315643
combined_max_sharpe,2022-08-01,MS,0.0015704537116642964
combined_max_sharpe,2022-09-01,MS,0.0008916990152354407
combined_max_sharpe,2022-10-03,MS,0.035197966450212705
combined_max_sharpe,2022-11-01,MS,0.0
combined_max_sharpe,2022-12-01,MS,8.129855175338711e-17
combined_max_sharpe,2023-01-03,MS,0.0
combined_max_sharpe,2023-02-01,MS,0.0
combined_max_sharpe,2023-03-01,MS,0.0
combined_max_sharpe,2023-04-03,MS,7.716371020472689e-17
combined_max_sharpe,2023-05-01,MS,0.0
combined_max_sharpe,2023-06-01,MS,9.776969975708824e-17
combined_max_sharpe,2023-07-03,MS,0.0
combined_max_sharpe,2023-08-01,MS,6.450128281923763e-17
combined_max_sharpe,2023-09-01,MS,0.0
combined_max_sharpe,2023-10-02,MS,0.0
combined_max_sharpe,2023-11-01,MS,0.0
combined_max_sharpe,2023-12-01,MS,0.0
combined_max_sharpe,2022-01-03,NEE,0.0
combined_max_sharpe,2022-02-01,NEE,0.0
combined_max_sharpe,2022-03-01,NEE,0.0
combined_max_sharpe,2022-04-01,NEE,0.005972079571822727
combined_max_sharpe,2022-05-02,NEE,0.0
combined_max_sharpe,2022-06-01,NEE,5.737189573457852e-17
combined_max_sharpe,2022-07-01,NEE,0.024303611730995073
combined_max_sharpe,2022-08-01,NEE,3.41833966745442e-18
combined_max_sharpe,2022-09-01,NEE,0.03497514705414774
combined_max_sharpe,2022-10-03,NEE,0.044306480437753946
combined_max_sharpe,2022-11-01,NEE,1.0300060265162508e-16
combined_max_sharpe,2022-12-01,NEE,0.007846835131460487
combined_max_sharpe,2023-01-03,NEE,0.0
combined_max_sharpe,2023-02-01,NEE,1.0422511211237822e-16
combined_max_sharpe,2023-03-01,NEE,7.852284008580267e-18
combined_max_sharpe,2023-04-03,NEE,1.741001932963684e-18
combined_max_sharpe,2023-05-01,NEE,0.0
combined_max_sharpe,2023-06-01,NEE,1.8978787146871385e-17
combined_max_sharpe,2023-07-03,NEE,1.0852484588340917e-16
combined_max_sharpe,2023-08-01,NEE,9.742444762738737e-17
combined_max_sharpe,2023-09-01,NEE,2.1312924136507693e-17
combined_max_sharpe,2023-10-02,NEE,6.393506215412114e-17
combined_max_sharpe,2023-11-01,NEE,1.1245659522253394e-17
combined_max_sharpe,2023-12-01,NEE,0.0
combined_max_sharpe,2022-01-03,NEM,0.08362419690401694
combined_max_sharpe,2022-02-01,NEM,0.09999999999999994
combined_max_sharpe,2022-03-01,NEM,0.09999999999999998
combined_max_sharpe,2022-04-01,NEM,0.08074602856104358
combined_max_sharpe,2022-05-02,NEM,0.032849569375029704
combined_max_sharpe,2022-06-01,NEM,0.0023788702659993557
combined_max_sharpe,2022-07-01,NEM,0.0
combined_max_sharpe,2022-08-01,NEM,2.5527327218427784e-17
combined_max_sharpe,2022-09-01,NEM,0.0
combined_max_sharpe,2022-10-03,NEM,2.50798884103578e-17
combined_max_sharpe,2022-11-01,NEM,3.2098069382484493e-17
combined_max_sharpe,2022-12-01,NEM,5.907537567049089e-18
combined_max_sharpe,2023-01-03,NEM,2.6573984487294815e-17
combined_max_sharpe,2023-02-01,NEM,0.0
combined_max_sharpe,2023-03-01,NEM,2.1318870676204315e-17
combined_max_sharpe,2023-04-03,NEM,0.0
combined_max_sharpe,2023-05-01,NEM,1.559047798773107e-17
combined_max_sharpe,2023-06-01,NEM,6.704827408619118e-17
combined_max_sharpe,2023-07-03,NEM,0.0
combined_max_sharpe,2023-08-01,NEM,1.3223160250884176e-19
combined_max_sharpe,2023-09-01,NEM,0.0
combined_max_sharpe,2023-10-02,NEM,0.0
combined_max_sharpe,2023-11-01,NEM,4.4783570601756836e-18
combined_max_sharpe,2023-12-01,NEM,0.0
combined_max_sharpe,2022-01-03,NKE,2.087807990617436e-17
combined_max_sharpe,2022-02-01,NKE,0.0
combined_max_sharpe,2022-03-01,NKE,0.0
combined_max_sharpe,2022-04-01,NKE,7.965854878955203e-19
combined_max_sharpe,2022-05-02,NKE,8.313300294388977e-18
combined_max_sharpe,2022-06-01,NKE,6.7842208349623324e-18
combined_max_sharpe,2022-07-01,NKE,0.0
combined_max_sharpe,2022-08-01,NKE,4.498696384118807e-17
combined_max_sharpe,2022-09-01,NKE,0.0
combined_max_sharpe,2022-10-03,NKE,5.496308318181653e-17
combined_max_sharpe,2022-11-01,NKE,4.583613575155551e-17
combined_max_sharpe,2022-12-01,NKE,0.0
combined_max_sharpe,2023-01-03,NKE,0.0
combined_max_sharpe,2023-02-01,NKE,0.0
combined_max_sharpe,2023-03-01,NKE,5.383424250624326e-17
combined_max_sharpe,2023-04-03,NKE,4.06450762241845e-17
combined_max_sharpe,2023-05-01,NKE,2.7472514378647702e-17
combined_max_sharpe,2023-06-01,NKE,0.0
combined_max_sharpe,2023-07-03,NKE,6.487154465993734e-17
combined_max_sharpe,2023-08-01,NKE,0.0
combined_max_sharpe,2023-09-01,NKE,0.0
combined_max_sharpe,2023-10-02,NKE,0.0
combined_max_sharpe,2023-11-01,NKE,0.0
combined_max_sharpe,2023-12-01,NKE,0.0
combined_max_sharpe,2022-01-03,NUE,0.07053343290651581
combined_max_sharpe,2022-02-01,NUE,0.09999999999999994
combined_max_sharpe,2022-03-01,NUE,0.09999999999999994
combined_max_sharpe,2022-04-01,NUE,0.09999999999999991
combined_max_sharpe,2022-05-02,NUE,0.09999999999999994
combined_max_sharpe,2022-06-01,NUE,0.09999999999999991
combined_max_sharpe,2022-07-01,NUE,0.09999999999999992
combined_max_sharpe,2022-08-01,NUE,0.0999999999999999
combined_max_sharpe,2022-09-01,NUE,0.09999999999999985
combined_max_sharpe,2022-10-03,NUE,0.0999999999999999
combined_max_sharpe,2022-11-01,NUE,0.0824874329494716
combined_max_sharpe,2022-12-01,NUE,0.09999999999999988
combined_max_sharpe,2023-01-03,NUE,0.09999999999999994
combined_max_sharpe,2023-02-01,NUE,0.09999999999999994
combined_max_sharpe,2023-03-01,NUE,0.09999999999999977
combined_max_sharpe,2023-04-03,NUE,0.09200039552720513
combined_max_sharpe,2023-05-01,NUE,0.09159000596707406
combined_max_sharpe,2023-06-01,NUE,0.012963689563478509
combined_max_sharpe,2023-07-03,NUE,0.09999999999999971
combined_max_sharpe,2023-08-01,NUE,0.08488733451140884
combined_max_sharpe,2023-09-01,NUE,0.02188267020741742
combined_max_sharpe,2023-10-02,NUE,0.04930865800938511
combined_max_sharpe,2023-11-01,NUE,0.03376701149175246
combined_max_sharpe,2023-12-01,NUE,0.05367326107338252
combined_max_sharpe,2022-01-03,NVDA,0.09999999999999998
combined_max_sharpe,2022-02-01,NVDA,0.09999999999999994
combined_max_sharpe,2022-03-01,NVDA,0.09999999999999995
combined_max_sharpe,2022-04-01,NVDA,0.09999999999999994
combined_max_sharpe,2022-05-02,NVDA,0.06884612102440041
combined_max_sharpe,2022-06-01,NVDA,0.0505933346174356
combined_max_sharpe,2022-07-01,NVDA,0.026766714392006966
combined_max_sharpe,2022-08-01,NVDA,0.03349474497617717
combined_max_sharpe,2022-09-01,NVDA,2.7204620466776292e-17
combined_max_sharpe,2022-10-03,NVDA,1.966513967055128e-17
combined_max_sharpe,2022-11-01,NVDA,1.7979816154762555e-17
combined_max_sharpe,2022-12-01,NVDA,0.0
combined_max_sharpe,2023-01-03,NVDA,0.0
combined_max_sharpe,2023-02-01,NVDA,6.515878915765806e-17
combined_max_sharpe,2023-03-01,NVDA,0.03818387004477779
combined_max_sharpe,2023-04-03,NVDA,0.09735912100405077
combined_max_sharpe,2023-05-01,NVDA,0.09312622602307324
combined_max_sharpe,2023-06-01,NVDA,0.09999999999999984
combined_max_sharpe,2023-07-03,NVDA,0.09999999999999973
combined_max_sharpe,2023-08-01,NVDA,0.09999999999999973
combined_max_sharpe,2023-09-01,NVDA,0.09999999999999984
combined_max_sharpe,2023-10-02,NVDA,0.0999999999999999
combined_max_sharpe,2023-11-01,NVDA,0.10000000000000005
combined_max_sharpe,2023-12-01,NVDA,0.03880639113965812
combined_max_sharpe,2022-01-03,O,0.0
combined_max_sharpe,2022-02-01,O,5.472857631214874e-18
combined_max_sharpe,2022-03-01,O,4.7736818350882925e-17
combined_max_sharpe,2022-04-01,O,1.32866483099318e-17
combined_max_sharpe,2022-05-02,O,1.394309387728268e-17
combined_max_sharpe,2022-06-01,O,1.3982043122963151e-18
combined_max_sharpe,2022-07-01,O,0.0
combined_max_sharpe,2022-08-01,O,0.005731198925461968
combined_max_sharpe,2022-09-01,O,0.0
combined_max_sharpe,2022-10-03,O,0.0
combined_max_sharpe,2022-11-01,O,0.0
combined_max_sharpe,2022-12-01,O,8.063806211046125e-18
combined_max_sharpe,2023-01-03,O,0.0
combined_max_sharpe,2023-02-01,O,0.01565421534114183
combined_max_sharpe,2023-03-01,O,6.048134458783147e-17
combined_max_sharpe,2023-04-03,O,6.6008305429482e-17
combined_max_sharpe,2023-05-01,O,3.8884411377124125e-17
combined_max_sharpe,2023-06-01,O,6.393617007323203e-17
combined_max_sharpe,2023-07-03,O,0.0
combined_max_sharpe,2023-08-01,O,3.726880611978477e-18
combined_max_sharpe,2023-09-01,O,0.0
combined_max_sharpe,2023-10-02,O,0.0
combined_max_sharpe,2023-11-01,O,0.0
combined_max_sharpe,2023-12-01,O,0.0
combined_max_sharpe,2022-01-03,OXY,5.143693580310215e-17
combined_max_sharpe,2022-02-01,OXY,5.7703324704497084e-18
combined_max_sharpe,2022-03-01,OXY,6.583874413736904e-17
combined_max_sharpe,2022-04-01,OXY,0.037956928207569386
combined_max_sharpe,2022-05-02,OXY,0.03658781022407441
combined_max_sharpe,2022-06-01,OXY,0.09999999999999992
combined_max_sharpe,2022-07-01,OXY,0.09159917140086676
combined_max_sharpe,2022-08-01,OXY,0.09859538691658487
combined_max_sharpe,2022-09-01,OXY,0.09999999999999992
combined_max_sharpe,2022-10-03,OXY,0.0999999999999999
combined_max_sharpe,2022-11-01,OXY,0.09999999999999994
combined_max_sharpe,2022-12-01,OXY,0.09999999999999992
combined_max_sharpe,2023-01-03,OXY,0.08388651464352964
combined_max_sharpe,2023-02-01,OXY,0.06598598213698532
combined_max_sharpe,2023-03-01,OXY,0.05478842047705701
combined_max_sharpe,2023-04-03,OXY,0.09999999999999977
combined_max_sharpe,2023-05-01,OXY,0.0981907889448735
combined_max_sharpe,2023-06-01,OXY,0.0999999999999999
combined_max_sharpe,2023-07-03,OXY,0.05049284025289844
combined_max_sharpe,2023-08-01,OXY,0.09818481736133726
combined_max_sharpe,2023-09-01,OXY,0.09999999999999977
combined_max_sharpe,2023-10-02,OXY,0.0999999999999999
combined_max_sharpe,2023-11-01,OXY,0.10000000000000005
combined_max_sharpe,2023-12-01,OXY,0.09999999999999987
combined_max_sharpe,2022-01-03,PLD,0.035936406057070096
combined_max_sharpe,2022-02-01,PLD,0.019412551294605777
combined_max_sharpe,2022-03-01,PLD,0.011227126364716913
combined_max_sharpe,2022-04-01,PLD,0.072282870673026
combined_max_sharpe,2022-05-02,PLD,0.06806030113344873
combined_max_sharpe,2022-06-01,PLD,4.743297882138079e-18
combined_max_sharpe,2022-07-01,PLD,0.0
combined_max_sharpe,2022-08-01,PLD,4.313087910510956e-17
combined_max_sharpe,2022-09-01,PLD,7.210496555609863e-17
combined_max_sharpe,2022-10-03,PLD,0.0
combined_max_sharpe,2022-11-01,PLD,2.6700888000198915e-18
combined_max_sharpe,2022-12-01,PLD,1.5124118307221633e-18
combined_max_sharpe,2023-01-03,PLD,0.0
combined_max_sharpe,2023-02-01,PLD,0.0
combined_max_sharpe,2023-03-01,PLD,2.691974134314381e-16
combined_max_sharpe,2023-04-03,PLD,0.0
combined_max_sharpe,2023-05-01,PLD,8.900850243397519e-17
combined_max_sharpe,2023-06-01,PLD,9.77743282821012e-17
combined_max_sharpe,2023-07-03,PLD,0.0
combined_max_sharpe,2023-08-01,PLD,8.358072556038125e-17
combined_max_sharpe,2023-09-01,PLD,0.0
combined_max_sharpe,2023-10-02,PLD,0.0
combined_max_sharpe,2023-11-01,PLD,0.0
combined_max_sharpe,2023-12-01,PLD,0.0
combined_max_sharpe,2022-01-03,PSA,0.09999999999999988
combined_max_sharpe,2022-02-01,PSA,0.09999999999999994
combined_max_sharpe,2022-03-01,PSA,0.09999999999999998
combined_max_sharpe,2022-04-01,PSA,0.09999999999999994
combined_max_sharpe,2022-05-02,PSA,0.09999999999999994
combined_max_sharpe,2022-06-01,PSA,0.09999999999999991
combined_max_sharpe,2022-07-01,PSA,0.09999999999999994
combined_max_sharpe,2022-08-01,PSA,0.09999999999999992
combined_max_sharpe,2022-09-01,PSA,0.09999999999999992
combined_max_sharpe,2022-10-03,PSA,0.0999999999999996
combined_max_sharpe,2022-11-01,PSA,0.09999999999999983
combined_max_sharpe,2022-12-01,PSA,0.0953257637323171
combined_max_sharpe,2023-01-03,PSA,0.05465712540810213
combined_max_sharpe,2023-02-01,PSA,0.08500384032060616
combined_max_sharpe,2023-03-01,PSA,0.09267181516535523
combined_max_sharpe,2023-04-03,PSA,0.0688507244696191
combined_max_sharpe,2023-05-01,PSA,2.8539192505226365e-16
combined_max_sharpe,2023-06-01,PSA,3.230146821576549e-16
combined_max_sharpe,2023-07-03,PSA,0.0
combined_max_sharpe,2023-08-01,PSA,3.598157208236347e-18
combined_max_sharpe,2023-09-01,PSA,1.0398905327604229e-17
combined_max_sharpe,2023-10-02,PSA,3.410119768342462e-17
combined_max_sharpe,2023-11-01,PSA,0.0
combined_max_sharpe,2023-12-01,PSA,0.0
combined_max_sharpe,2022-01-03,QCOM,1.0183683692369117e-16
combined_max_sharpe,2022-02-01,QCOM,0.029338011580204198
combined_max_sharpe,2022-03-01,QCOM,0.018314329196146135
combined_max_sharpe,2022-04-01,QCOM,0.0
combined_max_sharpe,2022-05-02,QCOM,0.0
combined_max_sharpe,2022-06-01,QCOM,0.013231347928704345
combined_max_sharpe,2022-07-01,QCOM,0.0
combined_max_sharpe,2022-08-01,QCOM,0.02902737673958045
combined_max_sharpe,2022-09-01,QCOM,1.0948678208411897e-17
combined_max_sharpe,2022-10-03,QCOM,2.655290423068316e-17
combined_max_sharpe,2022-11-01,QCOM,0.0
combined_max_sharpe,2022-12-01,QCOM,0.0
combined_max_sharpe,2023-01-03,QCOM,7.375096120415651e-17
combined_max_sharpe,2023-02-01,QCOM,5.664610591594986e-18
combined_max_sharpe,2023-03-01,QCOM,3.994437655586541e-17
combined_max_sharpe,2023-04-03,QCOM,1.2870474074541557e-18
combined_max_sharpe,2023-05-01,QCOM,5.733361256240867e-17
combined_max_sharpe,2023-06-01,QCOM,5.1104144376149093e-17
combined_max_sharpe,2023-07-03,QCOM,1.2867441345326245e-17
combined_max_sharpe,2023-08-01,QCOM,4.0745343840984354e-17
combined_max_sharpe,2023-09-01,QCOM,2.211899671224061e-17
combined_max_sharpe,2023-10-02,QCOM,0.0
combined_max_sharpe,2023-11-01,QCOM,0.0
combined_max_sharpe,2023-12-01,QCOM,0.0
combined_max_sharpe,2022-01-03,SBUX,1.0304326694679632e-17
combined_max_sharpe,2022-02-01,SBUX,5.4172345785724976e-18
combined_max_sharpe,2022-03-01,SBUX,2.796382100183363e-18
combined_max_sharpe,2022-04-01,SBUX,1.2429760795292344e-17
combined_max_sharpe,2022-05-02,SBUX,0.0
combined_max_sharpe,2022-06-01,SBUX,0.0
combined_max_sharpe,2022-07-01,SBUX,0.0
combined_max_sharpe,2022-08-01,SBUX,0.0
combined_max_sharpe,2022-09-01,SBUX,5.694064973022732e-18
combined_max_sharpe,2022-10-03,SBUX,0.0
combined_max_sharpe,2022-11-01,SBUX,0.0
combined_max_sharpe,2022-12-01,SBUX,1.1777963830471463e-17
combined_max_sharpe,2023-01-03,SBUX,0.0
combined_max_sharpe,2023-02-01,SBUX,0.0
combined_max_sharpe,2023-03-01,SBUX,6.016997668465451e-17
combined_max_sharpe,2023-04-03,SBUX,0.0
combined_max_sharpe,2023-05-01,SBUX,0.0
combined_max_sharpe,2023-06-01,SBUX,4.7757754194845804e-17
combined_max_sharpe,2023-07-03,SBUX,1.0191396090827453e-16
combined_max_sharpe,2023-08-01,SBUX,0.0
combined_max_sharpe,2023-09-01,SBUX,0.0
combined_max_sharpe,2023-10-02,SBUX,0.0
combined_max_sharpe,2023-11-01,SBUX,0.0
combined_max_sharpe,2023-12-01,SBUX,0.0
combined_max_sharpe,2022-01-03,SHW,0.01800559088231708
combined_max_sharpe,2022-02-01,SHW,3.449237116007382e-17
combined_max_sharpe,2022-03-01,SHW,3.5272477287682286e-17
combined_max_sharpe,2022-04-01,SHW,3.642340549964022e-17
combined_max_sharpe,2022-05-02,SHW,0.04829864376868087
combined_max_sharpe,2022-06-01,SHW,0.03899857748074205
combined_max_sharpe,2022-07-01,SHW,3.167374769957476e-17
combined_max_sharpe,2022-08-01,SHW,0.0
combined_max_sharpe,2022-09-01,SHW,4.2876237678517114e-17
combined_max_sharpe,2022-10-03,SHW,0.0
combined_max_sharpe,2022-11-01,SHW,0.0
combined_max_sharpe,2022-12-01,SHW,2.9317224864414866e-17
combined_max_sharpe,2023-01-03,SHW,1.802217668482298e-17
combined_max_sharpe,2023-02-01,SHW,0.0
combined_max_sharpe,2023-03-01,SHW,5.431983184937416e-18
combined_max_sharpe,2023-04-03,SHW,0.0
combined_max_sharpe,2023-05-01,SHW,8.015368180829399e-18
combined_max_sharpe,2023-06-01,SHW,0.0
combined_max_sharpe,2023-07-03,SHW,0.0
combined_max_sharpe,2023-08-01,SHW,0.0
combined_max_sharpe,2023-09-01,SHW,1.1967363784187042e-16
combined_max_sharpe,2023-10-02,SHW,1.1414365505687039e-16
combined_max_sharpe,2023-11-01,SHW,2.892793478711888e-17
combined_max_sharpe,2023-12-01,SHW,1.3830795120410416e-17
combined_max_sharpe,2022-01-03,SLB,8.77176573487443e-18
combined_max_sharpe,2022-02-01,SLB,0.0
combined_max_sharpe,2022-03-01,SLB,1.4887632225582858e-18
combined_max_sharpe,2022-04-01,SLB,0.004157434789208701
combined_max_sharpe,2022-05-02,SLB,0.011433854419492169
combined_max_sharpe,2022-06-01,SLB,0.0
combined_max_sharpe,2022-07-01,SLB,0.0
combined_max_sharpe,2022-08-01,SLB,0.0
combined_max_sharpe,2022-09-01,SLB,0.0
combined_max_sharpe,2022-10-03,SLB,2.8813685070222594e-16
combined_max_sharpe,2022-11-01,SLB,0.0035279298326061467
combined_max_sharpe,2022-12-01,SLB,5.685909209629173e-17
combined_max_sharpe,2023-01-03,SLB,1.8406998688987264e-17
combined_max_sharpe,2023-02-01,SLB,0.022378862272987018
combined_max_sharpe,2023-03-01,SLB,0.020024999051062375
combined_max_sharpe,2023-04-03,SLB,0.004309864087001363
combined_max_sharpe,2023-05-01,SLB,3.208698234114455e-16
combined_max_sharpe,2023-06-01,SLB,4.404959396721094e-16
combined_max_sharpe,2023-07-03,SLB,4.873354042368459e-16
combined_max_sharpe,2023-08-01,SLB,0.04536131543207926
combined_max_sharpe,2023-09-01,SLB,0.07326981324701196
combined_max_sharpe,2023-10-02,SLB,0.0526303997959959
combined_max_sharpe,2023-11-01,SLB,0.0743032021215572
combined_max_sharpe,2023-12-01,SLB,0.07014079195788121
combined_max_sharpe,2022-01-03,SO,3.9437000499685745e-17
combined_max_sharpe,2022-02-01,SO,7.984333525185272e-22
combined_max_sharpe,2022-03-01,SO,0.0
combined_max_sharpe,2022-04-01,SO,2.2110293892592888e-17
combined_max_sharpe,2022-05-02,SO,0.026909690673609037
combined_max_sharpe,2022-06-01,SO,0.07318624025415399
combined_max_sharpe,2022-07-01,SO,0.09610273953356063
combined_max_sharpe,2022-08-01,SO,0.09999999999999987
combined_max_sharpe,2022-09-01,SO,0.09999999999999992
combined_max_sharpe,2022-10-03,SO,0.09999999999999974
combined_max_sharpe,2022-11-01,SO,0.0
combined_max_sharpe,2022-12-01,SO,0.0004838390883307128
combined_max_sharpe,2023-01-03,SO,0.03760030779129971
combined_max_sharpe,2023-02-01,SO,0.021184555422583625
combined_max_sharpe,2023-03-01,SO,0.01677660135330439
combined_max_sharpe,2023-04-03,SO,0.0572953603972492
combined_max_sharpe,2023-05-01,SO,0.08938155099988428
combined_max_sharpe,2023-06-01,SO,0.0999999999999997
combined_max_sharpe,2023-07-03,SO,0.09999999999999926
combined_max_sharpe,2023-08-01,SO,0.09825473473798446
combined_max_sharpe,2023-09-01,SO,0.021954522726524543
combined_max_sharpe,2023-10-02,SO,0.028158200956207354
combined_max_sharpe,2023-11-01,SO,0.04742566703658368
combined_max_sharpe,2023-12-01,SO,0.06979284165216684
combined_max_sharpe,2022-01-03,T,0.0
combined_max_sharpe,2022-02-01,T,0.0
combined_max_sharpe,2022-03-01,T,0.0
combined_max_sharpe,2022-04-01,T,2.0209174938385723e-17
combined_max_sharpe,2022-05-02,T,0.0
combined_max_sharpe,2022-06-01,T,0.0
combined_max_sharpe,2022-07-01,T,0.0
combined_max_sharpe,2022-08-01,T,9.244792573643816e-18
combined_max_sharpe,2022-09-01,T,0.0
combined_max_sharpe,2022-10-03,T,0.0
combined_max_sharpe,2022-11-01,T,0.0
combined_max_sharpe,2022-12-01,T,0.0
combined_max_sharpe,2023-01-03,T,0.0
combined_max_sharpe,2023-02-01,T,1.1858240357123052e-17
combined_max_sharpe,2023-03-01,T,0.0
combined_max_sharpe,2023-04-03,T,0.0
combined_max_sharpe,2023-05-01,T,1.5417170755644176e-17
combined_max_sharpe,2023-06-01,T,3.5045372699434815e-18
combined_max_sharpe,2023-07-03,T,0.0
combined_max_sharpe,2023-08-01,T,1.3308278217763616e-17
combined_max_sharpe,2023-09-01,T,0.0
combined_max_sharpe,2023-10-02,T,0.0
combined_max_sharpe,2023-11-01,T,7.67072739154051e-17
combined_max_sharpe,2023-12-01,T,8.010043155828172e-17
combined_max_sharpe,2022-01-03,TMUS,0.0
combined_max_sharpe,2022-02-01,TMUS,1.135318772525942e-17
combined_max_sharpe,2022-03-01,TMUS,1.2993487376396756e-17
combined_max_sharpe,2022-04-01,TMUS,0.0
combined_max_sharpe,2022-05-02,TMUS,1.2656367499361084e-17
combined_max_sharpe,2022-06-01,TMUS,0.0
combined_max_sharpe,2022-07-01,TMUS,0.0
combined_max_sharpe,2022-08-01,TMUS,2.2810611271973115e-17
combined_max_sharpe,2022-09-01,TMUS,3.675626779151963e-17
combined_max_sharpe,2022-10-03,TMUS,1.8471490320315926e-18
combined_max_sharpe,2022-11-01,TMUS,0.020711384725523873
combined_max_sharpe,2022-12-01,TMUS,0.0
combined_max_sharpe,2023-01-03,TMUS,0.0
combined_max_sharpe,2023-02-01,TMUS,4.293561195954278e-17
combined_max_sharpe,2023-03-01,TMUS,0.0
combined_max_sharpe,2023-04-03,TMUS,0.0
combined_max_sharpe,2023-05-01,TMUS,0.0
combined_max_sharpe,2023-06-01,TMUS,0.0
combined_max_sharpe,2023-07-03,TMUS,0.0
combined_max_sharpe,2023-08-01,TMUS,2.9896228215196073e-17
combined_max_sharpe,2023-09-01,TMUS,0.0
combined_max_sharpe,2023-10-02,TMUS,1.9225276788324045e-16
combined_max_sharpe,2023-11-01,TMUS,0.04316388544202687
combined_max_sharpe,2023-12-01,TMUS,0.08194345058062398
combined_max_sharpe,2022-01-03,TTWO,1.0665480417953007e-17
combined_max_sharpe,2022-02-01,TTWO,0.0
combined_max_sharpe,2022-03-01,TTWO,0.01216380743771042
combined_max_sharpe,2022-04-01,TTWO,1.3361491755200422e-17
combined_max_sharpe,2022-05-02,TTWO,0.0
combined_max_sharpe,2022-06-01,TTWO,0.0
combined_max_sharpe,2022-07-01,TTWO,0.0
combined_max_sharpe,2022-08-01,TTWO,0.0
combined_max_sharpe,2022-09-01,TTWO,1.2417418807635142e-17
combined_max_sharpe,2022-10-03,TTWO,0.0
combined_max_sharpe,2022-11-01,TTWO,3.66527236514326e-17
combined_max_sharpe,2022-12-01,TTWO,0.0
combined_max_sharpe,2023-01-03,TTWO,2.4973145156543394e-17
combined_max_sharpe,2023-02-01,TTWO,0.0
combined_max_sharpe,2023-03-01,TTWO,2.1190887040689768e-17
combined_max_sharpe,2023-04-03,TTWO,5.66958754828266e-17
combined_max_sharpe,2023-05-01,TTWO,0.0
combined_max_sharpe,2023-06-01,TTWO,0.0
combined_max_sharpe,2023-07-03,TTWO,0.0
combined_max_sharpe,2023-08-01,TTWO,3.4460782888831085e-17
combined_max_sharpe,2023-09-01,TTWO,1.3081400508258741e-18
combined_max_sharpe,2023-10-02,TTWO,0.0
combined_max_sharpe,2023-11-01,TTWO,0.0
combined_max_sharpe,2023-12-01,TTWO,0.0
combined_max_sharpe,2022-01-03,UPS,0.09999999999999984
combined_max_sharpe,2022-02-01,UPS,0.09999999999999994
combined_max_sharpe,2022-03-01,UPS,0.09999999999999995
combined_max_sharpe,2022-04-01,UPS,0.0926556015050018
combined_max_sharpe,2022-05-02,UPS,0.07750063252964311
combined_max_sharpe,2022-06-01,UPS,0.09758886321102321
combined_max_sharpe,2022-07-01,UPS,0.09999999999999994
combined_max_sharpe,2022-08-01,UPS,0.08165953866350643
combined_max_sharpe,2022-09-01,UPS,4.26588224692473e-17
combined_max_sharpe,2022-10-03,UPS,0.0
combined_max_sharpe,2022-11-01,UPS,0.0
combined_max_sharpe,2022-12-01,UPS,6.4730640841742455e-18
combined_max_sharpe,2023-01-03,UPS,1.0543287202571788e-17
combined_max_sharpe,2023-02-01,UPS,9.77851928623609e-18
combined_max_sharpe,2023-03-01,UPS,0.0
combined_max_sharpe,2023-04-03,UPS,0.0
combined_max_sharpe,2023-05-01,UPS,0.0
combined_max_sharpe,2023-06-01,UPS,2.3644725068626748e-17
combined_max_sharpe,2023-07-03,UPS,5.460944846262387e-17
combined_max_sharpe,2023-08-01,UPS,2.1277882866807674e-18
combined_max_sharpe,2023-09-01,UPS,0.0
combined_max_sharpe,2023-10-02,UPS,0.0
combined_max_sharpe,2023-11-01,UPS,0.0
combined_max_sharpe,2023-12-01,UPS,0.0
combined_max_sharpe,2022-01-03,USB,0.0
combined_max_sharpe,2022-02-01,USB,0.0
combined_max_sharpe,2022-03-01,USB,0.0
combined_max_sharpe,2022-04-01,USB,1.2272810184108738e-18
combined_max_sharpe,2022-05-02,USB,0.0
combined_max_sharpe,2022-06-01,USB,9.191519494481631e-18
combined_max_sharpe,2022-07-01,USB,0.0
combined_max_sharpe,2022-08-01,USB,4.6692329732776474e-17
combined_max_sharpe,2022-09-01,USB,0.0
combined_max_sharpe,2022-10-03,USB,1.3812654569573477e-17
combined_max_sharpe,2022-11-01,USB,3.2989749385020284e-18
combined_max_sharpe,2022-12-01,USB,6.410346112374941e-18
combined_max_sharpe,2023-01-03,USB,4.787321028115542e-17
combined_max_sharpe,2023-02-01,USB,0.0
combined_max_sharpe,2023-03-01,USB,0.0
combined_max_sharpe,2023-04-03,USB,3.642346598166496e-17
combined_max_sharpe,2023-05-01,USB,1.259277731978705e-16
combined_max_sharpe,2023-06-01,USB,0.0
combined_max_sharpe,2023-07-03,USB,4.7971748742743126e-17
combined_max_sharpe,2023-08-01,USB,1.8165510109993667e-17
combined_max_sharpe,2023-09-01,USB,0.0
combined_max_sharpe,2023-10-02,USB,0.0
combined_max_sharpe,2023-11-01,USB,0.0
combined_max_sharpe,2023-12-01,USB,0.0
combined_max_sharpe,2022-01-03,V,1.3509192699730616e-17
combined_max_sharpe,2022-02-01,V,0.0
combined_max_sharpe,2022-03-01,V,9.283504049423215e-18
combined_max_sharpe,2022-04-01,V,0.0
combined_max_sharpe,2022-05-02,V,5.595928626095688e-17
combined_max_sharpe,2022-06-01,V,0.0
combined_max_sharpe,2022-07-01,V,0.0
combined_max_sharpe,2022-08-01,V,0.0
combined_max_sharpe,2022-09-01,V,0.0
combined_max_sharpe,2022-10-03,V,0.0
combined_max_sharpe,2022-11-01,V,3.259767253046084e-17
combined_max_sharpe,2022-12-01,V,0.0
combined_max_sharpe,2023-01-03,V,0.0
combined_max_sharpe,2023-02-01,V,0.0
combined_max_sharpe,2023-03-01,V,2.2741887694126697e-17
combined_max_sharpe,2023-04-03,V,0.0
combined_max_sharpe,2023-05-01,V,1.3950031480041597e-17
combined_max_sharpe,2023-06-01,V,6.261127419466647e-17
combined_max_sharpe,2023-07-03,V,8.546552670165706e-17
combined_max_sharpe,2023-08-01,V,3.259487518514827e-17
combined_max_sharpe,2023-09-01,V,4.53781358454021e-17
combined_max_sharpe,2023-10-02,V,0.0
combined_max_sharpe,2023-11-01,V,1.5515777844980692e-16
combined_max_sharpe,2023-12-01,V,0.021037957022201705
combined_max_sharpe,2022-01-03,WFC,0.0
combined_max_sharpe,2022-02-01,WFC,1.5255919302584752e-17
combined_max_sharpe,2022-03-01,WFC,1.2774839220940643e-17
combined_max_sharpe,2022-04-01,WFC,2.913968953320393e-17
combined_max_sharpe,2022-05-02,WFC,0.0
combined_max_sharpe,2022-06-01,WFC,1.2426975098770743e-17
combined_max_sharpe,2022-07-01,WFC,0.0
combined_max_sharpe,2022-08-01,WFC,8.65861488023574e-17
combined_max_sharpe,2022-09-01,WFC,0.016740086193864554
combined_max_sharpe,2022-10-03,WFC,0.01806430499689519
combined_max_sharpe,2022-11-01,WFC,0.03378778596983844
combined_max_sharpe,2022-12-01,WFC,0.002417673549334755
combined_max_sharpe,2023-01-03,WFC,4.1699293007737234e-17
combined_max_sharpe,2023-02-01,WFC,0.001078728970484062
combined_max_sharpe,2023-03-01,WFC,8.299655173585325e-17
combined_max_sharpe,2023-04-03,WFC,0.0
combined_max_sharpe,2023-05-01,WFC,4.91738372215962e-17
combined_max_sharpe,2023-06-01,WFC,1.1052471848742642e-17
combined_max_sharpe,2023-07-03,WFC,1.8698822918244586e-17
combined_max_sharpe,2023-08-01,WFC,2.5439140846743945e-17
combined_max_sharpe,2023-09-01,WFC,2.506974671414732e-17
combined_max_sharpe,2023-10-02,WFC,0.0
combined_max_sharpe,2023-11-01,WFC,0.0
combined_max_sharpe,2023-12-01,WFC,0.0
combined_max_sharpe,2022-01-03,WMT,9.885189426325756e-18
combined_max_sharpe,2022-02-01,WMT,1.3337048786096453e-18
combined_max_sharpe,2022-03-01,WMT,4.2451472415877585e-17
combined_max_sharpe,2022-04-01,WMT,0.027272722363784595
combined_max_sharpe,2022-05-02,WMT,0.045361651889524755
combined_max_sharpe,2022-06-01,WMT,7.022206376201393e-18
combined_max_sharpe,2022-07-01,WMT,0.0
combined_max_sharpe,2022-08-01,WMT,0.0
combined_max_sharpe,2022-09-01,WMT,0.0
combined_max_sharpe,2022-10-03,WMT,0.0
combined_max_sharpe,2022-11-01,WMT,0.0
combined_max_sharpe,2022-12-01,WMT,5.751535782045781e-18
combined_max_sharpe,2023-01-03,WMT,9.13363567958192e-18
combined_max_sharpe,2023-02-01,WMT,2.6597695018179385e-17
combined_max_sharpe,2023-03-01,WMT,0.00034393017148272304
combined_max_sharpe,2023-04-03,WMT,2.6552055482433203e-17
combined_max_sharpe,2023-05-01,WMT,0.009492475241270306
combined_max_sharpe,2023-06-01,WMT,0.025907830650814583
combined_max_sharpe,2023-07-03,WMT,0.05650211978010483
combined_max_sharpe,2023-08-01,WMT,0.043168972291083914
combined_max_sharpe,2023-09-01,WMT,0.04925147540149342
combined_max_sharpe,2023-10-02,WMT,0.07019342046972038
combined_max_sharpe,2023-11-01,WMT,0.041005857358188604
combined_max_sharpe,2023-12-01,WMT,0.026582255196926856
combined_max_sharpe,2022-01-03,XOM,1.6095251514081677e-18
combined_max_sharpe,2022-02-01,XOM,0.0
combined_max_sharpe,2022-03-01,XOM,0.011484810333559482
combined_max_sharpe,2022-04-01,XOM,0.0
combined_max_sharpe,2022-05-02,XOM,0.015295787396971966
combined_max_sharpe,2022-06-01,XOM,0.025214439642703458
combined_max_sharpe,2022-07-01,XOM,0.05748011279811412
combined_max_sharpe,2022-08-01,XOM,0.08660664625042869
combined_max_sharpe,2022-09-01,XOM,0.0902722869108605
combined_max_sharpe,2022-10-03,XOM,0.0999999999999999
combined_max_sharpe,2022-11-01,XOM,0.09999999999999994
combined_max_sharpe,2022-12-01,XOM,0.09999999999999992
combined_max_sharpe,2023-01-03,XOM,0.09999999999999994
combined_max_sharpe,2023-02-01,XOM,0.09999999999999994
combined_max_sharpe,2023-03-01,XOM,0.0999999999999997
combined_max_sharpe,2023-04-03,XOM,0.09999999999999969
combined_max_sharpe,2023-05-01,XOM,0.09999999999999963
combined_max_sharpe,2023-06-01,XOM,0.09999999999999978
combined_max_sharpe,2023-07-03,XOM,0.09999999999999971
combined_max_sharpe,2023-08-01,XOM,0.09999999999999983
combined_max_sharpe,2023-09-01,XOM,0.0999999999999999
combined_max_sharpe,2023-10-02,XOM,0.0999999999999999
combined_max_sharpe,2023-11-01,XOM,0.10000000000000005
combined_max_sharpe,2023-12-01,XOM,0.09999999999999987
combined_max_sharpe,2022-01-03,CR_ADA-USD,0.09999999999999998
combined_max_sharpe,2022-02-01,CR_ADA-USD,0.0680628075882338
combined_max_sharpe,2022-03-01,CR_ADA-USD,0.07616336189619381
combined_max_sharpe,2022-04-01,CR_ADA-USD,0.030015054961678674
combined_max_sharpe,2022-05-02,CR_ADA-USD,0.015735981963160287
combined_max_sharpe,2022-06-01,CR_ADA-USD,3.1746628623638567e-17
combined_max_sharpe,2022-07-01,CR_ADA-USD,1.2848750366567536e-17
combined_max_sharpe,2022-08-01,CR_ADA-USD,3.537504068653901e-17
combined_max_sharpe,2022-09-01,CR_ADA-USD,1.3525409538879182e-17
combined_max_sharpe,2022-10-03,CR_ADA-USD,7.629901505969412e-17
combined_max_sharpe,2022-11-01,CR_ADA-USD,0.0
combined_max_sharpe,2022-12-01,CR_ADA-USD,3.035924036952053e-17
combined_max_sharpe,2023-01-03,CR_ADA-USD,5.102280305309606e-17
combined_max_sharpe,2023-02-01,CR_ADA-USD,3.654634356162269e-17
combined_max_sharpe,2023-03-01,CR_ADA-USD,1.203675348346429e-16
combined_max_sharpe,2023-04-03,CR_ADA-USD,1.0125109966952672e-16
combined_max_sharpe,2023-05-01,CR_ADA-USD,2.6461823517495315e-16
combined_max_sharpe,2023-06-01,CR_ADA-USD,9.847497938130187e-17
combined_max_sharpe,2023-07-03,CR_ADA-USD,1.458810858070418e-16
combined_max_sharpe,2023-08-01,CR_ADA-USD,0.0
combined_max_sharpe,2023-09-01,CR_ADA-USD,1.3592909846806803e-16
combined_max_sharpe,2023-10-02,CR_ADA-USD,0.0
combined_max_sharpe,2023-11-01,CR_ADA-USD,0.0
combined_max_sharpe,2023-12-01,CR_ADA-USD,0.0
combined_max_sharpe,2022-01-03,CR_BCH-USD,4.896858264709998e-18
combined_max_sharpe,2022-02-01,CR_BCH-USD,0.0
combined_max_sharpe,2022-03-01,CR_BCH-USD,0.0
combined_max_sharpe,2022-04-01,CR_BCH-USD,0.0
combined_max_sharpe,2022-05-02,CR_BCH-USD,0.0
combined_max_sharpe,2022-06-01,CR_BCH-USD,0.0
combined_max_sharpe,2022-07-01,CR_BCH-USD,0.0
combined_max_sharpe,2022-08-01,CR_BCH-USD,1.621924821342399e-16
combined_max_sharpe,2022-09-01,CR_BCH-USD,0.0
combined_max_sharpe,2022-10-03,CR_BCH-USD,6.999456604195732e-17
combined_max_sharpe,2022-11-01,CR_BCH-USD,0.0
combined_max_sharpe,2022-12-01,CR_BCH-USD,2.1295616241597696e-16
combined_max_sharpe,2023-01-03,CR_BCH-USD,0.0
combined_max_sharpe,2023-02-01,CR_BCH-USD,0.0
combined_max_sharpe,2023-03-01,CR_BCH-USD,8.550942850960719e-17
combined_max_sharpe,2023-04-03,CR_BCH-USD,0.0
combined_max_sharpe,2023-05-01,CR_BCH-USD,0.0
combined_max_sharpe,2023-06-01,CR_BCH-USD,0.0
combined_max_sharpe,2023-07-03,CR_BCH-USD,2.557054478198751e-17
combined_max_sharpe,2023-08-01,CR_BCH-USD,0.0
combined_max_sharpe,2023-09-01,CR_BCH-USD,0.0
combined_max_sharpe,2023-10-02,CR_BCH-USD,0.0
combined_max_sharpe,2023-11-01,CR_BCH-USD,0.0
combined_max_sharpe,2023-12-01,CR_BCH-USD,0.0
combined_max_sharpe,2022-01-03,CR_BTC-USD,0.09675453649205443
combined_max_sharpe,2022-02-01,CR_BTC-USD,0.0804730073434591
combined_max_sharpe,2022-03-01,CR_BTC-USD,0.09999999999999996
combined_max_sharpe,2022-04-01,CR_BTC-USD,0.06734381480994468
combined_max_sharpe,2022-05-02,CR_BTC-USD,0.061052514859555845
combined_max_sharpe,2022-06-01,CR_BTC-USD,0.01093035347357014
combined_max_sharpe,2022-07-01,CR_BTC-USD,1.18004835927554e-18
combined_max_sharpe,2022-08-01,CR_BTC-USD,0.0
combined_max_sharpe,2022-09-01,CR_BTC-USD,0.0
combined_max_sharpe,2022-10-03,CR_BTC-USD,9.366950951905892e-18
combined_max_sharpe,2022-11-01,CR_BTC-USD,0.0
combined_max_sharpe,2022-12-01,CR_BTC-USD,3.8407826301772037e-17
combined_max_sharpe,2023-01-03,CR_BTC-USD,0.0
combined_max_sharpe,2023-02-01,CR_BTC-USD,0.0
combined_max_sharpe,2023-03-01,CR_BTC-USD,1.3417897831255257e-16
combined_max_sharpe,2023-04-03,CR_BTC-USD,6.775863347620054e-17
combined_max_sharpe,2023-05-01,CR_BTC-USD,0.0
combined_max_sharpe,2023-06-01,CR_BTC-USD,0.0
combined_max_sharpe,2023-07-03,CR_BTC-USD,1.670630183869237e-17
combined_max_sharpe,2023-08-01,CR_BTC-USD,0.0
combined_max_sharpe,2023-09-01,CR_BTC-USD,0.0
combined_max_sharpe,2023-10-02,CR_BTC-USD,0.0
combined_max_sharpe,2023-11-01,CR_BTC-USD,0.0
combined_max_sharpe,2023-12-01,CR_BTC-USD,0.0
combined_max_sharpe,2022-01-03,CR_EOS-USD,6.927616273250578e-17
combined_max_sharpe,2022-02-01,CR_EOS-USD,0.0
combined_max_sharpe,2022-03-01,CR_EOS-USD,1.351418863146157e-17
combined_max_sharpe,2022-04-01,CR_EOS-USD,3.7907694126804507e-17
combined_max_sharpe,2022-05-02,CR_EOS-USD,0.0
combined_max_sharpe,2022-06-01,CR_EOS-USD,2.031942173553072e-17
combined_max_sharpe,2022-07-01,CR_EOS-USD,0.0
combined_max_sharpe,2022-08-01,CR_EOS-USD,0.0
combined_max_sharpe,2022-09-01,CR_EOS-USD,0.0
combined_max_sharpe,2022-10-03,CR_EOS-USD,0.0
combined_max_sharpe,2022-11-01,CR_EOS-USD,0.0
combined_max_sharpe,2022-12-01,CR_EOS-USD,0.0
combined_max_sharpe,2023-01-03,CR_EOS-USD,1.079885480828059e-16
combined_max_sharpe,2023-02-01,CR_EOS-USD,5.1536805583990854e-17
combined_max_sharpe,2023-03-01,CR_EOS-USD,1.576116627624832e-16
combined_max_sharpe,2023-04-03,CR_EOS-USD,1.9148588237531085e-16
combined_max_sharpe,2023-05-01,CR_EOS-USD,0.0
combined_max_sharpe,2023-06-01,CR_EOS-USD,5.98413981449727e-17
combined_max_sharpe,2023-07-03,CR_EOS-USD,2.8225854177694774e-16
combined_max_sharpe,2023-08-01,CR_EOS-USD,0.0
combined_max_sharpe,2023-09-01,CR_EOS-USD,0.0
combined_max_sharpe,2023-10-02,CR_EOS-USD,0.0
combined_max_sharpe,2023-11-01,CR_EOS-USD,4.97144525959587e-17
combined_max_sharpe,2023-12-01,CR_EOS-USD,0.0
combined_max_sharpe,2022-01-03,CR_ETC-USD,1.2880843528611735e-17
combined_max_sharpe,2022-02-01,CR_ETC-USD,0.0
combined_max_sharpe,2022-03-01,CR_ETC-USD,1.7377798054830576e-17
combined_max_sharpe,2022-04-01,CR_ETC-USD,0.0023158607507323126
combined_max_sharpe,2022-05-02,CR_ETC-USD,2.7390334644451914e-17
combined_max_sharpe,2022-06-01,CR_ETC-USD,0.0
combined_max_sharpe,2022-07-01,CR_ETC-USD,2.4806494159830782e-18
combined_max_sharpe,2022-08-01,CR_ETC-USD,0.025999254354374623
combined_max_sharpe,2022-09-01,CR_ETC-USD,0.05006828108547059
combined_max_sharpe,2022-10-03,CR_ETC-USD,0.05993449628159471
combined_max_sharpe,2022-11-01,CR_ETC-USD,0.041631642309599017
combined_max_sharpe,2022-12-01,CR_ETC-USD,0.030631489872305056
combined_max_sharpe,2023-01-03,CR_ETC-USD,0.03121906202231845
combined_max_sharpe,2023-02-01,CR_ETC-USD,0.044090318109057176
combined_max_sharpe,2023-03-01,CR_ETC-USD,0.040186476437149336
combined_max_sharpe,2023-04-03,CR_ETC-USD,0.02873039955182359
combined_max_sharpe,2023-05-01,CR_ETC-USD,0.0
combined_max_sharpe,2023-06-01,CR_ETC-USD,0.0
combined_max_sharpe,2023-07-03,CR_ETC-USD,0.0
combined_max_sharpe,2023-08-01,CR_ETC-USD,1.4784700690483696e-16
combined_max_sharpe,2023-09-01,CR_ETC-USD,0.0
combined_max_sharpe,2023-10-02,CR_ETC-USD,0.0
combined_max_sharpe,2023-11-01,CR_ETC-USD,0.0
combined_max_sharpe,2023-12-01,CR_ETC-USD,0.0
combined_max_sharpe,2022-01-03,CR_ETH-USD,0.0906820296689585
combined_max_sharpe,2022-02-01,CR_ETH-USD,0.07597215931275988
combined_max_sharpe,2022-03-01,CR_ETH-USD,0.031997970528357234
combined_max_sharpe,2022-04-01,CR_ETH-USD,0.011146727741043623
combined_max_sharpe,2022-05-02,CR_ETH-USD,0.018927904381055446
combined_max_sharpe,2022-06-01,CR_ETH-USD,1.3050889536792955e-17
combined_max_sharpe,2022-07-01,CR_ETH-USD,0.0
combined_max_sharpe,2022-08-01,CR_ETH-USD,0.0
combined_max_sharpe,2022-09-01,CR_ETH-USD,0.0
combined_max_sharpe,2022-10-03,CR_ETH-USD,0.0
combined_max_sharpe,2022-11-01,CR_ETH-USD,6.033540091256506e-17
combined_max_sharpe,2022-12-01,CR_ETH-USD,0.0
combined_max_sharpe,2023-01-03,CR_ETH-USD,7.453821114410874e-17
combined_max_sharpe,2023-02-01,CR_ETH-USD,0.0
combined_max_sharpe,2023-03-01,CR_ETH-USD,5.3460909749849206e-17
combined_max_sharpe,2023-04-03,CR_ETH-USD,0.0
combined_max_sharpe,2023-05-01,CR_ETH-USD,1.2171648993507914e-16
combined_max_sharpe,2023-06-01,CR_ETH-USD,0.0
combined_max_sharpe,2023-07-03,CR_ETH-USD,1.1935487192650827e-16
combined_max_sharpe,2023-08-01,CR_ETH-USD,5.413355802166704e-17
combined_max_sharpe,2023-09-01,CR_ETH-USD,3.397790825976981e-17
combined_max_sharpe,2023-10-02,CR_ETH-USD,0.0
combined_max_sharpe,2023-11-01,CR_ETH-USD,0.0
combined_max_sharpe,2023-12-01,CR_ETH-USD,0.0
combined_max_sharpe,2022-01-03,CR_LTC-USD,5.69289032644033e-18
combined_max_sharpe,2022-02-01,CR_LTC-USD,5.308660654298887e-17
combined_max_sharpe,2022-03-01,CR_LTC-USD,4.628008706818948e-17
combined_max_sharpe,2022-04-01,CR_LTC-USD,0.0
combined_max_sharpe,2022-05-02,CR_LTC-USD,0.0
combined_max_sharpe,2022-06-01,CR_LTC-USD,9.123632371861662e-17
combined_max_sharpe,2022-07-01,CR_LTC-USD,2.0175448905214874e-17
combined_max_sharpe,2022-08-01,CR_LTC-USD,0.0
combined_max_sharpe,2022-09-01,CR_LTC-USD,0.0
combined_max_sharpe,2022-10-03,CR_LTC-USD,2.96933773858994e-18
combined_max_sharpe,2022-11-01,CR_LTC-USD,9.096693131680811e-17
combined_max_sharpe,2022-12-01,CR_LTC-USD,0.0
combined_max_sharpe,2023-01-03,CR_LTC-USD,0.0
combined_max_sharpe,2023-02-01,CR_LTC-USD,0.0
combined_max_sharpe,2023-03-01,CR_LTC-USD,0.0
combined_max_sharpe,2023-04-03,CR_LTC-USD,1.2258388262187813e-16
combined_max_sharpe,2023-05-01,CR_LTC-USD,0.0
combined_max_sharpe,2023-06-01,CR_LTC-USD,1.2180777184803253e-16
combined_max_sharpe,2023-07-03,CR_LTC-USD,1.3609762686183753e-17
combined_max_sharpe,2023-08-01,CR_LTC-USD,0.0
combined_max_sharpe,2023-09-01,CR_LTC-USD,0.0
combined_max_sharpe,2023-10-02,CR_LTC-USD,0.0
combined_max_sharpe,2023-11-01,CR_LTC-USD,0.0
combined_max_sharpe,2023-12-01,CR_LTC-USD,0.0
combined_max_sharpe,2022-01-03,CR_TRX-USD,8.907369224605573e-17
combined_max_sharpe,2022-02-01,CR_TRX-USD,0.0
combined_max_sharpe,2022-03-01,CR_TRX-USD,4.793943733625795e-17
combined_max_sharpe,2022-04-01,CR_TRX-USD,3.068224291602014e-17
combined_max_sharpe,2022-05-02,CR_TRX-USD,0.005103348570214295
combined_max_sharpe,2022-06-01,CR_TRX-USD,0.03941783459844054
combined_max_sharpe,2022-07-01,CR_TRX-USD,0.041446557590075414
combined_max_sharpe,2022-08-01,CR_TRX-USD,0.02132033408105566
combined_max_sharpe,2022-09-01,CR_TRX-USD,3.8799511264044946e-17
combined_max_sharpe,2022-10-03,CR_TRX-USD,1.402026274419395e-17
combined_max_sharpe,2022-11-01,CR_TRX-USD,0.0
combined_max_sharpe,2022-12-01,CR_TRX-USD,0.0
combined_max_sharpe,2023-01-03,CR_TRX-USD,2.7997853508323227e-17
combined_max_sharpe,2023-02-01,CR_TRX-USD,7.294475545614935e-17
combined_max_sharpe,2023-03-01,CR_TRX-USD,1.8691127974569144e-16
combined_max_sharpe,2023-04-03,CR_TRX-USD,1.5810649154512227e-16
combined_max_sharpe,2023-05-01,CR_TRX-USD,2.5246009249724786e-16
combined_max_sharpe,2023-06-01,CR_TRX-USD,3.4340211357491924e-17
combined_max_sharpe,2023-07-03,CR_TRX-USD,1.7402494239410582e-17
combined_max_sharpe,2023-08-01,CR_TRX-USD,9.774040233309446e-17
combined_max_sharpe,2023-09-01,CR_TRX-USD,8.662304224161969e-17
combined_max_sharpe,2023-10-02,CR_TRX-USD,0.0
combined_max_sharpe,2023-11-01,CR_TRX-USD,0.0
combined_max_sharpe,2023-12-01,CR_TRX-USD,0.0
combined_max_sharpe,2022-01-03,CR_XLM-USD,7.030729463145158e-17
combined_max_sharpe,2022-02-01,CR_XLM-USD,0.008171996069988474
combined_max_sharpe,2022-03-01,CR_XLM-USD,0.0011985628135034708
combined_max_sharpe,2022-04-01,CR_XLM-USD,1.0539597292579862e-17
combined_max_sharpe,2022-05-02,CR_XLM-USD,3.672225090060737e-17
combined_max_sharpe,2022-06-01,CR_XLM-USD,0.0
combined_max_sharpe,2022-07-01,CR_XLM-USD,0.0
combined_max_sharpe,2022-08-01,CR_XLM-USD,1.81820106175648e-17
combined_max_sharpe,2022-09-01,CR_XLM-USD,1.0534205703611917e-16
combined_max_sharpe,2022-10-03,CR_XLM-USD,0.0
combined_max_sharpe,2022-11-01,CR_XLM-USD,2.7492730704184045e-17
combined_max_sharpe,2022-12-01,CR_XLM-USD,0.0
combined_max_sharpe,2023-01-03,CR_XLM-USD,6.323672698492745e-17
combined_max_sharpe,2023-02-01,CR_XLM-USD,0.0
combined_max_sharpe,2023-03-01,CR_XLM-USD,3.955497137649694e-16
combined_max_sharpe,2023-04-03,CR_XLM-USD,1.4078118953053872e-16
combined_max_sharpe,2023-05-01,CR_XLM-USD,0.0
combined_max_sharpe,2023-06-01,CR_XLM-USD,1.132718821645118e-16
combined_max_sharpe,2023-07-03,CR_XLM-USD,0.0
combined_max_sharpe,2023-08-01,CR_XLM-USD,5.17555659618098e-17
combined_max_sharpe,2023-09-01,CR_XLM-USD,0.0
combined_max_sharpe,2023-10-02,CR_XLM-USD,0.0
combined_max_sharpe,2023-11-01,CR_XLM-USD,0.0
combined_max_sharpe,2023-12-01,CR_XLM-USD,0.0
combined_max_sharpe,2022-01-03,CR_XRP-USD,1.842196212915203e-16
combined_max_sharpe,2022-02-01,CR_XRP-USD,0.0
combined_max_sharpe,2022-03-01,CR_XRP-USD,1.2787865069604187e-16
combined_max_sharpe,2022-04-01,CR_XRP-USD,2.09007109453781e-17
combined_max_sharpe,2022-05-02,CR_XRP-USD,3.454807767299725e-17
combined_max_sharpe,2022-06-01,CR_XRP-USD,3.2622821188836235e-17
combined_max_sharpe,2022-07-01,CR_XRP-USD,0.0
combined_max_sharpe,2022-08-01,CR_XRP-USD,6.115182337717439e-17
combined_max_sharpe,2022-09-01,CR_XRP-USD,1.1322655867224594e-17
combined_max_sharpe,2022-10-03,CR_XRP-USD,0.0
combined_max_sharpe,2022-11-01,CR_XRP-USD,0.0004084931403041143
combined_max_sharpe,2022-12-01,CR_XRP-USD,1.720211037648929e-16
combined_max_sharpe,2023-01-03,CR_XRP-USD,0.006848696181781012
combined_max_sharpe,2023-02-01,CR_XRP-USD,8.84337280191088e-17
combined_max_sharpe,2023-03-01,CR_XRP-USD,0.0
combined_max_sharpe,2023-04-03,CR_XRP-USD,0.0
combined_max_sharpe,2023-05-01,CR_XRP-USD,0.0
combined_max_sharpe,2023-06-01,CR_XRP-USD,1.7456768551610785e-16
combined_max_sharpe,2023-07-03,CR_XRP-USD,1.2641696753321432e-16
combined_max_sharpe,2023-08-01,CR_XRP-USD,0.01680280724912598
combined_max_sharpe,2023-09-01,CR_XRP-USD,0.0
combined_max_sharpe,2023-10-02,CR_XRP-USD,2.507521046631356e-16
combined_max_sharpe,2023-11-01,CR_XRP-USD,0.0
combined_max_sharpe,2023-12-01,CR_XRP-USD,0.002329167888524774
combined_risk_parity,2022-01-03,ABBV,0.024421426505367008
combined_risk_parity,2022-02-01,ABBV,0.024550687561097406
combined_risk_parity,2022-03-01,ABBV,0.024904773301044725
combined_risk_parity,2022-04-01,ABBV,0.027394311604228172
combined_risk_parity,2022-05-02,ABBV,0.027328690502970057
combined_risk_parity,2022-06-01,ABBV,0.02614441186185448
combined_risk_parity,2022-07-01,ABBV,0.026203225532773395
combined_risk_parity,2022-08-01,ABBV,0.026612674273738694
combined_risk_parity,2022-09-01,ABBV,0.026388949180133976
combined_risk_parity,2022-10-03,ABBV,0.026584799878643532
combined_risk_parity,2022-11-01,ABBV,0.027723033710443042
combined_risk_parity,2022-12-01,ABBV,0.028456524635288735
combined_risk_parity,2023-01-03,ABBV,0.028853570721160866
combined_risk_parity,2023-02-01,ABBV,0.030048875182984575
combined_risk_parity,2023-03-01,ABBV,0.03060779501598839
combined_risk_parity,2023-04-03,ABBV,0.030830237345397492
combined_risk_parity,2023-05-01,ABBV,0.03150018864796174
combined_risk_parity,2023-06-01,ABBV,0.03169886176044472
combined_risk_parity,2023-07-03,ABBV,0.031768557550052444
combined_risk_parity,2023-08-01,ABBV,0.032258887064288075
combined_risk_parity,2023-09-01,ABBV,0.032226747590963306
combined_risk_parity,2023-10-02,ABBV,0.03235467391846091
combined_risk_parity,2023-11-01,ABBV,0.03236357270432771
combined_risk_parity,2023-12-01,ABBV,0.03309024297377889
combined_risk_parity,2022-01-03,ABT,0.021507657029625742
combined_risk_parity,2022-02-01,ABT,0.021527005739548393
combined_risk_parity,2022-03-01,ABT,0.02150087370195895
combined_risk_parity,2022-04-01,ABT,0.023458365477092236
combined_risk_parity,2022-05-02,ABT,0.021752683485254477
combined_risk_parity,2022-06-01,ABT,0.021001927448522306
combined_risk_parity,2022-07-01,ABT,0.020824127509150085
combined_risk_parity,2022-08-01,ABT,0.02060618266826285
combined_risk_parity,2022-09-01,ABT,0.020360042534811492
combined_risk_parity,2022-10-03,ABT,0.02085675989883625
combined_risk_parity,2022-11-01,ABT,0.020727368988791003
combined_risk_parity,2022-12-01,ABT,0.020076552669743872
combined_risk_parity,2023-01-03,ABT,0.019857095475708148
combined_risk_parity,2023-02-01,ABT,0.019729910947856658
combined_risk_parity,2023-03-01,ABT,0.01954339624762998
combined_risk_parity,2023-04-03,ABT,0.01943656242400503
combined_risk_parity,2023-05-01,ABT,0.019466721835877228
combined_risk_parity,2023-06-01,ABT,0.01937213307504083
combined_risk_parity,2023-07-03,ABT,0.019489226165469435
combined_risk_parity,2023-08-01,ABT,0.01925431872529415
combined_risk_parity,2023-09-01,ABT,0.019081893857994855
combined_risk_parity,2023-10-02,ABT,0.018886185319215775
combined_risk_parity,2023-11-01,ABT,0.01915460481343879
combined_risk_parity,2023-12-01,ABT,0.01901449726545716
combined_risk_parity,2022-01-03,ADBE,0.017066557872916603
combined_risk_parity,2022-02-01,ADBE,0.01688633833008313
combined_risk_parity,2022-03-01,ADBE,0.01659807642707889
combined_risk_parity,2022-04-01,ADBE,0.01697604788173497
combined_risk_parity,2022-05-02,ADBE,0.01680836366744432
combined_risk_parity,2022-06-01,ADBE,0.01564717546930837
combined_risk_parity,2022-07-01,ADBE,0.014958204842727758
combined_risk_parity,2022-08-01,ADBE,0.01463990074638041
combined_risk_parity,2022-09-01,ADBE,0.014250433706508787
combined_risk_parity,2022-10-03,ADBE,0.013865940475451768
combined_risk_parity,2022-11-01,ADBE,0.01417869382227615
combined_risk_parity,2022-12-01,ADBE,0.013218926521991445
combined_risk_parity,2023-01-03,ADBE,0.01312526082457887
combined_risk_parity,2023-02-01,ADBE,0.012920347242096892
combined_risk_parity,2023-03-01,ADBE,0.012808613114239845
combined_risk_parity,2023-04-03,ADBE,0.012713030119350982
combined_risk_parity,2023-05-01,ADBE,0.012759708480651184
combined_risk_parity,2023-06-01,ADBE,0.012402149952040677
combined_risk_parity,2023-07-03,ADBE,0.012212960823240752
combined_risk_parity,2023-08-01,ADBE,0.012135784016901756
combined_risk_parity,2023-09-01,ADBE,0.012085358658898974
combined_risk_parity,2023-10-02,ADBE,0.011929441775340907
combined_risk_parity,2023-11-01,ADBE,0.011872258726331337
combined_risk_parity,2023-12-01,ADBE,0.011795584098079074
combined_risk_parity,2022-01-03,AEP,0.023071271618923538
combined_risk_parity,2022-02-01,AEP,0.02322313625245601
combined_risk_parity,2022-03-01,AEP,0.023385358686278036
combined_risk_parity,2022-04-01,AEP,0.024230780814970907
combined_risk_parity,2022-05-02,AEP,0.027134820992812374
combined_risk_parity,2022-06-01,AEP,0.02906941095267886
combined_risk_parity,2022-07-01,AEP,0.02856364850686884
combined_risk_parity,2022-08-01,AEP,0.02851765183170773
combined_risk_parity,2022-09-01,AEP,0.028516521404610178
combined_risk_parity,2022-10-03,AEP,0.026784082804405127
combined_risk_parity,2022-11-01,AEP,0.025346891074421573
combined_risk_parity,2022-12-01,AEP,0.025023028401271942
combined_risk_parity,2023-01-03,AEP,0.02500999321288185
combined_risk_parity,2023-02-01,AEP,0.02456459901954541
combined_risk_parity,2023-03-01,AEP,0.023918017386191873
combined_risk_parity,2023-04-03,AEP,0.02386132280960083
combined_risk_parity,2023-05-01,AEP,0.02389373021067945
combined_risk_parity,2023-06-01,AEP,0.023579283486738368
combined_risk_parity,2023-07-03,AEP,0.023616731104906988
combined_risk_parity,2023-08-01,AEP,0.023468385755540472
combined_risk_parity,2023-09-01,AEP,0.02343926780354879
combined_risk_parity,2023-10-02,AEP,0.02334696157304441
combined_risk_parity,2023-11-01,AEP,0.022730185269453553
combined_risk_parity,2023-12-01,AEP,0.022340048520618612
combined_risk_parity,2022-01-03,AMD,0.015128784183085584
combined_risk_parity,2022-02-01,AMD,0.014864320980121339
combined_risk_parity,2022-03-01,AMD,0.014620950677739874
combined_risk_parity,2022-04-01,AMD,0.013238286114145011
combined_risk_parity,2022-05-02,AMD,0.012484289577815267
combined_risk_parity,2022-06-01,AMD,0.011254572506369897
combined_risk_parity,2022-07-01,AMD,0.010457203989815655
combined_risk_parity,2022-08-01,AMD,0.010225918895560645
combined_risk_parity,2022-09-01,AMD,0.01025367195829215
combined_risk_parity,2022-10-03,AMD,0.010179508559162942
combined_risk_parity,2022-11-01,AMD,0.010054744819318734
combined_risk_parity,2022-12-01,AMD,0.009322818338031585
combined_risk_parity,2023-01-03,AMD,0.009239052755549416
combined_risk_parity,2023-02-01,AMD,0.008948985993945486
combined_risk_parity,2023-03-01,AMD,0.008885127737487286
combined_risk_parity,2023-04-03,AMD,0.009081480372857614
combined_risk_parity,2023-05-01,AMD,0.009234909245557405
combined_risk_parity,2023-06-01,AMD,0.008941596993958554
combined_risk_parity,2023-07-03,AMD,0.009029752943251982
combined_risk_parity,2023-08-01,AMD,0.009138926172780056
combined_risk_parity,2023-09-01,AMD,0.009059667662724783
combined_risk_parity,2023-10-02,AMD,0.008956654353862212
combined_risk_parity,2023-11-01,AMD,0.008848500106988505
combined_risk_parity,2023-12-01,AMD,0.008857607825951241
combined_risk_parity,2022-01-03,AMGN,0.021880418469933362
combined_risk_parity,2022-02-01,AMGN,0.02215377278505243
combined_risk_parity,2022-03-01,AMGN,0.02231899966495431
combined_risk_parity,2022-04-01,AMGN,0.02479851070105564
combined_risk_parity,2022-05-02,AMGN,0.02528399525252947
combined_risk_parity,2022-06-01,AMGN,0.02551412046229336
combined_risk_parity,2022-07-01,AMGN,0.02574917503203347
combined_risk_parity,2022-08-01,AMGN,0.026017412765239903
combined_risk_parity,2022-09-01,AMGN,0.025956698550700347
combined_risk_parity,2022-10-03,AMGN,0.027231583270069963
combined_risk_parity,2022-11-01,AMGN,0.02796463343299702
combined_risk_parity,2022-12-01,AMGN,0.02925655957960447
combined_risk_parity,2023-01-03,AMGN,0.029738837230109245
combined_risk_parity,2023-02-01,AMGN,0.030232266818519586
combined_risk_parity,2023-03-01,AMGN,0.029698350295944403
combined_risk_parity,2023-04-03,AMGN,0.03047735185434362
combined_risk_parity,2023-05-01,AMGN,0.030533645610538528
combined_risk_parity,2023-06-01,AMGN,0.030224935990404864
combined_risk_parity,2023-07-03,AMGN,0.03026979621606229
combined_risk_parity,2023-08-01,AMGN,0.029853623106018724
combined_risk_parity,2023-09-01,AMGN,0.03050398707239754
combined_risk_parity,2023-10-02,AMGN,0.030877363791489063
combined_risk_parity,2023-11-01,AMGN,0.030816699836968706
combined_risk_parity,2023-12-01,AMGN,0.03046703833155287
combined_risk_parity,2022-01-03,AMT,0.01810351754235411
combined_risk_parity,2022-02-01,AMT,0.017920831077922944
combined_risk_parity,2022-03-01,AMT,0.017814470180004514
combined_risk_parity,2022-04-01,AMT,0.019562600147158597
combined_risk_parity,2022-05-02,AMT,0.020736758401057338
combined_risk_parity,2022-06-01,AMT,0.020505547752191884
combined_risk_parity,2022-07-01,AMT,0.020488581351810073
combined_risk_parity,2022-08-01,AMT,0.02027811941000267
combined_risk_parity,2022-09-01,AMT,0.02041527731527381
combined_risk_parity,2022-10-03,AMT,0.020475079615462546
combined_risk_parity,2022-11-01,AMT,0.019620009356858543
combined_risk_parity,2022-12-01,AMT,0.018087223066460767
combined_risk_parity,2023-01-03,AMT,0.018104816389720245
combined_risk_parity,2023-02-01,AMT,0.01755663209942922
combined_risk_parity,2023-03-01,AMT,0.017359483659583168
combined_risk_parity,2023-04-03,AMT,0.017162965542125434
combined_risk_parity,2023-05-01,AMT,0.01714127968161381
combined_risk_parity,2023-06-01,AMT,0.016736987525449557
combined_risk_parity,2023-07-03,AMT,0.01663941029575623
combined_risk_parity,2023-08-01,AMT,0.016539381563516933
combined_risk_parity,2023-09-01,AMT,0.01636524634486317
combined_risk_parity,2023-10-02,AMT,0.016066217656393433
combined_risk_parity,2023-11-01,AMT,0.015846855841631806
combined_risk_parity,2023-12-01,AMT,0.01551818697458522
combined_risk_parity,2022-01-03,BA,0.01025334808577019
combined_risk_parity,2022-02-01,BA,0.010176122989492756
combined_risk_parity,2022-03-01,BA,0.010161585099758091
combined_risk_parity,2022-04-01,BA,0.009578353250284423
combined_risk_parity,2022-05-02,BA,0.009139057195997589
combined_risk_parity,2022-06-01,BA,0.009108264857887056
combined_risk_parity,2022-07-01,BA,0.010304941833076413
combined_risk_parity,2022-08-01,BA,0.010432568478588908
combined_risk_parity,2022-09-01,BA,0.010452720306346438
combined_risk_parity,2022-10-03,BA,0.010581240391744103
combined_risk_parity,2022-11-01,BA,0.011135508506724035
combined_risk_parity,2022-12-01,BA,0.012252578834370724
combined_risk_parity,2023-01-03,BA,0.0122433977399599
combined_risk_parity,2023-02-01,BA,0.012297478994483397
combined_risk_parity,2023-03-01,BA,0.012405380386323522
combined_risk_parity,2023-04-03,BA,0.012408624443874833
combined_risk_parity,2023-05-01,BA,0.012429092511742627
combined_risk_parity,2023-06-01,BA,0.012250194798486689
combined_risk_parity,2023-07-03,BA,0.01215645567454762
combined_risk_parity,2023-08-01,BA,0.012351267623138568
combined_risk_parity,2023-09-01,BA,0.012357682184420056
combined_risk_parity,2023-10-02,BA,0.012438621753358546
combined_risk_parity,2023-11-01,BA,0.012357661946960278
combined_risk_parity,2023-12-01,BA,0.012484015247203639
combined_risk_parity,2022-01-03,CAT,0.01662095825529844
combined_risk_parity,2022-02-01,CAT,0.016864362968746726
combined_risk_parity,2022-03-01,CAT,0.016834745972239943
combined_risk_parity,2022-04-01,CAT,0.015671438925965512
combined_risk_parity,2022-05-02,CAT,0.015610326273237558
combined_risk_parity,2022-06-01,CAT,0.01590604650826495
combined_risk_parity,2022-07-01,CAT,0.01643821512488443
combined_risk_parity,2022-08-01,CAT,0.016144924107680682
combined_risk_parity,2022-09-01,CAT,0.015774430135671282
combined_risk_parity,2022-10-03,CAT,0.015558695946740855
combined_risk_parity,2022-11-01,CAT,0.01563049347444151
combined_risk_parity,2022-12-01,CAT,0.015863802100552417
combined_risk_parity,2023-01-03,CAT,0.015905425752186644
combined_risk_parity,2023-02-01,CAT,0.01605791533126949
combined_risk_parity,2023-03-01,CAT,0.01617569398199377
combined_risk_parity,2023-04-03,CAT,0.015963752168187316
combined_risk_parity,2023-05-01,CAT,0.0159541807695766
combined_risk_parity,2023-06-01,CAT,0.015503196255028242
combined_risk_parity,2023-07-03,CAT,0.015094076928583082
combined_risk_parity,2023-08-01,CAT,0.015235823999024217
combined_risk_parity,2023-09-01,CAT,0.01538686763398688
combined_risk_parity,2023-10-02,CAT,0.01540873470001028
combined_risk_parity,2023-11-01,CAT,0.01544057516618927
combined_risk_parity,2023-12-01,CAT,0.015451316659009284
combined_risk_parity,2022-01-03,CCI,0.019351588926068784
combined_risk_parity,2022-02-01,CCI,0.01910574571261445
combined_risk_parity,2022-03-01,CCI,0.019364755718788013
combined_risk_parity,2022-04-01,CCI,0.021350643795267042
combined_risk_parity,2022-05-02,CCI,0.021567121864406152
combined_risk_parity,2022-06-01,CCI,0.02233094760416415
combined_risk_parity,2022-07-01,CCI,0.02224904662784738
combined_risk_parity,2022-08-01,CCI,0.022146894642412276
combined_risk_parity,2022-09-01,CCI,0.022258195145333202
combined_risk_parity,2022-10-03,CCI,0.02227950984253118
combined_risk_parity,2022-11-01,CCI,0.021354027185757508
combined_risk_parity,2022-12-01,CCI,0.01937894809007283
combined_risk_parity,2023-01-03,CCI,0.0193230213114008
combined_risk_parity,2023-02-01,CCI,0.018418884790009606
combined_risk_parity,2023-03-01,CCI,0.018238070923227975
combined_risk_parity,2023-04-03,CCI,0.01806746486846513
combined_risk_parity,2023-05-01,CCI,0.017859087107740798
combined_risk_parity,2023-06-01,CCI,0.017452883481026648
combined_risk_parity,2023-07-03,CCI,0.017351248779828726
combined_risk_parity,2023-08-01,CCI,0.01725121420780562
combined_risk_parity,2023-09-01,CCI,0.017189328292881847
combined_risk_parity,2023-10-02,CCI,0.01685574995235199
combined_risk_parity,2023-11-01,CCI,0.016628133739095045
combined_risk_parity,2023-12-01,CCI,0.016214652484979723
combined_risk_parity,2022-01-03,CMCSA,0.018365635622602298
combined_risk_parity,2022-02-01,CMCSA,0.018444833799568582
combined_risk_parity,2022-03-01,CMCSA,0.018367198746093272
combined_risk_parity,2022-04-01,CMCSA,0.017025198785782028
combined_risk_parity,2022-05-02,CMCSA,0.017174757115005254
combined_risk_parity,2022-06-01,CMCSA,0.017825888284238613
combined_risk_parity,2022-07-01,CMCSA,0.01777040866547331
combined_risk_parity,2022-08-01,CMCSA,0.018407977861491474
combined_risk_parity,2022-09-01,CMCSA,0.018272213506881903
combined_risk_parity,2022-10-03,CMCSA,0.01735323898083278
combined_risk_parity,2022-11-01,CMCSA,0.0177313804640615
combined_risk_parity,2022-12-01,CMCSA,0.01810940455859733
combined_risk_parity,2023-01-03,CMCSA,0.017933540594945507
combined_risk_parity,2023-02-01,CMCSA,0.01803591745644772
combined_risk_parity,2023-03-01,CMCSA,0.0177955611010203
combined_risk_parity,2023-04-03,CMCSA,0.017829404365307732
combined_risk_parity,2023-05-01,CMCSA,0.017486148532226638
combined_risk_parity,2023-06-01,CMCSA,0.017622089153989665
combined_risk_parity,2023-07-03,CMCSA,0.01762482635181589
combined_risk_parity,2023-08-01,CMCSA,0.01777905882421107
combined_risk_parity,2023-09-01,CMCSA,0.017866027704269746
combined_risk_parity,2023-10-02,CMCSA,0.01804466922986852
combined_risk_parity,2023-11-01,CMCSA,0.018308292945935375
combined_risk_parity,2023-12-01,CMCSA,0.018226258331546858
combined_risk_parity,2022-01-03,COP,0.011683577542243622
combined_risk_parity,2022-02-01,COP,0.011741951907001556
combined_risk_parity,2022-03-01,COP,0.011836182098676994
combined_risk_parity,2022-04-01,COP,0.01221967533894442
combined_risk_parity,2022-05-02,COP,0.012016462679688892
combined_risk_parity,2022-06-01,COP,0.011895848578344385
combined_risk_parity,2022-07-01,COP,0.01246992306320988
combined_risk_parity,2022-08-01,COP,0.012463206448170372
combined_risk_parity,2022-09-01,COP,0.012930068629517589
combined_risk_parity,2022-10-03,COP,0.01313403937750408
combined_risk_parity,2022-11-01,COP,0.013795625364732651
combined_risk_parity,2022-12-01,COP,0.014858071093408629
combined_risk_parity,2023-01-03,COP,0.01482084984025415
combined_risk_parity,2023-02-01,COP,0.015279301796913248
combined_risk_parity,2023-03-01,COP,0.015382668523685914
combined_risk_parity,2023-04-03,COP,0.015329552346678642
combined_risk_parity,2023-05-01,COP,0.015094752235794043
combined_risk_parity,2023-06-01,COP,0.015004716845822443
combined_risk_parity,2023-07-03,COP,0.014991322392691837
combined_risk_parity,2023-08-01,COP,0.014993232863219382
combined_risk_parity,2023-09-01,COP,0.01522327738290289
combined_risk_parity,2023-10-02,COP,0.015222111502241844
combined_risk_parity,2023-11-01,COP,0.015358935652814884
combined_risk_parity,2023-12-01,COP,0.015493792957319997
combined_risk_parity,2022-01-03,CVX,0.012915391665377996
combined_risk_parity,2022-02-01,CVX,0.013088127265735675
combined_risk_parity,2022-03-01,CVX,0.013135855941862269
combined_risk_parity,2022-04-01,CVX,0.014397025915014367
combined_risk_parity,2022-05-02,CVX,0.014795806708404092
combined_risk_parity,2022-06-01,CVX,0.01498109626186362
combined_risk_parity,2022-07-01,CVX,0.015779580261005708
combined_risk_parity,2022-08-01,CVX,0.015833302086860273
combined_risk_parity,2022-09-01,CVX,0.016326825858654654
combined_risk_parity,2022-10-03,CVX,0.01657864753745469
combined_risk_parity,2022-11-01,CVX,0.016954721437341534
combined_risk_parity,2022-12-01,CVX,0.01845209474269389
combined_risk_parity,2023-01-03,CVX,0.018375176996605534
combined_risk_parity,2023-02-01,CVX,0.018967814635993844
combined_risk_parity,2023-03-01,CVX,0.01904054816803045
combined_risk_parity,2023-04-03,CVX,0.018989952247615936
combined_risk_parity,2023-05-01,CVX,0.01879121602247053
combined_risk_parity,2023-06-01,CVX,0.018657896622001072
combined_risk_parity,2023-07-03,CVX,0.01870594150146048
combined_risk_parity,2023-08-01,CVX,0.01893732338530666
combined_risk_parity,2023-09-01,CVX,0.019125724968725423
combined_risk_parity,2023-10-02,CVX,0.019338489564891974
combined_risk_parity,2023-11-01,CVX,0.019535334952722347
combined_risk_parity,2023-12-01,CVX,0.019584751182297154
combined_risk_parity,2022-01-03,D,0.019210232261046654
combined_risk_parity,2022-02-01,D,0.019371537080774836
combined_risk_parity,2022-03-01,D,0.01944625913627578
combined_risk_parity,2022-04-01,D,0.026266146412158874
combined_risk_parity,2022-05-02,D,0.029868591740604807
combined_risk_parity,2022-06-01,D,0.03047473478050276
combined_risk_parity,2022-07-01,D,0.02952595118397353
combined_risk_parity,2022-08-01,D,0.02889520708481899
combined_risk_parity,2022-09-01,D,0.029132939306553366
combined_risk_parity,2022-10-03,D,0.027759152252079786
combined_risk_parity,2022-11-01,D,0.026445109138614326
combined_risk_parity,2022-12-01,D,0.026532335676511493
combined_risk_parity,2023-01-03,D,0.02656658472134777
combined_risk_parity,2023-02-01,D,0.02612678815751743
combined_risk_parity,2023-03-01,D,0.02567378525856507
combined_risk_parity,2023-04-03,D,0.025861471989585078
combined_risk_parity,2023-05-01,D,0.02579369878967347
combined_risk_parity,2023-06-01,D,0.025232309890929713
combined_risk_parity,2023-07-03,D,0.025374776718820255
combined_risk_parity,2023-08-01,D,0.02477227001036908
combined_risk_parity,2023-09-01,D,0.024578417272248673
combined_risk_parity,2023-10-02,D,0.024141508479411728
combined_risk_parity,2023-11-01,D,0.02350656942992728
combined_risk_parity,2023-12-01,D,0.022851189512157994
combined_risk_parity,2022-01-03,DD,0.014466221039305335
combined_risk_parity,2022-02-01,DD,0.014464143475463431
combined_risk_parity,2022-03-01,DD,0.014493782106173636
combined_risk_parity,2022-04-01,DD,0.012983888364782946
combined_risk_parity,2022-05-02,DD,0.012974027654828647
combined_risk_parity,2022-06-01,DD,0.013105383023050091
combined_risk_parity,2022-07-01,DD,0.012974832783799971
combined_risk_parity,2022-08-01,DD,0.012934767787008129
combined_risk_parity,2022-09-01,DD,0.012869166138969204
combined_risk_parity,2022-10-03,DD,0.013146132974769869
combined_risk_parity,2022-11-01,DD,0.013140816468695752
combined_risk_parity,2022-12-01,DD,0.013712700124122094
combined_risk_parity,2023-01-03,DD,0.013838049484885989
combined_risk_parity,2023-02-01,DD,0.014117162468202646
combined_risk_parity,2023-03-01,DD,0.013900667583114546
combined_risk_parity,2023-04-03,DD,0.013877672423250378
combined_risk_parity,2023-05-01,DD,0.01382892790122464
combined_risk_parity,2023-06-01,DD,0.013639573602277846
combined_risk_parity,2023-07-03,DD,0.013501065924874059
combined_risk_parity,2023-08-01,DD,0.013729143368237553
combined_risk_parity,2023-09-01,DD,0.013777384215632259
combined_risk_parity,2023-10-02,DD,0.013718579392768382
combined_risk_parity,2023-11-01,DD,0.013848018557010204
combined_risk_parity,2023-12-01,DD,0.01403816405268066
combined_risk_parity,2022-01-03,DIS,0.016453087622943098
combined_risk_parity,2022-02-01,DIS,0.016276396999337438
combined_risk_parity,2022-03-01,DIS,0.01641124027154377
combined_risk_parity,2022-04-01,DIS,0.01588144699873573
combined_risk_parity,2022-05-02,DIS,0.015284918625925056
combined_risk_parity,2022-06-01,DIS,0.015489986765806202
combined_risk_parity,2022-07-01,DIS,0.0158796468038872
combined_risk_parity,2022-08-01,DIS,0.015623283592921039
combined_risk_parity,2022-09-01,DIS,0.015247072897661347
combined_risk_parity,2022-10-03,DIS,0.01460788845835105
combined_risk_parity,2022-11-01,DIS,0.014623236191526456
combined_risk_parity,2022-12-01,DIS,0.014562146869305365
combined_risk_parity,2023-01-03,DIS,0.014468169074480166
combined_risk_parity,2023-02-01,DIS,0.014385890281717363
combined_risk_parity,2023-03-01,DIS,0.014467233809860928
combined_risk_parity,2023-04-03,DIS,0.014337632800570306
combined_risk_parity,2023-05-01,DIS,0.014168667528639689
combined_risk_parity,2023-06-01,DIS,0.013523850114906361
combined_risk_parity,2023-07-03,DIS,0.01347158703858559
combined_risk_parity,2023-08-01,DIS,0.013556171719172337
combined_risk_parity,2023-09-01,DIS,0.013572029565705756
combined_risk_parity,2023-10-02,DIS,0.013510797514131414
combined_risk_parity,2023-11-01,DIS,0.013533843207901757
combined_risk_parity,2023-12-01,DIS,0.013579775988151063
combined_risk_parity,2022-01-03,DOW,0.012490067759238334
combined_risk_parity,2022-02-01,DOW,0.012596752795814046
combined_risk_parity,2022-03-01,DOW,0.012710643881351928
combined_risk_parity,2022-04-01,DOW,0.011997771710505903
combined_risk_parity,2022-05-02,DOW,0.012607633951306598
combined_risk_parity,2022-06-01,DOW,0.013693530182841992
combined_risk_parity,2022-07-01,DOW,0.014435700365422625
combined_risk_parity,2022-08-01,DOW,0.014617124222658935
combined_risk_parity,2022-09-01,DOW,0.01472453329325406
combined_risk_parity,2022-10-03,DOW,0.014830958724880373
combined_risk_parity,2022-11-01,DOW,0.014870501312435554
combined_risk_parity,2022-12-01,DOW,0.015137468927704295
combined_risk_parity,2023-01-03,DOW,0.015172804361150124
combined_risk_parity,2023-02-01,DOW,0.01523448370666709
combined_risk_parity,2023-03-01,DOW,0.01549988612561967
combined_risk_parity,2023-04-03,DOW,0.015551395344259755
combined_risk_parity,2023-05-01,DOW,0.015599714062224143
combined_risk_parity,2023-06-01,DOW,0.015537031925865408
combined_risk_parity,2023-07-03,DOW,0.015426074826538879
combined_risk_parity,2023-08-01,DOW,0.015753363846416502
combined_risk_parity,2023-09-01,DOW,0.015887042582800038
combined_risk_parity,2023-10-02,DOW,0.01582956619508835
combined_risk_parity,2023-11-01,DOW,0.015991838470471555
combined_risk_parity,2023-12-01,DOW,0.01595628070324094
combined_risk_parity,2022-01-03,DUK,0.018948117977691793
combined_risk_parity,2022-02-01,DUK,0.019052533229860977
combined_risk_parity,2022-03-01,DUK,0.019004573057599252
combined_risk_parity,2022-04-01,DUK,0.023663813641911842
combined_risk_parity,2022-05-02,DUK,0.026985194685499998
combined_risk_parity,2022-06-01,DUK,0.028951847003260988
combined_risk_parity,2022-07-01,DUK,0.0288075197034637
combined_risk_parity,2022-08-01,DUK,0.029006625036475435
combined_risk_parity,2022-09-01,DUK,0.02907659964100247
combined_risk_parity,2022-10-03,DUK,0.028257174121854536
combined_risk_parity,2022-11-01,DUK,0.02681731686074268
combined_risk_parity,2022-12-01,DUK,0.027631666511890755
combined_risk_parity,2023-01-03,DUK,0.027728819501912017
combined_risk_parity,2023-02-01,DUK,0.02758040735001862
combined_risk_parity,2023-03-01,DUK,0.02693280103557056
combined_risk_parity,2023-04-03,DUK,0.026756655356150908
combined_risk_parity,2023-05-01,DUK,0.026880149383584764
combined_risk_parity,2023-06-01,DUK,0.026929991156279975
combined_risk_parity,2023-07-03,DUK,0.026921556859990172
combined_risk_parity,2023-08-01,DUK,0.026414115131583538
combined_risk_parity,2023-09-01,DUK,0.026259133775669127
combined_risk_parity,2023-10-02,DUK,0.026205880497272786
combined_risk_parity,2023-11-01,DUK,0.025624393023615993
combined_risk_parity,2023-12-01,DUK,0.025632644575740243
combined_risk_parity,2022-01-03,EA,0.027853436346712543
combined_risk_parity,2022-02-01,EA,0.02822807061928308
combined_risk_parity,2022-03-01,EA,0.028248850492422244
combined_risk_parity,2022-04-01,EA,0.030262650905701263
combined_risk_parity,2022-05-02,EA,0.027926462126670156
combined_risk_parity,2022-06-01,EA,0.027546597981290097
combined_risk_parity,2022-07-01,EA,0.025136689722919284
combined_risk_parity,2022-08-01,EA,0.02507247145825191
combined_risk_parity,2022-09-01,EA,0.0256650844212133
combined_risk_parity,2022-10-03,EA,0.025982306116576866
combined_risk_parity,2022-11-01,EA,0.025950401933422546
combined_risk_parity,2022-12-01,EA,0.02523666857062021
combined_risk_parity,2023-01-03,EA,0.024867036782081485
combined_risk_parity,2023-02-01,EA,0.02442656134826736
combined_risk_parity,2023-03-01,EA,0.024508968863393127
combined_risk_parity,2023-04-03,EA,0.024613914869002725
combined_risk_parity,2023-05-01,EA,0.02460585185473637
combined_risk_parity,2023-06-01,EA,0.024907275057445333
combined_risk_parity,2023-07-03,EA,0.024880366956742627
combined_risk_parity,2023-08-01,EA,0.0247945987910945
combined_risk_parity,2023-09-01,EA,0.023986973055130215
combined_risk_parity,2023-10-02,EA,0.023603830764046214
combined_risk_parity,2023-11-01,EA,0.02351060237117245
combined_risk_parity,2023-12-01,EA,0.02341301781881826
combined_risk_parity,2022-01-03,GE,0.013836581499619968
combined_risk_parity,2022-02-01,GE,0.013724935532107177
combined_risk_parity,2022-03-01,GE,0.013638624297221775
combined_risk_parity,2022-04-01,GE,0.01340355751639197
combined_risk_parity,2022-05-02,GE,0.011934443732369106
combined_risk_parity,2022-06-01,GE,0.012531435108371842
combined_risk_parity,2022-07-01,GE,0.01302116929168035
combined_risk_parity,2022-08-01,GE,0.01305557859928591
combined_risk_parity,2022-09-01,GE,0.013033659088704307
combined_risk_parity,2022-10-03,GE,0.013476648693845909
combined_risk_parity,2022-11-01,GE,0.013213010075027398
combined_risk_parity,2022-12-01,GE,0.013912179061902478
combined_risk_parity,2023-01-03,GE,0.013866691573816913
combined_risk_parity,2023-02-01,GE,0.013653892086450521
combined_risk_parity,2023-03-01,GE,0.013913630345731273
combined_risk_parity,2023-04-03,GE,0.0140852267789135
combined_risk_parity,2023-05-01,GE,0.013998574972250728
combined_risk_parity,2023-06-01,GE,0.013764936770301222
combined_risk_parity,2023-07-03,GE,0.01377975176847743
combined_risk_parity,2023-08-01,GE,0.014194862425817056
combined_risk_parity,2023-09-01,GE,0.014160881637876219
combined_risk_parity,2023-10-02,GE,0.014130199214510093
combined_risk_parity,2023-11-01,GE,0.014043503385421513
combined_risk_parity,2023-12-01,GE,0.01438131629782862
combined_risk_parity,2022-01-03,GILD,0.03195679355490015
combined_risk_parity,2022-02-01,GILD,0.031814956487347924
combined_risk_parity,2022-03-01,GILD,0.03135300976407681
combined_risk_parity,2022-04-01,GILD,0.027937760966129467
combined_risk_parity,2022-05-02,GILD,0.028332636438057262
combined_risk_parity,2022-06-01,GILD,0.029213758967095434
combined_risk_parity,2022-07-01,GILD,0.0284358767355574
combined_risk_parity,2022-08-01,GILD,0.028246932530476755
combined_risk_parity,2022-09-01,GILD,0.028143220436867806
combined_risk_parity,2022-10-03,GILD,0.02707039452423448
combined_risk_parity,2022-11-01,GILD,0.025709985948506688
combined_risk_parity,2022-12-01,GILD,0.026238935398876662
combined_risk_parity,2023-01-03,GILD,0.026328114431347208
combined_risk_parity,2023-02-01,GILD,0.026655417667110853
combined_risk_parity,2023-03-01,GILD,0.027109266281634806
combined_risk_parity,2023-04-03,GILD,0.026865263073958194
combined_risk_parity,2023-05-01,GILD,0.027205927582578514
combined_risk_parity,2023-06-01,GILD,0.027164193791075788
combined_risk_parity,2023-07-03,GILD,0.027205282383652128
combined_risk_parity,2023-08-01,GILD,0.02711883340258805
combined_risk_parity,2023-09-01,GILD,0.026852871666451082
combined_risk_parity,2023-10-02,GILD,0.026724721109808027
combined_risk_parity,2023-11-01,GILD,0.026172141916493266
combined_risk_parity,2023-12-01,GILD,0.025609042678850315
combined_risk_parity,2022-01-03,GS,0.013807224695685343
combined_risk_parity,2022-02-01,GS,0.013823552508002553
combined_risk_parity,2022-03-01,GS,0.013736793243320404
combined_risk_parity,2022-04-01,GS,0.014241426693211583
combined_risk_parity,2022-05-02,GS,0.013725010901219638
combined_risk_parity,2022-06-01,GS,0.014289678160847313
combined_risk_parity,2022-07-01,GS,0.015075837772575597
combined_risk_parity,2022-08-01,GS,0.014889955012653043
combined_risk_parity,2022-09-01,GS,0.014783256305597249
combined_risk_parity,2022-10-03,GS,0.014764070056499419
combined_risk_parity,2022-11-01,GS,0.014770513332257176
combined_risk_parity,2022-12-01,GS,0.015369774753935927
combined_risk_parity,2023-01-03,GS,0.015298519527726515
combined_risk_parity,2023-02-01,GS,0.015533476646589526
combined_risk_parity,2023-03-01,GS,0.0157328719079981
combined_risk_parity,2023-04-03,GS,0.015303655408436546
combined_risk_parity,2023-05-01,GS,0.015379495159304925
combined_risk_parity,2023-06-01,GS,0.015311920569994293
combined_risk_parity,2023-07-03,GS,0.015413928442616283
combined_risk_parity,2023-08-01,GS,0.015573740885006848
combined_risk_parity,2023-09-01,GS,0.0156143894523526
combined_risk_parity,2023-10-02,GS,0.01556404840514274
combined_risk_parity,2023-11-01,GS,0.015343857713815665
combined_risk_parity,2023-12-01,GS,0.015239545387734976
combined_risk_parity,2022-01-03,INTC,0.015041783190133636
combined_risk_parity,2022-02-01,INTC,0.015100620933886892
combined_risk_parity,2022-03-01,INTC,0.015113663433872156
combined_risk_parity,2022-04-01,INTC,0.01651495011156013
combined_risk_parity,2022-05-02,INTC,0.015908982017178365
combined_risk_parity,2022-06-01,INTC,0.015542960432473305
combined_risk_parity,2022-07-01,INTC,0.014994503954203937
combined_risk_parity,2022-08-01,INTC,0.015115307421803375
combined_risk_parity,2022-09-01,INTC,0.014784833524939764
combined_risk_parity,2022-10-03,INTC,0.014629879404962548
combined_risk_parity,2022-11-01,INTC,0.014157122361431629
combined_risk_parity,2022-12-01,INTC,0.01349271149838564
combined_risk_parity,2023-01-03,INTC,0.013515285056233811
combined_risk_parity,2023-02-01,INTC,0.013190720156240242
combined_risk_parity,2023-03-01,INTC,0.013120172171298615
combined_risk_parity,2023-04-03,INTC,0.013514233080841565
combined_risk_parity,2023-05-01,INTC,0.01344777364839888
combined_risk_parity,2023-06-01,INTC,0.013234209565320953
combined_risk_parity,2023-07-03,INTC,0.01315207748033903
combined_risk_parity,2023-08-01,INTC,0.013087573046881216
combined_risk_parity,2023-09-01,INTC,0.012888127809389908
combined_risk_parity,2023-10-02,INTC,0.012763950324441492
combined_risk_parity,2023-11-01,INTC,0.012864106449851311
combined_risk_parity,2023-12-01,INTC,0.012820486665164712
combined_risk_parity,2022-01-03,KO,0.02158417600856036
combined_risk_parity,2022-02-01,KO,0.021656310079430793
combined_risk_parity,2022-03-01,KO,0.021864860458471653
combined_risk_parity,2022-04-01,KO,0.02083256361336342
combined_risk_parity,2022-05-02,KO,0.021909731976493544
combined_risk_parity,2022-06-01,KO,0.02166061110831706
combined_risk_parity,2022-07-01,KO,0.023588126546108187
combined_risk_parity,2022-08-01,KO,0.024061753654948736
combined_risk_parity,2022-09-01,KO,0.024227786894932747
combined_risk_parity,2022-10-03,KO,0.024885093111778767
combined_risk_parity,2022-11-01,KO,0.02561257937727674
combined_risk_parity,2022-12-01,KO,0.026294111787256613
combined_risk_parity,2023-01-03,KO,0.02639722738954732
combined_risk_parity,2023-02-01,KO,0.026037213340675942
combined_risk_parity,2023-03-01,KO,0.026345387661222585
combined_risk_parity,2023-04-03,KO,0.026922355748188773
combined_risk_parity,2023-05-01,KO,0.026825348757925704
combined_risk_parity,2023-06-01,KO,0.026888448605923994
combined_risk_parity,2023-07-03,KO,0.027046986344016793
combined_risk_parity,2023-08-01,KO,0.02710969731247134
combined_risk_parity,2023-09-01,KO,0.027322869866722325
combined_risk_parity,2023-10-02,KO,0.027560138067352403
combined_risk_parity,2023-11-01,KO,0.02684270105040208
combined_risk_parity,2023-12-01,KO,0.027530221088864614
combined_risk_parity,2022-01-03,MMM,0.02132367947702286
combined_risk_parity,2022-02-01,MMM,0.02139076321859148
combined_risk_parity,2022-03-01,MMM,0.020968074379612407
combined_risk_parity,2022-04-01,MMM,0.020478193449440872
combined_risk_parity,2022-05-02,MMM,0.02011327777362765
combined_risk_parity,2022-06-01,MMM,0.0214251971101973
combined_risk_parity,2022-07-01,MMM,0.022538737164265008
combined_risk_parity,2022-08-01,MMM,0.022925416411823125
combined_risk_parity,2022-09-01,MMM,0.021683339286594806
combined_risk_parity,2022-10-03,MMM,0.021939499717880853
combined_risk_parity,2022-11-01,MMM,0.021325085639260128
combined_risk_parity,2022-12-01,MMM,0.021287637060558123
combined_risk_parity,2023-01-03,MMM,0.021258253699478872
combined_risk_parity,2023-02-01,MMM,0.01947840636616699
combined_risk_parity,2023-03-01,MMM,0.019107536873625777
combined_risk_parity,2023-04-03,MMM,0.018818580137531876
combined_risk_parity,2023-05-01,MMM,0.018585121095409173
combined_risk_parity,2023-06-01,MMM,0.01819914012459726
combined_risk_parity,2023-07-03,MMM,0.01766496743488934
combined_risk_parity,2023-08-01,MMM,0.017408912029205945
combined_risk_parity,2023-09-01,MMM,0.017298541816475624
combined_risk_parity,2023-10-02,MMM,0.01745819385345438
combined_risk_parity,2023-11-01,MMM,0.017098305713977222
combined_risk_parity,2023-12-01,MMM,0.016913013858472922
combined_risk_parity,2022-01-03,MRK,0.02520682857974028
combined_risk_parity,2022-02-01,MRK,0.025646386249286026
combined_risk_parity,2022-03-01,MRK,0.025326945372593272
combined_risk_parity,2022-04-01,MRK,0.026501902235132664
combined_risk_parity,2022-05-02,MRK,0.028569364578330918
combined_risk_parity,2022-06-01,MRK,0.028892997607942065
combined_risk_parity,2022-07-01,MRK,0.029778525248048294
combined_risk_parity,2022-08-01,MRK,0.030590947114437415
combined_risk_parity,2022-09-01,MRK,0.03049064587727918
combined_risk_parity,2022-10-03,MRK,0.03182874985173118
combined_risk_parity,2022-11-01,MRK,0.0324754632818612
combined_risk_parity,2022-12-01,MRK,0.03427089445863681
combined_risk_parity,2023-01-03,MRK,0.03424695936561087
combined_risk_parity,2023-02-01,MRK,0.03535859322440775
combined_risk_parity,2023-03-01,MRK,0.034865347287874514
combined_risk_parity,2023-04-03,MRK,0.035383317282996644
combined_risk_parity,2023-05-01,MRK,0.03475062831165424
combined_risk_parity,2023-06-01,MRK,0.03539606427944365
combined_risk_parity,2023-07-03,MRK,0.035837302463520036
combined_risk_parity,2023-08-01,MRK,0.03608299922642258
combined_risk_parity,2023-09-01,MRK,0.035414669746101225
combined_risk_parity,2023-10-02,MRK,0.035319704849894516
combined_risk_parity,2023-11-01,MRK,0.03818534833928599
combined_risk_parity,2023-12-01,MRK,0.039559282860772024
combined_risk_parity,2022-01-03,MS,0.012362981141695558
combined_risk_parity,2022-02-01,MS,0.012507082669430064
combined_risk_parity,2022-03-01,MS,0.012438019464030774
combined_risk_parity,2022-04-01,MS,0.013015323950996981
combined_risk_parity,2022-05-02,MS,0.013049080367098098
combined_risk_parity,2022-06-01,MS,0.013583419684610127
combined_risk_parity,2022-07-01,MS,0.013768152908705191
combined_risk_parity,2022-08-01,MS,0.013629984552587394
combined_risk_parity,2022-09-01,MS,0.013484010924412274
combined_risk_parity,2022-10-03,MS,0.013752813982228093
combined_risk_parity,2022-11-01,MS,0.013714882128245622
combined_risk_parity,2022-12-01,MS,0.014210006499205202
combined_risk_parity,2023-01-03,MS,0.01414037033535095
combined_risk_parity,2023-02-01,MS,0.014449106300212376
combined_risk_parity,2023-03-01,MS,0.014685062919949641
combined_risk_parity,2023-04-03,MS,0.014243949523382364
combined_risk_parity,2023-05-01,MS,0.014264437735146344
combined_risk_parity,2023-06-01,MS,0.014102471206638916
combined_risk_parity,2023-07-03,MS,0.014186799141891348
combined_risk_parity,2023-08-01,MS,0.014306070634898981
combined_risk_parity,2023-09-01,MS,0.014404806957175187
combined_risk_parity,2023-10-02,MS,0.014355719430776038
combined_risk_parity,2023-11-01,MS,0.014155363096731974
combined_risk_parity,2023-12-01,MS,0.013964774836415369
combined_risk_parity,2022-01-03,NEE,0.0181784155334872
combined_risk_parity,2022-02-01,NEE,0.01795919819536487
combined_risk_parity,2022-03-01,NEE,0.017832144226065532
combined_risk_parity,2022-04-01,NEE,0.020754775850504933
combined_risk_parity,2022-05-02,NEE,0.021092682274242876
combined_risk_parity,2022-06-01,NEE,0.021096324635099497
combined_risk_parity,2022-07-01,NEE,0.019844741054827534
combined_risk_parity,2022-08-01,NEE,0.019873927595543326
combined_risk_parity,2022-09-01,NEE,0.020242499465276304
combined_risk_parity,2022-10-03,NEE,0.020157642978415092
combined_risk_parity,2022-11-01,NEE,0.01948866845307015
combined_risk_parity,2022-12-01,NEE,0.01912320108626984
combined_risk_parity,2023-01-03,NEE,0.01909867757405768
combined_risk_parity,2023-02-01,NEE,0.020584128658311763
combined_risk_parity,2023-03-01,NEE,0.02013119768336737
combined_risk_parity,2023-04-03,NEE,0.020339982614488536
combined_risk_parity,2023-05-01,NEE,0.020029229733149093
combined_risk_parity,2023-06-01,NEE,0.019799766623820342
combined_risk_parity,2023-07-03,NEE,0.01958480290663071
combined_risk_parity,2023-08-01,NEE,0.019288028582124087
combined_risk_parity,2023-09-01,NEE,0.01925154252125039
combined_risk_parity,2023-10-02,NEE,0.019061288133588015
combined_risk_parity,2023-11-01,NEE,0.018502195859661973
combined_risk_parity,2023-12-01,NEE,0.018124791516784963
combined_risk_parity,2022-01-03,NEM,0.0314747080731252
combined_risk_parity,2022-02-01,NEM,0.03144090255449559
combined_risk_parity,2022-03-01,NEM,0.032389631288277806
combined_risk_parity,2022-04-01,NEM,0.027388825680597903
combined_risk_parity,2022-05-02,NEM,0.02826246289540217
combined_risk_parity,2022-06-01,NEM,0.025740573267241152
combined_risk_parity,2022-07-01,NEM,0.024960446669806097
combined_risk_parity,2022-08-01,NEM,0.025109424730614987
combined_risk_parity,2022-09-01,NEM,0.025407433938377338
combined_risk_parity,2022-10-03,NEM,0.025876794561731566
combined_risk_parity,2022-11-01,NEM,0.026041560558862007
combined_risk_parity,2022-12-01,NEM,0.02231426329886644
combined_risk_parity,2023-01-03,NEM,0.02240844442913527
combined_risk_parity,2023-02-01,NEM,0.022156510412371485
combined_risk_parity,2023-03-01,NEM,0.021816118280628932
combined_risk_parity,2023-04-03,NEM,0.022753022030301457
combined_risk_parity,2023-05-01,NEM,0.02312960610129965
combined_risk_parity,2023-06-01,NEM,0.023406765595688776
combined_risk_parity,2023-07-03,NEM,0.02330431758873561
combined_risk_parity,2023-08-01,NEM,0.023199073130610356
combined_risk_parity,2023-09-01,NEM,0.023418967899567985
combined_risk_parity,2023-10-02,NEM,0.023498697947866125
combined_risk_parity,2023-11-01,NEM,0.02262742681334085
combined_risk_parity,2023-12-01,NEM,0.021772599857738256
combined_risk_parity,2022-01-03,NKE,0.018717945363957697
combined_risk_parity,2022-02-01,NKE,0.01867673991415534
combined_risk_parity,2022-03-01,NKE,0.018697090317255007
combined_risk_parity,2022-04-01,NKE,0.01810514927359752
combined_risk_parity,2022-05-02,NKE,0.017413111254320747
combined_risk_parity,2022-06-01,NKE,0.01658355032323191
combined_risk_parity,2022-07-01,NKE,0.016498458669184392
combined_risk_parity,2022-08-01,NKE,0.01618755140693826
combined_risk_parity,2022-09-01,NKE,0.01574518309954403
combined_risk_parity,2022-10-03,NKE,0.014117244997066633
combined_risk_parity,2022-11-01,NKE,0.0141463733039075
combined_risk_parity,2022-12-01,NKE,0.013521584619870951
combined_risk_parity,2023-01-03,NKE,0.0131224806579316
combined_risk_parity,2023-02-01,NKE,0.013017061131957428
combined_risk_parity,2023-03-01,NKE,0.012880149615377286
combined_risk_parity,2023-04-03,NKE,0.012889412081815101
combined_risk_parity,2023-05-01,NKE,0.012893781818319228
combined_risk_parity,2023-06-01,NKE,0.012776599395885562
combined_risk_parity,2023-07-03,NKE,0.01270929942177271
combined_risk_parity,2023-08-01,NKE,0.01270930902612926
combined_risk_parity,2023-09-01,NKE,0.012731982825469543
combined_risk_parity,2023-10-02,NKE,0.01260088131562646
combined_risk_parity,2023-11-01,NKE,0.012484361589493368
combined_risk_parity,2023-12-01,NKE,0.01240696074874238
combined_risk_parity,2022-01-03,NUE,0.014320289550157102
combined_risk_parity,2022-02-01,NUE,0.014215786534818958
combined_risk_parity,2022-03-01,NUE,0.014092235006549495
combined_risk_parity,2022-04-01,NUE,0.012779839978553063
combined_risk_parity,2022-05-02,NUE,0.01199159322825173
combined_risk_parity,2022-06-01,NUE,0.01158113972365906
combined_risk_parity,2022-07-01,NUE,0.011568669650860222
combined_risk_parity,2022-08-01,NUE,0.011443429483029042
combined_risk_parity,2022-09-01,NUE,0.011485034432381752
combined_risk_parity,2022-10-03,NUE,0.011768655239139532
combined_risk_parity,2022-11-01,NUE,0.011798393889939586
combined_risk_parity,2022-12-01,NUE,0.012073840930300775
combined_risk_parity,2023-01-03,NUE,0.01198179007109592
combined_risk_parity,2023-02-01,NUE,0.01176584718212873
combined_risk_parity,2023-03-01,NUE,0.01188303401917748
combined_risk_parity,2023-04-03,NUE,0.011925566425672269
combined_risk_parity,2023-05-01,NUE,0.011921605251749672
combined_risk_parity,2023-06-01,NUE,0.012015635200329703
combined_risk_parity,2023-07-03,NUE,0.011911026493606716
combined_risk_parity,2023-08-01,NUE,0.012156042262533825
combined_risk_parity,2023-09-01,NUE,0.012347971377919981
combined_risk_parity,2023-10-02,NUE,0.01233904258417022
combined_risk_parity,2023-11-01,NUE,0.012272225261243499
combined_risk_parity,2023-12-01,NUE,0.012193769143537727
combined_risk_parity,2022-01-03,NVDA,0.01339750603702332
combined_risk_parity,2022-02-01,NVDA,0.013189772816848525
combined_risk_parity,2022-03-01,NVDA,0.01290514213117143
combined_risk_parity,2022-04-01,NVDA,0.012051519093885377
combined_risk_parity,2022-05-02,NVDA,0.011333125778279761
combined_risk_parity,2022-06-01,NVDA,0.010413442429124736
combined_risk_parity,2022-07-01,NVDA,0.009616904083342414
combined_risk_parity,2022-08-01,NVDA,0.00950238018476135
combined_risk_parity,2022-09-01,NVDA,0.009271493845992749
combined_risk_parity,2022-10-03,NVDA,0.009643900432183605
combined_risk_parity,2022-11-01,NVDA,0.00958973073374484
combined_risk_parity,2022-12-01,NVDA,0.008799897986653572
combined_risk_parity,2023-01-03,NVDA,0.00869344307452768
combined_risk_parity,2023-02-01,NVDA,0.008337852452264835
combined_risk_parity,2023-03-01,NVDA,0.008372096556068277
combined_risk_parity,2023-04-03,NVDA,0.008447335444908955
combined_risk_parity,2023-05-01,NVDA,0.00854988035542284
combined_risk_parity,2023-06-01,NVDA,0.008474161740621256
combined_risk_parity,2023-07-03,NVDA,0.008511726611858329
combined_risk_parity,2023-08-01,NVDA,0.008498953042381619
combined_risk_parity,2023-09-01,NVDA,0.008536051758381388
combined_risk_parity,2023-10-02,NVDA,0.008501565885753534
combined_risk_parity,2023-11-01,NVDA,0.008491647313035235
combined_risk_parity,2023-12-01,NVDA,0.008525098663057003
combined_risk_parity,2022-01-03,O,0.015362862823591361
combined_risk_parity,2022-02-01,O,0.015351557187544343
combined_risk_parity,2022-03-01,O,0.01537235730739752
combined_risk_parity,2022-04-01,O,0.017030578865752537
combined_risk_parity,2022-05-02,O,0.018144642871732165
combined_risk_parity,2022-06-01,O,0.01905752382043598
combined_risk_parity,2022-07-01,O,0.020675157664527013
combined_risk_parity,2022-08-01,O,0.02107366221149279
combined_risk_parity,2022-09-01,O,0.021608558984062092
combined_risk_parity,2022-10-03,O,0.022037803649128003
combined_risk_parity,2022-11-01,O,0.022120614877969583
combined_risk_parity,2022-12-01,O,0.02298203007228735
combined_risk_parity,2023-01-03,O,0.023231592939913313
combined_risk_parity,2023-02-01,O,0.022923406152318294
combined_risk_parity,2023-03-01,O,0.02292480224445333
combined_risk_parity,2023-04-03,O,0.02250333118691961
combined_risk_parity,2023-05-01,O,0.0226704279347627
combined_risk_parity,2023-06-01,O,0.022276499640044294
combined_risk_parity,2023-07-03,O,0.02252419027195429
combined_risk_parity,2023-08-01,O,0.022422473570298005
combined_risk_parity,2023-09-01,O,0.02232680732919001
combined_risk_parity,2023-10-02,O,0.022217501176337664
combined_risk_parity,2023-11-01,O,0.02237664054150672
combined_risk_parity,2023-12-01,O,0.02177565625750963
combined_risk_parity,2022-01-03,OXY,0.00936798699634173
combined_risk_parity,2022-02-01,OXY,0.00936418888886505
combined_risk_parity,2022-03-01,OXY,0.009541162666583326
combined_risk_parity,2022-04-01,OXY,0.00827069899928182
combined_risk_parity,2022-05-02,OXY,0.008009558638975702
combined_risk_parity,2022-06-01,OXY,0.008256290020684244
combined_risk_parity,2022-07-01,OXY,0.009824260189798649
combined_risk_parity,2022-08-01,OXY,0.009942161964672689
combined_risk_parity,2022-09-01,OXY,0.010419267472559118
combined_risk_parity,2022-10-03,OXY,0.010759810340114329
combined_risk_parity,2022-11-01,OXY,0.01153907370401382
combined_risk_parity,2022-12-01,OXY,0.012529474656635717
combined_risk_parity,2023-01-03,OXY,0.012722953609480796
combined_risk_parity,2023-02-01,OXY,0.013017113287938257
combined_risk_parity,2023-03-01,OXY,0.01345457353716901
combined_risk_parity,2023-04-03,OXY,0.01339585908594896
combined_risk_parity,2023-05-01,OXY,0.013241243617503912
combined_risk_parity,2023-06-01,OXY,0.0130872479738727
combined_risk_parity,2023-07-03,OXY,0.013078251838663853
combined_risk_parity,2023-08-01,OXY,0.013275372904122016
combined_risk_parity,2023-09-01,OXY,0.013580329224128261
combined_risk_parity,2023-10-02,OXY,0.01394917108402353
combined_risk_parity,2023-11-01,OXY,0.014112341753606967
combined_risk_parity,2023-12-01,OXY,0.014669387134565308
combined_risk_parity,2022-01-03,PLD,0.016592690793669256
combined_risk_parity,2022-02-01,PLD,0.016639031172537483
combined_risk_parity,2022-03-01,PLD,0.01669065904684833
combined_risk_parity,2022-04-01,PLD,0.017519514043040744
combined_risk_parity,2022-05-02,PLD,0.017685810208491665
combined_risk_parity,2022-06-01,PLD,0.01746001856615161
combined_risk_parity,2022-07-01,PLD,0.01686140745567769
combined_risk_parity,2022-08-01,PLD,0.016560001467348644
combined_risk_parity,2022-09-01,PLD,0.0165148878834611
combined_risk_parity,2022-10-03,PLD,0.01692089226060773
combined_risk_parity,2022-11-01,PLD,0.016871462293114255
combined_risk_parity,2022-12-01,PLD,0.015846898252058334
combined_risk_parity,2023-01-03,PLD,0.01573402789863779
combined_risk_parity,2023-02-01,PLD,0.015315493236197747
combined_risk_parity,2023-03-01,PLD,0.015297628246906498
combined_risk_parity,2023-04-03,PLD,0.014860943557117456
combined_risk_parity,2023-05-01,PLD,0.014794866740079423
combined_risk_parity,2023-06-01,PLD,0.014421217677641757
combined_risk_parity,2023-07-03,PLD,0.014417615999480302
combined_risk_parity,2023-08-01,PLD,0.01436177496043846
combined_risk_parity,2023-09-01,PLD,0.01429717607199962
combined_risk_parity,2023-10-02,PLD,0.014019411164164386
combined_risk_parity,2023-11-01,PLD,0.013834607699107274
combined_risk_parity,2023-12-01,PLD,0.01363764830176553
combined_risk_parity,2022-01-03,PSA,0.02461927004852944
combined_risk_parity,2022-02-01,PSA,0.024448673450463032
combined_risk_parity,2022-03-01,PSA,0.024632424750561353
combined_risk_parity,2022-04-01,PSA,0.027412743482919267
combined_risk_parity,2022-05-02,PSA,0.02496683429282096
combined_risk_parity,2022-06-01,PSA,0.025330481682472504
combined_risk_parity,2022-07-01,PSA,0.025124011300310334
combined_risk_parity,2022-08-01,PSA,0.02467442048669086
combined_risk_parity,2022-09-01,PSA,0.024509900147110675
combined_risk_parity,2022-10-03,PSA,0.024503247299487916
combined_risk_parity,2022-11-01,PSA,0.024392301542057265
combined_risk_parity,2022-12-01,PSA,0.0224864871160606
combined_risk_parity,2023-01-03,PSA,0.022116322740644408
combined_risk_parity,2023-02-01,PSA,0.02148289240485741
combined_risk_parity,2023-03-01,PSA,0.021588144752586396
combined_risk_parity,2023-04-03,PSA,0.020890799240886177
combined_risk_parity,2023-05-01,PSA,0.020945743738645748
combined_risk_parity,2023-06-01,PSA,0.02048927339904566
combined_risk_parity,2023-07-03,PSA,0.020013667586623443
combined_risk_parity,2023-08-01,PSA,0.020105330669425065
combined_risk_parity,2023-09-01,PSA,0.019883582528537776
combined_risk_parity,2023-10-02,PSA,0.019542881746189487
combined_risk_parity,2023-11-01,PSA,0.019358888462188268
combined_risk_parity,2023-12-01,PSA,0.019113798956393802
combined_risk_parity,2022-01-03,QCOM,0.015164493470536038
combined_risk_parity,2022-02-01,QCOM,0.015054864465573635
combined_risk_parity,2022-03-01,QCOM,0.014859994560941952
combined_risk_parity,2022-04-01,QCOM,0.013569923981449919
combined_risk_parity,2022-05-02,QCOM,0.012529833236476698
combined_risk_parity,2022-06-01,QCOM,0.012419467275841476
combined_risk_parity,2022-07-01,QCOM,0.012425950476936655
combined_risk_parity,2022-08-01,QCOM,0.012546908568314826
combined_risk_parity,2022-09-01,QCOM,0.012166666248688342
combined_risk_parity,2022-10-03,QCOM,0.012538852505047072
combined_risk_parity,2022-11-01,QCOM,0.012596771717124403
combined_risk_parity,2022-12-01,QCOM,0.012104259789516637
combined_risk_parity,2023-01-03,QCOM,0.011972359560834341
combined_risk_parity,2023-02-01,QCOM,0.011830883560040029
combined_risk_parity,2023-03-01,QCOM,0.01170862227596864
combined_risk_parity,2023-04-03,QCOM,0.011843010299780826
combined_risk_parity,2023-05-01,QCOM,0.011993956805399282
combined_risk_parity,2023-06-01,QCOM,0.011761649873314909
combined_risk_parity,2023-07-03,QCOM,0.011742471736086064
combined_risk_parity,2023-08-01,QCOM,0.011726302834579224
combined_risk_parity,2023-09-01,QCOM,0.01170343779662786
combined_risk_parity,2023-10-02,QCOM,0.011602215021525657
combined_risk_parity,2023-11-01,QCOM,0.011590128451782424
combined_risk_parity,2023-12-01,QCOM,0.011397886557246445
combined_risk_parity,2022-01-03,SBUX,0.015955794942116974
combined_risk_parity,2022-02-01,SBUX,0.015957811327297334
combined_risk_parity,2022-03-01,SBUX,0.015838766528889655
combined_risk_parity,2022-04-01,SBUX,0.015749921864072224
combined_risk_parity,2022-05-02,SBUX,0.01586321168957272
combined_risk_parity,2022-06-01,SBUX,0.014596158423882457
combined_risk_parity,2022-07-01,SBUX,0.014997897793376142
combined_risk_parity,2022-08-01,SBUX,0.01497312122658945
combined_risk_parity,2022-09-01,SBUX,0.01474576926590018
combined_risk_parity,2022-10-03,SBUX,0.015004238838357453
combined_risk_parity,2022-11-01,SBUX,0.01535411278408948
combined_risk_parity,2022-12-01,SBUX,0.015309375166167732
combined_risk_parity,2023-01-03,SBUX,0.0153663893724795
combined_risk_parity,2023-02-01,SBUX,0.015517953637468366
combined_risk_parity,2023-03-01,SBUX,0.015324052437287088
combined_risk_parity,2023-04-03,SBUX,0.015244322331484931
combined_risk_parity,2023-05-01,SBUX,0.015365063617940409
combined_risk_parity,2023-06-01,SBUX,0.015087425835883966
combined_risk_parity,2023-07-03,SBUX,0.015077233435310998
combined_risk_parity,2023-08-01,SBUX,0.015153122033081608
combined_risk_parity,2023-09-01,SBUX,0.015109763878363937
combined_risk_parity,2023-10-02,SBUX,0.014896271660837387
combined_risk_parity,2023-11-01,SBUX,0.014919585621988201
combined_risk_parity,2023-12-01,SBUX,0.014673015684070291
combined_risk_parity,2022-01-03,SHW,0.018652483039528107
combined_risk_parity,2022-02-01,SHW,0.018671149827641075
combined_risk_parity,2022-03-01,SHW,0.018548151607163145
combined_risk_parity,2022-04-01,SHW,0.019291438855152273
combined_risk_parity,2022-05-02,SHW,0.02278603395300679
combined_risk_parity,2022-06-01,SHW,0.022234267252917394
combined_risk_parity,2022-07-01,SHW,0.021468732171181174
combined_risk_parity,2022-08-01,SHW,0.022394938299845152
combined_risk_parity,2022-09-01,SHW,0.021737660037675046
combined_risk_parity,2022-10-03,SHW,0.021749112444104587
combined_risk_parity,2022-11-01,SHW,0.020284345872745684
combined_risk_parity,2022-12-01,SHW,0.01900847255232031
combined_risk_parity,2023-01-03,SHW,0.01873868954319582
combined_risk_parity,2023-02-01,SHW,0.01807519352181946
combined_risk_parity,2023-03-01,SHW,0.017975516655193046
combined_risk_parity,2023-04-03,SHW,0.017818825258282597
combined_risk_parity,2023-05-01,SHW,0.017868717108564518
combined_risk_parity,2023-06-01,SHW,0.01773413713683957
combined_risk_parity,2023-07-03,SHW,0.017437139544976568
combined_risk_parity,2023-08-01,SHW,0.017311973999351787
combined_risk_parity,2023-09-01,SHW,0.017362497452664417
combined_risk_parity,2023-10-02,SHW,0.01727709403886676
combined_risk_parity,2023-11-01,SHW,0.01724303893665768
combined_risk_parity,2023-12-01,SHW,0.016961661154271262
combined_risk_parity,2022-01-03,SLB,0.011102301201423737
combined_risk_parity,2022-02-01,SLB,0.01117391302858404
combined_risk_parity,2022-03-01,SLB,0.011281792114614816
combined_risk_parity,2022-04-01,SLB,0.010548391615121493
combined_risk_parity,2022-05-02,SLB,0.010575189880614835
combined_risk_parity,2022-06-01,SLB,0.010747425656424493
combined_risk_parity,2022-07-01,SLB,0.011749949202413566
combined_risk_parity,2022-08-01,SLB,0.011886663280948563
combined_risk_parity,2022-09-01,SLB,0.012250868478302548
combined_risk_parity,2022-10-03,SLB,0.012354915118525902
combined_risk_parity,2022-11-01,SLB,0.012698007988684314
combined_risk_parity,2022-12-01,SLB,0.013905953630908007
combined_risk_parity,2023-01-03,SLB,0.013823222990211423
combined_risk_parity,2023-02-01,SLB,0.01431366834947574
combined_risk_parity,2023-03-01,SLB,0.01463561498025549
combined_risk_parity,2023-04-03,SLB,0.01442538380917788
combined_risk_parity,2023-05-01,SLB,0.014259922660739924
combined_risk_parity,2023-06-01,SLB,0.014045380782838075
combined_risk_parity,2023-07-03,SLB,0.014121339165757078
combined_risk_parity,2023-08-01,SLB,0.014409662070147211
combined_risk_parity,2023-09-01,SLB,0.01456779347683448
combined_risk_parity,2023-10-02,SLB,0.014714281939196749
combined_risk_parity,2023-11-01,SLB,0.01496511504715164
combined_risk_parity,2023-12-01,SLB,0.015330245728437067
combined_risk_parity,2022-01-03,SO,0.017492373082324746
combined_risk_parity,2022-02-01,SO,0.0176040840991198
combined_risk_parity,2022-03-01,SO,0.017606629503456032
combined_risk_parity,2022-04-01,SO,0.02068895881367005
combined_risk_parity,2022-05-02,SO,0.02370475503020751
combined_risk_parity,2022-06-01,SO,0.026054589937159846
combined_risk_parity,2022-07-01,SO,0.02622513468209965
combined_risk_parity,2022-08-01,SO,0.026422475780258015
combined_risk_parity,2022-09-01,SO,0.0267849680879218
combined_risk_parity,2022-10-03,SO,0.025451647583781392
combined_risk_parity,2022-11-01,SO,0.02467622388876166
combined_risk_parity,2022-12-01,SO,0.02508680795183591
combined_risk_parity,2023-01-03,SO,0.025295741326212096
combined_risk_parity,2023-02-01,SO,0.025591861205795964
combined_risk_parity,2023-03-01,SO,0.025245375452320175
combined_risk_parity,2023-04-03,SO,0.025365340357606826
combined_risk_parity,2023-05-01,SO,0.02535947414816268
combined_risk_parity,2023-06-01,SO,0.025259154585357803
combined_risk_parity,2023-07-03,SO,0.025434868161362995
combined_risk_parity,2023-08-01,SO,0.025220085054215656
combined_risk_parity,2023-09-01,SO,0.02516469737270181
combined_risk_parity,2023-10-02,SO,0.02468356682718169
combined_risk_parity,2023-11-01,SO,0.024357030675141025
combined_risk_parity,2023-12-01,SO,0.02417849756450185
combined_risk_parity,2022-01-03,T,0.0207831797736932
combined_risk_parity,2022-02-01,T,0.020653044022141725
combined_risk_parity,2022-03-01,T,0.02060865597361734
combined_risk_parity,2022-04-01,T,0.02125897703114422
combined_risk_parity,2022-05-02,T,0.02305577307211932
combined_risk_parity,2022-06-01,T,0.02406063956708679
combined_risk_parity,2022-07-01,T,0.024902308872768925
combined_risk_parity,2022-08-01,T,0.024940593099383273
combined_risk_parity,2022-09-01,T,0.025042983949241274
combined_risk_parity,2022-10-03,T,0.024299684732761298
combined_risk_parity,2022-11-01,T,0.02388047403567974
combined_risk_parity,2022-12-01,T,0.024538208052447313
combined_risk_parity,2023-01-03,T,0.024670246107144665
combined_risk_parity,2023-02-01,T,0.02421277669285468
combined_risk_parity,2023-03-01,T,0.024470856348714848
combined_risk_parity,2023-04-03,T,0.024345461386191338
combined_risk_parity,2023-05-01,T,0.023493625286738044
combined_risk_parity,2023-06-01,T,0.023211820153967368
combined_risk_parity,2023-07-03,T,0.02351974540481368
combined_risk_parity,2023-08-01,T,0.023027693311991813
combined_risk_parity,2023-09-01,T,0.02307474964152567
combined_risk_parity,2023-10-02,T,0.023021757162126306
combined_risk_parity,2023-11-01,T,0.02307963221172889
combined_risk_parity,2023-12-01,T,0.023076903965331522
combined_risk_parity,2022-01-03,TMUS,0.01941884448902273
combined_risk_parity,2022-02-01,TMUS,0.019363866072834055
combined_risk_parity,2022-03-01,TMUS,0.01951387682009677
combined_risk_parity,2022-04-01,TMUS,0.01977711105960769
combined_risk_parity,2022-05-02,TMUS,0.01756926441797463
combined_risk_parity,2022-06-01,TMUS,0.01821284327170505
combined_risk_parity,2022-07-01,TMUS,0.017909528521912955
combined_risk_parity,2022-08-01,TMUS,0.017806005656299608
combined_risk_parity,2022-09-01,TMUS,0.018150325196323237
combined_risk_parity,2022-10-03,TMUS,0.018437104744017017
combined_risk_parity,2022-11-01,TMUS,0.018462529241011837
combined_risk_parity,2022-12-01,TMUS,0.018768874508397683
combined_risk_parity,2023-01-03,TMUS,0.01905961345586343
combined_risk_parity,2023-02-01,TMUS,0.019729387062407
combined_risk_parity,2023-03-01,TMUS,0.01929787062241991
combined_risk_parity,2023-04-03,TMUS,0.019924874377424295
combined_risk_parity,2023-05-01,TMUS,0.020263853781291
combined_risk_parity,2023-06-01,TMUS,0.02092102224195487
combined_risk_parity,2023-07-03,TMUS,0.021345942808086014
combined_risk_parity,2023-08-01,TMUS,0.021410519030083813
combined_risk_parity,2023-09-01,TMUS,0.02130165896393912
combined_risk_parity,2023-10-02,TMUS,0.021381652931962015
combined_risk_parity,2023-11-01,TMUS,0.02093628556830528
combined_risk_parity,2023-12-01,TMUS,0.02115229861771981
combined_risk_parity,2022-01-03,TTWO,0.02661749341217842
combined_risk_parity,2022-02-01,TTWO,0.026262091431799583
combined_risk_parity,2022-03-01,TTWO,0.026278676823893527
combined_risk_parity,2022-04-01,TTWO,0.028484238128701704
combined_risk_parity,2022-05-02,TTWO,0.024894573536393388
combined_risk_parity,2022-06-01,TTWO,0.021768455326815067
combined_risk_parity,2022-07-01,TTWO,0.02004073394908676
combined_risk_parity,2022-08-01,TTWO,0.0202154143913699
combined_risk_parity,2022-09-01,TTWO,0.02039035671759557
combined_risk_parity,2022-10-03,TTWO,0.019934153496631003
combined_risk_parity,2022-11-01,TTWO,0.02024874281632197
combined_risk_parity,2022-12-01,TTWO,0.019312125648375814
combined_risk_parity,2023-01-03,TTWO,0.018998798499360547
combined_risk_parity,2023-02-01,TTWO,0.01900912235224876
combined_risk_parity,2023-03-01,TTWO,0.018797040339948005
combined_risk_parity,2023-04-03,TTWO,0.01834720780329059
combined_risk_parity,2023-05-01,TTWO,0.01814616972151096
combined_risk_parity,2023-06-01,TTWO,0.017328092687631115
combined_risk_parity,2023-07-03,TTWO,0.017441908719197
combined_risk_parity,2023-08-01,TTWO,0.01741749492044327
combined_risk_parity,2023-09-01,TTWO,0.01706373211726209
combined_risk_parity,2023-10-02,TTWO,0.016909330209868255
combined_risk_parity,2023-11-01,TTWO,0.016880782172832263
combined_risk_parity,2023-12-01,TTWO,0.016645816984377906
combined_risk_parity,2022-01-03,UPS,0.02195447830452113
combined_risk_parity,2022-02-01,UPS,0.02193681835527971
combined_risk_parity,2022-03-01,UPS,0.021940583656006842
combined_risk_parity,2022-04-01,UPS,0.01848294010012188
combined_risk_parity,2022-05-02,UPS,0.01752035601965347
combined_risk_parity,2022-06-01,UPS,0.01763770650217593
combined_risk_parity,2022-07-01,UPS,0.018765986468363687
combined_risk_parity,2022-08-01,UPS,0.018560370527627663
combined_risk_parity,2022-09-01,UPS,0.01845320403252894
combined_risk_parity,2022-10-03,UPS,0.01836052738022429
combined_risk_parity,2022-11-01,UPS,0.019261996846807346
combined_risk_parity,2022-12-01,UPS,0.01856874328038042
combined_risk_parity,2023-01-03,UPS,0.01824246283408402
combined_risk_parity,2023-02-01,UPS,0.017733473041458687
combined_risk_parity,2023-03-01,UPS,0.017714891620981027
combined_risk_parity,2023-04-03,UPS,0.017968141747886537
combined_risk_parity,2023-05-01,UPS,0.017657585627397002
combined_risk_parity,2023-06-01,UPS,0.01753810698342613
combined_risk_parity,2023-07-03,UPS,0.017307152863310665
combined_risk_parity,2023-08-01,UPS,0.017145898231807375
combined_risk_parity,2023-09-01,UPS,0.016992186217895895
combined_risk_parity,2023-10-02,UPS,0.016684283220305143
combined_risk_parity,2023-11-01,UPS,0.016661328119622298
combined_risk_parity,2023-12-01,UPS,0.016491077483936845
combined_risk_parity,2022-01-03,USB,0.013417262750424035
combined_risk_parity,2022-02-01,USB,0.013406680546743573
combined_risk_parity,2022-03-01,USB,0.013380336933838225
combined_risk_parity,2022-04-01,USB,0.012525487717499593
combined_risk_parity,2022-05-02,USB,0.013150088310881202
combined_risk_parity,2022-06-01,USB,0.01442152949651008
combined_risk_parity,2022-07-01,USB,0.015306580872209466
combined_risk_parity,2022-08-01,USB,0.01544291446038242
combined_risk_parity,2022-09-01,USB,0.015403432922482928
combined_risk_parity,2022-10-03,USB,0.01576890369688812
combined_risk_parity,2022-11-01,USB,0.01618768752873015
combined_risk_parity,2022-12-01,USB,0.01685979074596384
combined_risk_parity,2023-01-03,USB,0.01673549562069644
combined_risk_parity,2023-02-01,USB,0.016827639556774427
combined_risk_parity,2023-03-01,USB,0.017153197231038336
combined_risk_parity,2023-04-03,USB,0.01587248196219195
combined_risk_parity,2023-05-01,USB,0.01567885195733656
combined_risk_parity,2023-06-01,USB,0.014806090244872535
combined_risk_parity,2023-07-03,USB,0.014538736168191613
combined_risk_parity,2023-08-01,USB,0.01458050130586542
combined_risk_parity,2023-09-01,USB,0.014689049252549621
combined_risk_parity,2023-10-02,USB,0.014501972739555908
combined_risk_parity,2023-11-01,USB,0.014269962548831314
combined_risk_parity,2023-12-01,USB,0.013865327728320533
combined_risk_parity,2022-01-03,V,0.016120950468576048
combined_risk_parity,2022-02-01,V,0.0160564016752394
combined_risk_parity,2022-03-01,V,0.016116401808835668
combined_risk_parity,2022-04-01,V,0.015275880298295897
combined_risk_parity,2022-05-02,V,0.01601099482955322
combined_risk_parity,2022-06-01,V,0.015566858196615432
combined_risk_parity,2022-07-01,V,0.015071705672139155
combined_risk_parity,2022-08-01,V,0.015234275347656843
combined_risk_parity,2022-09-01,V,0.015174831757090841
combined_risk_parity,2022-10-03,V,0.01567233531082645
combined_risk_parity,2022-11-01,V,0.016122372086311766
combined_risk_parity,2022-12-01,V,0.016159463908953193
combined_risk_parity,2023-01-03,V,0.016251790925323688
combined_risk_parity,2023-02-01,V,0.01606762850399167
combined_risk_parity,2023-03-01,V,0.016229152346613818
combined_risk_parity,2023-04-03,V,0.016428768900863904
combined_risk_parity,2023-05-01,V,0.01649947773849538
combined_risk_parity,2023-06-01,V,0.01619416560747846
combined_risk_parity,2023-07-03,V,0.016179815147578186
combined_risk_parity,2023-08-01,V,0.016347709219659272
combined_risk_parity,2023-09-01,V,0.01634695124619314
combined_risk_parity,2023-10-02,V,0.016170431080461997
combined_risk_parity,2023-11-01,V,0.016544666565314867
combined_risk_parity,2023-12-01,V,0.01657172269216799
combined_risk_parity,2022-01-03,WFC,0.012530001974850795
combined_risk_parity,2022-02-01,WFC,0.012507000022255303
combined_risk_parity,2022-03-01,WFC,0.012412672638755553
combined_risk_parity,2022-04-01,WFC,0.012082441276671282
combined_risk_parity,2022-05-02,WFC,0.011990162731881422
combined_risk_parity,2022-06-01,WFC,0.012592421477525676
combined_risk_parity,2022-07-01,WFC,0.013236510561635748
combined_risk_parity,2022-08-01,WFC,0.013075119359575638
combined_risk_parity,2022-09-01,WFC,0.013002547610509691
combined_risk_parity,2022-10-03,WFC,0.013140108064953016
combined_risk_parity,2022-11-01,WFC,0.013516197499971114
combined_risk_parity,2022-12-01,WFC,0.014260874320379896
combined_risk_parity,2023-01-03,WFC,0.014394894787757722
combined_risk_parity,2023-02-01,WFC,0.014936109823626842
combined_risk_parity,2023-03-01,WFC,0.015266553269056743
combined_risk_parity,2023-04-03,WFC,0.014796165954884713
combined_risk_parity,2023-05-01,WFC,0.014777128479180437
combined_risk_parity,2023-06-01,WFC,0.014386599297653442
combined_risk_parity,2023-07-03,WFC,0.014294701373406162
combined_risk_parity,2023-08-01,WFC,0.014554916319509541
combined_risk_parity,2023-09-01,WFC,0.01471683345155017
combined_risk_parity,2023-10-02,WFC,0.014517757620884924
combined_risk_parity,2023-11-01,WFC,0.014404725333703015
combined_risk_parity,2023-12-01,WFC,0.01440393472083328
combined_risk_parity,2022-01-03,WMT,0.03013505561804299
combined_risk_parity,2022-02-01,WMT,0.030185434753353595
combined_risk_parity,2022-03-01,WMT,0.0308390382931023
combined_risk_parity,2022-04-01,WMT,0.03519944123068812
combined_risk_parity,2022-05-02,WMT,0.03380921432453892
combined_risk_parity,2022-06-01,WMT,0.03289304319352654
combined_risk_parity,2022-07-01,WMT,0.030985910176227073
combined_risk_parity,2022-08-01,WMT,0.029614563759369477
combined_risk_parity,2022-09-01,WMT,0.029707906802091115
combined_risk_parity,2022-10-03,WMT,0.030208462656551353
combined_risk_parity,2022-11-01,WMT,0.03004636340164581
combined_risk_parity,2022-12-01,WMT,0.029860101927711578
combined_risk_parity,2023-01-03,WMT,0.02943029392874386
combined_risk_parity,2023-02-01,WMT,0.028881533654476096
combined_risk_parity,2023-03-01,WMT,0.02927968841632431
combined_risk_parity,2023-04-03,WMT,0.02986385426506262
combined_risk_parity,2023-05-01,WMT,0.03009146769186041
combined_risk_parity,2023-06-01,WMT,0.03058286150924052
combined_risk_parity,2023-07-03,WMT,0.03094750278349587
combined_risk_parity,2023-08-01,WMT,0.030978945771413448
combined_risk_parity,2023-09-01,WMT,0.03107552581557861
combined_risk_parity,2023-10-02,WMT,0.031179391150540806
combined_risk_parity,2023-11-01,WMT,0.03132886632593395
combined_risk_parity,2023-12-01,WMT,0.03163069828838216
combined_risk_parity,2022-01-03,XOM,0.014963295859048936
combined_risk_parity,2022-02-01,XOM,0.015106244787898926
combined_risk_parity,2022-03-01,XOM,0.01526624053077556
combined_risk_parity,2022-04-01,XOM,0.014103254335098141
combined_risk_parity,2022-05-02,XOM,0.013892170948950648
combined_risk_parity,2022-06-01,XOM,0.014242928423937328
combined_risk_parity,2022-07-01,XOM,0.015186415370340978
combined_risk_parity,2022-08-01,XOM,0.015199737625362733
combined_risk_parity,2022-09-01,XOM,0.015551132872261212
combined_risk_parity,2022-10-03,XOM,0.01543227789663432
combined_risk_parity,2022-11-01,XOM,0.016099062799732666
combined_risk_parity,2022-12-01,XOM,0.01752912683903557
combined_risk_parity,2023-01-03,XOM,0.01761127590423461
combined_risk_parity,2023-02-01,XOM,0.01784333625653743
combined_risk_parity,2023-03-01,XOM,0.018210572474287954
combined_risk_parity,2023-04-03,XOM,0.018184417445358005
combined_risk_parity,2023-05-01,XOM,0.018040151250665458
combined_risk_parity,2023-06-01,XOM,0.01781041187856309
combined_risk_parity,2023-07-03,XOM,0.01782101409324527
combined_risk_parity,2023-08-01,XOM,0.018105389883323598
combined_risk_parity,2023-09-01,XOM,0.01835590612393111
combined_risk_parity,2023-10-02,XOM,0.01853459805762529
combined_risk_parity,2023-11-01,XOM,0.01892505130821394
combined_risk_parity,2023-12-01,XOM,0.019253673909057606
combined_risk_parity,2022-01-03,CR_ADA-USD,0.008091833482277166
combined_risk_parity,2022-02-01,CR_ADA-USD,0.00803232069337385
combined_risk_parity,2022-03-01,CR_ADA-USD,0.007971188121789702
combined_risk_parity,2022-04-01,CR_ADA-USD,0.0062160979970681055
combined_risk_parity,2022-05-02,CR_ADA-USD,0.00569441474194014
combined_risk_parity,2022-06-01,CR_ADA-USD,0.005273639522040242
combined_risk_parity,2022-07-01,CR_ADA-USD,0.005146557603628582
combined_risk_parity,2022-08-01,CR_ADA-USD,0.00514044498207121
combined_risk_parity,2022-09-01,CR_ADA-USD,0.00517102899587177
combined_risk_parity,2022-10-03,CR_ADA-USD,0.005417123784054429
combined_risk_parity,2022-11-01,CR_ADA-USD,0.005589732041020769
combined_risk_parity,2022-12-01,CR_ADA-USD,0.005457658802288183
combined_risk_parity,2023-01-03,CR_ADA-USD,0.0055159954077648905
combined_risk_parity,2023-02-01,CR_ADA-USD,0.0056995297208464685
combined_risk_parity,2023-03-01,CR_ADA-USD,0.0057231781924257565
combined_risk_parity,2023-04-03,CR_ADA-USD,0.005860911619697084
combined_risk_parity,2023-05-01,CR_ADA-USD,0.005909891078270738
combined_risk_parity,2023-06-01,CR_ADA-USD,0.006582728662770555
combined_risk_parity,2023-07-03,CR_ADA-USD,0.006655381828812288
combined_risk_parity,2023-08-01,CR_ADA-USD,0.006579269285802482
combined_risk_parity,2023-09-01,CR_ADA-USD,0.006786532790344794
combined_risk_parity,2023-10-02,CR_ADA-USD,0.007000611215293969
combined_risk_parity,2023-11-01,CR_ADA-USD,0.0071730088656722065
combined_risk_parity,2023-12-01,CR_ADA-USD,0.0071918923365309395
combined_risk_parity,2022-01-03,CR_BCH-USD,0.008180860300411683
combined_risk_parity,2022-02-01,CR_BCH-USD,0.008281513352130973
combined_risk_parity,2022-03-01,CR_BCH-USD,0.008265095480451628
combined_risk_parity,2022-04-01,CR_BCH-USD,0.006243608343900516
combined_risk_parity,2022-05-02,CR_BCH-USD,0.0057687829116647325
combined_risk_parity,2022-06-01,CR_BCH-USD,0.0055764012089161595
combined_risk_parity,2022-07-01,CR_BCH-USD,0.005361176091163482
combined_risk_parity,2022-08-01,CR_BCH-USD,0.005251209419904289
combined_risk_parity,2022-09-01,CR_BCH-USD,0.005258767359341389
combined_risk_parity,2022-10-03,CR_BCH-USD,0.0054481583876938465
combined_risk_parity,2022-11-01,CR_BCH-USD,0.0055926849401674306
combined_risk_parity,2022-12-01,CR_BCH-USD,0.005495552071667349
combined_risk_parity,2023-01-03,CR_BCH-USD,0.0056221803007858884
combined_risk_parity,2023-02-01,CR_BCH-USD,0.005787904126019456
combined_risk_parity,2023-03-01,CR_BCH-USD,0.0058894897197185525
combined_risk_parity,2023-04-03,CR_BCH-USD,0.005969526411822231
combined_risk_parity,2023-05-01,CR_BCH-USD,0.006174697603746037
combined_risk_parity,2023-06-01,CR_BCH-USD,0.007426406883277943
combined_risk_parity,2023-07-03,CR_BCH-USD,0.0072850318238038
combined_risk_parity,2023-08-01,CR_BCH-USD,0.007487819958583635
combined_risk_parity,2023-09-01,CR_BCH-USD,0.007379039192477819
combined_risk_parity,2023-10-02,CR_BCH-USD,0.007624671175017957
combined_risk_parity,2023-11-01,CR_BCH-USD,0.007868000483865567
combined_risk_parity,2023-12-01,CR_BCH-USD,0.008193888250634242
combined_risk_parity,2022-01-03,CR_BTC-USD,0.011727535618980012
combined_risk_parity,2022-02-01,CR_BTC-USD,0.011647847766202356
combined_risk_parity,2022-03-01,CR_BTC-USD,0.011482489091528759
combined_risk_parity,2022-04-01,CR_BTC-USD,0.009416879738349777
combined_risk_parity,2022-05-02,CR_BTC-USD,0.008744194499635366
combined_risk_parity,2022-06-01,CR_BTC-USD,0.008360623429795634
combined_risk_parity,2022-07-01,CR_BTC-USD,0.0076959385413667555
combined_risk_parity,2022-08-01,CR_BTC-USD,0.007652802265722521
combined_risk_parity,2022-09-01,CR_BTC-USD,0.007639639641886457
combined_risk_parity,2022-10-03,CR_BTC-USD,0.007614046626237838
combined_risk_parity,2022-11-01,CR_BTC-USD,0.007768394728921265
combined_risk_parity,2022-12-01,CR_BTC-USD,0.007528179865854492
combined_risk_parity,2023-01-03,CR_BTC-USD,0.0076253552453558
combined_risk_parity,2023-02-01,CR_BTC-USD,0.007912685879021265
combined_risk_parity,2023-03-01,CR_BTC-USD,0.008136010029984146
combined_risk_parity,2023-04-03,CR_BTC-USD,0.008338085952916095
combined_risk_parity,2023-05-01,CR_BTC-USD,0.00836649736906925
combined_risk_parity,2023-06-01,CR_BTC-USD,0.008803925073356502
combined_risk_parity,2023-07-03,CR_BTC-USD,0.008991718454267071
combined_risk_parity,2023-08-01,CR_BTC-USD,0.009111011078298573
combined_risk_parity,2023-09-01,CR_BTC-USD,0.009130725770974199
combined_risk_parity,2023-10-02,CR_BTC-USD,0.00943862348788477
combined_risk_parity,2023-11-01,CR_BTC-USD,0.009645628642185544
combined_risk_parity,2023-12-01,CR_BTC-USD,0.009905471574878769
combined_risk_parity,2022-01-03,CR_EOS-USD,0.008214095700054352
combined_risk_parity,2022-02-01,CR_EOS-USD,0.00821424134638694
combined_risk_parity,2022-03-01,CR_EOS-USD,0.008118586113065731
combined_risk_parity,2022-04-01,CR_EOS-USD,0.005866101614735245
combined_risk_parity,2022-05-02,CR_EOS-USD,0.005406370323572221
combined_risk_parity,2022-06-01,CR_EOS-USD,0.005222994696030246
combined_risk_parity,2022-07-01,CR_EOS-USD,0.005067078878519389
combined_risk_parity,2022-08-01,CR_EOS-USD,0.0050768183858794745
combined_risk_parity,2022-09-01,CR_EOS-USD,0.005144803975384632
combined_risk_parity,2022-10-03,CR_EOS-USD,0.00510137191241775
combined_risk_parity,2022-11-01,CR_EOS-USD,0.0052228687818651675
combined_risk_parity,2022-12-01,CR_EOS-USD,0.005189403217893366
combined_risk_parity,2023-01-03,CR_EOS-USD,0.005331528527371162
combined_risk_parity,2023-02-01,CR_EOS-USD,0.005363122308104804
combined_risk_parity,2023-03-01,CR_EOS-USD,0.005405668021741521
combined_risk_parity,2023-04-03,CR_EOS-USD,0.005403697043207047
combined_risk_parity,2023-05-01,CR_EOS-USD,0.005555886043751209
combined_risk_parity,2023-06-01,CR_EOS-USD,0.006599406066309765
combined_risk_parity,2023-07-03,CR_EOS-USD,0.006646239600285619
combined_risk_parity,2023-08-01,CR_EOS-USD,0.006758978241619793
combined_risk_parity,2023-09-01,CR_EOS-USD,0.0068331181667389326
combined_risk_parity,2023-10-02,CR_EOS-USD,0.0071813882782784276
combined_risk_parity,2023-11-01,CR_EOS-USD,0.007416010327637005
combined_risk_parity,2023-12-01,CR_EOS-USD,0.00756811387465241
combined_risk_parity,2022-01-03,CR_ETC-USD,0.008439709067742279
combined_risk_parity,2022-02-01,CR_ETC-USD,0.00850743382029953
combined_risk_parity,2022-03-01,CR_ETC-USD,0.008411680110619156
combined_risk_parity,2022-04-01,CR_ETC-USD,0.00624585862335718
combined_risk_parity,2022-05-02,CR_ETC-USD,0.005688462111049114
combined_risk_parity,2022-06-01,CR_ETC-USD,0.005303890452012233
combined_risk_parity,2022-07-01,CR_ETC-USD,0.005047434870211182
combined_risk_parity,2022-08-01,CR_ETC-USD,0.004867354635966305
combined_risk_parity,2022-09-01,CR_ETC-USD,0.004852397986799574
combined_risk_parity,2022-10-03,CR_ETC-USD,0.00481165374122706
combined_risk_parity,2022-11-01,CR_ETC-USD,0.0049708608721991355
combined_risk_parity,2022-12-01,CR_ETC-USD,0.004835317449411956
combined_risk_parity,2023-01-03,CR_ETC-USD,0.0048661007306583315
combined_risk_parity,2023-02-01,CR_ETC-USD,0.004745523734697367
combined_risk_parity,2023-03-01,CR_ETC-USD,0.004811637460720879
combined_risk_parity,2023-04-03,CR_ETC-USD,0.004842189035869848
combined_risk_parity,2023-05-01,CR_ETC-USD,0.0049737189524012276
combined_risk_parity,2023-06-01,CR_ETC-USD,0.005855169002752987
combined_risk_parity,2023-07-03,CR_ETC-USD,0.005898252640528174
combined_risk_parity,2023-08-01,CR_ETC-USD,0.005935153961217665
combined_risk_parity,2023-09-01,CR_ETC-USD,0.005957088696742176
combined_risk_parity,2023-10-02,CR_ETC-USD,0.0061634540523698884
combined_risk_parity,2023-11-01,CR_ETC-USD,0.006271453590500063
combined_risk_parity,2023-12-01,CR_ETC-USD,0.006430922170849766
combined_risk_parity,2022-01-03,CR_ETH-USD,0.008966867556389927
combined_risk_parity,2022-02-01,CR_ETH-USD,0.008878489050130573
combined_risk_parity,2022-03-01,CR_ETH-USD,0.008769269082061482
combined_risk_parity,2022-04-01,CR_ETH-USD,0.0068484090070693015
combined_risk_parity,2022-05-02,CR_ETH-USD,0.0066116333843936285
combined_risk_parity,2022-06-01,CR_ETH-USD,0.006459988179053121
combined_risk_parity,2022-07-01,CR_ETH-USD,0.005959838045630492
combined_risk_parity,2022-08-01,CR_ETH-USD,0.00592486244096029
combined_risk_parity,2022-09-01,CR_ETH-USD,0.005855829994306498
combined_risk_parity,2022-10-03,CR_ETH-USD,0.005949384162842319
combined_risk_parity,2022-11-01,CR_ETH-USD,0.0061578418558274365
combined_risk_parity,2022-12-01,CR_ETH-USD,0.0058370872475827715
combined_risk_parity,2023-01-03,CR_ETH-USD,0.005888843026209411
combined_risk_parity,2023-02-01,CR_ETH-USD,0.006025569974432442
combined_risk_parity,2023-03-01,CR_ETH-USD,0.006181351993880424
combined_risk_parity,2023-04-03,CR_ETH-USD,0.0063105303360991615
combined_risk_parity,2023-05-01,CR_ETH-USD,0.006344899975238425
combined_risk_parity,2023-06-01,CR_ETH-USD,0.006859795763595834
combined_risk_parity,2023-07-03,CR_ETH-USD,0.006939308665051462
combined_risk_parity,2023-08-01,CR_ETH-USD,0.007041629066227461
combined_risk_parity,2023-09-01,CR_ETH-USD,0.00707648528464353
combined_risk_parity,2023-10-02,CR_ETH-USD,0.007385592058016975
combined_risk_parity,2023-11-01,CR_ETH-USD,0.007590221966478522
combined_risk_parity,2023-12-01,CR_ETH-USD,0.007845785565354257
combined_risk_parity,2022-01-03,CR_LTC-USD,0.008767679973085123
combined_risk_parity,2022-02-01,CR_LTC-USD,0.008702019879763025
combined_risk_parity,2022-03-01,CR_LTC-USD,0.008604395964516197
combined_risk_parity,2022-04-01,CR_LTC-USD,0.006605949416377884
combined_risk_parity,2022-05-02,CR_LTC-USD,0.0060109491587277235
combined_risk_parity,2022-06-01,CR_LTC-USD,0.005702212417323536
combined_risk_parity,2022-07-01,CR_LTC-USD,0.005422553856410733
combined_risk_parity,2022-08-01,CR_LTC-USD,0.005447151451186973
combined_risk_parity,2022-09-01,CR_LTC-USD,0.005513395139724897
combined_risk_parity,2022-10-03,CR_LTC-USD,0.005720340547827544
combined_risk_parity,2022-11-01,CR_LTC-USD,0.005911034258863085
combined_risk_parity,2022-12-01,CR_LTC-USD,0.0057830457228149786
combined_risk_parity,2023-01-03,CR_LTC-USD,0.005867689055446961
combined_risk_parity,2023-02-01,CR_LTC-USD,0.005994361520094396
combined_risk_parity,2023-03-01,CR_LTC-USD,0.006120376240160062
combined_risk_parity,2023-04-03,CR_LTC-USD,0.0062326715132382604
combined_risk_parity,2023-05-01,CR_LTC-USD,0.006333355132487382
combined_risk_parity,2023-06-01,CR_LTC-USD,0.007133078617960494
combined_risk_parity,2023-07-03,CR_LTC-USD,0.007070942993345621
combined_risk_parity,2023-08-01,CR_LTC-USD,0.007124567375804272
combined_risk_parity,2023-09-01,CR_LTC-USD,0.007094278807735321
combined_risk_parity,2023-10-02,CR_LTC-USD,0.007418489185136876
combined_risk_parity,2023-11-01,CR_LTC-USD,0.007642002157016538
combined_risk_parity,2023-12-01,CR_LTC-USD,0.007963456778826447
combined_risk_parity,2022-01-03,CR_TRX-USD,0.009488425802103701
combined_risk_parity,2022-02-01,CR_TRX-USD,0.009511868255907125
combined_risk_parity,2022-03-01,CR_TRX-USD,0.009576931622538
combined_risk_parity,2022-04-01,CR_TRX-USD,0.008123549393636806
combined_risk_parity,2022-05-02,CR_TRX-USD,0.0076457178613790824
combined_risk_parity,2022-06-01,CR_TRX-USD,0.006903867826734851
combined_risk_parity,2022-07-01,CR_TRX-USD,0.006604978332000391
combined_risk_parity,2022-08-01,CR_TRX-USD,0.006693757411447697
combined_risk_parity,2022-09-01,CR_TRX-USD,0.006880553729812855
combined_risk_parity,2022-10-03,CR_TRX-USD,0.006653221093656346
combined_risk_parity,2022-11-01,CR_TRX-USD,0.007013529271837249
combined_risk_parity,2022-12-01,CR_TRX-USD,0.007111337505921723
combined_risk_parity,2023-01-03,CR_TRX-USD,0.007358176371007409
combined_risk_parity,2023-02-01,CR_TRX-USD,0.007299029840701128
combined_risk_parity,2023-03-01,CR_TRX-USD,0.007449249106761661
combined_risk_parity,2023-04-03,CR_TRX-USD,0.0075063687161896105
combined_risk_parity,2023-05-01,CR_TRX-USD,0.007768278274386523
combined_risk_parity,2023-06-01,CR_TRX-USD,0.0090225656052784
combined_risk_parity,2023-07-03,CR_TRX-USD,0.00914736739728708
combined_risk_parity,2023-08-01,CR_TRX-USD,0.009292342286799751
combined_risk_parity,2023-09-01,CR_TRX-USD,0.00958666588283693
combined_risk_parity,2023-10-02,CR_TRX-USD,0.01033623390476847
combined_risk_parity,2023-11-01,CR_TRX-USD,0.010759062989177271
combined_risk_parity,2023-12-01,CR_TRX-USD,0.011205356826217283
combined_risk_parity,2022-01-03,CR_XLM-USD,0.008048034681802657
combined_risk_parity,2022-02-01,CR_XLM-USD,0.007981623923712449
combined_risk_parity,2022-03-01,CR_XLM-USD,0.007933716064870032
combined_risk_parity,2022-04-01,CR_XLM-USD,0.005764200658734182
combined_risk_parity,2022-05-02,CR_XLM-USD,0.005337146416548266
combined_risk_parity,2022-06-01,CR_XLM-USD,0.005087010748591128
combined_risk_parity,2022-07-01,CR_XLM-USD,0.004949344589587879
combined_risk_parity,2022-08-01,CR_XLM-USD,0.004938316794647161
combined_risk_parity,2022-09-01,CR_XLM-USD,0.0050115902909060595
combined_risk_parity,2022-10-03,CR_XLM-USD,0.0051810122647905545
combined_risk_parity,2022-11-01,CR_XLM-USD,0.005473938496285802
combined_risk_parity,2022-12-01,CR_XLM-USD,0.005693583713385438
combined_risk_parity,2023-01-03,CR_XLM-USD,0.005863445126537221
combined_risk_parity,2023-02-01,CR_XLM-USD,0.0065075961049057725
combined_risk_parity,2023-03-01,CR_XLM-USD,0.006640419742072873
combined_risk_parity,2023-04-03,CR_XLM-USD,0.0065922366426187096
combined_risk_parity,2023-05-01,CR_XLM-USD,0.006830032933885368
combined_risk_parity,2023-06-01,CR_XLM-USD,0.007701006653176811
combined_risk_parity,2023-07-03,CR_XLM-USD,0.007818316128599893
combined_risk_parity,2023-08-01,CR_XLM-USD,0.00725895750358102
combined_risk_parity,2023-09-01,CR_XLM-USD,0.007284636908313027
combined_risk_parity,2023-10-02,CR_XLM-USD,0.007652080407905289
combined_risk_parity,2023-11-01,CR_XLM-USD,0.007903594652068847
combined_risk_parity,2023-12-01,CR_XLM-USD,0.007998311078837264
combined_risk_parity,2022-01-03,CR_XRP-USD,0.008823929737119597
combined_risk_parity,2022-02-01,CR_XRP-USD,0.008816107533180174
combined_risk_parity,2022-03-01,CR_XRP-USD,0.00862281823881845
combined_risk_parity,2022-04-01,CR_XRP-USD,0.006434658309676319
combined_risk_parity,2022-05-02,CR_XRP-USD,0.005818394880914494
combined_risk_parity,2022-06-01,CR_XRP-USD,0.005554296584690174
combined_risk_parity,2022-07-01,CR_XRP-USD,0.005280145137168149
combined_risk_parity,2022-08-01,CR_XRP-USD,0.005335132601891468
combined_risk_parity,2022-09-01,CR_XRP-USD,0.005402883367870253
combined_risk_parity,2022-10-03,CR_XRP-USD,0.0055714826815612215
combined_risk_parity,2022-11-01,CR_XRP-USD,0.0058328912012471
combined_risk_parity,2022-12-01,CR_XRP-USD,0.00587320823078179
combined_risk_parity,2023-01-03,CR_XRP-USD,0.00613675420726515
combined_risk_parity,2023-02-01,CR_XRP-USD,0.006206755244116181
combined_risk_parity,2023-03-01,CR_XRP-USD,0.006264545419584124
combined_risk_parity,2023-04-03,CR_XRP-USD,0.006222250435917303
combined_risk_parity,2023-05-01,CR_XRP-USD,0.00659193379536737
combined_risk_parity,2023-06-01,CR_XRP-USD,0.007323489004115651
combined_risk_parity,2023-07-03,CR_XRP-USD,0.00747013983125313
combined_risk_parity,2023-08-01,CR_XRP-USD,0.006904119971318426
combined_risk_parity,2023-09-01,CR_XRP-USD,0.007043017576821916
combined_risk_parity,2023-10-02,CR_XRP-USD,0.007381098348040628
combined_risk_parity,2023-11-01,CR_XRP-USD,0.007582277716071669
combined_risk_parity,2023-12-01,CR_XRP-USD,0.007817580707196849
combined_min_cvar,2022-01-03,ABBV,0.0
combined_min_cvar,2022-02-01,ABBV,0.047474771583064984
combined_min_cvar,2022-03-01,ABBV,0.06576510393651436
combined_min_cvar,2022-04-01,ABBV,0.09346384688442928
combined_min_cvar,2022-05-02,ABBV,0.04710811535549966
combined_min_cvar,2022-06-01,ABBV,0.02576290219795631
combined_min_cvar,2022-07-01,ABBV,0.0795990705957225
combined_min_cvar,2022-08-01,ABBV,0.07504612026588796
combined_min_cvar,2022-09-01,ABBV,0.07875325707051299
combined_min_cvar,2022-10-03,ABBV,0.0845252992814171
combined_min_cvar,2022-11-01,ABBV,0.08751940577762872
combined_min_cvar,2022-12-01,ABBV,0.06317252669119576
combined_min_cvar,2023-01-03,ABBV,0.03302490996567115
combined_min_cvar,2023-02-01,ABBV,0.0046594845169681
combined_min_cvar,2023-03-01,ABBV,0.0
combined_min_cvar,2023-04-03,ABBV,0.0
combined_min_cvar,2023-05-01,ABBV,0.0
combined_min_cvar,2023-06-01,ABBV,0.07363103197318908
combined_min_cvar,2023-07-03,ABBV,0.09685756623337363
combined_min_cvar,2023-08-01,ABBV,0.0968575662333739
combined_min_cvar,2023-09-01,ABBV,0.0705760293195026
combined_min_cvar,2023-10-02,ABBV,0.0019857673669455055
combined_min_cvar,2023-11-01,ABBV,0.0
combined_min_cvar,2023-12-01,ABBV,0.08448960220730604
combined_min_cvar,2022-01-03,ABT,0.10000000000000002
combined_min_cvar,2022-02-01,ABT,0.07230742436935504
combined_min_cvar,2022-03-01,ABT,0.0
combined_min_cvar,2022-04-01,ABT,0.06247319901055289
combined_min_cvar,2022-05-02,ABT,0.05988804145512558
combined_min_cvar,2022-06-01,ABT,0.0
combined_min_cvar,2022-07-01,ABT,0.0
combined_min_cvar,2022-08-01,ABT,0.0
combined_min_cvar,2022-09-01,ABT,0.0
combined_min_cvar,2022-10-03,ABT,0.0
combined_min_cvar,2022-11-01,ABT,0.0
combined_min_cvar,2022-12-01,ABT,0.0
combined_min_cvar,2023-01-03,ABT,0.0
combined_min_cvar,2023-02-01,ABT,0.0
combined_min_cvar,2023-03-01,ABT,0.0
combined_min_cvar,2023-04-03,ABT,0.0
combined_min_cvar,2023-05-01,ABT,0.0
combined_min_cvar,2023-06-01,ABT,0.0
combined_min_cvar,2023-07-03,ABT,0.0007180137083374327
combined_min_cvar,2023-08-01,ABT,0.0007180137083347657
combined_min_cvar,2023-09-01,ABT,0.05760203539214408
combined_min_cvar,2023-10-02,ABT,0.04791832396863322
combined_min_cvar,2023-11-01,ABT,0.0
combined_min_cvar,2023-12-01,ABT,0.0
combined_min_cvar,2022-01-03,ADBE,0.0
combined_min_cvar,2022-02-01,ADBE,0.0
combined_min_cvar,2022-03-01,ADBE,0.0
combined_min_cvar,2022-04-01,ADBE,0.0
combined_min_cvar,2022-05-02,ADBE,0.0
combined_min_cvar,2022-06-01,ADBE,0.0
combined_min_cvar,2022-07-01,ADBE,0.0
combined_min_cvar,2022-08-01,ADBE,0.0
combined_min_cvar,2022-09-01,ADBE,0.0
combined_min_cvar,2022-10-03,ADBE,0.0
combined_min_cvar,2022-11-01,ADBE,0.0
combined_min_cvar,2022-12-01,ADBE,0.0
combined_min_cvar,2023-01-03,ADBE,0.0
combined_min_cvar,2023-02-01,ADBE,0.0
combined_min_cvar,2023-03-01,ADBE,0.0
combined_min_cvar,2023-04-03,ADBE,0.0
combined_min_cvar,2023-05-01,ADBE,0.0
combined_min_cvar,2023-06-01,ADBE,0.0
combined_min_cvar,2023-07-03,ADBE,0.0
combined_min_cvar,2023-08-01,ADBE,0.0
combined_min_cvar,2023-09-01,ADBE,0.0
combined_min_cvar,2023-10-02,ADBE,0.0
combined_min_cvar,2023-11-01,ADBE,0.0
combined_min_cvar,2023-12-01,ADBE,0.0
combined_min_cvar,2022-01-03,AEP,0.0
combined_min_cvar,2022-02-01,AEP,0.0
combined_min_cvar,2022-03-01,AEP,0.01273591125490372
combined_min_cvar,2022-04-01,AEP,0.02188604531825019
combined_min_cvar,2022-05-02,AEP,0.0
combined_min_cvar,2022-06-01,AEP,0.1
combined_min_cvar,2022-07-01,AEP,0.011432045536913344
combined_min_cvar,2022-08-01,AEP,0.006928773566851457
combined_min_cvar,2022-09-01,AEP,0.022733631033552942
combined_min_cvar,2022-10-03,AEP,0.0
combined_min_cvar,2022-11-01,AEP,0.0
combined_min_cvar,2022-12-01,AEP,0.0
combined_min_cvar,2023-01-03,AEP,0.0
combined_min_cvar,2023-02-01,AEP,0.0
combined_min_cvar,2023-03-01,AEP,0.0
combined_min_cvar,2023-04-03,AEP,0.0
combined_min_cvar,2023-05-01,AEP,0.0
combined_min_cvar,2023-06-01,AEP,0.0
combined_min_cvar,2023-07-03,AEP,0.0
combined_min_cvar,2023-08-01,AEP,0.0
combined_min_cvar,2023-09-01,AEP,0.0
combined_min_cvar,2023-10-02,AEP,0.0
combined_min_cvar,2023-11-01,AEP,0.0
combined_min_cvar,2023-12-01,AEP,0.0
combined_min_cvar,2022-01-03,AMD,0.0
combined_min_cvar,2022-02-01,AMD,0.0
combined_min_cvar,2022-03-01,AMD,0.0
combined_min_cvar,2022-04-01,AMD,0.0
combined_min_cvar,2022-05-02,AMD,0.0
combined_min_cvar,2022-06-01,AMD,0.0
combined_min_cvar,2022-07-01,AMD,0.0
combined_min_cvar,2022-08-01,AMD,0.0
combined_min_cvar,2022-09-01,AMD,0.0
combined_min_cvar,2022-10-03,AMD,0.0
combined_min_cvar,2022-11-01,AMD,0.0
combined_min_cvar,2022-12-01,AMD,0.0
combined_min_cvar,2023-01-03,AMD,0.0
combined_min_cvar,2023-02-01,AMD,0.0
combined_min_cvar,2023-03-01,AMD,0.0
combined_min_cvar,2023-04-03,AMD,0.0
combined_min_cvar,2023-05-01,AMD,0.0
combined_min_cvar,2023-06-01,AMD,0.0
combined_min_cvar,2023-07-03,AMD,0.0
combined_min_cvar,2023-08-01,AMD,0.0
combined_min_cvar,2023-09-01,AMD,0.0
combined_min_cvar,2023-10-02,AMD,0.0
combined_min_cvar,2023-11-01,AMD,0.01577179631839312
combined_min_cvar,2023-12-01,AMD,0.013374983815043956
combined_min_cvar,2022-01-03,AMGN,0.0
combined_min_cvar,2022-02-01,AMGN,0.006345082227950442
combined_min_cvar,2022-03-01,AMGN,0.0
combined_min_cvar,2022-04-01,AMGN,0.0
combined_min_cvar,2022-05-02,AMGN,0.04157488379956833
combined_min_cvar,2022-06-01,AMGN,0.1
combined_min_cvar,2022-07-01,AMGN,0.10000000000000005
combined_min_cvar,2022-08-01,AMGN,0.09999999999999792
combined_min_cvar,2022-09-01,AMGN,0.1
combined_min_cvar,2022-10-03,AMGN,0.09999999999999827
combined_min_cvar,2022-11-01,AMGN,0.10000000000000009
combined_min_cvar,2022-12-01,AMGN,0.10000000000000002
combined_min_cvar,2023-01-03,AMGN,0.0999999999999996
combined_min_cvar,2023-02-01,AMGN,0.10000000000000009
combined_min_cvar,2023-03-01,AMGN,0.09999999999999883
combined_min_cvar,2023-04-03,AMGN,0.1
combined_min_cvar,2023-05-01,AMGN,0.09999999999999976
combined_min_cvar,2023-06-01,AMGN,0.0975766352384276
combined_min_cvar,2023-07-03,AMGN,0.03423835749676074
combined_min_cvar,2023-08-01,AMGN,0.034238357496760956
combined_min_cvar,2023-09-01,AMGN,0.04282796796213465
combined_min_cvar,2023-10-02,AMGN,0.07748867385162714
combined_min_cvar,2023-11-01,AMGN,0.0
combined_min_cvar,2023-12-01,AMGN,0.0
combined_min_cvar,2022-01-03,AMT,0.0
combined_min_cvar,2022-02-01,AMT,0.0
combined_min_cvar,2022-03-01,AMT,0.0
combined_min_cvar,2022-04-01,AMT,0.0
combined_min_cvar,2022-05-02,AMT,0.0
combined_min_cvar,2022-06-01,AMT,0.0
combined_min_cvar,2022-07-01,AMT,0.0
combined_min_cvar,2022-08-01,AMT,0.0
combined_min_cvar,2022-09-01,AMT,0.0
combined_min_cvar,2022-10-03,AMT,0.0
combined_min_cvar,2022-11-01,AMT,0.0
combined_min_cvar,2022-12-01,AMT,0.0
combined_min_cvar,2023-01-03,AMT,0.0
combined_min_cvar,2023-02-01,AMT,0.0
combined_min_cvar,2023-03-01,AMT,0.0
combined_min_cvar,2023-04-03,AMT,0.0
combined_min_cvar,2023-05-01,AMT,0.0
combined_min_cvar,2023-06-01,AMT,0.0
combined_min_cvar,2023-07-03,AMT,0.0
combined_min_cvar,2023-08-01,AMT,0.0
combined_min_cvar,2023-09-01,AMT,0.0
combined_min_cvar,2023-10-02,AMT,0.0
combined_min_cvar,2023-11-01,AMT,0.0
combined_min_cvar,2023-12-01,AMT,0.0
combined_min_cvar,2022-01-03,BA,0.0
combined_min_cvar,2022-02-01,BA,0.0
combined_min_cvar,2022-03-01,BA,0.0
combined_min_cvar,2022-04-01,BA,0.0
combined_min_cvar,2022-05-02,BA,0.0
combined_min_cvar,2022-06-01,BA,0.0
combined_min_cvar,2022-07-01,BA,0.0
combined_min_cvar,2022-08-01,BA,0.0
combined_min_cvar,2022-09-01,BA,0.0
combined_min_cvar,2022-10-03,BA,0.0
combined_min_cvar,2022-11-01,BA,0.0
combined_min_cvar,2022-12-01,BA,0.0
combined_min_cvar,2023-01-03,BA,0.0
combined_min_cvar,2023-02-01,BA,0.0
combined_min_cvar,2023-03-01,BA,0.0
combined_min_cvar,2023-04-03,BA,0.0
combined_min_cvar,2023-05-01,BA,0.0
combined_min_cvar,2023-06-01,BA,0.0
combined_min_cvar,2023-07-03,BA,0.0
combined_min_cvar,2023-08-01,BA,0.0
combined_min_cvar,2023-09-01,BA,0.0
combined_min_cvar,2023-10-02,BA,0.019395945378774183
combined_min_cvar,2023-11-01,BA,0.0
combined_min_cvar,2023-12-01,BA,0.0
combined_min_cvar,2022-01-03,CAT,0.0
combined_min_cvar,2022-02-01,CAT,0.0
combined_min_cvar,2022-03-01,CAT,0.0
combined_min_cvar,2022-04-01,CAT,0.05840737847180577
combined_min_cvar,2022-05-02,CAT,0.023653834560267234
combined_min_cvar,2022-06-01,CAT,0.044686327956506844
combined_min_cvar,2022-07-01,CAT,0.03865681617665379
combined_min_cvar,2022-08-01,CAT,0.04015791933609548
combined_min_cvar,2022-09-01,CAT,0.00550377494198928
combined_min_cvar,2022-10-03,CAT,0.015121719735586146
combined_min_cvar,2022-11-01,CAT,0.0216995199773352
combined_min_cvar,2022-12-01,CAT,0.0
combined_min_cvar,2023-01-03,CAT,0.0
combined_min_cvar,2023-02-01,CAT,0.0
combined_min_cvar,2023-03-01,CAT,0.0
combined_min_cvar,2023-04-03,CAT,0.0
combined_min_cvar,2023-05-01,CAT,0.0
combined_min_cvar,2023-06-01,CAT,0.0
combined_min_cvar,2023-07-03,CAT,0.0
combined_min_cvar,2023-08-01,CAT,0.0
combined_min_cvar,2023-09-01,CAT,0.0
combined_min_cvar,2023-10-02,CAT,0.0
combined_min_cvar,2023-11-01,CAT,0.0
combined_min_cvar,2023-12-01,CAT,0.0
combined_min_cvar,2022-01-03,CCI,0.0
combined_min_cvar,2022-02-01,CCI,0.0
combined_min_cvar,2022-03-01,CCI,0.0
combined_min_cvar,2022-04-01,CCI,0.0
combined_min_cvar,2022-05-02,CCI,0.0
combined_min_cvar,2022-06-01,CCI,0.0
combined_min_cvar,2022-07-01,CCI,0.0
combined_min_cvar,2022-08-01,CCI,0.0
combined_min_cvar,2022-09-01,CCI,0.0
combined_min_cvar,2022-10-03,CCI,0.0
combined_min_cvar,2022-11-01,CCI,0.0
combined_min_cvar,2022-12-01,CCI,0.0
combined_min_cvar,2023-01-03,CCI,0.0
combined_min_cvar,2023-02-01,CCI,0.0
combined_min_cvar,2023-03-01,CCI,0.0
combined_min_cvar,2023-04-03,CCI,0.0
combined_min_cvar,2023-05-01,CCI,0.0
combined_min_cvar,2023-06-01,CCI,0.0
combined_min_cvar,2023-07-03,CCI,0.0
combined_min_cvar,2023-08-01,CCI,0.0
combined_min_cvar,2023-09-01,CCI,0.0
combined_min_cvar,2023-10-02,CCI,0.0
combined_min_cvar,2023-11-01,CCI,0.0
combined_min_cvar,2023-12-01,CCI,0.0
combined_min_cvar,2022-01-03,CMCSA,0.0
combined_min_cvar,2022-02-01,CMCSA,0.0
combined_min_cvar,2022-03-01,CMCSA,0.0
combined_min_cvar,2022-04-01,CMCSA,0.0
combined_min_cvar,2022-05-02,CMCSA,0.0
combined_min_cvar,2022-06-01,CMCSA,0.0
combined_min_cvar,2022-07-01,CMCSA,0.0
combined_min_cvar,2022-08-01,CMCSA,0.0
combined_min_cvar,2022-09-01,CMCSA,0.0
combined_min_cvar,2022-10-03,CMCSA,0.0
combined_min_cvar,2022-11-01,CMCSA,0.0
combined_min_cvar,2022-12-01,CMCSA,0.0
combined_min_cvar,2023-01-03,CMCSA,0.0
combined_min_cvar,2023-02-01,CMCSA,0.0
combined_min_cvar,2023-03-01,CMCSA,0.0
combined_min_cvar,2023-04-03,CMCSA,0.0
combined_min_cvar,2023-05-01,CMCSA,0.0
combined_min_cvar,2023-06-01,CMCSA,0.0
combined_min_cvar,2023-07-03,CMCSA,0.0
combined_min_cvar,2023-08-01,CMCSA,0.0
combined_min_cvar,2023-09-01,CMCSA,0.0
combined_min_cvar,2023-10-02,CMCSA,0.0
combined_min_cvar,2023-11-01,CMCSA,0.04710987509437144
combined_min_cvar,2023-12-01,CMCSA,0.09277616649290549
combined_min_cvar,2022-01-03,COP,0.0
combined_min_cvar,2022-02-01,COP,0.0
combined_min_cvar,2022-03-01,COP,0.0
combined_min_cvar,2022-04-01,COP,0.0
combined_min_cvar,2022-05-02,COP,0.0
combined_min_cvar,2022-06-01,COP,0.0
combined_min_cvar,2022-07-01,COP,0.0
combined_min_cvar,2022-08-01,COP,0.0
combined_min_cvar,2022-09-01,COP,0.0
combined_min_cvar,2022-10-03,COP,0.0
combined_min_cvar,2022-11-01,COP,0.0
combined_min_cvar,2022-12-01,COP,0.0
combined_min_cvar,2023-01-03,COP,0.0
combined_min_cvar,2023-02-01,COP,0.0
combined_min_cvar,2023-03-01,COP,0.0
combined_min_cvar,2023-04-03,COP,0.03893557033243757
combined_min_cvar,2023-05-01,COP,0.006846700874213141
combined_min_cvar,2023-06-01,COP,0.012278900806523232
combined_min_cvar,2023-07-03,COP,0.0
combined_min_cvar,2023-08-01,COP,0.0
combined_min_cvar,2023-09-01,COP,0.0
combined_min_cvar,2023-10-02,COP,0.0
combined_min_cvar,2023-11-01,COP,0.0
combined_min_cvar,2023-12-01,COP,0.0
combined_min_cvar,2022-01-03,CVX,0.057974630831436995
combined_min_cvar,2022-02-01,CVX,0.057502970052285045
combined_min_cvar,2022-03-01,CVX,0.0
combined_min_cvar,2022-04-01,CVX,0.004820887403651664
combined_min_cvar,2022-05-02,CVX,0.0
combined_min_cvar,2022-06-01,CVX,0.0
combined_min_cvar,2022-07-01,CVX,0.02844500988390613
combined_min_cvar,2022-08-01,CVX,0.025778664721132993
combined_min_cvar,2022-09-01,CVX,0.0656678037600816
combined_min_cvar,2022-10-03,CVX,0.014650680686520359
combined_min_cvar,2022-11-01,CVX,0.0030176865356221225
combined_min_cvar,2022-12-01,CVX,0.046603488314714586
combined_min_cvar,2023-01-03,CVX,0.02396271565383095
combined_min_cvar,2023-02-01,CVX,0.01021359453154034
combined_min_cvar,2023-03-01,CVX,0.0
combined_min_cvar,2023-04-03,CVX,0.0
combined_min_cvar,2023-05-01,CVX,0.0
combined_min_cvar,2023-06-01,CVX,0.0
combined_min_cvar,2023-07-03,CVX,0.0
combined_min_cvar,2023-08-01,CVX,0.0
combined_min_cvar,2023-09-01,CVX,0.0
combined_min_cvar,2023-10-02,CVX,0.0
combined_min_cvar,2023-11-01,CVX,0.0
combined_min_cvar,2023-12-01,CVX,0.0
combined_min_cvar,2022-01-03,D,0.0
combined_min_cvar,2022-02-01,D,0.0
combined_min_cvar,2022-03-01,D,0.0
combined_min_cvar,2022-04-01,D,0.0
combined_min_cvar,2022-05-02,D,0.0
combined_min_cvar,2022-06-01,D,0.0
combined_min_cvar,2022-07-01,D,0.05662353036263817
combined_min_cvar,2022-08-01,D,0.057377741754586715
combined_min_cvar,2022-09-01,D,0.04856205154773575
combined_min_cvar,2022-10-03,D,0.0
combined_min_cvar,2022-11-01,D,0.0
combined_min_cvar,2022-12-01,D,0.0
combined_min_cvar,2023-01-03,D,0.0
combined_min_cvar,2023-02-01,D,0.09125858801897856
combined_min_cvar,2023-03-01,D,0.021267929786163462
combined_min_cvar,2023-04-03,D,0.05184628782602754
combined_min_cvar,2023-05-01,D,0.06339210521513487
combined_min_cvar,2023-06-01,D,0.02873034189759583
combined_min_cvar,2023-07-03,D,0.0
combined_min_cvar,2023-08-01,D,0.0
combined_min_cvar,2023-09-01,D,0.0
combined_min_cvar,2023-10-02,D,0.0
combined_min_cvar,2023-11-01,D,0.0
combined_min_cvar,2023-12-01,D,0.0
combined_min_cvar,2022-01-03,DD,0.0
combined_min_cvar,2022-02-01,DD,0.0
combined_min_cvar,2022-03-01,DD,0.0
combined_min_cvar,2022-04-01,DD,0.0
combined_min_cvar,2022-05-02,DD,0.0
combined_min_cvar,2022-06-01,DD,0.0
combined_min_cvar,2022-07-01,DD,0.0
combined_min_cvar,2022-08-01,DD,0.0
combined_min_cvar,2022-09-01,DD,0.0
combined_min_cvar,2022-10-03,DD,0.0
combined_min_cvar,2022-11-01,DD,0.0
combined_min_cvar,2022-12-01,DD,0.0
combined_min_cvar,2023-01-03,DD,0.0
combined_min_cvar,2023-02-01,DD,0.0
combined_min_cvar,2023-03-01,DD,0.0
combined_min_cvar,2023-04-03,DD,0.0
combined_min_cvar,2023-05-01,DD,0.0
combined_min_cvar,2023-06-01,DD,0.0
combined_min_cvar,2023-07-03,DD,0.0
combined_min_cvar,2023-08-01,DD,0.0
combined_min_cvar,2023-09-01,DD,0.0
combined_min_cvar,2023-10-02,DD,0.02060783911193647
combined_min_cvar,2023-11-01,DD,0.0
combined_min_cvar,2023-12-01,DD,0.0
combined_min_cvar,2022-01-03,DIS,0.0
combined_min_cvar,2022-02-01,DIS,0.01923021544436155
combined_min_cvar,2022-03-01,DIS,0.07405858455826979
combined_min_cvar,2022-04-01,DIS,0.08870446021383033
combined_min_cvar,2022-05-02,DIS,0.07260874146579634
combined_min_cvar,2022-06-01,DIS,0.049863930223582965
combined_min_cvar,2022-07-01,DIS,0.005395593669028664
combined_min_cvar,2022-08-01,DIS,0.004692768423304532
combined_min_cvar,2022-09-01,DIS,0.007334437959348407
combined_min_cvar,2022-10-03,DIS,0.0
combined_min_cvar,2022-11-01,DIS,0.0
combined_min_cvar,2022-12-01,DIS,0.0
combined_min_cvar,2023-01-03,DIS,0.0
combined_min_cvar,2023-02-01,DIS,0.0
combined_min_cvar,2023-03-01,DIS,0.0
combined_min_cvar,2023-04-03,DIS,0.0
combined_min_cvar,2023-05-01,DIS,0.0
combined_min_cvar,2023-06-01,DIS,0.0
combined_min_cvar,2023-07-03,DIS,0.0
combined_min_cvar,2023-08-01,DIS,0.0
combined_min_cvar,2023-09-01,DIS,0.0
combined_min_cvar,2023-10-02,DIS,0.0
combined_min_cvar,2023-11-01,DIS,0.0
combined_min_cvar,2023-12-01,DIS,0.0
combined_min_cvar,2022-01-03,DOW,0.0
combined_min_cvar,2022-02-01,DOW,0.0
combined_min_cvar,2022-03-01,DOW,0.0
combined_min_cvar,2022-04-01,DOW,0.0
combined_min_cvar,2022-05-02,DOW,0.0
combined_min_cvar,2022-06-01,DOW,0.0
combined_min_cvar,2022-07-01,DOW,0.0
combined_min_cvar,2022-08-01,DOW,0.0
combined_min_cvar,2022-09-01,DOW,0.0
combined_min_cvar,2022-10-03,DOW,0.0
combined_min_cvar,2022-11-01,DOW,0.0
combined_min_cvar,2022-12-01,DOW,0.0
combined_min_cvar,2023-01-03,DOW,0.0
combined_min_cvar,2023-02-01,DOW,0.0
combined_min_cvar,2023-03-01,DOW,0.0
combined_min_cvar,2023-04-03,DOW,0.0
combined_min_cvar,2023-05-01,DOW,0.0
combined_min_cvar,2023-06-01,DOW,0.0
combined_min_cvar,2023-07-03,DOW,0.0
combined_min_cvar,2023-08-01,DOW,0.0
combined_min_cvar,2023-09-01,DOW,0.0
combined_min_cvar,2023-10-02,DOW,0.0
combined_min_cvar,2023-11-01,DOW,0.0
combined_min_cvar,2023-12-01,DOW,0.0
combined_min_cvar,2022-01-03,DUK,0.07004023924881891
combined_min_cvar,2022-02-01,DUK,0.0
combined_min_cvar,2022-03-01,DUK,0.0
combined_min_cvar,2022-04-01,DUK,0.0
combined_min_cvar,2022-05-02,DUK,0.0
combined_min_cvar,2022-06-01,DUK,0.020405730216401827
combined_min_cvar,2022-07-01,DUK,0.0
combined_min_cvar,2022-08-01,DUK,0.0
combined_min_cvar,2022-09-01,DUK,0.0
combined_min_cvar,2022-10-03,DUK,0.0
combined_min_cvar,2022-11-01,DUK,0.018600732844196097
combined_min_cvar,2022-12-01,DUK,0.007117170374147091
combined_min_cvar,2023-01-03,DUK,0.022036032154375097
combined_min_cvar,2023-02-01,DUK,0.0
combined_min_cvar,2023-03-01,DUK,0.09999999999999883
combined_min_cvar,2023-04-03,DUK,0.07840582160711207
combined_min_cvar,2023-05-01,DUK,0.026180478999722933
combined_min_cvar,2023-06-01,DUK,0.0
combined_min_cvar,2023-07-03,DUK,0.07982976271007611
combined_min_cvar,2023-08-01,DUK,0.07982976271007705
combined_min_cvar,2023-09-01,DUK,0.04710943344300181
combined_min_cvar,2023-10-02,DUK,0.02153027887399389
combined_min_cvar,2023-11-01,DUK,0.10000000000000003
combined_min_cvar,2023-12-01,DUK,0.03156780971331468
combined_min_cvar,2022-01-03,EA,0.07310352209751192
combined_min_cvar,2022-02-01,EA,0.05459768079210021
combined_min_cvar,2022-03-01,EA,0.06014856296996245
combined_min_cvar,2022-04-01,EA,0.07938991446636907
combined_min_cvar,2022-05-02,EA,0.09999999999999994
combined_min_cvar,2022-06-01,EA,0.1
combined_min_cvar,2022-07-01,EA,0.09724770547938395
combined_min_cvar,2022-08-01,EA,0.09999999999999792
combined_min_cvar,2022-09-01,EA,0.09616310504078976
combined_min_cvar,2022-10-03,EA,0.09999999999999827
combined_min_cvar,2022-11-01,EA,0.10000000000000009
combined_min_cvar,2022-12-01,EA,0.10000000000000002
combined_min_cvar,2023-01-03,EA,0.0999999999999996
combined_min_cvar,2023-02-01,EA,0.10000000000000009
combined_min_cvar,2023-03-01,EA,0.09999999999999883
combined_min_cvar,2023-04-03,EA,0.1
combined_min_cvar,2023-05-01,EA,0.09999999999999976
combined_min_cvar,2023-06-01,EA,0.09999999999999996
combined_min_cvar,2023-07-03,EA,0.1
combined_min_cvar,2023-08-01,EA,0.1
combined_min_cvar,2023-09-01,EA,0.09999999999999998
combined_min_cvar,2023-10-02,EA,0.09996082249070595
combined_min_cvar,2023-11-01,EA,0.10000000000000003
combined_min_cvar,2023-12-01,EA,0.09092256684691066
combined_min_cvar,2022-01-03,GE,0.0
combined_min_cvar,2022-02-01,GE,0.0
combined_min_cvar,2022-03-01,GE,0.0
combined_min_cvar,2022-04-01,GE,0.0
combined_min_cvar,2022-05-02,GE,0.0
combined_min_cvar,2022-06-01,GE,0.0
combined_min_cvar,2022-07-01,GE,0.0
combined_min_cvar,2022-08-01,GE,0.0
combined_min_cvar,2022-09-01,GE,0.0
combined_min_cvar,2022-10-03,GE,0.0
combined_min_cvar,2022-11-01,GE,0.0
combined_min_cvar,2022-12-01,GE,0.0
combined_min_cvar,2023-01-03,GE,0.0
combined_min_cvar,2023-02-01,GE,0.0
combined_min_cvar,2023-03-01,GE,0.0
combined_min_cvar,2023-04-03,GE,0.0
combined_min_cvar,2023-05-01,GE,0.0
combined_min_cvar,2023-06-01,GE,0.0
combined_min_cvar,2023-07-03,GE,0.0
combined_min_cvar,2023-08-01,GE,0.0
combined_min_cvar,2023-09-01,GE,0.010312920849477374
combined_min_cvar,2023-10-02,GE,0.01901925139579025
combined_min_cvar,2023-11-01,GE,0.0010463262948672432
combined_min_cvar,2023-12-01,GE,0.00349085314310456
combined_min_cvar,2022-01-03,GILD,0.10000000000000002
combined_min_cvar,2022-02-01,GILD,0.10000000000000046
combined_min_cvar,2022-03-01,GILD,0.09999999999999987
combined_min_cvar,2022-04-01,GILD,0.10000000000000005
combined_min_cvar,2022-05-02,GILD,0.09999999999999994
combined_min_cvar,2022-06-01,GILD,0.1
combined_min_cvar,2022-07-01,GILD,0.10000000000000005
combined_min_cvar,2022-08-01,GILD,0.09999999999999792
combined_min_cvar,2022-09-01,GILD,0.1
combined_min_cvar,2022-10-03,GILD,0.09999999999999827
combined_min_cvar,2022-11-01,GILD,0.10000000000000009
combined_min_cvar,2022-12-01,GILD,0.10000000000000002
combined_min_cvar,2023-01-03,GILD,0.0999999999999996
combined_min_cvar,2023-02-01,GILD,0.10000000000000009
combined_min_cvar,2023-03-01,GILD,0.09999999999999883
combined_min_cvar,2023-04-03,GILD,0.1
combined_min_cvar,2023-05-01,GILD,0.09223988645728805
combined_min_cvar,2023-06-01,GILD,0.0
combined_min_cvar,2023-07-03,GILD,0.0
combined_min_cvar,2023-08-01,GILD,0.0
combined_min_cvar,2023-09-01,GILD,0.0
combined_min_cvar,2023-10-02,GILD,0.06469121859425611
combined_min_cvar,2023-11-01,GILD,0.08182340030334333
combined_min_cvar,2023-12-01,GILD,0.026775995991970766
combined_min_cvar,2022-01-03,GS,0.0
combined_min_cvar,2022-02-01,GS,0.0
combined_min_cvar,2022-03-01,GS,0.0
combined_min_cvar,2022-04-01,GS,0.0
combined_min_cvar,2022-05-02,GS,0.0
combined_min_cvar,2022-06-01,GS,0.0
combined_min_cvar,2022-07-01,GS,0.0
combined_min_cvar,2022-08-01,GS,0.0
combined_min_cvar,2022-09-01,GS,0.0
combined_min_cvar,2022-10-03,GS,0.0
combined_min_cvar,2022-11-01,GS,0.0
combined_min_cvar,2022-12-01,GS,0.0
combined_min_cvar,2023-01-03,GS,0.0
combined_min_cvar,2023-02-01,GS,0.0
combined_min_cvar,2023-03-01,GS,0.0
combined_min_cvar,2023-04-03,GS,0.0
combined_min_cvar,2023-05-01,GS,0.0
combined_min_cvar,2023-06-01,GS,0.0
combined_min_cvar,2023-07-03,GS,0.0
combined_min_cvar,2023-08-01,GS,0.0
combined_min_cvar,2023-09-01,GS,0.015739067219644947
combined_min_cvar,2023-10-02,GS,0.02369204046882187
combined_min_cvar,2023-11-01,GS,0.006154498895124233
combined_min_cvar,2023-12-01,GS,0.0
combined_min_cvar,2022-01-03,INTC,0.01932047585519723
combined_min_cvar,2022-02-01,INTC,0.0038097433183013653
combined_min_cvar,2022-03-01,INTC,0.0
combined_min_cvar,2022-04-01,INTC,0.0
combined_min_cvar,2022-05-02,INTC,0.0
combined_min_cvar,2022-06-01,INTC,0.0
combined_min_cvar,2022-07-01,INTC,0.0
combined_min_cvar,2022-08-01,INTC,0.0
combined_min_cvar,2022-09-01,INTC,0.0
combined_min_cvar,2022-10-03,INTC,0.0
combined_min_cvar,2022-11-01,INTC,0.0
combined_min_cvar,2022-12-01,INTC,0.0
combined_min_cvar,2023-01-03,INTC,0.0
combined_min_cvar,2023-02-01,INTC,0.0
combined_min_cvar,2023-03-01,INTC,0.0
combined_min_cvar,2023-04-03,INTC,0.0
combined_min_cvar,2023-05-01,INTC,0.0
combined_min_cvar,2023-06-01,INTC,0.0
combined_min_cvar,2023-07-03,INTC,0.0
combined_min_cvar,2023-08-01,INTC,0.0
combined_min_cvar,2023-09-01,INTC,0.0
combined_min_cvar,2023-10-02,INTC,0.0
combined_min_cvar,2023-11-01,INTC,0.01813053946961184
combined_min_cvar,2023-12-01,INTC,0.0232198896320132
combined_min_cvar,2022-01-03,KO,0.0
combined_min_cvar,2022-02-01,KO,0.03510790655995441
combined_min_cvar,2022-03-01,KO,0.09999999999999987
combined_min_cvar,2022-04-01,KO,0.0
combined_min_cvar,2022-05-02,KO,0.030362240446062467
combined_min_cvar,2022-06-01,KO,0.0
combined_min_cvar,2022-07-01,KO,0.0
combined_min_cvar,2022-08-01,KO,0.0
combined_min_cvar,2022-09-01,KO,0.0
combined_min_cvar,2022-10-03,KO,0.09999999999999827
combined_min_cvar,2022-11-01,KO,0.10000000000000009
combined_min_cvar,2022-12-01,KO,0.10000000000000002
combined_min_cvar,2023-01-03,KO,0.0999999999999996
combined_min_cvar,2023-02-01,KO,0.07508554915343234
combined_min_cvar,2023-03-01,KO,0.047462348136873105
combined_min_cvar,2023-04-03,KO,0.05435001436508759
combined_min_cvar,2023-05-01,KO,0.09999999999999976
combined_min_cvar,2023-06-01,KO,0.09999999999999996
combined_min_cvar,2023-07-03,KO,0.1
combined_min_cvar,2023-08-01,KO,0.1
combined_min_cvar,2023-09-01,KO,0.09999999999999998
combined_min_cvar,2023-10-02,KO,0.10000000000000003
combined_min_cvar,2023-11-01,KO,0.10000000000000003
combined_min_cvar,2023-12-01,KO,0.1
combined_min_cvar,2022-01-03,MMM,0.06571263189609139
combined_min_cvar,2022-02-01,MMM,0.0
combined_min_cvar,2022-03-01,MMM,0.0
combined_min_cvar,2022-04-01,MMM,0.0
combined_min_cvar,2022-05-02,MMM,0.004576464568632542
combined_min_cvar,2022-06-01,MMM,0.0
combined_min_cvar,2022-07-01,MMM,0.0
combined_min_cvar,2022-08-01,MMM,0.0
combined_min_cvar,2022-09-01,MMM,0.007117461166893176
combined_min_cvar,2022-10-03,MMM,0.0
combined_min_cvar,2022-11-01,MMM,0.0
combined_min_cvar,2022-12-01,MMM,0.0
combined_min_cvar,2023-01-03,MMM,0.005121372145277304
combined_min_cvar,2023-02-01,MMM,0.0026509690709111203
combined_min_cvar,2023-03-01,MMM,0.0
combined_min_cvar,2023-04-03,MMM,0.0
combined_min_cvar,2023-05-01,MMM,0.0
combined_min_cvar,2023-06-01,MMM,0.0
combined_min_cvar,2023-07-03,MMM,0.0
combined_min_cvar,2023-08-01,MMM,0.0
combined_min_cvar,2023-09-01,MMM,0.0
combined_min_cvar,2023-10-02,MMM,0.0
combined_min_cvar,2023-11-01,MMM,0.0
combined_min_cvar,2023-12-01,MMM,0.0
combined_min_cvar,2022-01-03,MRK,0.04886572527854163
combined_min_cvar,2022-02-01,MRK,0.061277391822687835
combined_min_cvar,2022-03-01,MRK,0.09999999999999987
combined_min_cvar,2022-04-01,MRK,0.10000000000000005
combined_min_cvar,2022-05-02,MRK,0.09999999999999994
combined_min_cvar,2022-06-01,MRK,0.1
combined_min_cvar,2022-07-01,MRK,0.10000000000000005
combined_min_cvar,2022-08-01,MRK,0.09999999999999792
combined_min_cvar,2022-09-01,MRK,0.1
combined_min_cvar,2022-10-03,MRK,0.09999999999999827
combined_min_cvar,2022-11-01,MRK,0.10000000000000009
combined_min_cvar,2022-12-01,MRK,0.10000000000000002
combined_min_cvar,2023-01-03,MRK,0.0999999999999996
combined_min_cvar,2023-02-01,MRK,0.10000000000000009
combined_min_cvar,2023-03-01,MRK,0.09999999999999883
combined_min_cvar,2023-04-03,MRK,0.1
combined_min_cvar,2023-05-01,MRK,0.09999999999999976
combined_min_cvar,2023-06-01,MRK,0.09999999999999996
combined_min_cvar,2023-07-03,MRK,0.1
combined_min_cvar,2023-08-01,MRK,0.1
combined_min_cvar,2023-09-01,MRK,0.09999999999999998
combined_min_cvar,2023-10-02,MRK,0.10000000000000003
combined_min_cvar,2023-11-01,MRK,0.10000000000000003
combined_min_cvar,2023-12-01,MRK,0.1
combined_min_cvar,2022-01-03,MS,0.0
combined_min_cvar,2022-02-01,MS,0.0
combined_min_cvar,2022-03-01,MS,0.0
combined_min_cvar,2022-04-01,MS,0.0
combined_min_cvar,2022-05-02,MS,0.0
combined_min_cvar,2022-06-01,MS,0.0
combined_min_cvar,2022-07-01,MS,0.0
combined_min_cvar,2022-08-01,MS,0.0
combined_min_cvar,2022-09-01,MS,0.0
combined_min_cvar,2022-10-03,MS,0.0
combined_min_cvar,2022-11-01,MS,0.0
combined_min_cvar,2022-12-01,MS,0.0
combined_min_cvar,2023-01-03,MS,0.0
combined_min_cvar,2023-02-01,MS,0.0
combined_min_cvar,2023-03-01,MS,0.0
combined_min_cvar,2023-04-03,MS,0.0
combined_min_cvar,2023-05-01,MS,0.0
combined_min_cvar,2023-06-01,MS,0.0
combined_min_cvar,2023-07-03,MS,0.0
combined_min_cvar,2023-08-01,MS,0.0
combined_min_cvar,2023-09-01,MS,0.0
combined_min_cvar,2023-10-02,MS,0.0
combined_min_cvar,2023-11-01,MS,0.0
combined_min_cvar,2023-12-01,MS,0.0
combined_min_cvar,2022-01-03,NEE,0.0
combined_min_cvar,2022-02-01,NEE,0.0
combined_min_cvar,2022-03-01,NEE,0.01665840578529959
combined_min_cvar,2022-04-01,NEE,0.026239701635941207
combined_min_cvar,2022-05-02,NEE,0.00034277776759980636
combined_min_cvar,2022-06-01,NEE,0.028794826077348405
combined_min_cvar,2022-07-01,NEE,0.042253250286386386
combined_min_cvar,2022-08-01,NEE,0.04026192213860847
combined_min_cvar,2022-09-01,NEE,0.0
combined_min_cvar,2022-10-03,NEE,0.0
combined_min_cvar,2022-11-01,NEE,0.0
combined_min_cvar,2022-12-01,NEE,0.0
combined_min_cvar,2023-01-03,NEE,0.0
combined_min_cvar,2023-02-01,NEE,0.0
combined_min_cvar,2023-03-01,NEE,0.0
combined_min_cvar,2023-04-03,NEE,0.0
combined_min_cvar,2023-05-01,NEE,0.0
combined_min_cvar,2023-06-01,NEE,0.0
combined_min_cvar,2023-07-03,NEE,0.0
combined_min_cvar,2023-08-01,NEE,0.0
combined_min_cvar,2023-09-01,NEE,0.0
combined_min_cvar,2023-10-02,NEE,0.0
combined_min_cvar,2023-11-01,NEE,0.0
combined_min_cvar,2023-12-01,NEE,0.0
combined_min_cvar,2022-01-03,NEM,0.006701991965128206
combined_min_cvar,2022-02-01,NEM,0.0
combined_min_cvar,2022-03-01,NEM,0.0
combined_min_cvar,2022-04-01,NEM,0.0718934151866747
combined_min_cvar,2022-05-02,NEM,0.05733953619798702
combined_min_cvar,2022-06-01,NEM,0.0
combined_min_cvar,2022-07-01,NEM,0.0
combined_min_cvar,2022-08-01,NEM,0.0
combined_min_cvar,2022-09-01,NEM,0.0
combined_min_cvar,2022-10-03,NEM,0.0701388278563702
combined_min_cvar,2022-11-01,NEM,0.0677129738403236
combined_min_cvar,2022-12-01,NEM,0.033516760794196604
combined_min_cvar,2023-01-03,NEM,0.0
combined_min_cvar,2023-02-01,NEM,0.0
combined_min_cvar,2023-03-01,NEM,0.004445886932029206
combined_min_cvar,2023-04-03,NEM,0.014936299019917892
combined_min_cvar,2023-05-01,NEM,0.0
combined_min_cvar,2023-06-01,NEM,0.0
combined_min_cvar,2023-07-03,NEM,0.0
combined_min_cvar,2023-08-01,NEM,0.0
combined_min_cvar,2023-09-01,NEM,0.0242601701043598
combined_min_cvar,2023-10-02,NEM,0.0
combined_min_cvar,2023-11-01,NEM,0.0
combined_min_cvar,2023-12-01,NEM,0.0
combined_min_cvar,2022-01-03,NKE,0.05264075768592488
combined_min_cvar,2022-02-01,NKE,0.05981256178290744
combined_min_cvar,2022-03-01,NKE,0.06974448080372297
combined_min_cvar,2022-04-01,NKE,0.011463759235861121
combined_min_cvar,2022-05-02,NKE,0.0
combined_min_cvar,2022-06-01,NKE,0.0
combined_min_cvar,2022-07-01,NKE,0.0
combined_min_cvar,2022-08-01,NKE,0.0
combined_min_cvar,2022-09-01,NKE,0.0
combined_min_cvar,2022-10-03,NKE,0.0
combined_min_cvar,2022-11-01,NKE,0.0
combined_min_cvar,2022-12-01,NKE,0.0
combined_min_cvar,2023-01-03,NKE,0.0
combined_min_cvar,2023-02-01,NKE,0.0
combined_min_cvar,2023-03-01,NKE,0.0
combined_min_cvar,2023-04-03,NKE,0.0
combined_min_cvar,2023-05-01,NKE,0.0
combined_min_cvar,2023-06-01,NKE,0.0
combined_min_cvar,2023-07-03,NKE,0.0
combined_min_cvar,2023-08-01,NKE,0.0
combined_min_cvar,2023-09-01,NKE,0.0
combined_min_cvar,2023-10-02,NKE,0.0
combined_min_cvar,2023-11-01,NKE,0.0
combined_min_cvar,2023-12-01,NKE,0.0
combined_min_cvar,2022-01-03,NUE,0.0
combined_min_cvar,2022-02-01,NUE,0.0
combined_min_cvar,2022-03-01,NUE,0.0
combined_min_cvar,2022-04-01,NUE,0.0
combined_min_cvar,2022-05-02,NUE,0.0
combined_min_cvar,2022-06-01,NUE,0.0
combined_min_cvar,2022-07-01,NUE,0.0
combined_min_cvar,2022-08-01,NUE,0.0
combined_min_cvar,2022-09-01,NUE,0.0
combined_min_cvar,2022-10-03,NUE,0.0
combined_min_cvar,2022-11-01,NUE,0.0
combined_min_cvar,2022-12-01,NUE,0.0
combined_min_cvar,2023-01-03,NUE,0.0
combined_min_cvar,2023-02-01,NUE,0.0
combined_min_cvar,2023-03-01,NUE,0.0
combined_min_cvar,2023-04-03,NUE,0.0
combined_min_cvar,2023-05-01,NUE,0.0
combined_min_cvar,2023-06-01,NUE,0.0
combined_min_cvar,2023-07-03,NUE,0.0
combined_min_cvar,2023-08-01,NUE,0.0
combined_min_cvar,2023-09-01,NUE,0.0
combined_min_cvar,2023-10-02,NUE,0.0
combined_min_cvar,2023-11-01,NUE,0.0
combined_min_cvar,2023-12-01,NUE,0.0
combined_min_cvar,2022-01-03,NVDA,0.0
combined_min_cvar,2022-02-01,NVDA,0.0
combined_min_cvar,2022-03-01,NVDA,0.0
combined_min_cvar,2022-04-01,NVDA,0.0
combined_min_cvar,2022-05-02,NVDA,0.0
combined_min_cvar,2022-06-01,NVDA,0.0
combined_min_cvar,2022-07-01,NVDA,0.0
combined_min_cvar,2022-08-01,NVDA,0.0
combined_min_cvar,2022-09-01,NVDA,0.0
combined_min_cvar,2022-10-03,NVDA,0.0
combined_min_cvar,2022-11-01,NVDA,0.0
combined_min_cvar,2022-12-01,NVDA,0.0
combined_min_cvar,2023-01-03,NVDA,0.0
combined_min_cvar,2023-02-01,NVDA,0.0
combined_min_cvar,2023-03-01,NVDA,0.0
combined_min_cvar,2023-04-03,NVDA,0.0
combined_min_cvar,2023-05-01,NVDA,0.0
combined_min_cvar,2023-06-01,NVDA,0.0
combined_min_cvar,2023-07-03,NVDA,0.0
combined_min_cvar,2023-08-01,NVDA,0.0
combined_min_cvar,2023-09-01,NVDA,0.0
combined_min_cvar,2023-10-02,NVDA,0.0
combined_min_cvar,2023-11-01,NVDA,0.007944276278870524
combined_min_cvar,2023-12-01,NVDA,0.015790994989727622
combined_min_cvar,2022-01-03,O,0.03687109022204939
combined_min_cvar,2022-02-01,O,0.0018109814865421732
combined_min_cvar,2022-03-01,O,0.0
combined_min_cvar,2022-04-01,O,0.0
combined_min_cvar,2022-05-02,O,0.0
combined_min_cvar,2022-06-01,O,0.0
combined_min_cvar,2022-07-01,O,0.0016644774269752277
combined_min_cvar,2022-08-01,O,0.006163822501635869
combined_min_cvar,2022-09-01,O,0.0
combined_min_cvar,2022-10-03,O,0.09999999999999827
combined_min_cvar,2022-11-01,O,0.10000000000000009
combined_min_cvar,2022-12-01,O,0.10000000000000002
combined_min_cvar,2023-01-03,O,0.0999999999999996
combined_min_cvar,2023-02-01,O,0.10000000000000009
combined_min_cvar,2023-03-01,O,0.09999999999999883
combined_min_cvar,2023-04-03,O,0.08977314354316761
combined_min_cvar,2023-05-01,O,0.0756593037188443
combined_min_cvar,2023-06-01,O,0.09999999999999996
combined_min_cvar,2023-07-03,O,0.06391093170569953
combined_min_cvar,2023-08-01,O,0.06391093170569963
combined_min_cvar,2023-09-01,O,0.09999999999999998
combined_min_cvar,2023-10-02,O,0.07459428227106212
combined_min_cvar,2023-11-01,O,0.057749274983291674
combined_min_cvar,2023-12-01,O,0.0
combined_min_cvar,2022-01-03,OXY,0.0
combined_min_cvar,2022-02-01,OXY,0.0
combined_min_cvar,2022-03-01,OXY,0.0
combined_min_cvar,2022-04-01,OXY,0.0
combined_min_cvar,2022-05-02,OXY,0.0
combined_min_cvar,2022-06-01,OXY,0.0
combined_min_cvar,2022-07-01,OXY,0.0
combined_min_cvar,2022-08-01,OXY,0.0
combined_min_cvar,2022-09-01,OXY,0.0
combined_min_cvar,2022-10-03,OXY,0.0
combined_min_cvar,2022-11-01,OXY,0.0
combined_min_cvar,2022-12-01,OXY,0.0
combined_min_cvar,2023-01-03,OXY,0.0
combined_min_cvar,2023-02-01,OXY,0.0
combined_min_cvar,2023-03-01,OXY,0.0
combined_min_cvar,2023-04-03,OXY,0.0
combined_min_cvar,2023-05-01,OXY,0.0
combined_min_cvar,2023-06-01,OXY,0.0
combined_min_cvar,2023-07-03,OXY,0.009762852089898662
combined_min_cvar,2023-08-01,OXY,0.009762852089897453
combined_min_cvar,2023-09-01,OXY,0.0
combined_min_cvar,2023-10-02,OXY,0.0
combined_min_cvar,2023-11-01,OXY,0.0
combined_min_cvar,2023-12-01,OXY,0.0
combined_min_cvar,2022-01-03,PLD,0.0
combined_min_cvar,2022-02-01,PLD,0.0
combined_min_cvar,2022-03-01,PLD,0.0
combined_min_cvar,2022-04-01,PLD,0.0
combined_min_cvar,2022-05-02,PLD,0.0
combined_min_cvar,2022-06-01,PLD,0.0
combined_min_cvar,2022-07-01,PLD,0.0
combined_min_cvar,2022-08-01,PLD,0.0
combined_min_cvar,2022-09-01,PLD,0.0
combined_min_cvar,2022-10-03,PLD,0.0
combined_min_cvar,2022-11-01,PLD,0.0
combined_min_cvar,2022-12-01,PLD,0.0
combined_min_cvar,2023-01-03,PLD,0.0
combined_min_cvar,2023-02-01,PLD,0.0
combined_min_cvar,2023-03-01,PLD,0.0
combined_min_cvar,2023-04-03,PLD,0.0
combined_min_cvar,2023-05-01,PLD,0.0
combined_min_cvar,2023-06-01,PLD,0.0
combined_min_cvar,2023-07-03,PLD,0.0
combined_min_cvar,2023-08-01,PLD,0.0
combined_min_cvar,2023-09-01,PLD,0.0
combined_min_cvar,2023-10-02,PLD,0.0
combined_min_cvar,2023-11-01,PLD,0.0
combined_min_cvar,2023-12-01,PLD,0.0
combined_min_cvar,2022-01-03,PSA,0.10000000000000002
combined_min_cvar,2022-02-01,PSA,0.10000000000000046
combined_min_cvar,2022-03-01,PSA,0.09151732412444134
combined_min_cvar,2022-04-01,PSA,0.009848213779031377
combined_min_cvar,2022-05-02,PSA,0.0
combined_min_cvar,2022-06-01,PSA,0.0
combined_min_cvar,2022-07-01,PSA,0.0
combined_min_cvar,2022-08-01,PSA,0.0
combined_min_cvar,2022-09-01,PSA,0.0
combined_min_cvar,2022-10-03,PSA,0.0
combined_min_cvar,2022-11-01,PSA,0.0
combined_min_cvar,2022-12-01,PSA,0.0
combined_min_cvar,2023-01-03,PSA,0.0
combined_min_cvar,2023-02-01,PSA,0.0
combined_min_cvar,2023-03-01,PSA,0.0
combined_min_cvar,2023-04-03,PSA,0.0
combined_min_cvar,2023-05-01,PSA,0.0
combined_min_cvar,2023-06-01,PSA,0.037636132198913375
combined_min_cvar,2023-07-03,PSA,0.09214055112669485
combined_min_cvar,2023-08-01,PSA,0.09214055112669461
combined_min_cvar,2023-09-01,PSA,0.034536276203187735
combined_min_cvar,2023-10-02,PSA,0.0
combined_min_cvar,2023-11-01,PSA,0.0
combined_min_cvar,2023-12-01,PSA,0.0
combined_min_cvar,2022-01-03,QCOM,0.0
combined_min_cvar,2022-02-01,QCOM,0.0
combined_min_cvar,2022-03-01,QCOM,0.0
combined_min_cvar,2022-04-01,QCOM,0.0
combined_min_cvar,2022-05-02,QCOM,0.0
combined_min_cvar,2022-06-01,QCOM,0.0
combined_min_cvar,2022-07-01,QCOM,0.0
combined_min_cvar,2022-08-01,QCOM,0.0
combined_min_cvar,2022-09-01,QCOM,0.0
combined_min_cvar,2022-10-03,QCOM,0.0
combined_min_cvar,2022-11-01,QCOM,0.0
combined_min_cvar,2022-12-01,QCOM,0.0
combined_min_cvar,2023-01-03,QCOM,0.0
combined_min_cvar,2023-02-01,QCOM,0.0
combined_min_cvar,2023-03-01,QCOM,0.0
combined_min_cvar,2023-04-03,QCOM,0.0
combined_min_cvar,2023-05-01,QCOM,0.0
combined_min_cvar,2023-06-01,QCOM,0.0
combined_min_cvar,2023-07-03,QCOM,0.0
combined_min_cvar,2023-08-01,QCOM,0.0
combined_min_cvar,2023-09-01,QCOM,0.0
combined_min_cvar,2023-10-02,QCOM,0.0
combined_min_cvar,2023-11-01,QCOM,0.0
combined_min_cvar,2023-12-01,QCOM,0.0
combined_min_cvar,2022-01-03,SBUX,0.018967672392938287
combined_min_cvar,2022-02-01,SBUX,0.05919356735307854
combined_min_cvar,2022-03-01,SBUX,0.0
combined_min_cvar,2022-04-01,SBUX,0.0
combined_min_cvar,2022-05-02,SBUX,0.035621387221405926
combined_min_cvar,2022-06-01,SBUX,0.0
combined_min_cvar,2022-07-01,SBUX,0.0
combined_min_cvar,2022-08-01,SBUX,0.0
combined_min_cvar,2022-09-01,SBUX,0.0
combined_min_cvar,2022-10-03,SBUX,0.01183599732645692
combined_min_cvar,2022-11-01,SBUX,0.008887696627139742
combined_min_cvar,2022-12-01,SBUX,0.0
combined_min_cvar,2023-01-03,SBUX,0.012490596662639677
combined_min_cvar,2023-02-01,SBUX,0.09139894382612644
combined_min_cvar,2023-03-01,SBUX,0.0637535950038948
combined_min_cvar,2023-04-03,SBUX,0.09115627715194084
combined_min_cvar,2023-05-01,SBUX,0.0969334117840513
combined_min_cvar,2023-06-01,SBUX,0.06215633768945005
combined_min_cvar,2023-07-03,SBUX,0.02491540941640721
combined_min_cvar,2023-08-01,SBUX,0.0249154094164076
combined_min_cvar,2023-09-01,SBUX,0.017037570546978558
combined_min_cvar,2023-10-02,SBUX,0.0
combined_min_cvar,2023-11-01,SBUX,0.04990791824897597
combined_min_cvar,2023-12-01,SBUX,0.007032067283554583
combined_min_cvar,2022-01-03,SHW,0.10000000000000002
combined_min_cvar,2022-02-01,SHW,0.10000000000000046
combined_min_cvar,2022-03-01,SHW,0.08700634875730771
combined_min_cvar,2022-04-01,SHW,0.10000000000000005
combined_min_cvar,2022-05-02,SHW,0.09999999999999994
combined_min_cvar,2022-06-01,SHW,0.1
combined_min_cvar,2022-07-01,SHW,0.04500949293058737
combined_min_cvar,2022-08-01,SHW,0.04531546276891247
combined_min_cvar,2022-09-01,SHW,0.06033331788686715
combined_min_cvar,2022-10-03,SHW,0.024931024273835808
combined_min_cvar,2022-11-01,SHW,0.011314361079395166
combined_min_cvar,2022-12-01,SHW,0.010078449773212815
combined_min_cvar,2023-01-03,SHW,0.0
combined_min_cvar,2023-02-01,SHW,0.0
combined_min_cvar,2023-03-01,SHW,0.0
combined_min_cvar,2023-04-03,SHW,0.0
combined_min_cvar,2023-05-01,SHW,0.0
combined_min_cvar,2023-06-01,SHW,0.0
combined_min_cvar,2023-07-03,SHW,0.0
combined_min_cvar,2023-08-01,SHW,0.0
combined_min_cvar,2023-09-01,SHW,0.0
combined_min_cvar,2023-10-02,SHW,0.0
combined_min_cvar,2023-11-01,SHW,0.0
combined_min_cvar,2023-12-01,SHW,0.0
combined_min_cvar,2022-01-03,SLB,0.0
combined_min_cvar,2022-02-01,SLB,0.0
combined_min_cvar,2022-03-01,SLB,0.0
combined_min_cvar,2022-04-01,SLB,0.0
combined_min_cvar,2022-05-02,SLB,0.03341181855190707
combined_min_cvar,2022-06-01,SLB,0.0
combined_min_cvar,2022-07-01,SLB,0.0
combined_min_cvar,2022-08-01,SLB,0.0
combined_min_cvar,2022-09-01,SLB,0.0
combined_min_cvar,2022-10-03,SLB,0.0
combined_min_cvar,2022-11-01,SLB,0.0
combined_min_cvar,2022-12-01,SLB,0.0
combined_min_cvar,2023-01-03,SLB,0.0
combined_min_cvar,2023-02-01,SLB,0.0
combined_min_cvar,2023-03-01,SLB,0.0
combined_min_cvar,2023-04-03,SLB,0.0
combined_min_cvar,2023-05-01,SLB,0.0
combined_min_cvar,2023-06-01,SLB,0.0
combined_min_cvar,2023-07-03,SLB,0.0
combined_min_cvar,2023-08-01,SLB,0.0
combined_min_cvar,2023-09-01,SLB,0.0
combined_min_cvar,2023-10-02,SLB,0.0044173394380452825
combined_min_cvar,2023-11-01,SLB,0.0
combined_min_cvar,2023-12-01,SLB,0.0
combined_min_cvar,2022-01-03,SO,0.0
combined_min_cvar,2022-02-01,SO,0.10000000000000046
combined_min_cvar,2022-03-01,SO,0.07502523981893072
combined_min_cvar,2022-04-01,SO,0.04869192118520539
combined_min_cvar,2022-05-02,SO,0.05176200622024081
combined_min_cvar,2022-06-01,SO,0.1
combined_min_cvar,2022-07-01,SO,0.10000000000000005
combined_min_cvar,2022-08-01,SO,0.09999999999999792
combined_min_cvar,2022-09-01,SO,0.1
combined_min_cvar,2022-10-03,SO,0.0
combined_min_cvar,2022-11-01,SO,0.0
combined_min_cvar,2022-12-01,SO,0.011955664208097343
combined_min_cvar,2023-01-03,SO,0.029662087039548094
combined_min_cvar,2023-02-01,SO,0.0
combined_min_cvar,2023-03-01,SO,0.0
combined_min_cvar,2023-04-03,SO,0.0
combined_min_cvar,2023-05-01,SO,0.0
combined_min_cvar,2023-06-01,SO,0.0
combined_min_cvar,2023-07-03,SO,0.0
combined_min_cvar,2023-08-01,SO,0.0
combined_min_cvar,2023-09-01,SO,0.0
combined_min_cvar,2023-10-02,SO,0.0
combined_min_cvar,2023-11-01,SO,0.10000000000000003
combined_min_cvar,2023-12-01,SO,0.06193638093571701
combined_min_cvar,2022-01-03,T,0.10000000000000002
combined_min_cvar,2022-02-01,T,0.0008203324475219058
combined_min_cvar,2022-03-01,T,0.023535432189239938
combined_min_cvar,2022-04-01,T,0.0
combined_min_cvar,2022-05-02,T,0.016353768329708803
combined_min_cvar,2022-06-01,T,0.012539720413549456
combined_min_cvar,2022-07-01,T,0.01680314993723716
combined_min_cvar,2022-08-01,T,0.02277483788432601
combined_min_cvar,2022-09-01,T,0.03747615169641556
combined_min_cvar,2022-10-03,T,0.03706220626680185
combined_min_cvar,2022-11-01,T,0.02773544628908809
combined_min_cvar,2022-12-01,T,0.06198202727191265
combined_min_cvar,2023-01-03,T,0.06111050770587346
combined_min_cvar,2023-02-01,T,0.09020492963664388
combined_min_cvar,2023-03-01,T,0.09999999999999883
combined_min_cvar,2023-04-03,T,0.1
combined_min_cvar,2023-05-01,T,0.09999999999999976
combined_min_cvar,2023-06-01,T,0.0
combined_min_cvar,2023-07-03,T,0.04479764116395735
combined_min_cvar,2023-08-01,T,0.04479764116395737
combined_min_cvar,2023-09-01,T,0.0
combined_min_cvar,2023-10-02,T,0.03733206147291984
combined_min_cvar,2023-11-01,T,0.014362094113150368
combined_min_cvar,2023-12-01,T,0.04862268894843138
combined_min_cvar,2022-01-03,TMUS,0.0
combined_min_cvar,2022-02-01,TMUS,0.0
combined_min_cvar,2022-03-01,TMUS,0.0
combined_min_cvar,2022-04-01,TMUS,0.0
combined_min_cvar,2022-05-02,TMUS,0.0
combined_min_cvar,2022-06-01,TMUS,0.0
combined_min_cvar,2022-07-01,TMUS,0.0
combined_min_cvar,2022-08-01,TMUS,0.0
combined_min_cvar,2022-09-01,TMUS,0.0
combined_min_cvar,2022-10-03,TMUS,0.0
combined_min_cvar,2022-11-01,TMUS,0.0
combined_min_cvar,2022-12-01,TMUS,0.0
combined_min_cvar,2023-01-03,TMUS,0.0
combined_min_cvar,2023-02-01,TMUS,0.0
combined_min_cvar,2023-03-01,TMUS,0.0
combined_min_cvar,2023-04-03,TMUS,0.0
combined_min_cvar,2023-05-01,TMUS,0.0
combined_min_cvar,2023-06-01,TMUS,0.09999999999999996
combined_min_cvar,2023-07-03,TMUS,0.1
combined_min_cvar,2023-08-01,TMUS,0.1
combined_min_cvar,2023-09-01,TMUS,0.09999999999999998
combined_min_cvar,2023-10-02,TMUS,0.10000000000000003
combined_min_cvar,2023-11-01,TMUS,0.10000000000000003
combined_min_cvar,2023-12-01,TMUS,0.1
combined_min_cvar,2022-01-03,TTWO,0.049801262526361176
combined_min_cvar,2022-02-01,TTWO,0.05660067740525861
combined_min_cvar,2022-03-01,TTWO,0.05413429394167166
combined_min_cvar,2022-04-01,TTWO,0.08715769924593297
combined_min_cvar,2022-05-02,TTWO,0.09727378037915264
combined_min_cvar,2022-06-01,TTWO,0.09447126812264059
combined_min_cvar,2022-07-01,TTWO,0.07686985771456714
combined_min_cvar,2022-08-01,TTWO,0.07550196663867052
combined_min_cvar,2022-09-01,TTWO,0.07035500789581348
combined_min_cvar,2022-10-03,TTWO,0.0417342445730236
combined_min_cvar,2022-11-01,TTWO,0.05351217702927073
combined_min_cvar,2022-12-01,TTWO,0.039249754996153435
combined_min_cvar,2023-01-03,TTWO,0.01861759169543178
combined_min_cvar,2023-02-01,TTWO,0.0
combined_min_cvar,2023-03-01,TTWO,0.0
combined_min_cvar,2023-04-03,TTWO,0.0
combined_min_cvar,2023-05-01,TTWO,0.0
combined_min_cvar,2023-06-01,TTWO,0.015066076013891235
combined_min_cvar,2023-07-03,TTWO,0.0
combined_min_cvar,2023-08-01,TTWO,0.0
combined_min_cvar,2023-09-01,TTWO,0.0
combined_min_cvar,2023-10-02,TTWO,0.0
combined_min_cvar,2023-11-01,TTWO,0.0
combined_min_cvar,2023-12-01,TTWO,0.0
combined_min_cvar,2022-01-03,UPS,0.0
combined_min_cvar,2022-02-01,UPS,0.06410869335462863
combined_min_cvar,2022-03-01,UPS,0.0
combined_min_cvar,2022-04-01,UPS,0.0
combined_min_cvar,2022-05-02,UPS,0.0
combined_min_cvar,2022-06-01,UPS,0.0
combined_min_cvar,2022-07-01,UPS,0.0
combined_min_cvar,2022-08-01,UPS,0.0
combined_min_cvar,2022-09-01,UPS,0.0
combined_min_cvar,2022-10-03,UPS,0.0
combined_min_cvar,2022-11-01,UPS,0.0
combined_min_cvar,2022-12-01,UPS,0.0
combined_min_cvar,2023-01-03,UPS,0.0
combined_min_cvar,2023-02-01,UPS,0.0
combined_min_cvar,2023-03-01,UPS,0.0
combined_min_cvar,2023-04-03,UPS,0.0
combined_min_cvar,2023-05-01,UPS,0.0
combined_min_cvar,2023-06-01,UPS,0.07292454418200975
combined_min_cvar,2023-07-03,UPS,0.004811253453428751
combined_min_cvar,2023-08-01,UPS,0.004811253453426701
combined_min_cvar,2023-09-01,UPS,0.0
combined_min_cvar,2023-10-02,UPS,0.0
combined_min_cvar,2023-11-01,UPS,0.0
combined_min_cvar,2023-12-01,UPS,0.0
combined_min_cvar,2022-01-03,USB,0.0
combined_min_cvar,2022-02-01,USB,0.0
combined_min_cvar,2022-03-01,USB,0.0
combined_min_cvar,2022-04-01,USB,0.0
combined_min_cvar,2022-05-02,USB,0.0
combined_min_cvar,2022-06-01,USB,0.0
combined_min_cvar,2022-07-01,USB,0.0
combined_min_cvar,2022-08-01,USB,0.0
combined_min_cvar,2022-09-01,USB,0.0
combined_min_cvar,2022-10-03,USB,0.0
combined_min_cvar,2022-11-01,USB,0.0
combined_min_cvar,2022-12-01,USB,0.026324157576369616
combined_min_cvar,2023-01-03,USB,0.03341144250601298
combined_min_cvar,2023-02-01,USB,0.0
combined_min_cvar,2023-03-01,USB,0.0
combined_min_cvar,2023-04-03,USB,0.0
combined_min_cvar,2023-05-01,USB,0.0
combined_min_cvar,2023-06-01,USB,0.0
combined_min_cvar,2023-07-03,USB,0.0
combined_min_cvar,2023-08-01,USB,0.0
combined_min_cvar,2023-09-01,USB,0.0
combined_min_cvar,2023-10-02,USB,0.0
combined_min_cvar,2023-11-01,USB,0.0
combined_min_cvar,2023-12-01,USB,0.0
combined_min_cvar,2022-01-03,V,0.0
combined_min_cvar,2022-02-01,V,0.0
combined_min_cvar,2022-03-01,V,0.03755957895295492
combined_min_cvar,2022-04-01,V,0.0057787723263782
combined_min_cvar,2022-05-02,V,0.0
combined_min_cvar,2022-06-01,V,0.0
combined_min_cvar,2022-07-01,V,0.0
combined_min_cvar,2022-08-01,V,0.0
combined_min_cvar,2022-09-01,V,0.0
combined_min_cvar,2022-10-03,V,0.0
combined_min_cvar,2022-11-01,V,0.0
combined_min_cvar,2022-12-01,V,0.0
combined_min_cvar,2023-01-03,V,0.0
combined_min_cvar,2023-02-01,V,0.0
combined_min_cvar,2023-03-01,V,0.0
combined_min_cvar,2023-04-03,V,0.0
combined_min_cvar,2023-05-01,V,0.0
combined_min_cvar,2023-06-01,V,0.0
combined_min_cvar,2023-07-03,V,0.0012151994951868372
combined_min_cvar,2023-08-01,V,0.0012151994951910973
combined_min_cvar,2023-09-01,V,0.06936723839208599
combined_min_cvar,2023-10-02,V,0.08736615531648809
combined_min_cvar,2023-11-01,V,0.0
combined_min_cvar,2023-12-01,V,0.1
combined_min_cvar,2022-01-03,WFC,0.0
combined_min_cvar,2022-02-01,WFC,0.0
combined_min_cvar,2022-03-01,WFC,0.0
combined_min_cvar,2022-04-01,WFC,0.0
combined_min_cvar,2022-05-02,WFC,0.0
combined_min_cvar,2022-06-01,WFC,0.0
combined_min_cvar,2022-07-01,WFC,0.0
combined_min_cvar,2022-08-01,WFC,0.0
combined_min_cvar,2022-09-01,WFC,0.0
combined_min_cvar,2022-10-03,WFC,0.0
combined_min_cvar,2022-11-01,WFC,0.0
combined_min_cvar,2022-12-01,WFC,0.0
combined_min_cvar,2023-01-03,WFC,0.0
combined_min_cvar,2023-02-01,WFC,0.0
combined_min_cvar,2023-03-01,WFC,0.0
combined_min_cvar,2023-04-03,WFC,0.0
combined_min_cvar,2023-05-01,WFC,0.0
combined_min_cvar,2023-06-01,WFC,0.0
combined_min_cvar,2023-07-03,WFC,0.0
combined_min_cvar,2023-08-01,WFC,0.0
combined_min_cvar,2023-09-01,WFC,0.0
combined_min_cvar,2023-10-02,WFC,0.0
combined_min_cvar,2023-11-01,WFC,0.0
combined_min_cvar,2023-12-01,WFC,0.0
combined_min_cvar,2022-01-03,WMT,0.0
combined_min_cvar,2022-02-01,WMT,0.0
combined_min_cvar,2022-03-01,WMT,0.03211073290678105
combined_min_cvar,2022-04-01,WMT,0.029780785636085723
combined_min_cvar,2022-05-02,WMT,0.0281226036810459
combined_min_cvar,2022-06-01,WMT,0.023475294792013657
combined_min_cvar,2022-07-01,WMT,0.10000000000000005
combined_min_cvar,2022-08-01,WMT,0.09999999999999792
combined_min_cvar,2022-09-01,WMT,0.1
combined_min_cvar,2022-10-03,WMT,0.09999999999999827
combined_min_cvar,2022-11-01,WMT,0.10000000000000009
combined_min_cvar,2022-12-01,WMT,0.10000000000000002
combined_min_cvar,2023-01-03,WMT,0.0999999999999996
combined_min_cvar,2023-02-01,WMT,0.08008463901973094
combined_min_cvar,2023-03-01,WMT,0.09862134115898714
combined_min_cvar,2023-04-03,WMT,0.08059658615430883
combined_min_cvar,2023-05-01,WMT,0.0825078822439831
combined_min_cvar,2023-06-01,WMT,0.09999999999999996
combined_min_cvar,2023-07-03,WMT,0.1
combined_min_cvar,2023-08-01,WMT,0.1
combined_min_cvar,2023-09-01,WMT,0.09999999999999998
combined_min_cvar,2023-10-02,WMT,0.10000000000000003
combined_min_cvar,2023-11-01,WMT,0.10000000000000003
combined_min_cvar,2023-12-01,WMT,0.1
combined_min_cvar,2022-01-03,XOM,0.0
combined_min_cvar,2022-02-01,XOM,0.0
combined_min_cvar,2022-03-01,XOM,0.0
combined_min_cvar,2022-04-01,XOM,0.0
combined_min_cvar,2022-05-02,XOM,0.0
combined_min_cvar,2022-06-01,XOM,0.0
combined_min_cvar,2022-07-01,XOM,0.0
combined_min_cvar,2022-08-01,XOM,0.0
combined_min_cvar,2022-09-01,XOM,0.0
combined_min_cvar,2022-10-03,XOM,0.0
combined_min_cvar,2022-11-01,XOM,0.0
combined_min_cvar,2022-12-01,XOM,0.0
combined_min_cvar,2023-01-03,XOM,0.06056274447134221
combined_min_cvar,2023-02-01,XOM,0.054443302225667775
combined_min_cvar,2023-03-01,XOM,0.06444889898206056
combined_min_cvar,2023-04-03,XOM,0.0
combined_min_cvar,2023-05-01,XOM,0.0562402307067635
combined_min_cvar,2023-06-01,XOM,0.0
combined_min_cvar,2023-07-03,XOM,0.0293732743277008
combined_min_cvar,2023-08-01,XOM,0.02937327432770088
combined_min_cvar,2023-09-01,XOM,0.0
combined_min_cvar,2023-10-02,XOM,0.0
combined_min_cvar,2023-11-01,XOM,0.0
combined_min_cvar,2023-12-01,XOM,0.0
combined_min_cvar,2022-01-03,CR_ADA-USD,0.0
combined_min_cvar,2022-02-01,CR_ADA-USD,0.0
combined_min_cvar,2022-03-01,CR_ADA-USD,0.0
combined_min_cvar,2022-04-01,CR_ADA-USD,0.0
combined_min_cvar,2022-05-02,CR_ADA-USD,0.0
combined_min_cvar,2022-06-01,CR_ADA-USD,0.0
combined_min_cvar,2022-07-01,CR_ADA-USD,0.0
combined_min_cvar,2022-08-01,CR_ADA-USD,0.0
combined_min_cvar,2022-09-01,CR_ADA-USD,0.0
combined_min_cvar,2022-10-03,CR_ADA-USD,0.0
combined_min_cvar,2022-11-01,CR_ADA-USD,0.0
combined_min_cvar,2022-12-01,CR_ADA-USD,0.0
combined_min_cvar,2023-01-03,CR_ADA-USD,0.0
combined_min_cvar,2023-02-01,CR_ADA-USD,0.0
combined_min_cvar,2023-03-01,CR_ADA-USD,0.0
combined_min_cvar,2023-04-03,CR_ADA-USD,0.0
combined_min_cvar,2023-05-01,CR_ADA-USD,0.0
combined_min_cvar,2023-06-01,CR_ADA-USD,0.0
combined_min_cvar,2023-07-03,CR_ADA-USD,0.0
combined_min_cvar,2023-08-01,CR_ADA-USD,0.0
combined_min_cvar,2023-09-01,CR_ADA-USD,0.0
combined_min_cvar,2023-10-02,CR_ADA-USD,0.0
combined_min_cvar,2023-11-01,CR_ADA-USD,0.0
combined_min_cvar,2023-12-01,CR_ADA-USD,0.0
combined_min_cvar,2022-01-03,CR_BCH-USD,0.0
combined_min_cvar,2022-02-01,CR_BCH-USD,0.0
combined_min_cvar,2022-03-01,CR_BCH-USD,0.0
combined_min_cvar,2022-04-01,CR_BCH-USD,0.0
combined_min_cvar,2022-05-02,CR_BCH-USD,0.0
combined_min_cvar,2022-06-01,CR_BCH-USD,0.0
combined_min_cvar,2022-07-01,CR_BCH-USD,0.0
combined_min_cvar,2022-08-01,CR_BCH-USD,0.0
combined_min_cvar,2022-09-01,CR_BCH-USD,0.0
combined_min_cvar,2022-10-03,CR_BCH-USD,0.0
combined_min_cvar,2022-11-01,CR_BCH-USD,0.0
combined_min_cvar,2022-12-01,CR_BCH-USD,0.0
combined_min_cvar,2023-01-03,CR_BCH-USD,0.0
combined_min_cvar,2023-02-01,CR_BCH-USD,0.0
combined_min_cvar,2023-03-01,CR_BCH-USD,0.0
combined_min_cvar,2023-04-03,CR_BCH-USD,0.0
combined_min_cvar,2023-05-01,CR_BCH-USD,0.0
combined_min_cvar,2023-06-01,CR_BCH-USD,0.0
combined_min_cvar,2023-07-03,CR_BCH-USD,0.0
combined_min_cvar,2023-08-01,CR_BCH-USD,0.0
combined_min_cvar,2023-09-01,CR_BCH-USD,0.0
combined_min_cvar,2023-10-02,CR_BCH-USD,0.0
combined_min_cvar,2023-11-01,CR_BCH-USD,0.0
combined_min_cvar,2023-12-01,CR_BCH-USD,0.0
combined_min_cvar,2022-01-03,CR_BTC-USD,0.0
combined_min_cvar,2022-02-01,CR_BTC-USD,0.0
combined_min_cvar,2022-03-01,CR_BTC-USD,0.0
combined_min_cvar,2022-04-01,CR_BTC-USD,0.0
combined_min_cvar,2022-05-02,CR_BTC-USD,0.0
combined_min_cvar,2022-06-01,CR_BTC-USD,0.0
combined_min_cvar,2022-07-01,CR_BTC-USD,0.0
combined_min_cvar,2022-08-01,CR_BTC-USD,0.0
combined_min_cvar,2022-09-01,CR_BTC-USD,0.0
combined_min_cvar,2022-10-03,CR_BTC-USD,0.0
combined_min_cvar,2022-11-01,CR_BTC-USD,0.0
combined_min_cvar,2022-12-01,CR_BTC-USD,0.0
combined_min_cvar,2023-01-03,CR_BTC-USD,0.0
combined_min_cvar,2023-02-01,CR_BTC-USD,0.0
combined_min_cvar,2023-03-01,CR_BTC-USD,0.0
combined_min_cvar,2023-04-03,CR_BTC-USD,0.0
combined_min_cvar,2023-05-01,CR_BTC-USD,0.0
combined_min_cvar,2023-06-01,CR_BTC-USD,0.0
combined_min_cvar,2023-07-03,CR_BTC-USD,0.0
combined_min_cvar,2023-08-01,CR_BTC-USD,0.0
combined_min_cvar,2023-09-01,CR_BTC-USD,0.0
combined_min_cvar,2023-10-02,CR_BTC-USD,0.0
combined_min_cvar,2023-11-01,CR_BTC-USD,0.0
combined_min_cvar,2023-12-01,CR_BTC-USD,0.0
combined_min_cvar,2022-01-03,CR_EOS-USD,0.0
combined_min_cvar,2022-02-01,CR_EOS-USD,0.0
combined_min_cvar,2022-03-01,CR_EOS-USD,0.0
combined_min_cvar,2022-04-01,CR_EOS-USD,0.0
combined_min_cvar,2022-05-02,CR_EOS-USD,0.0
combined_min_cvar,2022-06-01,CR_EOS-USD,0.0
combined_min_cvar,2022-07-01,CR_EOS-USD,0.0
combined_min_cvar,2022-08-01,CR_EOS-USD,0.0
combined_min_cvar,2022-09-01,CR_EOS-USD,0.0
combined_min_cvar,2022-10-03,CR_EOS-USD,0.0
combined_min_cvar,2022-11-01,CR_EOS-USD,0.0
combined_min_cvar,2022-12-01,CR_EOS-USD,0.0
combined_min_cvar,2023-01-03,CR_EOS-USD,0.0
combined_min_cvar,2023-02-01,CR_EOS-USD,0.0
combined_min_cvar,2023-03-01,CR_EOS-USD,0.0
combined_min_cvar,2023-04-03,CR_EOS-USD,0.0
combined_min_cvar,2023-05-01,CR_EOS-USD,0.0
combined_min_cvar,2023-06-01,CR_EOS-USD,0.0
combined_min_cvar,2023-07-03,CR_EOS-USD,0.0
combined_min_cvar,2023-08-01,CR_EOS-USD,0.0
combined_min_cvar,2023-09-01,CR_EOS-USD,0.0
combined_min_cvar,2023-10-02,CR_EOS-USD,0.0
combined_min_cvar,2023-11-01,CR_EOS-USD,0.0
combined_min_cvar,2023-12-01,CR_EOS-USD,0.0
combined_min_cvar,2022-01-03,CR_ETC-USD,0.0
combined_min_cvar,2022-02-01,CR_ETC-USD,0.0
combined_min_cvar,2022-03-01,CR_ETC-USD,0.0
combined_min_cvar,2022-04-01,CR_ETC-USD,0.0
combined_min_cvar,2022-05-02,CR_ETC-USD,0.0
combined_min_cvar,2022-06-01,CR_ETC-USD,0.0
combined_min_cvar,2022-07-01,CR_ETC-USD,0.0
combined_min_cvar,2022-08-01,CR_ETC-USD,0.0
combined_min_cvar,2022-09-01,CR_ETC-USD,0.0
combined_min_cvar,2022-10-03,CR_ETC-USD,0.0
combined_min_cvar,2022-11-01,CR_ETC-USD,0.0
combined_min_cvar,2022-12-01,CR_ETC-USD,0.0
combined_min_cvar,2023-01-03,CR_ETC-USD,0.0
combined_min_cvar,2023-02-01,CR_ETC-USD,0.0
combined_min_cvar,2023-03-01,CR_ETC-USD,0.0
combined_min_cvar,2023-04-03,CR_ETC-USD,0.0
combined_min_cvar,2023-05-01,CR_ETC-USD,0.0
combined_min_cvar,2023-06-01,CR_ETC-USD,0.0
combined_min_cvar,2023-07-03,CR_ETC-USD,0.0
combined_min_cvar,2023-08-01,CR_ETC-USD,0.0
combined_min_cvar,2023-09-01,CR_ETC-USD,0.0
combined_min_cvar,2023-10-02,CR_ETC-USD,0.0
combined_min_cvar,2023-11-01,CR_ETC-USD,0.0
combined_min_cvar,2023-12-01,CR_ETC-USD,0.0
combined_min_cvar,2022-01-03,CR_ETH-USD,0.0
combined_min_cvar,2022-02-01,CR_ETH-USD,0.0
combined_min_cvar,2022-03-01,CR_ETH-USD,0.0
combined_min_cvar,2022-04-01,CR_ETH-USD,0.0
combined_min_cvar,2022-05-02,CR_ETH-USD,0.0
combined_min_cvar,2022-06-01,CR_ETH-USD,0.0
combined_min_cvar,2022-07-01,CR_ETH-USD,0.0
combined_min_cvar,2022-08-01,CR_ETH-USD,0.0
combined_min_cvar,2022-09-01,CR_ETH-USD,0.0
combined_min_cvar,2022-10-03,CR_ETH-USD,0.0
combined_min_cvar,2022-11-01,CR_ETH-USD,0.0
combined_min_cvar,2022-12-01,CR_ETH-USD,0.0
combined_min_cvar,2023-01-03,CR_ETH-USD,0.0
combined_min_cvar,2023-02-01,CR_ETH-USD,0.0
combined_min_cvar,2023-03-01,CR_ETH-USD,0.0
combined_min_cvar,2023-04-03,CR_ETH-USD,0.0
combined_min_cvar,2023-05-01,CR_ETH-USD,0.0
combined_min_cvar,2023-06-01,CR_ETH-USD,0.0
combined_min_cvar,2023-07-03,CR_ETH-USD,0.0
combined_min_cvar,2023-08-01,CR_ETH-USD,0.0
combined_min_cvar,2023-09-01,CR_ETH-USD,0.0
combined_min_cvar,2023-10-02,CR_ETH-USD,0.0
combined_min_cvar,2023-11-01,CR_ETH-USD,0.0
combined_min_cvar,2023-12-01,CR_ETH-USD,0.0
combined_min_cvar,2022-01-03,CR_LTC-USD,0.0
combined_min_cvar,2022-02-01,CR_LTC-USD,0.0
combined_min_cvar,2022-03-01,CR_LTC-USD,0.0
combined_min_cvar,2022-04-01,CR_LTC-USD,0.0
combined_min_cvar,2022-05-02,CR_LTC-USD,0.0
combined_min_cvar,2022-06-01,CR_LTC-USD,0.0
combined_min_cvar,2022-07-01,CR_LTC-USD,0.0
combined_min_cvar,2022-08-01,CR_LTC-USD,0.0
combined_min_cvar,2022-09-01,CR_LTC-USD,0.0
combined_min_cvar,2022-10-03,CR_LTC-USD,0.0
combined_min_cvar,2022-11-01,CR_LTC-USD,0.0
combined_min_cvar,2022-12-01,CR_LTC-USD,0.0
combined_min_cvar,2023-01-03,CR_LTC-USD,0.0
combined_min_cvar,2023-02-01,CR_LTC-USD,0.0
combined_min_cvar,2023-03-01,CR_LTC-USD,0.0
combined_min_cvar,2023-04-03,CR_LTC-USD,0.0
combined_min_cvar,2023-05-01,CR_LTC-USD,0.0
combined_min_cvar,2023-06-01,CR_LTC-USD,0.0
combined_min_cvar,2023-07-03,CR_LTC-USD,0.01742918707247806
combined_min_cvar,2023-08-01,CR_LTC-USD,0.017429187072478015
combined_min_cvar,2023-09-01,CR_LTC-USD,0.010631290567482509
combined_min_cvar,2023-10-02,CR_LTC-USD,0.0
combined_min_cvar,2023-11-01,CR_LTC-USD,0.0
combined_min_cvar,2023-12-01,CR_LTC-USD,0.0
combined_min_cvar,2022-01-03,CR_TRX-USD,0.0
combined_min_cvar,2022-02-01,CR_TRX-USD,0.0
combined_min_cvar,2022-03-01,CR_TRX-USD,0.0
combined_min_cvar,2022-04-01,CR_TRX-USD,0.0
combined_min_cvar,2022-05-02,CR_TRX-USD,0.0
combined_min_cvar,2022-06-01,CR_TRX-USD,0.0
combined_min_cvar,2022-07-01,CR_TRX-USD,0.0
combined_min_cvar,2022-08-01,CR_TRX-USD,0.0
combined_min_cvar,2022-09-01,CR_TRX-USD,0.0
combined_min_cvar,2022-10-03,CR_TRX-USD,0.0
combined_min_cvar,2022-11-01,CR_TRX-USD,0.0
combined_min_cvar,2022-12-01,CR_TRX-USD,0.0
combined_min_cvar,2023-01-03,CR_TRX-USD,0.0
combined_min_cvar,2023-02-01,CR_TRX-USD,0.0
combined_min_cvar,2023-03-01,CR_TRX-USD,0.0
combined_min_cvar,2023-04-03,CR_TRX-USD,0.0
combined_min_cvar,2023-05-01,CR_TRX-USD,0.0
combined_min_cvar,2023-06-01,CR_TRX-USD,0.0
combined_min_cvar,2023-07-03,CR_TRX-USD,0.0
combined_min_cvar,2023-08-01,CR_TRX-USD,0.0
combined_min_cvar,2023-09-01,CR_TRX-USD,0.0
combined_min_cvar,2023-10-02,CR_TRX-USD,0.0
combined_min_cvar,2023-11-01,CR_TRX-USD,0.0
combined_min_cvar,2023-12-01,CR_TRX-USD,0.0
combined_min_cvar,2022-01-03,CR_XLM-USD,0.0
combined_min_cvar,2022-02-01,CR_XLM-USD,0.0
combined_min_cvar,2022-03-01,CR_XLM-USD,0.0
combined_min_cvar,2022-04-01,CR_XLM-USD,0.0
combined_min_cvar,2022-05-02,CR_XLM-USD,0.0
combined_min_cvar,2022-06-01,CR_XLM-USD,0.0
combined_min_cvar,2022-07-01,CR_XLM-USD,0.0
combined_min_cvar,2022-08-01,CR_XLM-USD,0.0
combined_min_cvar,2022-09-01,CR_XLM-USD,0.0
combined_min_cvar,2022-10-03,CR_XLM-USD,0.0
combined_min_cvar,2022-11-01,CR_XLM-USD,0.0
combined_min_cvar,2022-12-01,CR_XLM-USD,0.0
combined_min_cvar,2023-01-03,CR_XLM-USD,0.0
combined_min_cvar,2023-02-01,CR_XLM-USD,0.0
combined_min_cvar,2023-03-01,CR_XLM-USD,0.0
combined_min_cvar,2023-04-03,CR_XLM-USD,0.0
combined_min_cvar,2023-05-01,CR_XLM-USD,0.0
combined_min_cvar,2023-06-01,CR_XLM-USD,0.0
combined_min_cvar,2023-07-03,CR_XLM-USD,0.0
combined_min_cvar,2023-08-01,CR_XLM-USD,0.0
combined_min_cvar,2023-09-01,CR_XLM-USD,0.0
combined_min_cvar,2023-10-02,CR_XLM-USD,0.0
combined_min_cvar,2023-11-01,CR_XLM-USD,0.0
combined_min_cvar,2023-12-01,CR_XLM-USD,0.0
combined_min_cvar,2022-01-03,CR_XRP-USD,0.0
combined_min_cvar,2022-02-01,CR_XRP-USD,0.0
combined_min_cvar,2022-03-01,CR_XRP-USD,0.0
combined_min_cvar,2022-04-01,CR_XRP-USD,0.0
combined_min_cvar,2022-05-02,CR_XRP-USD,0.0
combined_min_cvar,2022-06-01,CR_XRP-USD,0.0
combined_min_cvar,2022-07-01,CR_XRP-USD,0.0
combined_min_cvar,2022-08-01,CR_XRP-USD,0.0
combined_min_cvar,2022-09-01,CR_XRP-USD,0.0
combined_min_cvar,2022-10-03,CR_XRP-USD,0.0
combined_min_cvar,2022-11-01,CR_XRP-USD,0.0
combined_min_cvar,2022-12-01,CR_XRP-USD,0.0
combined_min_cvar,2023-01-03,CR_XRP-USD,0.0
combined_min_cvar,2023-02-01,CR_XRP-USD,0.0
combined_min_cvar,2023-03-01,CR_XRP-USD,0.0
combined_min_cvar,2023-04-03,CR_XRP-USD,0.0
combined_min_cvar,2023-05-01,CR_XRP-USD,0.0
combined_min_cvar,2023-06-01,CR_XRP-USD,0.0
combined_min_cvar,2023-07-03,CR_XRP-USD,0.0
combined_min_cvar,2023-08-01,CR_XRP-USD,0.0
combined_min_cvar,2023-09-01,CR_XRP-USD,0.0
combined_min_cvar,2023-10-02,CR_XRP-USD,0.0
combined_min_cvar,2023-11-01,CR_XRP-USD,0.0
combined_min_cvar,2023-12-01,CR_XRP-USD,0.0
equity_sentiment_tilt,2022-01-03,ABBV,0.09981391370586548
equity_sentiment_tilt,2022-02-01,ABBV,0.08967062162015785
equity_sentiment_tilt,2022-03-01,ABBV,0.11238546638738989
equity_sentiment_tilt,2022-04-01,ABBV,0.03541869118181825
equity_sentiment_tilt,2022-05-02,ABBV,0.12281889581128402
equity_sentiment_tilt,2022-06-01,ABBV,0.07591317774882003
equity_sentiment_tilt,2022-07-01,ABBV,0.1659955445816045
equity_sentiment_tilt,2022-08-01,ABBV,0.06382077650237544
equity_sentiment_tilt,2022-09-01,ABBV,0.11581450254618592
equity_sentiment_tilt,2022-10-03,ABBV,0.10374323718199029
equity_sentiment_tilt,2022-11-01,ABBV,0.1420622792786567
equity_sentiment_tilt,2022-12-01,ABBV,0.11286125982748677
equity_sentiment_tilt,2023-01-03,ABBV,0.09752282060198009
equity_sentiment_tilt,2023-02-01,ABBV,0.11130984943602212
equity_sentiment_tilt,2023-03-01,ABBV,0.15502604111326668
equity_sentiment_tilt,2023-04-03,ABBV,0.131638048433279
equity_sentiment_tilt,2023-05-01,ABBV,0.1412184787483479
equity_sentiment_tilt,2023-06-01,ABBV,0.11607539956559058
equity_sentiment_tilt,2023-07-03,ABBV,0.15927025419822338
equity_sentiment_tilt,2023-08-01,ABBV,0.08672616289510755
equity_sentiment_tilt,2023-09-01,ABBV,0.1267896124230695
equity_sentiment_tilt,2023-10-02,ABBV,0.15575878579425573
equity_sentiment_tilt,2023-11-01,ABBV,0.12126372287036871
equity_sentiment_tilt,2023-12-01,ABBV,0.15438051661299645
equity_sentiment_tilt,2022-01-03,ABT,0.06657239486535269
equity_sentiment_tilt,2022-02-01,ABT,0.018055782936389243
equity_sentiment_tilt,2022-03-01,ABT,0.04611197199414631
equity_sentiment_tilt,2022-04-01,ABT,0.03142149378392452
equity_sentiment_tilt,2022-05-02,ABT,6.907035353711838e-19
equity_sentiment_tilt,2022-06-01,ABT,2.4754419845433313e-17
equity_sentiment_tilt,2022-07-01,ABT,2.553137203738897e-16
equity_sentiment_tilt,2022-08-01,ABT,3.214086156502184e-17
equity_sentiment_tilt,2022-09-01,ABT,0.0
equity_sentiment_tilt,2022-10-03,ABT,0.0
equity_sentiment_tilt,2022-11-01,ABT,0.0
equity_sentiment_tilt,2022-12-01,ABT,8.476218487969368e-17
equity_sentiment_tilt,2023-01-03,ABT,0.0
equity_sentiment_tilt,2023-02-01,ABT,8.399151300203482e-17
equity_sentiment_tilt,2023-03-01,ABT,0.0
equity_sentiment_tilt,2023-04-03,ABT,0.0
equity_sentiment_tilt,2023-05-01,ABT,0.0
equity_sentiment_tilt,2023-06-01,ABT,0.0
equity_sentiment_tilt,2023-07-03,ABT,0.0
equity_sentiment_tilt,2023-08-01,ABT,7.937868389141218e-17
equity_sentiment_tilt,2023-09-01,ABT,7.20166721733375e-17
equity_sentiment_tilt,2023-10-02,ABT,2.911432767627524e-17
equity_sentiment_tilt,2023-11-01,ABT,0.0
equity_sentiment_tilt,2023-12-01,ABT,0.0
equity_sentiment_tilt,2022-01-03,ADBE,1.3065679972208384e-17
equity_sentiment_tilt,2022-02-01,ADBE,0.0
equity_sentiment_tilt,2022-03-01,ADBE,1.6509363259378446e-18
equity_sentiment_tilt,2022-04-01,ADBE,0.0
equity_sentiment_tilt,2022-05-02,ADBE,0.0
equity_sentiment_tilt,2022-06-01,ADBE,0.0
equity_sentiment_tilt,2022-07-01,ADBE,7.651822002323585e-18
equity_sentiment_tilt,2022-08-01,ADBE,0.0
equity_sentiment_tilt,2022-09-01,ADBE,4.7476094661219146e-17
equity_sentiment_tilt,2022-10-03,ADBE,0.0
equity_sentiment_tilt,2022-11-01,ADBE,1.0793837061599636e-17
equity_sentiment_tilt,2022-12-01,ADBE,0.0
equity_sentiment_tilt,2023-01-03,ADBE,4.677347222932635e-17
equity_sentiment_tilt,2023-02-01,ADBE,2.820108922572401e-17
equity_sentiment_tilt,2023-03-01,ADBE,0.0
equity_sentiment_tilt,2023-04-03,ADBE,9.057234795116519e-17
equity_sentiment_tilt,2023-05-01,ADBE,1.0414463240217687e-16
equity_sentiment_tilt,2023-06-01,ADBE,0.0
equity_sentiment_tilt,2023-07-03,ADBE,1.8556340532659656e-18
equity_sentiment_tilt,2023-08-01,ADBE,0.0
equity_sentiment_tilt,2023-09-01,ADBE,1.8807420805737724e-16
equity_sentiment_tilt,2023-10-02,ADBE,5.650795084544456e-17
equity_sentiment_tilt,2023-11-01,ADBE,1.1741061596298803e-16
equity_sentiment_tilt,2023-12-01,ADBE,0.0
equity_sentiment_tilt,2022-01-03,AEP,0.0
equity_sentiment_tilt,2022-02-01,AEP,0.0
equity_sentiment_tilt,2022-03-01,AEP,0.0
equity_sentiment_tilt,2022-04-01,AEP,0.0009116984563916549
equity_sentiment_tilt,2022-05-02,AEP,0.006755406440953079
equity_sentiment_tilt,2022-06-01,AEP,0.025754562246988456
equity_sentiment_tilt,2022-07-01,AEP,0.01738881224546073
equity_sentiment_tilt,2022-08-01,AEP,0.021161859659513334
equity_sentiment_tilt,2022-09-01,AEP,0.0
equity_sentiment_tilt,2022-10-03,AEP,0.02639899841658293
equity_sentiment_tilt,2022-11-01,AEP,0.0
equity_sentiment_tilt,2022-12-01,AEP,0.0026310531988854163
equity_sentiment_tilt,2023-01-03,AEP,0.009103320851956401
equity_sentiment_tilt,2023-02-01,AEP,0.0057775057140182955
equity_sentiment_tilt,2023-03-01,AEP,0.06372696383486093
equity_sentiment_tilt,2023-04-03,AEP,0.0
equity_sentiment_tilt,2023-05-01,AEP,8.224244439040926e-18
equity_sentiment_tilt,2023-06-01,AEP,0.0
equity_sentiment_tilt,2023-07-03,AEP,3.399603257793212e-16
equity_sentiment_tilt,2023-08-01,AEP,0.0
equity_sentiment_tilt,2023-09-01,AEP,5.95059859739781e-19
equity_sentiment_tilt,2023-10-02,AEP,3.0714810597543116e-16
equity_sentiment_tilt,2023-11-01,AEP,0.0
equity_sentiment_tilt,2023-12-01,AEP,3.158505122496276e-17
equity_sentiment_tilt,2022-01-03,AMD,0.08793106424857179
equity_sentiment_tilt,2022-02-01,AMD,0.1119586693018225
equity_sentiment_tilt,2022-03-01,AMD,0.13251596906818466
equity_sentiment_tilt,2022-04-01,AMD,0.006679343967534764
equity_sentiment_tilt,2022-05-02,AMD,0.0
equity_sentiment_tilt,2022-06-01,AMD,0.018018860989880644
equity_sentiment_tilt,2022-07-01,AMD,0.01625768648092836
equity_sentiment_tilt,2022-08-01,AMD,0.0
equity_sentiment_tilt,2022-09-01,AMD,0.0
equity_sentiment_tilt,2022-10-03,AMD,2.4760170551147034e-17
equity_sentiment_tilt,2022-11-01,AMD,8.600516109478372e-17
equity_sentiment_tilt,2022-12-01,AMD,0.0
equity_sentiment_tilt,2023-01-03,AMD,3.8618095079560274e-17
equity_sentiment_tilt,2023-02-01,AMD,0.0
equity_sentiment_tilt,2023-03-01,AMD,3.850942350269311e-17
equity_sentiment_tilt,2023-04-03,AMD,9.184693568541526e-18
equity_sentiment_tilt,2023-05-01,AMD,0.0
equity_sentiment_tilt,2023-06-01,AMD,0.02241196981258963
equity_sentiment_tilt,2023-07-03,AMD,4.647618874605522e-16
equity_sentiment_tilt,2023-08-01,AMD,5.008696316120349e-17
equity_sentiment_tilt,2023-09-01,AMD,7.322227017655796e-17
equity_sentiment_tilt,2023-10-02,AMD,0.0
equity_sentiment_tilt,2023-11-01,AMD,0.0
equity_sentiment_tilt,2023-12-01,AMD,0.0
equity_sentiment_tilt,2022-01-03,AMGN,0.0
equity_sentiment_tilt,2022-02-01,AMGN,5.298109655733046e-17
equity_sentiment_tilt,2022-03-01,AMGN,0.0
equity_sentiment_tilt,2022-04-01,AMGN,0.0
equity_sentiment_tilt,2022-05-02,AMGN,0.0
equity_sentiment_tilt,2022-06-01,AMGN,0.0
equity_sentiment_tilt,2022-07-01,AMGN,3.1890960933157215e-17
equity_sentiment_tilt,2022-08-01,AMGN,0.0
equity_sentiment_tilt,2022-09-01,AMGN,1.031599157222062e-17
equity_sentiment_tilt,2022-10-03,AMGN,7.67950055274388e-17
equity_sentiment_tilt,2022-11-01,AMGN,0.0327025356528994
equity_sentiment_tilt,2022-12-01,AMGN,0.08464038088966684
equity_sentiment_tilt,2023-01-03,AMGN,0.02785881629877545
equity_sentiment_tilt,2023-02-01,AMGN,0.0
equity_sentiment_tilt,2023-03-01,AMGN,0.0
equity_sentiment_tilt,2023-04-03,AMGN,0.0
equity_sentiment_tilt,2023-05-01,AMGN,3.4739666400140775e-17
equity_sentiment_tilt,2023-06-01,AMGN,3.696493882891642e-17
equity_sentiment_tilt,2023-07-03,AMGN,0.0
equity_sentiment_tilt,2023-08-01,AMGN,0.0
equity_sentiment_tilt,2023-09-01,AMGN,0.11038560872145675
equity_sentiment_tilt,2023-10-02,AMGN,0.08195104628779075
equity_sentiment_tilt,2023-11-01,AMGN,0.11347862203426397
equity_sentiment_tilt,2023-12-01,AMGN,0.11542454649058233
equity_sentiment_tilt,2022-01-03,AMT,0.0
equity_sentiment_tilt,2022-02-01,AMT,3.780724110284022e-18
equity_sentiment_tilt,2022-03-01,AMT,0.0
equity_sentiment_tilt,2022-04-01,AMT,4.831603647017396e-18
equity_sentiment_tilt,2022-05-02,AMT,1.1899080594934661e-17
equity_sentiment_tilt,2022-06-01,AMT,0.0
equity_sentiment_tilt,2022-07-01,AMT,0.0
equity_sentiment_tilt,2022-08-01,AMT,6.057406853879398e-17
equity_sentiment_tilt,2022-09-01,AMT,0.0
equity_sentiment_tilt,2022-10-03,AMT,2.0390199477634752e-17
equity_sentiment_tilt,2022-11-01,AMT,7.932303780667559e-18
equity_sentiment_tilt,2022-12-01,AMT,2.0510283647839927e-18
equity_sentiment_tilt,2023-01-03,AMT,1.7036417136740615e-17
equity_sentiment_tilt,2023-02-01,AMT,0.0
equity_sentiment_tilt,2023-03-01,AMT,0.0
equity_sentiment_tilt,2023-04-03,AMT,0.0
equity_sentiment_tilt,2023-05-01,AMT,0.0
equity_sentiment_tilt,2023-06-01,AMT,0.0
equity_sentiment_tilt,2023-07-03,AMT,4.50424491779159e-17
equity_sentiment_tilt,2023-08-01,AMT,7.377360138443444e-17
equity_sentiment_tilt,2023-09-01,AMT,4.920312453432366e-17
equity_sentiment_tilt,2023-10-02,AMT,0.0
equity_sentiment_tilt,2023-11-01,AMT,2.3838717873972367e-17
equity_sentiment_tilt,2023-12-01,AMT,0.0
equity_sentiment_tilt,2022-01-03,BA,5.270365690889887e-17
equity_sentiment_tilt,2022-02-01,BA,1.1190670764761802e-17
equity_sentiment_tilt,2022-03-01,BA,1.7904501946684147e-18
equity_sentiment_tilt,2022-04-01,BA,0.0
equity_sentiment_tilt,2022-05-02,BA,9.923131367556694e-18
equity_sentiment_tilt,2022-06-01,BA,4.989530965435363e-17
equity_sentiment_tilt,2022-07-01,BA,0.0
equity_sentiment_tilt,2022-08-01,BA,0.0
equity_sentiment_tilt,2022-09-01,BA,0.0
equity_sentiment_tilt,2022-10-03,BA,1.474341560093217e-19
equity_sentiment_tilt,2022-11-01,BA,0.0
equity_sentiment_tilt,2022-12-01,BA,4.412205358278056e-17
equity_sentiment_tilt,2023-01-03,BA,4.9631431285269395e-18
equity_sentiment_tilt,2023-02-01,BA,0.0
equity_sentiment_tilt,2023-03-01,BA,1.0651320846923874e-17
equity_sentiment_tilt,2023-04-03,BA,0.0
equity_sentiment_tilt,2023-05-01,BA,0.0
equity_sentiment_tilt,2023-06-01,BA,4.492184898719427e-17
equity_sentiment_tilt,2023-07-03,BA,3.1527694509933896e-18
equity_sentiment_tilt,2023-08-01,BA,3.024935692078938e-17
equity_sentiment_tilt,2023-09-01,BA,1.4119666428520145e-17
equity_sentiment_tilt,2023-10-02,BA,2.5936116079436863e-17
equity_sentiment_tilt,2023-11-01,BA,0.0
equity_sentiment_tilt,2023-12-01,BA,0.0
equity_sentiment_tilt,2022-01-03,CAT,1.237102180262211e-16
equity_sentiment_tilt,2022-02-01,CAT,0.03316658167378947
equity_sentiment_tilt,2022-03-01,CAT,0.0
equity_sentiment_tilt,2022-04-01,CAT,2.919163932669462e-17
equity_sentiment_tilt,2022-05-02,CAT,0.009145724434288701
equity_sentiment_tilt,2022-06-01,CAT,0.03349501993054183
equity_sentiment_tilt,2022-07-01,CAT,0.0
equity_sentiment_tilt,2022-08-01,CAT,0.0
equity_sentiment_tilt,2022-09-01,CAT,0.0
equity_sentiment_tilt,2022-10-03,CAT,0.0
equity_sentiment_tilt,2022-11-01,CAT,0.0
equity_sentiment_tilt,2022-12-01,CAT,0.0
equity_sentiment_tilt,2023-01-03,CAT,3.223198664268721e-17
equity_sentiment_tilt,2023-02-01,CAT,8.357984822335959e-18
equity_sentiment_tilt,2023-03-01,CAT,1.1585280623669784e-16
equity_sentiment_tilt,2023-04-03,CAT,1.1405015455941233e-18
equity_sentiment_tilt,2023-05-01,CAT,0.0
equity_sentiment_tilt,2023-06-01,CAT,0.0
equity_sentiment_tilt,2023-07-03,CAT,0.0
equity_sentiment_tilt,2023-08-01,CAT,6.381678157534487e-17
equity_sentiment_tilt,2023-09-01,CAT,1.4903751711045137e-16
equity_sentiment_tilt,2023-10-02,CAT,0.0
equity_sentiment_tilt,2023-11-01,CAT,4.3417006470806637e-17
equity_sentiment_tilt,2023-12-01,CAT,0.0
equity_sentiment_tilt,2022-01-03,CCI,8.871407095748345e-17
equity_sentiment_tilt,2022-02-01,CCI,0.0
equity_sentiment_tilt,2022-03-01,CCI,3.369031568821532e-17
equity_sentiment_tilt,2022-04-01,CCI,4.8606387731435667e-17
equity_sentiment_tilt,2022-05-02,CCI,1.2384206801855132e-17
equity_sentiment_tilt,2022-06-01,CCI,2.049700691604039e-17
equity_sentiment_tilt,2022-07-01,CCI,2.2524345062984097e-18
equity_sentiment_tilt,2022-08-01,CCI,1.8041995785239526e-17
equity_sentiment_tilt,2022-09-01,CCI,2.0229964824302574e-16
equity_sentiment_tilt,2022-10-03,CCI,0.0
equity_sentiment_tilt,2022-11-01,CCI,4.228067675857614e-17
equity_sentiment_tilt,2022-12-01,CCI,0.0
equity_sentiment_tilt,2023-01-03,CCI,8.567240623380387e-18
equity_sentiment_tilt,2023-02-01,CCI,4.45964981811491e-17
equity_sentiment_tilt,2023-03-01,CCI,0.0
equity_sentiment_tilt,2023-04-03,CCI,5.612654229333494e-17
equity_sentiment_tilt,2023-05-01,CCI,1.4038387268626033e-17
equity_sentiment_tilt,2023-06-01,CCI,0.0
equity_sentiment_tilt,2023-07-03,CCI,0.0
equity_sentiment_tilt,2023-08-01,CCI,0.0
equity_sentiment_tilt,2023-09-01,CCI,0.0
equity_sentiment_tilt,2023-10-02,CCI,2.183112939601641e-17
equity_sentiment_tilt,2023-11-01,CCI,0.0
equity_sentiment_tilt,2023-12-01,CCI,1.3943873973165182e-17
equity_sentiment_tilt,2022-01-03,CMCSA,0.0
equity_sentiment_tilt,2022-02-01,CMCSA,8.493154327979427e-18
equity_sentiment_tilt,2022-03-01,CMCSA,0.0
equity_sentiment_tilt,2022-04-01,CMCSA,4.6149955032196647e-17
equity_sentiment_tilt,2022-05-02,CMCSA,0.0
equity_sentiment_tilt,2022-06-01,CMCSA,0.0
equity_sentiment_tilt,2022-07-01,CMCSA,2.403296513936228e-17
equity_sentiment_tilt,2022-08-01,CMCSA,2.3772938543386545e-18
equity_sentiment_tilt,2022-09-01,CMCSA,0.0
equity_sentiment_tilt,2022-10-03,CMCSA,0.0
equity_sentiment_tilt,2022-11-01,CMCSA,0.0
equity_sentiment_tilt,2022-12-01,CMCSA,0.0
equity_sentiment_tilt,2023-01-03,CMCSA,1.1179104355158957e-17
equity_sentiment_tilt,2023-02-01,CMCSA,0.0
equity_sentiment_tilt,2023-03-01,CMCSA,1.88729558700335e-17
equity_sentiment_tilt,2023-04-03,CMCSA,0.0
equity_sentiment_tilt,2023-05-01,CMCSA,1.204860062951496e-17
equity_sentiment_tilt,2023-06-01,CMCSA,1.829565635721746e-17
equity_sentiment_tilt,2023-07-03,CMCSA,0.0
equity_sentiment_tilt,2023-08-01,CMCSA,1.1331580084569997e-18
equity_sentiment_tilt,2023-09-01,CMCSA,0.0
equity_sentiment_tilt,2023-10-02,CMCSA,0.0
equity_sentiment_tilt,2023-11-01,CMCSA,0.0
equity_sentiment_tilt,2023-12-01,CMCSA,8.543642191678562e-18
equity_sentiment_tilt,2022-01-03,COP,1.4811161779612055e-18
equity_sentiment_tilt,2022-02-01,COP,2.57319485306244e-17
equity_sentiment_tilt,2022-03-01,COP,0.04278823013019866
equity_sentiment_tilt,2022-04-01,COP,0.1278719499574316
equity_sentiment_tilt,2022-05-02,COP,0.02477416639234188
equity_sentiment_tilt,2022-06-01,COP,0.005887951386525526
equity_sentiment_tilt,2022-07-01,COP,9.508389824695726e-17
equity_sentiment_tilt,2022-08-01,COP,5.929453862723318e-18
equity_sentiment_tilt,2022-09-01,COP,0.052402945352329595
equity_sentiment_tilt,2022-10-03,COP,0.020695870940181386
equity_sentiment_tilt,2022-11-01,COP,0.04044405352208324
equity_sentiment_tilt,2022-12-01,COP,0.09280347418031515
equity_sentiment_tilt,2023-01-03,COP,0.1273195864503536
equity_sentiment_tilt,2023-02-01,COP,0.12378769016571625
equity_sentiment_tilt,2023-03-01,COP,0.07184398475879859
equity_sentiment_tilt,2023-04-03,COP,0.04282690421373806
equity_sentiment_tilt,2023-05-01,COP,0.05022036005630391
equity_sentiment_tilt,2023-06-01,COP,0.03713308510457674
equity_sentiment_tilt,2023-07-03,COP,0.10115711662828897
equity_sentiment_tilt,2023-08-01,COP,0.1435556381053454
equity_sentiment_tilt,2023-09-01,COP,0.13387541698590946
equity_sentiment_tilt,2023-10-02,COP,0.03061065086314709
equity_sentiment_tilt,2023-11-01,COP,0.0548679577482442
equity_sentiment_tilt,2023-12-01,COP,0.01265008481758943
equity_sentiment_tilt,2022-01-03,CVX,1.0284735251630735e-16
equity_sentiment_tilt,2022-02-01,CVX,0.0
equity_sentiment_tilt,2022-03-01,CVX,0.0
equity_sentiment_tilt,2022-04-01,CVX,0.005812189355078808
equity_sentiment_tilt,2022-05-02,CVX,7.464257945716195e-18
equity_sentiment_tilt,2022-06-01,CVX,2.499426666618611e-17
equity_sentiment_tilt,2022-07-01,CVX,0.0
equity_sentiment_tilt,2022-08-01,CVX,2.931921877197913e-17
equity_sentiment_tilt,2022-09-01,CVX,1.7400226246881127e-17
equity_sentiment_tilt,2022-10-03,CVX,0.015572775843981186
equity_sentiment_tilt,2022-11-01,CVX,0.05731978274257476
equity_sentiment_tilt,2022-12-01,CVX,0.011140426896831257
equity_sentiment_tilt,2023-01-03,CVX,0.1102109782717242
equity_sentiment_tilt,2023-02-01,CVX,0.06265487448563499
equity_sentiment_tilt,2023-03-01,CVX,0.03940863463170795
equity_sentiment_tilt,2023-04-03,CVX,0.008966925842389057
equity_sentiment_tilt,2023-05-01,CVX,0.04269624757335826
equity_sentiment_tilt,2023-06-01,CVX,0.05149147823570112
equity_sentiment_tilt,2023-07-03,CVX,0.04328217136260931
equity_sentiment_tilt,2023-08-01,CVX,0.02310699250726717
equity_sentiment_tilt,2023-09-01,CVX,0.026056875553230933
equity_sentiment_tilt,2023-10-02,CVX,0.08577578197372294
equity_sentiment_tilt,2023-11-01,CVX,0.0
equity_sentiment_tilt,2023-12-01,CVX,0.0
equity_sentiment_tilt,2022-01-03,D,0.0
equity_sentiment_tilt,2022-02-01,D,0.0
equity_sentiment_tilt,2022-03-01,D,0.0
equity_sentiment_tilt,2022-04-01,D,4.078521079412479e-17
equity_sentiment_tilt,2022-05-02,D,3.029761034752162e-18
equity_sentiment_tilt,2022-06-01,D,1.6361056257776347e-17
equity_sentiment_tilt,2022-07-01,D,5.111481080273521e-17
equity_sentiment_tilt,2022-08-01,D,0.0
equity_sentiment_tilt,2022-09-01,D,2.5876358240358224e-17
equity_sentiment_tilt,2022-10-03,D,0.0
equity_sentiment_tilt,2022-11-01,D,0.0
equity_sentiment_tilt,2022-12-01,D,0.0
equity_sentiment_tilt,2023-01-03,D,2.6927913297249893e-17
equity_sentiment_tilt,2023-02-01,D,0.0
equity_sentiment_tilt,2023-03-01,D,0.0
equity_sentiment_tilt,2023-04-03,D,0.0
equity_sentiment_tilt,2023-05-01,D,2.4531117302658196e-17
equity_sentiment_tilt,2023-06-01,D,0.0
equity_sentiment_tilt,2023-07-03,D,0.0
equity_sentiment_tilt,2023-08-01,D,0.0
equity_sentiment_tilt,2023-09-01,D,0.0
equity_sentiment_tilt,2023-10-02,D,0.0
equity_sentiment_tilt,2023-11-01,D,0.0
equity_sentiment_tilt,2023-12-01,D,1.727427918267121e-17
equity_sentiment_tilt,2022-01-03,DD,3.7558458925440916e-17
equity_sentiment_tilt,2022-02-01,DD,0.0
equity_sentiment_tilt,2022-03-01,DD,0.004694104497211198
equity_sentiment_tilt,2022-04-01,DD,0.0
equity_sentiment_tilt,2022-05-02,DD,0.0
equity_sentiment_tilt,2022-06-01,DD,0.0
equity_sentiment_tilt,2022-07-01,DD,0.0
equity_sentiment_tilt,2022-08-01,DD,6.477610853131742e-18
equity_sentiment_tilt,2022-09-01,DD,8.495116386064117e-19
equity_sentiment_tilt,2022-10-03,DD,0.0
equity_sentiment_tilt,2022-11-01,DD,0.0
equity_sentiment_tilt,2022-12-01,DD,3.946843072880808e-17
equity_sentiment_tilt,2023-01-03,DD,0.0
equity_sentiment_tilt,2023-02-01,DD,0.0
equity_sentiment_tilt,2023-03-01,DD,1.2473738448132505e-16
equity_sentiment_tilt,2023-04-03,DD,9.749305024477199e-19
equity_sentiment_tilt,2023-05-01,DD,0.0
equity_sentiment_tilt,2023-06-01,DD,0.0
equity_sentiment_tilt,2023-07-03,DD,1.0874507985006504e-16
equity_sentiment_tilt,2023-08-01,DD,8.929553055505932e-18
equity_sentiment_tilt,2023-09-01,DD,5.773324015311234e-17
equity_sentiment_tilt,2023-10-02,DD,0.0
equity_sentiment_tilt,2023-11-01,DD,9.101696559455691e-17
equity_sentiment_tilt,2023-12-01,DD,0.0
equity_sentiment_tilt,2022-01-03,DIS,1.5448869903313017e-17
equity_sentiment_tilt,2022-02-01,DIS,1.122215321817702e-17
equity_sentiment_tilt,2022-03-01,DIS,0.0
equity_sentiment_tilt,2022-04-01,DIS,9.666523018994259e-18
equity_sentiment_tilt,2022-05-02,DIS,0.0
equity_sentiment_tilt,2022-06-01,DIS,0.0
equity_sentiment_tilt,2022-07-01,DIS,0.0
equity_sentiment_tilt,2022-08-01,DIS,0.0
equity_sentiment_tilt,2022-09-01,DIS,1.5751537673773945e-17
equity_sentiment_tilt,2022-10-03,DIS,0.0
equity_sentiment_tilt,2022-11-01,DIS,0.0
equity_sentiment_tilt,2022-12-01,DIS,4.83403460085099e-17
equity_sentiment_tilt,2023-01-03,DIS,0.0
equity_sentiment_tilt,2023-02-01,DIS,0.0
equity_sentiment_tilt,2023-03-01,DIS,1.7244705471566826e-17
equity_sentiment_tilt,2023-04-03,DIS,0.0
equity_sentiment_tilt,2023-05-01,DIS,0.0
equity_sentiment_tilt,2023-06-01,DIS,0.0
equity_sentiment_tilt,2023-07-03,DIS,0.0
equity_sentiment_tilt,2023-08-01,DIS,2.319701497253749e-17
equity_sentiment_tilt,2023-09-01,DIS,1.7247917678109917e-16
equity_sentiment_tilt,2023-10-02,DIS,1.5942644182149835e-17
equity_sentiment_tilt,2023-11-01,DIS,0.0
equity_sentiment_tilt,2023-12-01,DIS,2.461611267914699e-17
equity_sentiment_tilt,2022-01-03,DOW,4.5868500698977717e-17
equity_sentiment_tilt,2022-02-01,DOW,0.0
equity_sentiment_tilt,2022-03-01,DOW,0.0
equity_sentiment_tilt,2022-04-01,DOW,8.604509479328156e-17
equity_sentiment_tilt,2022-05-02,DOW,4.4913115156694306e-17
equity_sentiment_tilt,2022-06-01,DOW,3.414057997435112e-18
equity_sentiment_tilt,2022-07-01,DOW,3.1100911769283703e-18
equity_sentiment_tilt,2022-08-01,DOW,0.0
equity_sentiment_tilt,2022-09-01,DOW,1.8789070817848142e-17
equity_sentiment_tilt,2022-10-03,DOW,0.0
equity_sentiment_tilt,2022-11-01,DOW,3.799134191550238e-17
equity_sentiment_tilt,2022-12-01,DOW,0.0
equity_sentiment_tilt,2023-01-03,DOW,1.28530706141056e-17
equity_sentiment_tilt,2023-02-01,DOW,9.813584140821438e-20
equity_sentiment_tilt,2023-03-01,DOW,1.1103743070222632e-17
equity_sentiment_tilt,2023-04-03,DOW,0.0
equity_sentiment_tilt,2023-05-01,DOW,0.0
equity_sentiment_tilt,2023-06-01,DOW,8.605157849746905e-18
equity_sentiment_tilt,2023-07-03,DOW,4.052018533826352e-17
equity_sentiment_tilt,2023-08-01,DOW,0.0
equity_sentiment_tilt,2023-09-01,DOW,0.0
equity_sentiment_tilt,2023-10-02,DOW,5.5446320118290935e-17
equity_sentiment_tilt,2023-11-01,DOW,0.0
equity_sentiment_tilt,2023-12-01,DOW,1.1634101370650623e-19
equity_sentiment_tilt,2022-01-03,DUK,0.0
equity_sentiment_tilt,2022-02-01,DUK,0.0
equity_sentiment_tilt,2022-03-01,DUK,1.510206176982237e-17
equity_sentiment_tilt,2022-04-01,DUK,0.05856643739324094
equity_sentiment_tilt,2022-05-02,DUK,0.15539455236593652
equity_sentiment_tilt,2022-06-01,DUK,0.09368322808580824
equity_sentiment_tilt,2022-07-01,DUK,0.13906181609822954
equity_sentiment_tilt,2022-08-01,DUK,0.12865958214686982
equity_sentiment_tilt,2022-09-01,DUK,0.1846640809477968
equity_sentiment_tilt,2022-10-03,DUK,0.004655692382989866
equity_sentiment_tilt,2022-11-01,DUK,0.0
equity_sentiment_tilt,2022-12-01,DUK,3.1363375082433865e-17
equity_sentiment_tilt,2023-01-03,DUK,0.022569256222428277
equity_sentiment_tilt,2023-02-01,DUK,0.0
equity_sentiment_tilt,2023-03-01,DUK,0.03164284606825047
equity_sentiment_tilt,2023-04-03,DUK,1.5290326738388816e-16
equity_sentiment_tilt,2023-05-01,DUK,0.0
equity_sentiment_tilt,2023-06-01,DUK,0.0
equity_sentiment_tilt,2023-07-03,DUK,0.0
equity_sentiment_tilt,2023-08-01,DUK,1.0193432554314698e-17
equity_sentiment_tilt,2023-09-01,DUK,0.0
equity_sentiment_tilt,2023-10-02,DUK,0.0
equity_sentiment_tilt,2023-11-01,DUK,3.666655294688551e-18
equity_sentiment_tilt,2023-12-01,DUK,0.0
equity_sentiment_tilt,2022-01-03,EA,7.854554241054955e-17
equity_sentiment_tilt,2022-02-01,EA,0.0
equity_sentiment_tilt,2022-03-01,EA,1.0525121985006503e-16
equity_sentiment_tilt,2022-04-01,EA,0.003679344786680669
equity_sentiment_tilt,2022-05-02,EA,0.0
equity_sentiment_tilt,2022-06-01,EA,0.00581244076613124
equity_sentiment_tilt,2022-07-01,EA,2.7167851226591864e-18
equity_sentiment_tilt,2022-08-01,EA,0.0
equity_sentiment_tilt,2022-09-01,EA,0.0
equity_sentiment_tilt,2022-10-03,EA,6.5017636496936295e-18
equity_sentiment_tilt,2022-11-01,EA,2.3067205205720023e-18
equity_sentiment_tilt,2022-12-01,EA,0.0
equity_sentiment_tilt,2023-01-03,EA,0.0
equity_sentiment_tilt,2023-02-01,EA,0.0
equity_sentiment_tilt,2023-03-01,EA,0.0
equity_sentiment_tilt,2023-04-03,EA,0.0
equity_sentiment_tilt,2023-05-01,EA,5.881092661929082e-17
equity_sentiment_tilt,2023-06-01,EA,0.0
equity_sentiment_tilt,2023-07-03,EA,1.0595462382164124e-16
equity_sentiment_tilt,2023-08-01,EA,3.7360359912297065e-17
equity_sentiment_tilt,2023-09-01,EA,1.6784614606292362e-17
equity_sentiment_tilt,2023-10-02,EA,0.0
equity_sentiment_tilt,2023-11-01,EA,0.0
equity_sentiment_tilt,2023-12-01,EA,0.0
equity_sentiment_tilt,2022-01-03,GE,4.1801881614088954e-17
equity_sentiment_tilt,2022-02-01,GE,9.94630845006529e-18
equity_sentiment_tilt,2022-03-01,GE,1.2590789286330921e-17
equity_sentiment_tilt,2022-04-01,GE,6.4386667675318735e-18
equity_sentiment_tilt,2022-05-02,GE,0.0
equity_sentiment_tilt,2022-06-01,GE,0.0
equity_sentiment_tilt,2022-07-01,GE,0.0
equity_sentiment_tilt,2022-08-01,GE,1.55846475317955e-17
equity_sentiment_tilt,2022-09-01,GE,0.0
equity_sentiment_tilt,2022-10-03,GE,0.0
equity_sentiment_tilt,2022-11-01,GE,0.0
equity_sentiment_tilt,2022-12-01,GE,0.0
equity_sentiment_tilt,2023-01-03,GE,0.0
equity_sentiment_tilt,2023-02-01,GE,0.0
equity_sentiment_tilt,2023-03-01,GE,3.0475637530179785e-17
equity_sentiment_tilt,2023-04-03,GE,0.0
equity_sentiment_tilt,2023-05-01,GE,0.0
equity_sentiment_tilt,2023-06-01,GE,4.228982020216046e-17
equity_sentiment_tilt,2023-07-03,GE,3.8818939761367155e-17
equity_sentiment_tilt,2023-08-01,GE,0.0
equity_sentiment_tilt,2023-09-01,GE,0.0
equity_sentiment_tilt,2023-10-02,GE,0.0
equity_sentiment_tilt,2023-11-01,GE,0.0
equity_sentiment_tilt,2023-12-01,GE,0.08236327640505045
equity_sentiment_tilt,2022-01-03,GILD,0.036524900474315884
equity_sentiment_tilt,2022-02-01,GILD,0.009820989804089901
equity_sentiment_tilt,2022-03-01,GILD,1.943761752735703e-17
equity_sentiment_tilt,2022-04-01,GILD,1.9689706778863573e-17
equity_sentiment_tilt,2022-05-02,GILD,0.0
equity_sentiment_tilt,2022-06-01,GILD,0.0
equity_sentiment_tilt,2022-07-01,GILD,7.336018475694844e-17
equity_sentiment_tilt,2022-08-01,GILD,5.043854819727488e-18
equity_sentiment_tilt,2022-09-01,GILD,0.0
equity_sentiment_tilt,2022-10-03,GILD,0.0
equity_sentiment_tilt,2022-11-01,GILD,0.10654614646274047
equity_sentiment_tilt,2022-12-01,GILD,0.12127694022382345
equity_sentiment_tilt,2023-01-03,GILD,0.10332905361369897
equity_sentiment_tilt,2023-02-01,GILD,0.09594684335717488
equity_sentiment_tilt,2023-03-01,GILD,0.06110323794392121
equity_sentiment_tilt,2023-04-03,GILD,0.03846040522691012
equity_sentiment_tilt,2023-05-01,GILD,0.06862142791950865
equity_sentiment_tilt,2023-06-01,GILD,0.21447979637853085
equity_sentiment_tilt,2023-07-03,GILD,0.13473452189486174
equity_sentiment_tilt,2023-08-01,GILD,0.05700017883706773
equity_sentiment_tilt,2023-09-01,GILD,0.08475116568331867
equity_sentiment_tilt,2023-10-02,GILD,0.06910935038422565
equity_sentiment_tilt,2023-11-01,GILD,0.033838457388014886
equity_sentiment_tilt,2023-12-01,GILD,0.010017372883093702
equity_sentiment_tilt,2022-01-03,GS,0.0
equity_sentiment_tilt,2022-02-01,GS,0.0
equity_sentiment_tilt,2022-03-01,GS,0.0
equity_sentiment_tilt,2022-04-01,GS,2.282522268047603e-18
equity_sentiment_tilt,2022-05-02,GS,0.0
equity_sentiment_tilt,2022-06-01,GS,0.0
equity_sentiment_tilt,2022-07-01,GS,0.0
equity_sentiment_tilt,2022-08-01,GS,0.0031658410377388238
equity_sentiment_tilt,2022-09-01,GS,0.029811963368680347
equity_sentiment_tilt,2022-10-03,GS,1.7317968623366916e-17
equity_sentiment_tilt,2022-11-01,GS,0.004601562256851134
equity_sentiment_tilt,2022-12-01,GS,0.016658886931059064
equity_sentiment_tilt,2023-01-03,GS,2.3777687462165974e-17
equity_sentiment_tilt,2023-02-01,GS,1.474753893704547e-17
equity_sentiment_tilt,2023-03-01,GS,0.0
equity_sentiment_tilt,2023-04-03,GS,0.0
equity_sentiment_tilt,2023-05-01,GS,0.0
equity_sentiment_tilt,2023-06-01,GS,6.614509753041493e-17
equity_sentiment_tilt,2023-07-03,GS,0.0
equity_sentiment_tilt,2023-08-01,GS,1.6777588166207028e-18
equity_sentiment_tilt,2023-09-01,GS,0.0
equity_sentiment_tilt,2023-10-02,GS,9.591532930960241e-18
equity_sentiment_tilt,2023-11-01,GS,0.0
equity_sentiment_tilt,2023-12-01,GS,0.0
equity_sentiment_tilt,2022-01-03,INTC,4.9474918496422894e-17
equity_sentiment_tilt,2022-02-01,INTC,0.0
equity_sentiment_tilt,2022-03-01,INTC,2.386040166741068e-17
equity_sentiment_tilt,2022-04-01,INTC,6.842317961372639e-18
equity_sentiment_tilt,2022-05-02,INTC,1.4373855655874003e-18
equity_sentiment_tilt,2022-06-01,INTC,1.711256169249032e-17
equity_sentiment_tilt,2022-07-01,INTC,1.8358004366114363e-17
equity_sentiment_tilt,2022-08-01,INTC,1.7358494204843957e-17
equity_sentiment_tilt,2022-09-01,INTC,3.7603224879346315e-17
equity_sentiment_tilt,2022-10-03,INTC,1.0316881941771935e-18
equity_sentiment_tilt,2022-11-01,INTC,1.2178381458951956e-18
equity_sentiment_tilt,2022-12-01,INTC,2.0904536395102373e-17
equity_sentiment_tilt,2023-01-03,INTC,3.9801029650387965e-18
equity_sentiment_tilt,2023-02-01,INTC,1.695323631350095e-17
equity_sentiment_tilt,2023-03-01,INTC,0.0
equity_sentiment_tilt,2023-04-03,INTC,8.554229125417829e-17
equity_sentiment_tilt,2023-05-01,INTC,0.0
equity_sentiment_tilt,2023-06-01,INTC,0.0
equity_sentiment_tilt,2023-07-03,INTC,0.0
equity_sentiment_tilt,2023-08-01,INTC,0.0
equity_sentiment_tilt,2023-09-01,INTC,2.942937727321466e-17
equity_sentiment_tilt,2023-10-02,INTC,1.398747316414652e-17
equity_sentiment_tilt,2023-11-01,INTC,0.0
equity_sentiment_tilt,2023-12-01,INTC,1.2856138463956628e-16
equity_sentiment_tilt,2022-01-03,KO,0.0
equity_sentiment_tilt,2022-02-01,KO,0.0
equity_sentiment_tilt,2022-03-01,KO,3.6696598986987694e-17
equity_sentiment_tilt,2022-04-01,KO,3.3550480867729642e-18
equity_sentiment_tilt,2022-05-02,KO,0.014631470571962535
equity_sentiment_tilt,2022-06-01,KO,0.0
equity_sentiment_tilt,2022-07-01,KO,0.09171431834743987
equity_sentiment_tilt,2022-08-01,KO,0.041547512613044006
equity_sentiment_tilt,2022-09-01,KO,0.04025357193245211
equity_sentiment_tilt,2022-10-03,KO,0.007987236809416966
equity_sentiment_tilt,2022-11-01,KO,0.022320620810651462
equity_sentiment_tilt,2022-12-01,KO,0.03589416779094834
equity_sentiment_tilt,2023-01-03,KO,0.0323993263537347
equity_sentiment_tilt,2023-02-01,KO,0.10975213468091165
equity_sentiment_tilt,2023-03-01,KO,0.14205409731876956
equity_sentiment_tilt,2023-04-03,KO,0.11151826883395344
equity_sentiment_tilt,2023-05-01,KO,0.12285130609659574
equity_sentiment_tilt,2023-06-01,KO,0.11486752083818301
equity_sentiment_tilt,2023-07-03,KO,0.03404248501501205
equity_sentiment_tilt,2023-08-01,KO,0.010997274188237751
equity_sentiment_tilt,2023-09-01,KO,0.03357647361542028
equity_sentiment_tilt,2023-10-02,KO,0.012865399455209465
equity_sentiment_tilt,2023-11-01,KO,0.0
equity_sentiment_tilt,2023-12-01,KO,0.0
equity_sentiment_tilt,2022-01-03,MMM,2.8537220887567566e-18
equity_sentiment_tilt,2022-02-01,MMM,3.8448064175483763e-17
equity_sentiment_tilt,2022-03-01,MMM,2.7604235179383494e-17
equity_sentiment_tilt,2022-04-01,MMM,5.506169502762528e-17
equity_sentiment_tilt,2022-05-02,MMM,0.0
equity_sentiment_tilt,2022-06-01,MMM,3.5056445380189334e-17
equity_sentiment_tilt,2022-07-01,MMM,1.1834118122471951e-17
equity_sentiment_tilt,2022-08-01,MMM,4.129586744812017e-18
equity_sentiment_tilt,2022-09-01,MMM,0.0
equity_sentiment_tilt,2022-10-03,MMM,1.0954828721509688e-17
equity_sentiment_tilt,2022-11-01,MMM,0.0
equity_sentiment_tilt,2022-12-01,MMM,0.0
equity_sentiment_tilt,2023-01-03,MMM,0.0
equity_sentiment_tilt,2023-02-01,MMM,2.3645464274500538e-18
equity_sentiment_tilt,2023-03-01,MMM,5.2913863946439327e-17
equity_sentiment_tilt,2023-04-03,MMM,0.0
equity_sentiment_tilt,2023-05-01,MMM,0.0
equity_sentiment_tilt,2023-06-01,MMM,0.0
equity_sentiment_tilt,2023-07-03,MMM,4.0298968921459464e-17
equity_sentiment_tilt,2023-08-01,MMM,0.0
equity_sentiment_tilt,2023-09-01,MMM,7.242500547424514e-18
equity_sentiment_tilt,2023-10-02,MMM,1.503080442462121e-17
equity_sentiment_tilt,2023-11-01,MMM,0.0
equity_sentiment_tilt,2023-12-01,MMM,1.4583439129086283e-17
equity_sentiment_tilt,2022-01-03,MRK,7.855029229105717e-17
equity_sentiment_tilt,2022-02-01,MRK,9.963060517330361e-18
equity_sentiment_tilt,2022-03-01,MRK,0.0
equity_sentiment_tilt,2022-04-01,MRK,5.555103621453408e-17
equity_sentiment_tilt,2022-05-02,MRK,0.008750755296757298
equity_sentiment_tilt,2022-06-01,MRK,0.03499089719992206
equity_sentiment_tilt,2022-07-01,MRK,0.022035566810987086
equity_sentiment_tilt,2022-08-01,MRK,0.06365782016441375
equity_sentiment_tilt,2022-09-01,MRK,0.0
equity_sentiment_tilt,2022-10-03,MRK,0.08651930692098321
equity_sentiment_tilt,2022-11-01,MRK,0.09389390555513813
equity_sentiment_tilt,2022-12-01,MRK,0.0738051720634123
equity_sentiment_tilt,2023-01-03,MRK,0.05250566786707098
equity_sentiment_tilt,2023-02-01,MRK,0.03575082996086
equity_sentiment_tilt,2023-03-01,MRK,0.057738439832912734
equity_sentiment_tilt,2023-04-03,MRK,0.06342367035749184
equity_sentiment_tilt,2023-05-01,MRK,0.10499878196267314
equity_sentiment_tilt,2023-06-01,MRK,0.04970059490950576
equity_sentiment_tilt,2023-07-03,MRK,0.04869434561624927
equity_sentiment_tilt,2023-08-01,MRK,0.0
equity_sentiment_tilt,2023-09-01,MRK,0.0
equity_sentiment_tilt,2023-10-02,MRK,0.03558273012880922
equity_sentiment_tilt,2023-11-01,MRK,0.08477136105296296
equity_sentiment_tilt,2023-12-01,MRK,0.05660955083530996
equity_sentiment_tilt,2022-01-03,MS,0.0028967428900757313
equity_sentiment_tilt,2022-02-01,MS,0.06574169093518671
equity_sentiment_tilt,2022-03-01,MS,0.004187935627588945
equity_sentiment_tilt,2022-04-01,MS,0.036420781334599354
equity_sentiment_tilt,2022-05-02,MS,0.0013301144460268718
equity_sentiment_tilt,2022-06-01,MS,0.02170857125526171
equity_sentiment_tilt,2022-07-01,MS,0.0
equity_sentiment_tilt,2022-08-01,MS,0.0
equity_sentiment_tilt,2022-09-01,MS,0.0
equity_sentiment_tilt,2022-10-03,MS,0.041098973712676845
equity_sentiment_tilt,2022-11-01,MS,0.0
equity_sentiment_tilt,2022-12-01,MS,0.0
equity_sentiment_tilt,2023-01-03,MS,1.3345945075992487e-16
equity_sentiment_tilt,2023-02-01,MS,1.4246406889602156e-16
equity_sentiment_tilt,2023-03-01,MS,0.0
equity_sentiment_tilt,2023-04-03,MS,0.0
equity_sentiment_tilt,2023-05-01,MS,0.0
equity_sentiment_tilt,2023-06-01,MS,7.79525710051967e-18
equity_sentiment_tilt,2023-07-03,MS,0.0
equity_sentiment_tilt,2023-08-01,MS,0.0
equity_sentiment_tilt,2023-09-01,MS,1.7120842527173103e-17
equity_sentiment_tilt,2023-10-02,MS,4.466635766894981e-18
equity_sentiment_tilt,2023-11-01,MS,3.122790453130906e-17
equity_sentiment_tilt,2023-12-01,MS,9.7934348939635e-18
equity_sentiment_tilt,2022-01-03,NEE,0.0
equity_sentiment_tilt,2022-02-01,NEE,0.0
equity_sentiment_tilt,2022-03-01,NEE,0.0
equity_sentiment_tilt,2022-04-01,NEE,0.02329224882683512
equity_sentiment_tilt,2022-05-02,NEE,0.0
equity_sentiment_tilt,2022-06-01,NEE,0.0
equity_sentiment_tilt,2022-07-01,NEE,0.03353941957240667
equity_sentiment_tilt,2022-08-01,NEE,2.873697475268165e-17
equity_sentiment_tilt,2022-09-01,NEE,0.0848525123559279
equity_sentiment_tilt,2022-10-03,NEE,0.12173786605677517
equity_sentiment_tilt,2022-11-01,NEE,1.4737212921345196e-16
equity_sentiment_tilt,2022-12-01,NEE,0.03027710757858557
equity_sentiment_tilt,2023-01-03,NEE,0.0
equity_sentiment_tilt,2023-02-01,NEE,0.0
equity_sentiment_tilt,2023-03-01,NEE,1.2361849964246576e-17
equity_sentiment_tilt,2023-04-03,NEE,4.310058888091971e-17
equity_sentiment_tilt,2023-05-01,NEE,0.0
equity_sentiment_tilt,2023-06-01,NEE,0.0
equity_sentiment_tilt,2023-07-03,NEE,0.0
equity_sentiment_tilt,2023-08-01,NEE,1.1207466306620002e-16
equity_sentiment_tilt,2023-09-01,NEE,0.0
equity_sentiment_tilt,2023-10-02,NEE,3.278592506436204e-17
equity_sentiment_tilt,2023-11-01,NEE,4.04542493229937e-17
equity_sentiment_tilt,2023-12-01,NEE,0.0
equity_sentiment_tilt,2022-01-03,NEM,0.0863004151622984
equity_sentiment_tilt,2022-02-01,NEM,0.08186225311478065
equity_sentiment_tilt,2022-03-01,NEM,0.08157804728575367
equity_sentiment_tilt,2022-04-01,NEM,0.04708902475965969
equity_sentiment_tilt,2022-05-02,NEM,0.0148708419407392
equity_sentiment_tilt,2022-06-01,NEM,0.002751159368353741
equity_sentiment_tilt,2022-07-01,NEM,0.0
equity_sentiment_tilt,2022-08-01,NEM,3.3792860936455326e-17
equity_sentiment_tilt,2022-09-01,NEM,0.0
equity_sentiment_tilt,2022-10-03,NEM,0.0
equity_sentiment_tilt,2022-11-01,NEM,0.0
equity_sentiment_tilt,2022-12-01,NEM,4.9285704579413145e-18
equity_sentiment_tilt,2023-01-03,NEM,5.32834527034652e-17
equity_sentiment_tilt,2023-02-01,NEM,0.0
equity_sentiment_tilt,2023-03-01,NEM,3.6388317636426646e-17
equity_sentiment_tilt,2023-04-03,NEM,0.0
equity_sentiment_tilt,2023-05-01,NEM,0.0
equity_sentiment_tilt,2023-06-01,NEM,0.0
equity_sentiment_tilt,2023-07-03,NEM,1.9517437831727344e-17
equity_sentiment_tilt,2023-08-01,NEM,0.0
equity_sentiment_tilt,2023-09-01,NEM,1.696922804774869e-19
equity_sentiment_tilt,2023-10-02,NEM,0.0
equity_sentiment_tilt,2023-11-01,NEM,0.0
equity_sentiment_tilt,2023-12-01,NEM,0.0
equity_sentiment_tilt,2022-01-03,NKE,0.015733811910121742
equity_sentiment_tilt,2022-02-01,NKE,0.0008475562356764173
equity_sentiment_tilt,2022-03-01,NKE,0.0
equity_sentiment_tilt,2022-04-01,NKE,0.0
equity_sentiment_tilt,2022-05-02,NKE,0.0
equity_sentiment_tilt,2022-06-01,NKE,0.0
equity_sentiment_tilt,2022-07-01,NKE,5.024654160884965e-18
equity_sentiment_tilt,2022-08-01,NKE,0.0
equity_sentiment_tilt,2022-09-01,NKE,0.0
equity_sentiment_tilt,2022-10-03,NKE,1.990436329085488e-17
equity_sentiment_tilt,2022-11-01,NKE,0.0
equity_sentiment_tilt,2022-12-01,NKE,1.11957189370666e-17
equity_sentiment_tilt,2023-01-03,NKE,0.0
equity_sentiment_tilt,2023-02-01,NKE,5.2224367375146224e-18
equity_sentiment_tilt,2023-03-01,NKE,2.105083985245704e-17
equity_sentiment_tilt,2023-04-03,NKE,5.229175839761014e-17
equity_sentiment_tilt,2023-05-01,NKE,0.0
equity_sentiment_tilt,2023-06-01,NKE,9.114083589839854e-18
equity_sentiment_tilt,2023-07-03,NKE,0.0
equity_sentiment_tilt,2023-08-01,NKE,3.363951717168632e-17
equity_sentiment_tilt,2023-09-01,NKE,3.784026755179995e-18
equity_sentiment_tilt,2023-10-02,NKE,0.0
equity_sentiment_tilt,2023-11-01,NKE,0.0
equity_sentiment_tilt,2023-12-01,NKE,0.0
equity_sentiment_tilt,2022-01-03,NUE,0.143867890464434
equity_sentiment_tilt,2022-02-01,NUE,0.09749228859278739
equity_sentiment_tilt,2022-03-01,NUE,0.10828384019915299
equity_sentiment_tilt,2022-04-01,NUE,0.08222073209555059
equity_sentiment_tilt,2022-05-02,NUE,0.11256907335853615
equity_sentiment_tilt,2022-06-01,NUE,0.12062622225295386
equity_sentiment_tilt,2022-07-01,NUE,0.16383115571160176
equity_sentiment_tilt,2022-08-01,NUE,0.13180798832609666
equity_sentiment_tilt,2022-09-01,NUE,0.0616378403103641
equity_sentiment_tilt,2022-10-03,NUE,0.02660338939631586
equity_sentiment_tilt,2022-11-01,NUE,0.15475879036281545
equity_sentiment_tilt,2022-12-01,NUE,0.08901118912919609
equity_sentiment_tilt,2023-01-03,NUE,0.12284887735745846
equity_sentiment_tilt,2023-02-01,NUE,0.11336248439099327
equity_sentiment_tilt,2023-03-01,NUE,0.06492717282281217
equity_sentiment_tilt,2023-04-03,NUE,0.1635799423506851
equity_sentiment_tilt,2023-05-01,NUE,0.04173906622243936
equity_sentiment_tilt,2023-06-01,NUE,0.0026770063637048054
equity_sentiment_tilt,2023-07-03,NUE,0.0875436445276174
equity_sentiment_tilt,2023-08-01,NUE,0.059262342834437924
equity_sentiment_tilt,2023-09-01,NUE,0.03233364304787904
equity_sentiment_tilt,2023-10-02,NUE,0.055184163436197496
equity_sentiment_tilt,2023-11-01,NUE,0.015399145994682
equity_sentiment_tilt,2023-12-01,NUE,0.09451134042018146
equity_sentiment_tilt,2022-01-03,NVDA,0.09481997942964224
equity_sentiment_tilt,2022-02-01,NVDA,0.07448311342935156
equity_sentiment_tilt,2022-03-01,NVDA,0.10106966467797286
equity_sentiment_tilt,2022-04-01,NVDA,0.08535824442127508
equity_sentiment_tilt,2022-05-02,NVDA,0.08801270428638587
equity_sentiment_tilt,2022-06-01,NVDA,0.06262141331439441
equity_sentiment_tilt,2022-07-01,NVDA,0.026598441749301312
equity_sentiment_tilt,2022-08-01,NVDA,0.03392484655358954
equity_sentiment_tilt,2022-09-01,NVDA,0.0024172606864650203
equity_sentiment_tilt,2022-10-03,NVDA,5.2857848803081174e-18
equity_sentiment_tilt,2022-11-01,NVDA,1.5020821949802212e-17
equity_sentiment_tilt,2022-12-01,NVDA,0.0
equity_sentiment_tilt,2023-01-03,NVDA,0.0
equity_sentiment_tilt,2023-02-01,NVDA,0.0058071068494468
equity_sentiment_tilt,2023-03-01,NVDA,0.05128716642683812
equity_sentiment_tilt,2023-04-03,NVDA,0.09221706200596189
equity_sentiment_tilt,2023-05-01,NVDA,0.06354289370172417
equity_sentiment_tilt,2023-06-01,NVDA,0.08660224923828058
equity_sentiment_tilt,2023-07-03,NVDA,0.0819449270788219
equity_sentiment_tilt,2023-08-01,NVDA,0.1223972797360374
equity_sentiment_tilt,2023-09-01,NVDA,0.11241965959822323
equity_sentiment_tilt,2023-10-02,NVDA,0.11335075542970809
equity_sentiment_tilt,2023-11-01,NVDA,0.12097043774078889
equity_sentiment_tilt,2023-12-01,NVDA,0.05540201225043681
equity_sentiment_tilt,2022-01-03,O,3.9047322741076406e-17
equity_sentiment_tilt,2022-02-01,O,0.0
equity_sentiment_tilt,2022-03-01,O,1.2075341075024686e-17
equity_sentiment_tilt,2022-04-01,O,3.8860895746113706e-18
equity_sentiment_tilt,2022-05-02,O,8.377660700999039e-18
equity_sentiment_tilt,2022-06-01,O,0.0
equity_sentiment_tilt,2022-07-01,O,0.0
equity_sentiment_tilt,2022-08-01,O,0.0
equity_sentiment_tilt,2022-09-01,O,5.574721624852513e-18
equity_sentiment_tilt,2022-10-03,O,4.3011186466237144e-17
equity_sentiment_tilt,2022-11-01,O,0.0
equity_sentiment_tilt,2022-12-01,O,6.449584525645014e-18
equity_sentiment_tilt,2023-01-03,O,2.0594742360054817e-17
equity_sentiment_tilt,2023-02-01,O,0.02750900213685319
equity_sentiment_tilt,2023-03-01,O,7.894575095025202e-17
equity_sentiment_tilt,2023-04-03,O,0.0
equity_sentiment_tilt,2023-05-01,O,0.0
equity_sentiment_tilt,2023-06-01,O,1.485399654636629e-16
equity_sentiment_tilt,2023-07-03,O,1.4338550666131474e-17
equity_sentiment_tilt,2023-08-01,O,0.0
equity_sentiment_tilt,2023-09-01,O,0.0
equity_sentiment_tilt,2023-10-02,O,1.822916098345706e-17
equity_sentiment_tilt,2023-11-01,O,0.0
equity_sentiment_tilt,2023-12-01,O,0.0
equity_sentiment_tilt,2022-01-03,OXY,3.89199609157198e-17
equity_sentiment_tilt,2022-02-01,OXY,0.0
equity_sentiment_tilt,2022-03-01,OXY,8.613562274467405e-17
equity_sentiment_tilt,2022-04-01,OXY,0.030010899387603505
equity_sentiment_tilt,2022-05-02,OXY,0.07096781556335993
equity_sentiment_tilt,2022-06-01,OXY,0.15391398518060173
equity_sentiment_tilt,2022-07-01,OXY,0.050055557979671365
equity_sentiment_tilt,2022-08-01,OXY,0.09502911779871509
equity_sentiment_tilt,2022-09-01,OXY,0.12177318024630648
equity_sentiment_tilt,2022-10-03,OXY,0.12112820051816571
equity_sentiment_tilt,2022-11-01,OXY,0.03300976162597329
equity_sentiment_tilt,2022-12-01,OXY,0.07300996139917065
equity_sentiment_tilt,2023-01-03,OXY,0.05643039340081846
equity_sentiment_tilt,2023-02-01,OXY,0.041874855136633624
equity_sentiment_tilt,2023-03-01,OXY,0.024263063805282186
equity_sentiment_tilt,2023-04-03,OXY,0.05883499419634342
equity_sentiment_tilt,2023-05-01,OXY,0.11615008509436832
equity_sentiment_tilt,2023-06-01,OXY,0.08429865388206406
equity_sentiment_tilt,2023-07-03,OXY,0.03851475374422521
equity_sentiment_tilt,2023-08-01,OXY,0.15254737046987246
equity_sentiment_tilt,2023-09-01,OXY,0.14037592528584505
equity_sentiment_tilt,2023-10-02,OXY,0.08241599689004683
equity_sentiment_tilt,2023-11-01,OXY,0.12272195484612528
equity_sentiment_tilt,2023-12-01,OXY,0.09273754654516375
equity_sentiment_tilt,2022-01-03,PLD,0.026733762942111893
equity_sentiment_tilt,2022-02-01,PLD,0.01292130008053745
equity_sentiment_tilt,2022-03-01,PLD,5.2974710463623437e-17
equity_sentiment_tilt,2022-04-01,PLD,0.12629936284898435
equity_sentiment_tilt,2022-05-02,PLD,0.12133121705724383
equity_sentiment_tilt,2022-06-01,PLD,0.0
equity_sentiment_tilt,2022-07-01,PLD,1.0025139626460248e-17
equity_sentiment_tilt,2022-08-01,PLD,0.0
equity_sentiment_tilt,2022-09-01,PLD,3.194460052429617e-17
equity_sentiment_tilt,2022-10-03,PLD,5.145362949126651e-18
equity_sentiment_tilt,2022-11-01,PLD,0.0
equity_sentiment_tilt,2022-12-01,PLD,1.1687311489199372e-17
equity_sentiment_tilt,2023-01-03,PLD,0.0
equity_sentiment_tilt,2023-02-01,PLD,7.945036059488916e-18
equity_sentiment_tilt,2023-03-01,PLD,0.0
equity_sentiment_tilt,2023-04-03,PLD,3.032047503945971e-18
equity_sentiment_tilt,2023-05-01,PLD,1.998148781314934e-18
equity_sentiment_tilt,2023-06-01,PLD,0.0
equity_sentiment_tilt,2023-07-03,PLD,0.0
equity_sentiment_tilt,2023-08-01,PLD,3.509172508512882e-17
equity_sentiment_tilt,2023-09-01,PLD,0.0
equity_sentiment_tilt,2023-10-02,PLD,0.0
equity_sentiment_tilt,2023-11-01,PLD,3.3389995762957887e-17
equity_sentiment_tilt,2023-12-01,PLD,1.868660550349877e-18
equity_sentiment_tilt,2022-01-03,PSA,0.115327653178077
equity_sentiment_tilt,2022-02-01,PSA,0.17323546277213014
equity_sentiment_tilt,2022-03-01,PSA,0.16967688385253143
equity_sentiment_tilt,2022-04-01,PSA,0.12250867384626611
equity_sentiment_tilt,2022-05-02,PSA,0.02916525295139184
equity_sentiment_tilt,2022-06-01,PSA,0.1318677436288151
equity_sentiment_tilt,2022-07-01,PSA,0.029963280726581137
equity_sentiment_tilt,2022-08-01,PSA,0.062032105476122486
equity_sentiment_tilt,2022-09-01,PSA,0.06553221227726695
equity_sentiment_tilt,2022-10-03,PSA,0.1521501303641309
equity_sentiment_tilt,2022-11-01,PSA,0.0899846890771189
equity_sentiment_tilt,2022-12-01,PSA,0.17688029241753578
equity_sentiment_tilt,2023-01-03,PSA,0.1183857416458409
equity_sentiment_tilt,2023-02-01,PSA,0.1618250628017437
equity_sentiment_tilt,2023-03-01,PSA,0.09514597170418762
equity_sentiment_tilt,2023-04-03,PSA,0.11850263840148924
equity_sentiment_tilt,2023-05-01,PSA,0.0
equity_sentiment_tilt,2023-06-01,PSA,3.544192802568364e-17
equity_sentiment_tilt,2023-07-03,PSA,0.0
equity_sentiment_tilt,2023-08-01,PSA,2.248430375484244e-17
equity_sentiment_tilt,2023-09-01,PSA,2.834154269756707e-17
equity_sentiment_tilt,2023-10-02,PSA,0.0
equity_sentiment_tilt,2023-11-01,PSA,0.0
equity_sentiment_tilt,2023-12-01,PSA,0.0
equity_sentiment_tilt,2022-01-03,QCOM,0.031841333092008275
equity_sentiment_tilt,2022-02-01,QCOM,0.08692596710317285
equity_sentiment_tilt,2022-03-01,QCOM,0.07150573299960442
equity_sentiment_tilt,2022-04-01,QCOM,0.0
equity_sentiment_tilt,2022-05-02,QCOM,0.0
equity_sentiment_tilt,2022-06-01,QCOM,1.6987418863877587e-17
equity_sentiment_tilt,2022-07-01,QCOM,1.1027871439556342e-16
equity_sentiment_tilt,2022-08-01,QCOM,0.016527119956074646
equity_sentiment_tilt,2022-09-01,QCOM,0.0
equity_sentiment_tilt,2022-10-03,QCOM,2.460830723306398e-17
equity_sentiment_tilt,2022-11-01,QCOM,0.0
equity_sentiment_tilt,2022-12-01,QCOM,0.0
equity_sentiment_tilt,2023-01-03,QCOM,8.046493557912559e-19
equity_sentiment_tilt,2023-02-01,QCOM,0.0
equity_sentiment_tilt,2023-03-01,QCOM,0.0
equity_sentiment_tilt,2023-04-03,QCOM,0.0
equity_sentiment_tilt,2023-05-01,QCOM,0.0
equity_sentiment_tilt,2023-06-01,QCOM,0.0
equity_sentiment_tilt,2023-07-03,QCOM,4.96113410397469e-17
equity_sentiment_tilt,2023-08-01,QCOM,1.7897490165460543e-17
equity_sentiment_tilt,2023-09-01,QCOM,0.0
equity_sentiment_tilt,2023-10-02,QCOM,0.0
equity_sentiment_tilt,2023-11-01,QCOM,0.0
equity_sentiment_tilt,2023-12-01,QCOM,0.0
equity_sentiment_tilt,2022-01-03,SBUX,0.0
equity_sentiment_tilt,2022-02-01,SBUX,5.376699999025574e-18
equity_sentiment_tilt,2022-03-01,SBUX,1.4954686296229393e-17
equity_sentiment_tilt,2022-04-01,SBUX,1.0295104668973177e-17
equity_sentiment_tilt,2022-05-02,SBUX,0.0
equity_sentiment_tilt,2022-06-01,SBUX,0.0
equity_sentiment_tilt,2022-07-01,SBUX,0.0
equity_sentiment_tilt,2022-08-01,SBUX,2.7355728428101226e-17
equity_sentiment_tilt,2022-09-01,SBUX,0.0
equity_sentiment_tilt,2022-10-03,SBUX,1.0279539934411912e-17
equity_sentiment_tilt,2022-11-01,SBUX,0.0
equity_sentiment_tilt,2022-12-01,SBUX,0.0
equity_sentiment_tilt,2023-01-03,SBUX,0.0
equity_sentiment_tilt,2023-02-01,SBUX,0.0
equity_sentiment_tilt,2023-03-01,SBUX,4.414102599454896e-18
equity_sentiment_tilt,2023-04-03,SBUX,0.0
equity_sentiment_tilt,2023-05-01,SBUX,0.0
equity_sentiment_tilt,2023-06-01,SBUX,0.0
equity_sentiment_tilt,2023-07-03,SBUX,0.0
equity_sentiment_tilt,2023-08-01,SBUX,0.0
equity_sentiment_tilt,2023-09-01,SBUX,0.0
equity_sentiment_tilt,2023-10-02,SBUX,0.0
equity_sentiment_tilt,2023-11-01,SBUX,0.0
equity_sentiment_tilt,2023-12-01,SBUX,0.0
equity_sentiment_tilt,2022-01-03,SHW,0.06628132893310293
equity_sentiment_tilt,2022-02-01,SHW,0.0
equity_sentiment_tilt,2022-03-01,SHW,2.919290176538979e-17
equity_sentiment_tilt,2022-04-01,SHW,2.556493248411299e-17
equity_sentiment_tilt,2022-05-02,SHW,0.027012484640019475
equity_sentiment_tilt,2022-06-01,SHW,0.019580647454147265
equity_sentiment_tilt,2022-07-01,SHW,2.134799403180049e-18
equity_sentiment_tilt,2022-08-01,SHW,0.0
equity_sentiment_tilt,2022-09-01,SHW,0.0
equity_sentiment_tilt,2022-10-03,SHW,1.3348734835647222e-17
equity_sentiment_tilt,2022-11-01,SHW,2.261119405600381e-18
equity_sentiment_tilt,2022-12-01,SHW,0.0
equity_sentiment_tilt,2023-01-03,SHW,1.5908325934598075e-18
equity_sentiment_tilt,2023-02-01,SHW,0.0
equity_sentiment_tilt,2023-03-01,SHW,0.0
equity_sentiment_tilt,2023-04-03,SHW,1.3517831018967607e-17
equity_sentiment_tilt,2023-05-01,SHW,0.0
equity_sentiment_tilt,2023-06-01,SHW,1.0081771824931566e-16
equity_sentiment_tilt,2023-07-03,SHW,0.0
equity_sentiment_tilt,2023-08-01,SHW,1.8617401309990275e-17
equity_sentiment_tilt,2023-09-01,SHW,0.0
equity_sentiment_tilt,2023-10-02,SHW,0.0
equity_sentiment_tilt,2023-11-01,SHW,0.0
equity_sentiment_tilt,2023-12-01,SHW,0.0
equity_sentiment_tilt,2022-01-03,SLB,1.439249643860188e-17
equity_sentiment_tilt,2022-02-01,SLB,0.0
equity_sentiment_tilt,2022-03-01,SLB,1.0340468343079555e-17
equity_sentiment_tilt,2022-04-01,SLB,0.0019070153141773375
equity_sentiment_tilt,2022-05-02,SLB,0.004118609643289291
equity_sentiment_tilt,2022-06-01,SLB,0.0
equity_sentiment_tilt,2022-07-01,SLB,7.330554072255775e-17
equity_sentiment_tilt,2022-08-01,SLB,0.0
equity_sentiment_tilt,2022-09-01,SLB,0.0
equity_sentiment_tilt,2022-10-03,SLB,0.0
equity_sentiment_tilt,2022-11-01,SLB,1.22057404390559e-16
equity_sentiment_tilt,2022-12-01,SLB,1.2682421026260104e-17
equity_sentiment_tilt,2023-01-03,SLB,1.4511196960385726e-17
equity_sentiment_tilt,2023-02-01,SLB,0.006983920618238398
equity_sentiment_tilt,2023-03-01,SLB,0.006028458893779623
equity_sentiment_tilt,2023-04-03,SLB,0.0
equity_sentiment_tilt,2023-05-01,SLB,0.0
equity_sentiment_tilt,2023-06-01,SLB,0.0
equity_sentiment_tilt,2023-07-03,SLB,8.679245458047005e-17
equity_sentiment_tilt,2023-08-01,SLB,0.04360662306424395
equity_sentiment_tilt,2023-09-01,SLB,0.024099501629164206
equity_sentiment_tilt,2023-10-02,SLB,0.06467019472909205
equity_sentiment_tilt,2023-11-01,SLB,0.01607743011509968
equity_sentiment_tilt,2023-12-01,SLB,0.024567700627736208
equity_sentiment_tilt,2022-01-03,SO,5.154995441369244e-17
equity_sentiment_tilt,2022-02-01,SO,1.9332781434224622e-17
equity_sentiment_tilt,2022-03-01,SO,0.0
equity_sentiment_tilt,2022-04-01,SO,1.8089093341810397e-17
equity_sentiment_tilt,2022-05-02,SO,0.043324546102223395
equity_sentiment_tilt,2022-06-01,SO,0.04632256566201975
equity_sentiment_tilt,2022-07-01,SO,0.08775401593193646
equity_sentiment_tilt,2022-08-01,SO,0.15531965631573735
equity_sentiment_tilt,2022-09-01,SO,0.10407751637043085
equity_sentiment_tilt,2022-10-03,SO,0.19246306208525504
equity_sentiment_tilt,2022-11-01,SO,7.421934512174918e-17
equity_sentiment_tilt,2022-12-01,SO,1.3564141195053919e-17
equity_sentiment_tilt,2023-01-03,SO,0.01200169492283769
equity_sentiment_tilt,2023-02-01,SO,0.018407548046556556
equity_sentiment_tilt,2023-03-01,SO,0.003114698952178347
equity_sentiment_tilt,2023-04-03,SO,0.1037403566928899
equity_sentiment_tilt,2023-05-01,SO,0.12486584976000434
equity_sentiment_tilt,2023-06-01,SO,0.0642543140136093
equity_sentiment_tilt,2023-07-03,SO,0.1556715024149399
equity_sentiment_tilt,2023-08-01,SO,0.14531832187281327
equity_sentiment_tilt,2023-09-01,SO,0.02328165142265346
equity_sentiment_tilt,2023-10-02,SO,0.03134823277698566
equity_sentiment_tilt,2023-11-01,SO,0.11732509456587338
equity_sentiment_tilt,2023-12-01,SO,0.11453278252178979
equity_sentiment_tilt,2022-01-03,T,7.726422439987224e-17
equity_sentiment_tilt,2022-02-01,T,9.869841094808699e-18
equity_sentiment_tilt,2022-03-01,T,0.0
equity_sentiment_tilt,2022-04-01,T,4.4092706726082725e-17
equity_sentiment_tilt,2022-05-02,T,0.0
equity_sentiment_tilt,2022-06-01,T,0.0
equity_sentiment_tilt,2022-07-01,T,2.2857615537782234e-18
equity_sentiment_tilt,2022-08-01,T,0.0
equity_sentiment_tilt,2022-09-01,T,0.0
equity_sentiment_tilt,2022-10-03,T,2.802596366232114e-17
equity_sentiment_tilt,2022-11-01,T,2.670623180716882e-17
equity_sentiment_tilt,2022-12-01,T,2.5915682037845326e-17
equity_sentiment_tilt,2023-01-03,T,0.0
equity_sentiment_tilt,2023-02-01,T,1.139695069403293e-18
equity_sentiment_tilt,2023-03-01,T,0.0
equity_sentiment_tilt,2023-04-03,T,0.0
equity_sentiment_tilt,2023-05-01,T,0.0
equity_sentiment_tilt,2023-06-01,T,4.810591445682516e-17
equity_sentiment_tilt,2023-07-03,T,1.1585508825367859e-17
equity_sentiment_tilt,2023-08-01,T,6.859111669944792e-17
equity_sentiment_tilt,2023-09-01,T,3.759268810575658e-18
equity_sentiment_tilt,2023-10-02,T,0.0
equity_sentiment_tilt,2023-11-01,T,1.2229892746091894e-17
equity_sentiment_tilt,2023-12-01,T,0.0
equity_sentiment_tilt,2022-01-03,TMUS,4.7994188707228136e-17
equity_sentiment_tilt,2022-02-01,TMUS,6.340226388578693e-18
equity_sentiment_tilt,2022-03-01,TMUS,7.127634079107494e-17
equity_sentiment_tilt,2022-04-01,TMUS,0.0
equity_sentiment_tilt,2022-05-02,TMUS,1.4598393617464877e-17
equity_sentiment_tilt,2022-06-01,TMUS,4.335304995679563e-18
equity_sentiment_tilt,2022-07-01,TMUS,0.0
equity_sentiment_tilt,2022-08-01,TMUS,5.765268781153998e-05
equity_sentiment_tilt,2022-09-01,TMUS,0.00988370884501723
equity_sentiment_tilt,2022-10-03,TMUS,0.019909459399319093
equity_sentiment_tilt,2022-11-01,TMUS,0.06355086153245819
equity_sentiment_tilt,2022-12-01,TMUS,6.132783698758174e-18
equity_sentiment_tilt,2023-01-03,TMUS,3.4745698360016564e-18
equity_sentiment_tilt,2023-02-01,TMUS,2.2226333972478768e-17
equity_sentiment_tilt,2023-03-01,TMUS,8.830034782781377e-17
equity_sentiment_tilt,2023-04-03,TMUS,0.0
equity_sentiment_tilt,2023-05-01,TMUS,0.0
equity_sentiment_tilt,2023-06-01,TMUS,0.0
equity_sentiment_tilt,2023-07-03,TMUS,7.964159557762611e-18
equity_sentiment_tilt,2023-08-01,TMUS,3.88021949414435e-17
equity_sentiment_tilt,2023-09-01,TMUS,7.83646410378547e-17
equity_sentiment_tilt,2023-10-02,TMUS,1.679188603214109e-16
equity_sentiment_tilt,2023-11-01,TMUS,0.04573719535640378
equity_sentiment_tilt,2023-12-01,TMUS,0.04279110866386344
equity_sentiment_tilt,2022-01-03,TTWO,0.01053908803332207
equity_sentiment_tilt,2022-02-01,TTWO,0.0014061829352302066
equity_sentiment_tilt,2022-03-01,TTWO,0.03812836682137711
equity_sentiment_tilt,2022-04-01,TTWO,0.0026066069794789515
equity_sentiment_tilt,2022-05-02,TTWO,0.0
equity_sentiment_tilt,2022-06-01,TTWO,6.067582600523812e-18
equity_sentiment_tilt,2022-07-01,TTWO,0.0
equity_sentiment_tilt,2022-08-01,TTWO,8.2561320343864e-18
equity_sentiment_tilt,2022-09-01,TTWO,0.0
equity_sentiment_tilt,2022-10-03,TTWO,9.396669648388938e-18
equity_sentiment_tilt,2022-11-01,TTWO,5.1804496894977934e-18
equity_sentiment_tilt,2022-12-01,TTWO,4.699501493123008e-17
equity_sentiment_tilt,2023-01-03,TTWO,0.0
equity_sentiment_tilt,2023-02-01,TTWO,1.5812664434950168e-17
equity_sentiment_tilt,2023-03-01,TTWO,3.71976729789505e-18
equity_sentiment_tilt,2023-04-03,TTWO,0.0
equity_sentiment_tilt,2023-05-01,TTWO,4.1070661198244658e-19
equity_sentiment_tilt,2023-06-01,TTWO,8.287109712534964e-18
equity_sentiment_tilt,2023-07-03,TTWO,2.7477939212299265e-17
equity_sentiment_tilt,2023-08-01,TTWO,1.3566968347086502e-17
equity_sentiment_tilt,2023-09-01,TTWO,0.0
equity_sentiment_tilt,2023-10-02,TTWO,0.0
equity_sentiment_tilt,2023-11-01,TTWO,0.0
equity_sentiment_tilt,2023-12-01,TTWO,0.0
equity_sentiment_tilt,2022-01-03,UPS,0.11481572067069866
equity_sentiment_tilt,2022-02-01,UPS,0.12688912864792684
equity_sentiment_tilt,2022-03-01,UPS,0.03278491838844671
equity_sentiment_tilt,2022-04-01,UPS,0.15809852528917917
equity_sentiment_tilt,2022-05-02,UPS,0.07094297109982811
equity_sentiment_tilt,2022-06-01,UPS,0.12369521927694635
equity_sentiment_tilt,2022-07-01,UPS,0.1017108489374606
equity_sentiment_tilt,2022-08-01,UPS,0.06518882762802855
equity_sentiment_tilt,2022-09-01,UPS,9.607766956761e-17
equity_sentiment_tilt,2022-10-03,UPS,8.116627173403954e-18
equity_sentiment_tilt,2022-11-01,UPS,3.580270498562945e-17
equity_sentiment_tilt,2022-12-01,UPS,0.0
equity_sentiment_tilt,2023-01-03,UPS,5.253934205320337e-17
equity_sentiment_tilt,2023-02-01,UPS,8.403856116283154e-17
equity_sentiment_tilt,2023-03-01,UPS,9.859379858941161e-17
equity_sentiment_tilt,2023-04-03,UPS,0.0
equity_sentiment_tilt,2023-05-01,UPS,0.0
equity_sentiment_tilt,2023-06-01,UPS,7.022474936694312e-18
equity_sentiment_tilt,2023-07-03,UPS,1.8082854985755995e-18
equity_sentiment_tilt,2023-08-01,UPS,0.0
equity_sentiment_tilt,2023-09-01,UPS,0.0
equity_sentiment_tilt,2023-10-02,UPS,0.0
equity_sentiment_tilt,2023-11-01,UPS,0.0
equity_sentiment_tilt,2023-12-01,UPS,3.066292717026337e-18
equity_sentiment_tilt,2022-01-03,USB,7.1872719240938e-17
equity_sentiment_tilt,2022-02-01,USB,2.7171521814518777e-17
equity_sentiment_tilt,2022-03-01,USB,1.1487531780871593e-17
equity_sentiment_tilt,2022-04-01,USB,0.0
equity_sentiment_tilt,2022-05-02,USB,0.0
equity_sentiment_tilt,2022-06-01,USB,0.0
equity_sentiment_tilt,2022-07-01,USB,0.0
equity_sentiment_tilt,2022-08-01,USB,0.0
equity_sentiment_tilt,2022-09-01,USB,1.9615696215216473e-17
equity_sentiment_tilt,2022-10-03,USB,2.6825727030152585e-17
equity_sentiment_tilt,2022-11-01,USB,0.0
equity_sentiment_tilt,2022-12-01,USB,0.0
equity_sentiment_tilt,2023-01-03,USB,0.0
equity_sentiment_tilt,2023-02-01,USB,0.0
equity_sentiment_tilt,2023-03-01,USB,8.361152492500629e-19
equity_sentiment_tilt,2023-04-03,USB,3.098453668416222e-17
equity_sentiment_tilt,2023-05-01,USB,0.0
equity_sentiment_tilt,2023-06-01,USB,1.6196107205346168e-17
equity_sentiment_tilt,2023-07-03,USB,3.888132618860387e-17
equity_sentiment_tilt,2023-08-01,USB,7.176706892444774e-19
equity_sentiment_tilt,2023-09-01,USB,1.1314584354951556e-17
equity_sentiment_tilt,2023-10-02,USB,1.1329672390589593e-17
equity_sentiment_tilt,2023-11-01,USB,0.0
equity_sentiment_tilt,2023-12-01,USB,0.0
equity_sentiment_tilt,2022-01-03,V,6.483598970454516e-17
equity_sentiment_tilt,2022-02-01,V,4.180380583388788e-17
equity_sentiment_tilt,2022-03-01,V,1.6417518403184286e-17
equity_sentiment_tilt,2022-04-01,V,0.0
equity_sentiment_tilt,2022-05-02,V,2.4313179204759772e-17
equity_sentiment_tilt,2022-06-01,V,8.658792019814793e-18
equity_sentiment_tilt,2022-07-01,V,7.236178214167625e-17
equity_sentiment_tilt,2022-08-01,V,0.0
equity_sentiment_tilt,2022-09-01,V,0.0
equity_sentiment_tilt,2022-10-03,V,0.0
equity_sentiment_tilt,2022-11-01,V,0.0
equity_sentiment_tilt,2022-12-01,V,0.0
equity_sentiment_tilt,2023-01-03,V,0.0
equity_sentiment_tilt,2023-02-01,V,0.0
equity_sentiment_tilt,2023-03-01,V,3.757037343543779e-17
equity_sentiment_tilt,2023-04-03,V,1.5597106100421582e-17
equity_sentiment_tilt,2023-05-01,V,3.023833719465033e-17
equity_sentiment_tilt,2023-06-01,V,3.208328889127859e-17
equity_sentiment_tilt,2023-07-03,V,8.97039487165024e-17
equity_sentiment_tilt,2023-08-01,V,0.0
equity_sentiment_tilt,2023-09-01,V,0.0
equity_sentiment_tilt,2023-10-02,V,0.0
equity_sentiment_tilt,2023-11-01,V,0.0
equity_sentiment_tilt,2023-12-01,V,0.01570525236315493
equity_sentiment_tilt,2022-01-03,WFC,9.52509066858379e-18
equity_sentiment_tilt,2022-02-01,WFC,0.0
equity_sentiment_tilt,2022-03-01,WFC,0.0
equity_sentiment_tilt,2022-04-01,WFC,1.2231379569610083e-17
equity_sentiment_tilt,2022-05-02,WFC,0.0
equity_sentiment_tilt,2022-06-01,WFC,0.0
equity_sentiment_tilt,2022-07-01,WFC,6.021767855141344e-17
equity_sentiment_tilt,2022-08-01,WFC,0.0
equity_sentiment_tilt,2022-09-01,WFC,0.014353132145831617
equity_sentiment_tilt,2022-10-03,WFC,0.008860124388385645
equity_sentiment_tilt,2022-11-01,WFC,0.035364191128368826
equity_sentiment_tilt,2022-12-01,WFC,0.0
equity_sentiment_tilt,2023-01-03,WFC,1.4467214525959305e-16
equity_sentiment_tilt,2023-02-01,WFC,0.0
equity_sentiment_tilt,2023-03-01,WFC,1.4331299971859286e-16
equity_sentiment_tilt,2023-04-03,WFC,0.0
equity_sentiment_tilt,2023-05-01,WFC,0.0
equity_sentiment_tilt,2023-06-01,WFC,3.439502403551553e-17
equity_sentiment_tilt,2023-07-03,WFC,0.0
equity_sentiment_tilt,2023-08-01,WFC,0.0
equity_sentiment_tilt,2023-09-01,WFC,0.0
equity_sentiment_tilt,2023-10-02,WFC,0.0
equity_sentiment_tilt,2023-11-01,WFC,0.0
equity_sentiment_tilt,2023-12-01,WFC,5.015742153117254e-18
equity_sentiment_tilt,2022-01-03,WMT,2.393696954920952e-17
equity_sentiment_tilt,2022-02-01,WMT,0.015522410816970242
equity_sentiment_tilt,2022-03-01,WMT,0.03163061011705469
equity_sentiment_tilt,2022-04-01,WMT,0.013826736014288936
equity_sentiment_tilt,2022-05-02,WMT,0.058013801844004766
equity_sentiment_tilt,2022-06-01,WMT,6.845242990567073e-19
equity_sentiment_tilt,2022-07-01,WMT,2.466712498500629e-18
equity_sentiment_tilt,2022-08-01,WMT,7.100997302528944e-18
equity_sentiment_tilt,2022-09-01,WMT,9.332647020351182e-18
equity_sentiment_tilt,2022-10-03,WMT,0.0
equity_sentiment_tilt,2022-11-01,WMT,9.523533562264329e-18
equity_sentiment_tilt,2022-12-01,WMT,9.294882730482517e-18
equity_sentiment_tilt,2023-01-03,WMT,0.0
equity_sentiment_tilt,2023-02-01,WMT,6.859216847428614e-18
equity_sentiment_tilt,2023-03-01,WMT,3.35882072630325e-17
equity_sentiment_tilt,2023-04-03,WMT,0.0
equity_sentiment_tilt,2023-05-01,WMT,0.0012094515210723062
equity_sentiment_tilt,2023-06-01,WMT,0.02264223397153106
equity_sentiment_tilt,2023-07-03,WMT,0.05628773963441037
equity_sentiment_tilt,2023-08-01,WMT,0.059377176501753975
equity_sentiment_tilt,2023-09-01,WMT,0.039985374545720424
equity_sentiment_tilt,2023-10-02,WMT,0.08998601195335118
equity_sentiment_tilt,2023-11-01,WMT,0.05551281733011558
equity_sentiment_tilt,2023-12-01,WMT,0.03138667586316965
equity_sentiment_tilt,2022-01-03,XOM,0.0
equity_sentiment_tilt,2022-02-01,XOM,1.124343509294066e-16
equity_sentiment_tilt,2022-03-01,XOM,0.02265825795338577
equity_sentiment_tilt,2022-04-01,XOM,1.3715926091079913e-16
equity_sentiment_tilt,2022-05-02,XOM,0.016069595753427233
equity_sentiment_tilt,2022-06-01,XOM,0.023356334251887947
equity_sentiment_tilt,2022-07-01,XOM,0.05409353482638956
equity_sentiment_tilt,2022-08-01,XOM,0.11809929313386869
equity_sentiment_tilt,2022-09-01,XOM,0.11252557261494452
equity_sentiment_tilt,2022-10-03,XOM,0.05047567558284954
equity_sentiment_tilt,2022-11-01,XOM,0.12344081999166952
equity_sentiment_tilt,2022-12-01,XOM,0.07910968747308292
equity_sentiment_tilt,2023-01-03,XOM,0.10751446614132117
equity_sentiment_tilt,2023-02-01,XOM,0.07925029221919597
equity_sentiment_tilt,2023-03-01,XOM,0.13268922189243276
equity_sentiment_tilt,2023-04-03,XOM,0.06629078344486827
equity_sentiment_tilt,2023-05-01,XOM,0.12188605134360356
equity_sentiment_tilt,2023-06-01,XOM,0.1333656976861318
equity_sentiment_tilt,2023-07-03,XOM,0.058856537884738915
equity_sentiment_tilt,2023-08-01,XOM,0.09610463898781485
equity_sentiment_tilt,2023-09-01,XOM,0.11206909148810817
equity_sentiment_tilt,2023-10-02,XOM,0.09139089989745719
equity_sentiment_tilt,2023-11-01,XOM,0.0980358029570562
equity_sentiment_tilt,2023-12-01,XOM,0.09692023269988126
equity_sentiment_momentum,2022-01-03,ABBV,0.0
equity_sentiment_momentum,2022-02-01,ABBV,0.0
equity_sentiment_momentum,2022-03-01,ABBV,0.06
equity_sentiment_momentum,2022-04-01,ABBV,-0.06
equity_sentiment_momentum,2022-05-02,ABBV,0.0
equity_sentiment_momentum,2022-06-01,ABBV,0.0
equity_sentiment_momentum,2022-07-01,ABBV,0.06
equity_sentiment_momentum,2022-08-01,ABBV,0.0
equity_sentiment_momentum,2022-09-01,ABBV,0.0
equity_sentiment_momentum,2022-10-03,ABBV,0.0
equity_sentiment_momentum,2022-11-01,ABBV,0.0
equity_sentiment_momentum,2022-12-01,ABBV,0.0
equity_sentiment_momentum,2023-01-03,ABBV,0.0
equity_sentiment_momentum,2023-02-01,ABBV,0.0
equity_sentiment_momentum,2023-03-01,ABBV,0.06
equity_sentiment_momentum,2023-04-03,ABBV,0.0
equity_sentiment_momentum,2023-05-01,ABBV,0.06
equity_sentiment_momentum,2023-06-01,ABBV,0.0
equity_sentiment_momentum,2023-07-03,ABBV,0.06
equity_sentiment_momentum,2023-08-01,ABBV,0.0
equity_sentiment_momentum,2023-09-01,ABBV,0.0
equity_sentiment_momentum,2023-10-02,ABBV,0.06
equity_sentiment_momentum,2023-11-01,ABBV,0.0
equity_sentiment_momentum,2023-12-01,ABBV,0.06
equity_sentiment_momentum,2022-01-03,ABT,0.06
equity_sentiment_momentum,2022-02-01,ABT,0.0
equity_sentiment_momentum,2022-03-01,ABT,0.0
equity_sentiment_momentum,2022-04-01,ABT,0.0
equity_sentiment_momentum,2022-05-02,ABT,-0.06
equity_sentiment_momentum,2022-06-01,ABT,-0.06
equity_sentiment_momentum,2022-07-01,ABT,0.06
equity_sentiment_momentum,2022-08-01,ABT,0.06
equity_sentiment_momentum,2022-09-01,ABT,0.0
equity_sentiment_momentum,2022-10-03,ABT,0.06
equity_sentiment_momentum,2022-11-01,ABT,0.0
equity_sentiment_momentum,2022-12-01,ABT,0.06
equity_sentiment_momentum,2023-01-03,ABT,0.0
equity_sentiment_momentum,2023-02-01,ABT,0.0
equity_sentiment_momentum,2023-03-01,ABT,0.06
equity_sentiment_momentum,2023-04-03,ABT,0.0
equity_sentiment_momentum,2023-05-01,ABT,0.0
equity_sentiment_momentum,2023-06-01,ABT,0.0
equity_sentiment_momentum,2023-07-03,ABT,0.06
equity_sentiment_momentum,2023-08-01,ABT,0.06
equity_sentiment_momentum,2023-09-01,ABT,0.06
equity_sentiment_momentum,2023-10-02,ABT,0.0
equity_sentiment_momentum,2023-11-01,ABT,0.06
equity_sentiment_momentum,2023-12-01,ABT,0.0
equity_sentiment_momentum,2022-01-03,ADBE,-0.06
equity_sentiment_momentum,2022-02-01,ADBE,0.0
equity_sentiment_momentum,2022-03-01,ADBE,0.0
equity_sentiment_momentum,2022-04-01,ADBE,0.0
equity_sentiment_momentum,2022-05-02,ADBE,0.0
equity_sentiment_momentum,2022-06-01,ADBE,0.06
equity_sentiment_momentum,2022-07-01,ADBE,0.0
equity_sentiment_momentum,2022-08-01,ADBE,0.0
equity_sentiment_momentum,2022-09-01,ADBE,0.0
equity_sentiment_momentum,2022-10-03,ADBE,0.0
equity_sentiment_momentum,2022-11-01,ADBE,0.0
equity_sentiment_momentum,2022-12-01,ADBE,0.0
equity_sentiment_momentum,2023-01-03,ADBE,0.0
equity_sentiment_momentum,2023-02-01,ADBE,0.0
equity_sentiment_momentum,2023-03-01,ADBE,-0.06
equity_sentiment_momentum,2023-04-03,ADBE,0.0
equity_sentiment_momentum,2023-05-01,ADBE,0.06
equity_sentiment_momentum,2023-06-01,ADBE,0.06
equity_sentiment_momentum,2023-07-03,ADBE,0.0
equity_sentiment_momentum,2023-08-01,ADBE,0.0
equity_sentiment_momentum,2023-09-01,ADBE,0.0
equity_sentiment_momentum,2023-10-02,ADBE,0.0
equity_sentiment_momentum,2023-11-01,ADBE,0.0
equity_sentiment_momentum,2023-12-01,ADBE,-0.06
equity_sentiment_momentum,2022-01-03,AEP,0.0
equity_sentiment_momentum,2022-02-01,AEP,0.06
equity_sentiment_momentum,2022-03-01,AEP,0.0
equity_sentiment_momentum,2022-04-01,AEP,-0.06
equity_sentiment_momentum,2022-05-02,AEP,0.0
equity_sentiment_momentum,2022-06-01,AEP,0.0
equity_sentiment_momentum,2022-07-01,AEP,0.0
equity_sentiment_momentum,2022-08-01,AEP,0.0
equity_sentiment_momentum,2022-09-01,AEP,-0.06
equity_sentiment_momentum,2022-10-03,AEP,0.0
equity_sentiment_momentum,2022-11-01,AEP,0.0
equity_sentiment_momentum,2022-12-01,AEP,-0.06
equity_sentiment_momentum,2023-01-03,AEP,-0.06
equity_sentiment_momentum,2023-02-01,AEP,-0.06
equity_sentiment_momentum,2023-03-01,AEP,0.0
equity_sentiment_momentum,2023-04-03,AEP,0.0
equity_sentiment_momentum,2023-05-01,AEP,-0.06
equity_sentiment_momentum,2023-06-01,AEP,0.06
equity_sentiment_momentum,2023-07-03,AEP,0.06
equity_sentiment_momentum,2023-08-01,AEP,0.0
equity_sentiment_momentum,2023-09-01,AEP,-0.06
equity_sentiment_momentum,2023-10-02,AEP,0.0
equity_sentiment_momentum,2023-11-01,AEP,-0.06
equity_sentiment_momentum,2023-12-01,AEP,-0.06
equity_sentiment_momentum,2022-01-03,AMD,0.0
equity_sentiment_momentum,2022-02-01,AMD,0.0
equity_sentiment_momentum,2022-03-01,AMD,0.06
equity_sentiment_momentum,2022-04-01,AMD,0.0
equity_sentiment_momentum,2022-05-02,AMD,0.0
equity_sentiment_momentum,2022-06-01,AMD,0.0
equity_sentiment_momentum,2022-07-01,AMD,0.0
equity_sentiment_momentum,2022-08-01,AMD,0.0
equity_sentiment_momentum,2022-09-01,AMD,0.0
equity_sentiment_momentum,2022-10-03,AMD,0.0
equity_sentiment_momentum,2022-11-01,AMD,0.0
equity_sentiment_momentum,2022-12-01,AMD,-0.06
equity_sentiment_momentum,2023-01-03,AMD,0.0
equity_sentiment_momentum,2023-02-01,AMD,0.0
equity_sentiment_momentum,2023-03-01,AMD,0.06
equity_sentiment_momentum,2023-04-03,AMD,0.0
equity_sentiment_momentum,2023-05-01,AMD,0.06
equity_sentiment_momentum,2023-06-01,AMD,0.0
equity_sentiment_momentum,2023-07-03,AMD,0.06
equity_sentiment_momentum,2023-08-01,AMD,0.0
equity_sentiment_momentum,2023-09-01,AMD,0.0
equity_sentiment_momentum,2023-10-02,AMD,0.0
equity_sentiment_momentum,2023-11-01,AMD,0.0
equity_sentiment_momentum,2023-12-01,AMD,0.06
equity_sentiment_momentum,2022-01-03,AMGN,-0.06
equity_sentiment_momentum,2022-02-01,AMGN,0.06
equity_sentiment_momentum,2022-03-01,AMGN,0.06
equity_sentiment_momentum,2022-04-01,AMGN,-0.06
equity_sentiment_momentum,2022-05-02,AMGN,0.06
equity_sentiment_momentum,2022-06-01,AMGN,0.0
equity_sentiment_momentum,2022-07-01,AMGN,0.0
equity_sentiment_momentum,2022-08-01,AMGN,0.0
equity_sentiment_momentum,2022-09-01,AMGN,0.06
equity_sentiment_momentum,2022-10-03,AMGN,0.0
equity_sentiment_momentum,2022-11-01,AMGN,0.0
equity_sentiment_momentum,2022-12-01,AMGN,0.0
equity_sentiment_momentum,2023-01-03,AMGN,0.0
equity_sentiment_momentum,2023-02-01,AMGN,0.0
equity_sentiment_momentum,2023-03-01,AMGN,0.0
equity_sentiment_momentum,2023-04-03,AMGN,0.0
equity_sentiment_momentum,2023-05-01,AMGN,0.0
equity_sentiment_momentum,2023-06-01,AMGN,0.0
equity_sentiment_momentum,2023-07-03,AMGN,0.0
equity_sentiment_momentum,2023-08-01,AMGN,0.0
equity_sentiment_momentum,2023-09-01,AMGN,0.0
equity_sentiment_momentum,2023-10-02,AMGN,0.0
equity_sentiment_momentum,2023-11-01,AMGN,0.0
equity_sentiment_momentum,2023-12-01,AMGN,0.0
equity_sentiment_momentum,2022-01-03,AMT,0.0
equity_sentiment_momentum,2022-02-01,AMT,0.06
equity_sentiment_momentum,2022-03-01,AMT,0.0
equity_sentiment_momentum,2022-04-01,AMT,0.0
equity_sentiment_momentum,2022-05-02,AMT,0.0
equity_sentiment_momentum,2022-06-01,AMT,0.06
equity_sentiment_momentum,2022-07-01,AMT,0.0
equity_sentiment_momentum,2022-08-01,AMT,0.0
equity_sentiment_momentum,2022-09-01,AMT,0.06
equity_sentiment_momentum,2022-10-03,AMT,0.0
equity_sentiment_momentum,2022-11-01,AMT,0.0
equity_sentiment_momentum,2022-12-01,AMT,-0.06
equity_sentiment_momentum,2023-01-03,AMT,0.0
equity_sentiment_momentum,2023-02-01,AMT,0.06
equity_sentiment_momentum,2023-03-01,AMT,0.0
equity_sentiment_momentum,2023-04-03,AMT,0.0
equity_sentiment_momentum,2023-05-01,AMT,-0.06
equity_sentiment_momentum,2023-06-01,AMT,0.0
equity_sentiment_momentum,2023-07-03,AMT,0.0
equity_sentiment_momentum,2023-08-01,AMT,0.0
equity_sentiment_momentum,2023-09-01,AMT,0.06
equity_sentiment_momentum,2023-10-02,AMT,0.0
equity_sentiment_momentum,2023-11-01,AMT,0.06
equity_sentiment_momentum,2023-12-01,AMT,0.0
equity_sentiment_momentum,2022-01-03,BA,0.0
equity_sentiment_momentum,2022-02-01,BA,-0.06
equity_sentiment_momentum,2022-03-01,BA,0.0
equity_sentiment_momentum,2022-04-01,BA,0.0
equity_sentiment_momentum,2022-05-02,BA,-0.06
equity_sentiment_momentum,2022-06-01,BA,0.0
equity_sentiment_momentum,2022-07-01,BA,0.0
equity_sentiment_momentum,2022-08-01,BA,-0.06
equity_sentiment_momentum,2022-09-01,BA,-0.06
equity_sentiment_momentum,2022-10-03,BA,-0.06
equity_sentiment_momentum,2022-11-01,BA,-0.06
equity_sentiment_momentum,2022-12-01,BA,-0.06
equity_sentiment_momentum,2023-01-03,BA,-0.06
equity_sentiment_momentum,2023-02-01,BA,-0.06
equity_sentiment_momentum,2023-03-01,BA,-0.06
equity_sentiment_momentum,2023-04-03,BA,-0.06
equity_sentiment_momentum,2023-05-01,BA,-0.06
equity_sentiment_momentum,2023-06-01,BA,-0.06
equity_sentiment_momentum,2023-07-03,BA,-0.06
equity_sentiment_momentum,2023-08-01,BA,-0.06
equity_sentiment_momentum,2023-09-01,BA,-0.06
equity_sentiment_momentum,2023-10-02,BA,-0.06
equity_sentiment_momentum,2023-11-01,BA,-0.06
equity_sentiment_momentum,2023-12-01,BA,0.0
equity_sentiment_momentum,2022-01-03,CAT,0.0
equity_sentiment_momentum,2022-02-01,CAT,0.0
equity_sentiment_momentum,2022-03-01,CAT,0.0
equity_sentiment_momentum,2022-04-01,CAT,0.06
equity_sentiment_momentum,2022-05-02,CAT,-0.06
equity_sentiment_momentum,2022-06-01,CAT,0.06
equity_sentiment_momentum,2022-07-01,CAT,0.0
equity_sentiment_momentum,2022-08-01,CAT,0.0
equity_sentiment_momentum,2022-09-01,CAT,0.0
equity_sentiment_momentum,2022-10-03,CAT,-0.06
equity_sentiment_momentum,2022-11-01,CAT,0.0
equity_sentiment_momentum,2022-12-01,CAT,0.0
equity_sentiment_momentum,2023-01-03,CAT,0.0
equity_sentiment_momentum,2023-02-01,CAT,0.0
equity_sentiment_momentum,2023-03-01,CAT,0.06
equity_sentiment_momentum,2023-04-03,CAT,-0.06
equity_sentiment_momentum,2023-05-01,CAT,0.0
equity_sentiment_momentum,2023-06-01,CAT,0.0
equity_sentiment_momentum,2023-07-03,CAT,0.0
equity_sentiment_momentum,2023-08-01,CAT,0.0
equity_sentiment_momentum,2023-09-01,CAT,0.0
equity_sentiment_momentum,2023-10-02,CAT,0.0
equity_sentiment_momentum,2023-11-01,CAT,0.0
equity_sentiment_momentum,2023-12-01,CAT,0.0
equity_sentiment_momentum,2022-01-03,CCI,0.06
equity_sentiment_momentum,2022-02-01,CCI,0.0
equity_sentiment_momentum,2022-03-01,CCI,0.0
equity_sentiment_momentum,2022-04-01,CCI,0.06
equity_sentiment_momentum,2022-05-02,CCI,-0.06
equity_sentiment_momentum,2022-06-01,CCI,0.0
equity_sentiment_momentum,2022-07-01,CCI,-0.06
equity_sentiment_momentum,2022-08-01,CCI,0.06
equity_sentiment_momentum,2022-09-01,CCI,0.06
equity_sentiment_momentum,2022-10-03,CCI,0.0
equity_sentiment_momentum,2022-11-01,CCI,0.0
equity_sentiment_momentum,2022-12-01,CCI,0.06
equity_sentiment_momentum,2023-01-03,CCI,-0.06
equity_sentiment_momentum,2023-02-01,CCI,0.0
equity_sentiment_momentum,2023-03-01,CCI,-0.06
equity_sentiment_momentum,2023-04-03,CCI,0.0
equity_sentiment_momentum,2023-05-01,CCI,0.0
equity_sentiment_momentum,2023-06-01,CCI,0.0
equity_sentiment_momentum,2023-07-03,CCI,0.06
equity_sentiment_momentum,2023-08-01,CCI,0.06
equity_sentiment_momentum,2023-09-01,CCI,0.0
equity_sentiment_momentum,2023-10-02,CCI,0.0
equity_sentiment_momentum,2023-11-01,CCI,0.0
equity_sentiment_momentum,2023-12-01,CCI,0.0
equity_sentiment_momentum,2022-01-03,CMCSA,0.0
equity_sentiment_momentum,2022-02-01,CMCSA,0.0
equity_sentiment_momentum,2022-03-01,CMCSA,-0.06
equity_sentiment_momentum,2022-04-01,CMCSA,0.0
equity_sentiment_momentum,2022-05-02,CMCSA,0.0
equity_sentiment_momentum,2022-06-01,CMCSA,-0.06
equity_sentiment_momentum,2022-07-01,CMCSA,0.0
equity_sentiment_momentum,2022-08-01,CMCSA,0.0
equity_sentiment_momentum,2022-09-01,CMCSA,-0.06
equity_sentiment_momentum,2022-10-03,CMCSA,0.0
equity_sentiment_momentum,2022-11-01,CMCSA,0.0
equity_sentiment_momentum,2022-12-01,CMCSA,0.06
equity_sentiment_momentum,2023-01-03,CMCSA,0.06
equity_sentiment_momentum,2023-02-01,CMCSA,0.0
equity_sentiment_momentum,2023-03-01,CMCSA,0.06
equity_sentiment_momentum,2023-04-03,CMCSA,0.0
equity_sentiment_momentum,2023-05-01,CMCSA,-0.06
equity_sentiment_momentum,2023-06-01,CMCSA,0.0
equity_sentiment_momentum,2023-07-03,CMCSA,0.0
equity_sentiment_momentum,2023-08-01,CMCSA,-0.06
equity_sentiment_momentum,2023-09-01,CMCSA,0.0
equity_sentiment_momentum,2023-10-02,CMCSA,0.0
equity_sentiment_momentum,2023-11-01,CMCSA,-0.06
equity_sentiment_momentum,2023-12-01,CMCSA,0.0
equity_sentiment_momentum,2022-01-03,COP,0.0
equity_sentiment_momentum,2022-02-01,COP,0.0
equity_sentiment_momentum,2022-03-01,COP,0.0
equity_sentiment_momentum,2022-04-01,COP,0.06
equity_sentiment_momentum,2022-05-02,COP,0.06
equity_sentiment_momentum,2022-06-01,COP,0.06
equity_sentiment_momentum,2022-07-01,COP,0.0
equity_sentiment_momentum,2022-08-01,COP,0.0
equity_sentiment_momentum,2022-09-01,COP,0.0
equity_sentiment_momentum,2022-10-03,COP,-0.06
equity_sentiment_momentum,2022-11-01,COP,-0.06
equity_sentiment_momentum,2022-12-01,COP,0.0
equity_sentiment_momentum,2023-01-03,COP,0.06
equity_sentiment_momentum,2023-02-01,COP,0.06
equity_sentiment_momentum,2023-03-01,COP,0.0
equity_sentiment_momentum,2023-04-03,COP,0.0
equity_sentiment_momentum,2023-05-01,COP,0.0
equity_sentiment_momentum,2023-06-01,COP,-0.06
equity_sentiment_momentum,2023-07-03,COP,0.0
equity_sentiment_momentum,2023-08-01,COP,0.0
equity_sentiment_momentum,2023-09-01,COP,0.0
equity_sentiment_momentum,2023-10-02,COP,0.06
equity_sentiment_momentum,2023-11-01,COP,0.0
equity_sentiment_momentum,2023-12-01,COP,0.0
equity_sentiment_momentum,2022-01-03,CVX,0.0
equity_sentiment_momentum,2022-02-01,CVX,0.0
equity_sentiment_momentum,2022-03-01,CVX,0.0
equity_sentiment_momentum,2022-04-01,CVX,0.0
equity_sentiment_momentum,2022-05-02,CVX,0.06
equity_sentiment_momentum,2022-06-01,CVX,0.0
equity_sentiment_momentum,2022-07-01,CVX,0.0
equity_sentiment_momentum,2022-08-01,CVX,0.0
equity_sentiment_momentum,2022-09-01,CVX,0.0
equity_sentiment_momentum,2022-10-03,CVX,0.0
equity_sentiment_momentum,2022-11-01,CVX,0.06
equity_sentiment_momentum,2022-12-01,CVX,0.0
equity_sentiment_momentum,2023-01-03,CVX,0.06
equity_sentiment_momentum,2023-02-01,CVX,0.0
equity_sentiment_momentum,2023-03-01,CVX,0.0
equity_sentiment_momentum,2023-04-03,CVX,0.0
equity_sentiment_momentum,2023-05-01,CVX,0.0
equity_sentiment_momentum,2023-06-01,CVX,0.0
equity_sentiment_momentum,2023-07-03,CVX,0.0
equity_sentiment_momentum,2023-08-01,CVX,0.0
equity_sentiment_momentum,2023-09-01,CVX,0.0
equity_sentiment_momentum,2023-10-02,CVX,0.0
equity_sentiment_momentum,2023-11-01,CVX,0.0
equity_sentiment_momentum,2023-12-01,CVX,0.0
equity_sentiment_momentum,2022-01-03,D,-0.06
equity_sentiment_momentum,2022-02-01,D,0.06
equity_sentiment_momentum,2022-03-01,D,0.0
equity_sentiment_momentum,2022-04-01,D,0.0
equity_sentiment_momentum,2022-05-02,D,0.06
equity_sentiment_momentum,2022-06-01,D,0.0
equity_sentiment_momentum,2022-07-01,D,0.06
equity_sentiment_momentum,2022-08-01,D,0.06
equity_sentiment_momentum,2022-09-01,D,0.06
equity_sentiment_momentum,2022-10-03,D,0.0
equity_sentiment_momentum,2022-11-01,D,-0.06
equity_sentiment_momentum,2022-12-01,D,0.0
equity_sentiment_momentum,2023-01-03,D,0.06
equity_sentiment_momentum,2023-02-01,D,0.06
equity_sentiment_momentum,2023-03-01,D,0.0
equity_sentiment_momentum,2023-04-03,D,0.06
equity_sentiment_momentum,2023-05-01,D,0.06
equity_sentiment_momentum,2023-06-01,D,0.06
equity_sentiment_momentum,2023-07-03,D,0.06
equity_sentiment_momentum,2023-08-01,D,0.0
equity_sentiment_momentum,2023-09-01,D,0.06
equity_sentiment_momentum,2023-10-02,D,0.0
equity_sentiment_momentum,2023-11-01,D,0.06
equity_sentiment_momentum,2023-12-01,D,0.06
equity_sentiment_momentum,2022-01-03,DD,0.06
equity_sentiment_momentum,2022-02-01,DD,-0.06
equity_sentiment_momentum,2022-03-01,DD,0.0
equity_sentiment_momentum,2022-04-01,DD,0.0
equity_sentiment_momentum,2022-05-02,DD,0.0
equity_sentiment_momentum,2022-06-01,DD,-0.06
equity_sentiment_momentum,2022-07-01,DD,-0.06
equity_sentiment_momentum,2022-08-01,DD,0.0
equity_sentiment_momentum,2022-09-01,DD,0.0
equity_sentiment_momentum,2022-10-03,DD,-0.06
equity_sentiment_momentum,2022-11-01,DD,0.06
equity_sentiment_momentum,2022-12-01,DD,0.0
equity_sentiment_momentum,2023-01-03,DD,-0.06
equity_sentiment_momentum,2023-02-01,DD,-0.06
equity_sentiment_momentum,2023-03-01,DD,0.06
equity_sentiment_momentum,2023-04-03,DD,-0.06
equity_sentiment_momentum,2023-05-01,DD,-0.06
equity_sentiment_momentum,2023-06-01,DD,-0.06
equity_sentiment_momentum,2023-07-03,DD,0.0
equity_sentiment_momentum,2023-08-01,DD,-0.06
equity_sentiment_momentum,2023-09-01,DD,-0.06
equity_sentiment_momentum,2023-10-02,DD,-0.06
equity_sentiment_momentum,2023-11-01,DD,0.0
equity_sentiment_momentum,2023-12-01,DD,-0.06
equity_sentiment_momentum,2022-01-03,DIS,0.0
equity_sentiment_momentum,2022-02-01,DIS,0.0
equity_sentiment_momentum,2022-03-01,DIS,0.0
equity_sentiment_momentum,2022-04-01,DIS,0.0
equity_sentiment_momentum,2022-05-02,DIS,0.0
equity_sentiment_momentum,2022-06-01,DIS,0.0
equity_sentiment_momentum,2022-07-01,DIS,0.0
equity_sentiment_momentum,2022-08-01,DIS,-0.06
equity_sentiment_momentum,2022-09-01,DIS,0.0
equity_sentiment_momentum,2022-10-03,DIS,0.0
equity_sentiment_momentum,2022-11-01,DIS,0.0
equity_sentiment_momentum,2022-12-01,DIS,0.0
equity_sentiment_momentum,2023-01-03,DIS,0.0
equity_sentiment_momentum,2023-02-01,DIS,0.0
equity_sentiment_momentum,2023-03-01,DIS,0.0
equity_sentiment_momentum,2023-04-03,DIS,0.0
equity_sentiment_momentum,2023-05-01,DIS,0.0
equity_sentiment_momentum,2023-06-01,DIS,0.0
equity_sentiment_momentum,2023-07-03,DIS,0.0
equity_sentiment_momentum,2023-08-01,DIS,0.0
equity_sentiment_momentum,2023-09-01,DIS,0.0
equity_sentiment_momentum,2023-10-02,DIS,-0.06
equity_sentiment_momentum,2023-11-01,DIS,-0.06
equity_sentiment_momentum,2023-12-01,DIS,0.0
equity_sentiment_momentum,2022-01-03,DOW,0.0
equity_sentiment_momentum,2022-02-01,DOW,0.0
equity_sentiment_momentum,2022-03-01,DOW,-0.06
equity_sentiment_momentum,2022-04-01,DOW,0.0
equity_sentiment_momentum,2022-05-02,DOW,0.0
equity_sentiment_momentum,2022-06-01,DOW,-0.06
equity_sentiment_momentum,2022-07-01,DOW,-0.06
equity_sentiment_momentum,2022-08-01,DOW,0.06
equity_sentiment_momentum,2022-09-01,DOW,-0.06
equity_sentiment_momentum,2022-10-03,DOW,0.0
equity_sentiment_momentum,2022-11-01,DOW,0.0
equity_sentiment_momentum,2022-12-01,DOW,-0.06
equity_sentiment_momentum,2023-01-03,DOW,0.0
equity_sentiment_momentum,2023-02-01,DOW,-0.06
equity_sentiment_momentum,2023-03-01,DOW,0.0
equity_sentiment_momentum,2023-04-03,DOW,-0.06
equity_sentiment_momentum,2023-05-01,DOW,0.0
equity_sentiment_momentum,2023-06-01,DOW,0.0
equity_sentiment_momentum,2023-07-03,DOW,0.0
equity_sentiment_momentum,2023-08-01,DOW,-0.06
equity_sentiment_momentum,2023-09-01,DOW,0.0
equity_sentiment_momentum,2023-10-02,DOW,0.0
equity_sentiment_momentum,2023-11-01,DOW,0.0
equity_sentiment_momentum,2023-12-01,DOW,0.0
equity_sentiment_momentum,2022-01-03,DUK,-0.06
equity_sentiment_momentum,2022-02-01,DUK,0.0
equity_sentiment_momentum,2022-03-01,DUK,0.0
equity_sentiment_momentum,2022-04-01,DUK,0.06
equity_sentiment_momentum,2022-05-02,DUK,0.06
equity_sentiment_momentum,2022-06-01,DUK,0.0
equity_sentiment_momentum,2022-07-01,DUK,0.06
equity_sentiment_momentum,2022-08-01,DUK,0.06
equity_sentiment_momentum,2022-09-01,DUK,0.06
equity_sentiment_momentum,2022-10-03,DUK,0.06
equity_sentiment_momentum,2022-11-01,DUK,0.06
equity_sentiment_momentum,2022-12-01,DUK,0.0
equity_sentiment_momentum,2023-01-03,DUK,0.0
equity_sentiment_momentum,2023-02-01,DUK,0.06
equity_sentiment_momentum,2023-03-01,DUK,0.06
equity_sentiment_momentum,2023-04-03,DUK,0.06
equity_sentiment_momentum,2023-05-01,DUK,0.0
equity_sentiment_momentum,2023-06-01,DUK,-0.06
equity_sentiment_momentum,2023-07-03,DUK,0.06
equity_sentiment_momentum,2023-08-01,DUK,0.06
equity_sentiment_momentum,2023-09-01,DUK,0.0
equity_sentiment_momentum,2023-10-02,DUK,0.0
equity_sentiment_momentum,2023-11-01,DUK,0.0
equity_sentiment_momentum,2023-12-01,DUK,0.0
equity_sentiment_momentum,2022-01-03,EA,-0.06
equity_sentiment_momentum,2022-02-01,EA,-0.06
equity_sentiment_momentum,2022-03-01,EA,0.0
equity_sentiment_momentum,2022-04-01,EA,-0.06
equity_sentiment_momentum,2022-05-02,EA,0.0
equity_sentiment_momentum,2022-06-01,EA,0.0
equity_sentiment_momentum,2022-07-01,EA,-0.06
equity_sentiment_momentum,2022-08-01,EA,0.0
equity_sentiment_momentum,2022-09-01,EA,0.0
equity_sentiment_momentum,2022-10-03,EA,0.0
equity_sentiment_momentum,2022-11-01,EA,-0.06
equity_sentiment_momentum,2022-12-01,EA,0.06
equity_sentiment_momentum,2023-01-03,EA,-0.06
equity_sentiment_momentum,2023-02-01,EA,-0.06
equity_sentiment_momentum,2023-03-01,EA,-0.06
equity_sentiment_momentum,2023-04-03,EA,-0.06
equity_sentiment_momentum,2023-05-01,EA,0.06
equity_sentiment_momentum,2023-06-01,EA,0.0
equity_sentiment_momentum,2023-07-03,EA,0.06
equity_sentiment_momentum,2023-08-01,EA,0.06
equity_sentiment_momentum,2023-09-01,EA,-0.06
equity_sentiment_momentum,2023-10-02,EA,-0.06
equity_sentiment_momentum,2023-11-01,EA,0.06
equity_sentiment_momentum,2023-12-01,EA,0.0
equity_sentiment_momentum,2022-01-03,GE,0.06
equity_sentiment_momentum,2022-02-01,GE,0.0
equity_sentiment_momentum,2022-03-01,GE,-0.06
equity_sentiment_momentum,2022-04-01,GE,-0.06
equity_sentiment_momentum,2022-05-02,GE,-0.06
equity_sentiment_momentum,2022-06-01,GE,-0.06
equity_sentiment_momentum,2022-07-01,GE,-0.06
equity_sentiment_momentum,2022-08-01,GE,0.0
equity_sentiment_momentum,2022-09-01,GE,0.0
equity_sentiment_momentum,2022-10-03,GE,0.06
equity_sentiment_momentum,2022-11-01,GE,0.0
equity_sentiment_momentum,2022-12-01,GE,-0.06
equity_sentiment_momentum,2023-01-03,GE,0.0
equity_sentiment_momentum,2023-02-01,GE,0.0
equity_sentiment_momentum,2023-03-01,GE,-0.06
equity_sentiment_momentum,2023-04-03,GE,0.06
equity_sentiment_momentum,2023-05-01,GE,0.06
equity_sentiment_momentum,2023-06-01,GE,-0.06
equity_sentiment_momentum,2023-07-03,GE,0.0
equity_sentiment_momentum,2023-08-01,GE,0.0
equity_sentiment_momentum,2023-09-01,GE,0.0
equity_sentiment_momentum,2023-10-02,GE,0.0
equity_sentiment_momentum,2023-11-01,GE,0.0
equity_sentiment_momentum,2023-12-01,GE,0.0
equity_sentiment_momentum,2022-01-03,GILD,0.06
equity_sentiment_momentum,2022-02-01,GILD,-0.06
equity_sentiment_momentum,2022-03-01,GILD,0.0
equity_sentiment_momentum,2022-04-01,GILD,0.0
equity_sentiment_momentum,2022-05-02,GILD,0.0
equity_sentiment_momentum,2022-06-01,GILD,0.06
equity_sentiment_momentum,2022-07-01,GILD,0.0
equity_sentiment_momentum,2022-08-01,GILD,0.0
equity_sentiment_momentum,2022-09-01,GILD,0.0
equity_sentiment_momentum,2022-10-03,GILD,0.0
equity_sentiment_momentum,2022-11-01,GILD,0.0
equity_sentiment_momentum,2022-12-01,GILD,0.0
equity_sentiment_momentum,2023-01-03,GILD,0.0
equity_sentiment_momentum,2023-02-01,GILD,0.0
equity_sentiment_momentum,2023-03-01,GILD,0.0
equity_sentiment_momentum,2023-04-03,GILD,-0.06
equity_sentiment_momentum,2023-05-01,GILD,0.0
equity_sentiment_momentum,2023-06-01,GILD,0.06
equity_sentiment_momentum,2023-07-03,GILD,0.0
equity_sentiment_momentum,2023-08-01,GILD,0.0
equity_sentiment_momentum,2023-09-01,GILD,0.06
equity_sentiment_momentum,2023-10-02,GILD,0.0
equity_sentiment_momentum,2023-11-01,GILD,-0.06
equity_sentiment_momentum,2023-12-01,GILD,0.06
equity_sentiment_momentum,2022-01-03,GS,0.0
equity_sentiment_momentum,2022-02-01,GS,0.0
equity_sentiment_momentum,2022-03-01,GS,-0.06
equity_sentiment_momentum,2022-04-01,GS,-0.06
equity_sentiment_momentum,2022-05-02,GS,0.0
equity_sentiment_momentum,2022-06-01,GS,-0.06
equity_sentiment_momentum,2022-07-01,GS,-0.06
equity_sentiment_momentum,2022-08-01,GS,0.0
equity_sentiment_momentum,2022-09-01,GS,0.0
equity_sentiment_momentum,2022-10-03,GS,-0.06
equity_sentiment_momentum,2022-11-01,GS,0.0
equity_sentiment_momentum,2022-12-01,GS,0.0
equity_sentiment_momentum,2023-01-03,GS,0.0
equity_sentiment_momentum,2023-02-01,GS,0.0
equity_sentiment_momentum,2023-03-01,GS,0.0
equity_sentiment_momentum,2023-04-03,GS,0.0
equity_sentiment_momentum,2023-05-01,GS,0.0
equity_sentiment_momentum,2023-06-01,GS,0.0
equity_sentiment_momentum,2023-07-03,GS,-0.06
equity_sentiment_momentum,2023-08-01,GS,-0.06
equity_sentiment_momentum,2023-09-01,GS,0.0
equity_sentiment_momentum,2023-10-02,GS,-0.06
equity_sentiment_momentum,2023-11-01,GS,0.0
equity_sentiment_momentum,2023-12-01,GS,0.0
equity_sentiment_momentum,2022-01-03,INTC,0.0
equity_sentiment_momentum,2022-02-01,INTC,-0.06
equity_sentiment_momentum,2022-03-01,INTC,-0.06
equity_sentiment_momentum,2022-04-01,INTC,0.0
equity_sentiment_momentum,2022-05-02,INTC,0.0
equity_sentiment_momentum,2022-06-01,INTC,0.0
equity_sentiment_momentum,2022-07-01,INTC,0.0
equity_sentiment_momentum,2022-08-01,INTC,0.0
equity_sentiment_momentum,2022-09-01,INTC,0.0
equity_sentiment_momentum,2022-10-03,INTC,0.0
equity_sentiment_momentum,2022-11-01,INTC,0.0
equity_sentiment_momentum,2022-12-01,INTC,0.0
equity_sentiment_momentum,2023-01-03,INTC,0.0
equity_sentiment_momentum,2023-02-01,INTC,-0.06
equity_sentiment_momentum,2023-03-01,INTC,0.0
equity_sentiment_momentum,2023-04-03,INTC,0.0
equity_sentiment_momentum,2023-05-01,INTC,0.0
equity_sentiment_momentum,2023-06-01,INTC,0.0
equity_sentiment_momentum,2023-07-03,INTC,0.0
equity_sentiment_momentum,2023-08-01,INTC,0.0
equity_sentiment_momentum,2023-09-01,INTC,0.0
equity_sentiment_momentum,2023-10-02,INTC,-0.06
equity_sentiment_momentum,2023-11-01,INTC,0.0
equity_sentiment_momentum,2023-12-01,INTC,0.06
equity_sentiment_momentum,2022-01-03,KO,0.06
equity_sentiment_momentum,2022-02-01,KO,-0.06
equity_sentiment_momentum,2022-03-01,KO,0.0
equity_sentiment_momentum,2022-04-01,KO,0.0
equity_sentiment_momentum,2022-05-02,KO,0.0
equity_sentiment_momentum,2022-06-01,KO,0.06
equity_sentiment_momentum,2022-07-01,KO,0.0
equity_sentiment_momentum,2022-08-01,KO,0.0
equity_sentiment_momentum,2022-09-01,KO,0.06
equity_sentiment_momentum,2022-10-03,KO,0.0
equity_sentiment_momentum,2022-11-01,KO,0.0
equity_sentiment_momentum,2022-12-01,KO,0.0
equity_sentiment_momentum,2023-01-03,KO,0.06
equity_sentiment_momentum,2023-02-01,KO,0.0
equity_sentiment_momentum,2023-03-01,KO,0.0
equity_sentiment_momentum,2023-04-03,KO,0.0
equity_sentiment_momentum,2023-05-01,KO,0.0
equity_sentiment_momentum,2023-06-01,KO,0.0
equity_sentiment_momentum,2023-07-03,KO,0.0
equity_sentiment_momentum,2023-08-01,KO,0.0
equity_sentiment_momentum,2023-09-01,KO,0.06
equity_sentiment_momentum,2023-10-02,KO,0.0
equity_sentiment_momentum,2023-11-01,KO,0.0
equity_sentiment_momentum,2023-12-01,KO,0.0
equity_sentiment_momentum,2022-01-03,MMM,0.0
equity_sentiment_momentum,2022-02-01,MMM,0.0
equity_sentiment_momentum,2022-03-01,MMM,0.0
equity_sentiment_momentum,2022-04-01,MMM,0.06
equity_sentiment_momentum,2022-05-02,MMM,-0.06
equity_sentiment_momentum,2022-06-01,MMM,0.0
equity_sentiment_momentum,2022-07-01,MMM,0.0
equity_sentiment_momentum,2022-08-01,MMM,-0.06
equity_sentiment_momentum,2022-09-01,MMM,0.0
equity_sentiment_momentum,2022-10-03,MMM,-0.06
equity_sentiment_momentum,2022-11-01,MMM,0.06
equity_sentiment_momentum,2022-12-01,MMM,0.0
equity_sentiment_momentum,2023-01-03,MMM,0.0
equity_sentiment_momentum,2023-02-01,MMM,-0.06
equity_sentiment_momentum,2023-03-01,MMM,0.0
equity_sentiment_momentum,2023-04-03,MMM,0.0
equity_sentiment_momentum,2023-05-01,MMM,0.0
equity_sentiment_momentum,2023-06-01,MMM,0.0
equity_sentiment_momentum,2023-07-03,MMM,0.0
equity_sentiment_momentum,2023-08-01,MMM,0.0
equity_sentiment_momentum,2023-09-01,MMM,0.0
equity_sentiment_momentum,2023-10-02,MMM,0.0
equity_sentiment_momentum,2023-11-01,MMM,0.0
equity_sentiment_momentum,2023-12-01,MMM,0.0
equity_sentiment_momentum,2022-01-03,MRK,0.0
equity_sentiment_momentum,2022-02-01,MRK,-0.06
equity_sentiment_momentum,2022-03-01,MRK,0.0
equity_sentiment_momentum,2022-04-01,MRK,0.0
equity_sentiment_momentum,2022-05-02,MRK,0.0
equity_sentiment_momentum,2022-06-01,MRK,0.0
equity_sentiment_momentum,2022-07-01,MRK,-0.06
equity_sentiment_momentum,2022-08-01,MRK,0.0
equity_sentiment_momentum,2022-09-01,MRK,0.0
equity_sentiment_momentum,2022-10-03,MRK,0.0
equity_sentiment_momentum,2022-11-01,MRK,0.0
equity_sentiment_momentum,2022-12-01,MRK,0.0
equity_sentiment_momentum,2023-01-03,MRK,0.0
equity_sentiment_momentum,2023-02-01,MRK,-0.06
equity_sentiment_momentum,2023-03-01,MRK,0.0
equity_sentiment_momentum,2023-04-03,MRK,0.0
equity_sentiment_momentum,2023-05-01,MRK,0.0
equity_sentiment_momentum,2023-06-01,MRK,-0.06
equity_sentiment_momentum,2023-07-03,MRK,-0.06
equity_sentiment_momentum,2023-08-01,MRK,-0.06
equity_sentiment_momentum,2023-09-01,MRK,-0.06
equity_sentiment_momentum,2023-10-02,MRK,-0.06
equity_sentiment_momentum,2023-11-01,MRK,0.0
equity_sentiment_momentum,2023-12-01,MRK,0.0
equity_sentiment_momentum,2022-01-03,MS,0.0
equity_sentiment_momentum,2022-02-01,MS,0.0
equity_sentiment_momentum,2022-03-01,MS,-0.06
equity_sentiment_momentum,2022-04-01,MS,0.0
equity_sentiment_momentum,2022-05-02,MS,-0.06
equity_sentiment_momentum,2022-06-01,MS,0.0
equity_sentiment_momentum,2022-07-01,MS,0.0
equity_sentiment_momentum,2022-08-01,MS,-0.06
equity_sentiment_momentum,2022-09-01,MS,-0.06
equity_sentiment_momentum,2022-10-03,MS,0.0
equity_sentiment_momentum,2022-11-01,MS,-0.06
equity_sentiment_momentum,2022-12-01,MS,0.0
equity_sentiment_momentum,2023-01-03,MS,0.0
equity_sentiment_momentum,2023-02-01,MS,0.0
equity_sentiment_momentum,2023-03-01,MS,0.0
equity_sentiment_momentum,2023-04-03,MS,0.0
equity_sentiment_momentum,2023-05-01,MS,0.06
equity_sentiment_momentum,2023-06-01,MS,0.0
equity_sentiment_momentum,2023-07-03,MS,-0.06
equity_sentiment_momentum,2023-08-01,MS,-0.06
equity_sentiment_momentum,2023-09-01,MS,0.06
equity_sentiment_momentum,2023-10-02,MS,-0.06
equity_sentiment_momentum,2023-11-01,MS,0.0
equity_sentiment_momentum,2023-12-01,MS,-0.06
equity_sentiment_momentum,2022-01-03,NEE,0.06
equity_sentiment_momentum,2022-02-01,NEE,0.06
equity_sentiment_momentum,2022-03-01,NEE,0.06
equity_sentiment_momentum,2022-04-01,NEE,0.06
equity_sentiment_momentum,2022-05-02,NEE,0.06
equity_sentiment_momentum,2022-06-01,NEE,0.06
equity_sentiment_momentum,2022-07-01,NEE,0.06
equity_sentiment_momentum,2022-08-01,NEE,0.06
equity_sentiment_momentum,2022-09-01,NEE,0.06
equity_sentiment_momentum,2022-10-03,NEE,0.06
equity_sentiment_momentum,2022-11-01,NEE,0.06
equity_sentiment_momentum,2022-12-01,NEE,0.06
equity_sentiment_momentum,2023-01-03,NEE,0.06
equity_sentiment_momentum,2023-02-01,NEE,0.06
equity_sentiment_momentum,2023-03-01,NEE,0.06
equity_sentiment_momentum,2023-04-03,NEE,0.06
equity_sentiment_momentum,2023-05-01,NEE,0.06
equity_sentiment_momentum,2023-06-01,NEE,0.0
equity_sentiment_momentum,2023-07-03,NEE,0.0
equity_sentiment_momentum,2023-08-01,NEE,0.06
equity_sentiment_momentum,2023-09-01,NEE,0.0
equity_sentiment_momentum,2023-10-02,NEE,0.06
equity_sentiment_momentum,2023-11-01,NEE,0.06
equity_sentiment_momentum,2023-12-01,NEE,0.0
equity_sentiment_momentum,2022-01-03,NEM,0.0
equity_sentiment_momentum,2022-02-01,NEM,0.0
equity_sentiment_momentum,2022-03-01,NEM,0.0
equity_sentiment_momentum,2022-04-01,NEM,-0.06
equity_sentiment_momentum,2022-05-02,NEM,-0.06
equity_sentiment_momentum,2022-06-01,NEM,-0.06
equity_sentiment_momentum,2022-07-01,NEM,0.0
equity_sentiment_momentum,2022-08-01,NEM,-0.06
equity_sentiment_momentum,2022-09-01,NEM,0.0
equity_sentiment_momentum,2022-10-03,NEM,0.0
equity_sentiment_momentum,2022-11-01,NEM,-0.06
equity_sentiment_momentum,2022-12-01,NEM,-0.06
equity_sentiment_momentum,2023-01-03,NEM,0.0
equity_sentiment_momentum,2023-02-01,NEM,0.06
equity_sentiment_momentum,2023-03-01,NEM,0.06
equity_sentiment_momentum,2023-04-03,NEM,0.0
equity_sentiment_momentum,2023-05-01,NEM,-0.06
equity_sentiment_momentum,2023-06-01,NEM,0.0
equity_sentiment_momentum,2023-07-03,NEM,0.0
equity_sentiment_momentum,2023-08-01,NEM,0.06
equity_sentiment_momentum,2023-09-01,NEM,0.0
equity_sentiment_momentum,2023-10-02,NEM,-0.06
equity_sentiment_momentum,2023-11-01,NEM,0.06
equity_sentiment_momentum,2023-12-01,NEM,0.0
equity_sentiment_momentum,2022-01-03,NKE,0.0
equity_sentiment_momentum,2022-02-01,NKE,-0.06
equity_sentiment_momentum,2022-03-01,NKE,0.0
equity_sentiment_momentum,2022-04-01,NKE,0.0
equity_sentiment_momentum,2022-05-02,NKE,0.0
equity_sentiment_momentum,2022-06-01,NKE,-0.06
equity_sentiment_momentum,2022-07-01,NKE,-0.06
equity_sentiment_momentum,2022-08-01,NKE,0.0
equity_sentiment_momentum,2022-09-01,NKE,-0.06
equity_sentiment_momentum,2022-10-03,NKE,-0.06
equity_sentiment_momentum,2022-11-01,NKE,-0.06
equity_sentiment_momentum,2022-12-01,NKE,0.0
equity_sentiment_momentum,2023-01-03,NKE,0.0
equity_sentiment_momentum,2023-02-01,NKE,-0.06
equity_sentiment_momentum,2023-03-01,NKE,0.0
equity_sentiment_momentum,2023-04-03,NKE,0.0
equity_sentiment_momentum,2023-05-01,NKE,0.0
equity_sentiment_momentum,2023-06-01,NKE,-0.06
equity_sentiment_momentum,2023-07-03,NKE,-0.06
equity_sentiment_momentum,2023-08-01,NKE,0.0
equity_sentiment_momentum,2023-09-01,NKE,0.0
equity_sentiment_momentum,2023-10-02,NKE,0.0
equity_sentiment_momentum,2023-11-01,NKE,-0.06
equity_sentiment_momentum,2023-12-01,NKE,0.0
equity_sentiment_momentum,2022-01-03,NUE,0.06
equity_sentiment_momentum,2022-02-01,NUE,0.0
equity_sentiment_momentum,2022-03-01,NUE,0.0
equity_sentiment_momentum,2022-04-01,NUE,0.0
equity_sentiment_momentum,2022-05-02,NUE,0.0
equity_sentiment_momentum,2022-06-01,NUE,0.0
equity_sentiment_momentum,2022-07-01,NUE,0.06
equity_sentiment_momentum,2022-08-01,NUE,0.06
equity_sentiment_momentum,2022-09-01,NUE,-0.06
equity_sentiment_momentum,2022-10-03,NUE,-0.06
equity_sentiment_momentum,2022-11-01,NUE,0.06
equity_sentiment_momentum,2022-12-01,NUE,0.0
equity_sentiment_momentum,2023-01-03,NUE,0.06
equity_sentiment_momentum,2023-02-01,NUE,0.0
equity_sentiment_momentum,2023-03-01,NUE,0.0
equity_sentiment_momentum,2023-04-03,NUE,0.06
equity_sentiment_momentum,2023-05-01,NUE,-0.06
equity_sentiment_momentum,2023-06-01,NUE,-0.06
equity_sentiment_momentum,2023-07-03,NUE,0.0
equity_sentiment_momentum,2023-08-01,NUE,-0.06
equity_sentiment_momentum,2023-09-01,NUE,0.06
equity_sentiment_momentum,2023-10-02,NUE,0.06
equity_sentiment_momentum,2023-11-01,NUE,-0.06
equity_sentiment_momentum,2023-12-01,NUE,0.06
equity_sentiment_momentum,2022-01-03,NVDA,0.0
equity_sentiment_momentum,2022-02-01,NVDA,0.0
equity_sentiment_momentum,2022-03-01,NVDA,0.0
equity_sentiment_momentum,2022-04-01,NVDA,0.0
equity_sentiment_momentum,2022-05-02,NVDA,0.0
equity_sentiment_momentum,2022-06-01,NVDA,0.0
equity_sentiment_momentum,2022-07-01,NVDA,0.0
equity_sentiment_momentum,2022-08-01,NVDA,0.0
equity_sentiment_momentum,2022-09-01,NVDA,-0.06
equity_sentiment_momentum,2022-10-03,NVDA,0.0
equity_sentiment_momentum,2022-11-01,NVDA,-0.06
equity_sentiment_momentum,2022-12-01,NVDA,-0.06
equity_sentiment_momentum,2023-01-03,NVDA,0.0
equity_sentiment_momentum,2023-02-01,NVDA,0.0
equity_sentiment_momentum,2023-03-01,NVDA,0.0
equity_sentiment_momentum,2023-04-03,NVDA,0.0
equity_sentiment_momentum,2023-05-01,NVDA,0.0
equity_sentiment_momentum,2023-06-01,NVDA,0.0
equity_sentiment_momentum,2023-07-03,NVDA,0.0
equity_sentiment_momentum,2023-08-01,NVDA,0.0
equity_sentiment_momentum,2023-09-01,NVDA,0.0
equity_sentiment_momentum,2023-10-02,NVDA,0.0
equity_sentiment_momentum,2023-11-01,NVDA,0.0
equity_sentiment_momentum,2023-12-01,NVDA,0.06
equity_sentiment_momentum,2022-01-03,O,0.0
equity_sentiment_momentum,2022-02-01,O,0.0
equity_sentiment_momentum,2022-03-01,O,0.06
equity_sentiment_momentum,2022-04-01,O,0.0
equity_sentiment_momentum,2022-05-02,O,0.0
equity_sentiment_momentum,2022-06-01,O,0.06
equity_sentiment_momentum,2022-07-01,O,0.06
equity_sentiment_momentum,2022-08-01,O,0.06
equity_sentiment_momentum,2022-09-01,O,0.06
equity_sentiment_momentum,2022-10-03,O,0.06
equity_sentiment_momentum,2022-11-01,O,0.06
equity_sentiment_momentum,2022-12-01,O,0.0
equity_sentiment_momentum,2023-01-03,O,0.06
equity_sentiment_momentum,2023-02-01,O,0.06
equity_sentiment_momentum,2023-03-01,O,0.0
equity_sentiment_momentum,2023-04-03,O,0.06
equity_sentiment_momentum,2023-05-01,O,0.06
equity_sentiment_momentum,2023-06-01,O,0.06
equity_sentiment_momentum,2023-07-03,O,0.0
equity_sentiment_momentum,2023-08-01,O,0.06
equity_sentiment_momentum,2023-09-01,O,0.0
equity_sentiment_momentum,2023-10-02,O,0.0
equity_sentiment_momentum,2023-11-01,O,0.06
equity_sentiment_momentum,2023-12-01,O,0.06
equity_sentiment_momentum,2022-01-03,OXY,-0.06
equity_sentiment_momentum,2022-02-01,OXY,-0.06
equity_sentiment_momentum,2022-03-01,OXY,0.06
equity_sentiment_momentum,2022-04-01,OXY,0.0
equity_sentiment_momentum,2022-05-02,OXY,0.06
equity_sentiment_momentum,2022-06-01,OXY,0.06
equity_sentiment_momentum,2022-07-01,OXY,0.0
equity_sentiment_momentum,2022-08-01,OXY,0.0
equity_sentiment_momentum,2022-09-01,OXY,0.0
equity_sentiment_momentum,2022-10-03,OXY,0.0
equity_sentiment_momentum,2022-11-01,OXY,-0.06
equity_sentiment_momentum,2022-12-01,OXY,0.0
equity_sentiment_momentum,2023-01-03,OXY,0.0
equity_sentiment_momentum,2023-02-01,OXY,0.0
equity_sentiment_momentum,2023-03-01,OXY,0.0
equity_sentiment_momentum,2023-04-03,OXY,0.0
equity_sentiment_momentum,2023-05-01,OXY,0.0
equity_sentiment_momentum,2023-06-01,OXY,0.0
equity_sentiment_momentum,2023-07-03,OXY,0.0
equity_sentiment_momentum,2023-08-01,OXY,0.06
equity_sentiment_momentum,2023-09-01,OXY,0.06
equity_sentiment_momentum,2023-10-02,OXY,0.0
equity_sentiment_momentum,2023-11-01,OXY,0.0
equity_sentiment_momentum,2023-12-01,OXY,0.0
equity_sentiment_momentum,2022-01-03,PLD,-0.06
equity_sentiment_momentum,2022-02-01,PLD,0.0
equity_sentiment_momentum,2022-03-01,PLD,0.0
equity_sentiment_momentum,2022-04-01,PLD,0.0
equity_sentiment_momentum,2022-05-02,PLD,0.06
equity_sentiment_momentum,2022-06-01,PLD,0.0
equity_sentiment_momentum,2022-07-01,PLD,0.0
equity_sentiment_momentum,2022-08-01,PLD,0.06
equity_sentiment_momentum,2022-09-01,PLD,0.0
equity_sentiment_momentum,2022-10-03,PLD,-0.06
equity_sentiment_momentum,2022-11-01,PLD,0.06
equity_sentiment_momentum,2022-12-01,PLD,0.06
equity_sentiment_momentum,2023-01-03,PLD,0.06
equity_sentiment_momentum,2023-02-01,PLD,0.0
equity_sentiment_momentum,2023-03-01,PLD,0.0
equity_sentiment_momentum,2023-04-03,PLD,-0.06
equity_sentiment_momentum,2023-05-01,PLD,-0.06
equity_sentiment_momentum,2023-06-01,PLD,0.06
equity_sentiment_momentum,2023-07-03,PLD,0.0
equity_sentiment_momentum,2023-08-01,PLD,0.06
equity_sentiment_momentum,2023-09-01,PLD,0.06
equity_sentiment_momentum,2023-10-02,PLD,0.06
equity_sentiment_momentum,2023-11-01,PLD,0.06
equity_sentiment_momentum,2023-12-01,PLD,0.0
equity_sentiment_momentum,2022-01-03,PSA,0.0
equity_sentiment_momentum,2022-02-01,PSA,0.06
equity_sentiment_momentum,2022-03-01,PSA,0.06
equity_sentiment_momentum,2022-04-01,PSA,0.0
equity_sentiment_momentum,2022-05-02,PSA,-0.06
equity_sentiment_momentum,2022-06-01,PSA,0.0
equity_sentiment_momentum,2022-07-01,PSA,-0.06
equity_sentiment_momentum,2022-08-01,PSA,0.0
equity_sentiment_momentum,2022-09-01,PSA,-0.06
equity_sentiment_momentum,2022-10-03,PSA,0.06
equity_sentiment_momentum,2022-11-01,PSA,0.0
equity_sentiment_momentum,2022-12-01,PSA,0.06
equity_sentiment_momentum,2023-01-03,PSA,0.06
equity_sentiment_momentum,2023-02-01,PSA,0.06
equity_sentiment_momentum,2023-03-01,PSA,0.0
equity_sentiment_momentum,2023-04-03,PSA,0.06
equity_sentiment_momentum,2023-05-01,PSA,0.0
equity_sentiment_momentum,2023-06-01,PSA,0.06
equity_sentiment_momentum,2023-07-03,PSA,0.06
equity_sentiment_momentum,2023-08-01,PSA,0.0
equity_sentiment_momentum,2023-09-01,PSA,0.0
equity_sentiment_momentum,2023-10-02,PSA,0.06
equity_sentiment_momentum,2023-11-01,PSA,0.0
equity_sentiment_momentum,2023-12-01,PSA,-0.06
equity_sentiment_momentum,2022-01-03,QCOM,0.0
equity_sentiment_momentum,2022-02-01,QCOM,0.0
equity_sentiment_momentum,2022-03-01,QCOM,0.06
equity_sentiment_momentum,2022-04-01,QCOM,0.0
equity_sentiment_momentum,2022-05-02,QCOM,0.0
equity_sentiment_momentum,2022-06-01,QCOM,0.0
equity_sentiment_momentum,2022-07-01,QCOM,0.0
equity_sentiment_momentum,2022-08-01,QCOM,0.0
equity_sentiment_momentum,2022-09-01,QCOM,0.06
equity_sentiment_momentum,2022-10-03,QCOM,0.0
equity_sentiment_momentum,2022-11-01,QCOM,-0.06
equity_sentiment_momentum,2022-12-01,QCOM,-0.06
equity_sentiment_momentum,2023-01-03,QCOM,-0.06
equity_sentiment_momentum,2023-02-01,QCOM,0.0
equity_sentiment_momentum,2023-03-01,QCOM,-0.06
equity_sentiment_momentum,2023-04-03,QCOM,0.0
equity_sentiment_momentum,2023-05-01,QCOM,0.0
equity_sentiment_momentum,2023-06-01,QCOM,0.0
equity_sentiment_momentum,2023-07-03,QCOM,0.0
equity_sentiment_momentum,2023-08-01,QCOM,0.0
equity_sentiment_momentum,2023-09-01,QCOM,0.0
equity_sentiment_momentum,2023-10-02,QCOM,-0.06
equity_sentiment_momentum,2023-11-01,QCOM,-0.06
equity_sentiment_momentum,2023-12-01,QCOM,0.0
equity_sentiment_momentum,2022-01-03,SBUX,-0.06
equity_sentiment_momentum,2022-02-01,SBUX,0.0
equity_sentiment_momentum,2022-03-01,SBUX,-0.06
equity_sentiment_momentum,2022-04-01,SBUX,0.0
equity_sentiment_momentum,2022-05-02,SBUX,0.0
equity_sentiment_momentum,2022-06-01,SBUX,0.0
equity_sentiment_momentum,2022-07-01,SBUX,0.0
equity_sentiment_momentum,2022-08-01,SBUX,0.0
equity_sentiment_momentum,2022-09-01,SBUX,0.0
equity_sentiment_momentum,2022-10-03,SBUX,0.0
equity_sentiment_momentum,2022-11-01,SBUX,0.0
equity_sentiment_momentum,2022-12-01,SBUX,0.0
equity_sentiment_momentum,2023-01-03,SBUX,0.0
equity_sentiment_momentum,2023-02-01,SBUX,0.0
equity_sentiment_momentum,2023-03-01,SBUX,0.0
equity_sentiment_momentum,2023-04-03,SBUX,0.0
equity_sentiment_momentum,2023-05-01,SBUX,0.0
equity_sentiment_momentum,2023-06-01,SBUX,-0.06
equity_sentiment_momentum,2023-07-03,SBUX,0.0
equity_sentiment_momentum,2023-08-01,SBUX,0.0
equity_sentiment_momentum,2023-09-01,SBUX,0.0
equity_sentiment_momentum,2023-10-02,SBUX,0.0
equity_sentiment_momentum,2023-11-01,SBUX,0.0
equity_sentiment_momentum,2023-12-01,SBUX,-0.06
equity_sentiment_momentum,2022-01-03,SHW,0.0
equity_sentiment_momentum,2022-02-01,SHW,0.0
equity_sentiment_momentum,2022-03-01,SHW,0.0
equity_sentiment_momentum,2022-04-01,SHW,-0.06
equity_sentiment_momentum,2022-05-02,SHW,0.0
equity_sentiment_momentum,2022-06-01,SHW,-0.06
equity_sentiment_momentum,2022-07-01,SHW,0.06
equity_sentiment_momentum,2022-08-01,SHW,-0.06
equity_sentiment_momentum,2022-09-01,SHW,-0.06
equity_sentiment_momentum,2022-10-03,SHW,0.0
equity_sentiment_momentum,2022-11-01,SHW,0.0
equity_sentiment_momentum,2022-12-01,SHW,-0.06
equity_sentiment_momentum,2023-01-03,SHW,-0.06
equity_sentiment_momentum,2023-02-01,SHW,0.0
equity_sentiment_momentum,2023-03-01,SHW,-0.06
equity_sentiment_momentum,2023-04-03,SHW,0.06
equity_sentiment_momentum,2023-05-01,SHW,0.06
equity_sentiment_momentum,2023-06-01,SHW,0.06
equity_sentiment_momentum,2023-07-03,SHW,0.0
equity_sentiment_momentum,2023-08-01,SHW,0.0
equity_sentiment_momentum,2023-09-01,SHW,0.06
equity_sentiment_momentum,2023-10-02,SHW,0.06
equity_sentiment_momentum,2023-11-01,SHW,0.0
equity_sentiment_momentum,2023-12-01,SHW,0.06
equity_sentiment_momentum,2022-01-03,SLB,0.0
equity_sentiment_momentum,2022-02-01,SLB,0.06
equity_sentiment_momentum,2022-03-01,SLB,0.0
equity_sentiment_momentum,2022-04-01,SLB,0.0
equity_sentiment_momentum,2022-05-02,SLB,0.0
equity_sentiment_momentum,2022-06-01,SLB,0.0
equity_sentiment_momentum,2022-07-01,SLB,0.0
equity_sentiment_momentum,2022-08-01,SLB,0.0
equity_sentiment_momentum,2022-09-01,SLB,-0.06
equity_sentiment_momentum,2022-10-03,SLB,0.0
equity_sentiment_momentum,2022-11-01,SLB,0.0
equity_sentiment_momentum,2022-12-01,SLB,0.0
equity_sentiment_momentum,2023-01-03,SLB,0.0
equity_sentiment_momentum,2023-02-01,SLB,0.0
equity_sentiment_momentum,2023-03-01,SLB,0.0
equity_sentiment_momentum,2023-04-03,SLB,0.0
equity_sentiment_momentum,2023-05-01,SLB,0.0
equity_sentiment_momentum,2023-06-01,SLB,0.0
equity_sentiment_momentum,2023-07-03,SLB,-0.06
equity_sentiment_momentum,2023-08-01,SLB,0.0
equity_sentiment_momentum,2023-09-01,SLB,-0.06
equity_sentiment_momentum,2023-10-02,SLB,0.06
equity_sentiment_momentum,2023-11-01,SLB,-0.06
equity_sentiment_momentum,2023-12-01,SLB,-0.06
equity_sentiment_momentum,2022-01-03,SO,0.06
equity_sentiment_momentum,2022-02-01,SO,0.06
equity_sentiment_momentum,2022-03-01,SO,0.0
equity_sentiment_momentum,2022-04-01,SO,0.06
equity_sentiment_momentum,2022-05-02,SO,0.06
equity_sentiment_momentum,2022-06-01,SO,-0.06
equity_sentiment_momentum,2022-07-01,SO,0.0
equity_sentiment_momentum,2022-08-01,SO,0.06
equity_sentiment_momentum,2022-09-01,SO,0.0
equity_sentiment_momentum,2022-10-03,SO,0.06
equity_sentiment_momentum,2022-11-01,SO,0.0
equity_sentiment_momentum,2022-12-01,SO,0.0
equity_sentiment_momentum,2023-01-03,SO,-0.06
equity_sentiment_momentum,2023-02-01,SO,0.0
equity_sentiment_momentum,2023-03-01,SO,-0.06
equity_sentiment_momentum,2023-04-03,SO,0.06
equity_sentiment_momentum,2023-05-01,SO,0.0
equity_sentiment_momentum,2023-06-01,SO,0.0
equity_sentiment_momentum,2023-07-03,SO,0.06
equity_sentiment_momentum,2023-08-01,SO,0.0
equity_sentiment_momentum,2023-09-01,SO,0.0
equity_sentiment_momentum,2023-10-02,SO,0.0
equity_sentiment_momentum,2023-11-01,SO,0.06
equity_sentiment_momentum,2023-12-01,SO,0.06
equity_sentiment_momentum,2022-01-03,T,0.0
equity_sentiment_momentum,2022-02-01,T,0.0
equity_sentiment_momentum,2022-03-01,T,0.0
equity_sentiment_momentum,2022-04-01,T,0.06
equity_sentiment_momentum,2022-05-02,T,0.0
equity_sentiment_momentum,2022-06-01,T,0.0
equity_sentiment_momentum,2022-07-01,T,0.0
equity_sentiment_momentum,2022-08-01,T,-0.06
equity_sentiment_momentum,2022-09-01,T,0.0
equity_sentiment_momentum,2022-10-03,T,0.06
equity_sentiment_momentum,2022-11-01,T,0.0
equity_sentiment_momentum,2022-12-01,T,0.0
equity_sentiment_momentum,2023-01-03,T,0.0
equity_sentiment_momentum,2023-02-01,T,0.0
equity_sentiment_momentum,2023-03-01,T,0.0
equity_sentiment_momentum,2023-04-03,T,0.06
equity_sentiment_momentum,2023-05-01,T,0.0
equity_sentiment_momentum,2023-06-01,T,0.06
equity_sentiment_momentum,2023-07-03,T,0.0
equity_sentiment_momentum,2023-08-01,T,0.0
equity_sentiment_momentum,2023-09-01,T,0.0
equity_sentiment_momentum,2023-10-02,T,0.06
equity_sentiment_momentum,2023-11-01,T,0.0
equity_sentiment_momentum,2023-12-01,T,0.0
equity_sentiment_momentum,2022-01-03,TMUS,0.0
equity_sentiment_momentum,2022-02-01,TMUS,-0.06
equity_sentiment_momentum,2022-03-01,TMUS,0.06
equity_sentiment_momentum,2022-04-01,TMUS,0.0
equity_sentiment_momentum,2022-05-02,TMUS,0.0
equity_sentiment_momentum,2022-06-01,TMUS,0.0
equity_sentiment_momentum,2022-07-01,TMUS,0.0
equity_sentiment_momentum,2022-08-01,TMUS,-0.06
equity_sentiment_momentum,2022-09-01,TMUS,0.0
equity_sentiment_momentum,2022-10-03,TMUS,0.0
equity_sentiment_momentum,2022-11-01,TMUS,0.06
equity_sentiment_momentum,2022-12-01,TMUS,0.0
equity_sentiment_momentum,2023-01-03,TMUS,-0.06
equity_sentiment_momentum,2023-02-01,TMUS,0.06
equity_sentiment_momentum,2023-03-01,TMUS,0.0
equity_sentiment_momentum,2023-04-03,TMUS,0.0
equity_sentiment_momentum,2023-05-01,TMUS,-0.06
equity_sentiment_momentum,2023-06-01,TMUS,0.0
equity_sentiment_momentum,2023-07-03,TMUS,-0.06
equity_sentiment_momentum,2023-08-01,TMUS,0.0
equity_sentiment_momentum,2023-09-01,TMUS,0.0
equity_sentiment_momentum,2023-10-02,TMUS,0.0
equity_sentiment_momentum,2023-11-01,TMUS,0.0
equity_sentiment_momentum,2023-12-01,TMUS,-0.06
equity_sentiment_momentum,2022-01-03,TTWO,-0.06
equity_sentiment_momentum,2022-02-01,TTWO,0.0
equity_sentiment_momentum,2022-03-01,TTWO,0.0
equity_sentiment_momentum,2022-04-01,TTWO,-0.06
equity_sentiment_momentum,2022-05-02,TTWO,0.0
equity_sentiment_momentum,2022-06-01,TTWO,0.0
equity_sentiment_momentum,2022-07-01,TTWO,-0.06
equity_sentiment_momentum,2022-08-01,TTWO,-0.06
equity_sentiment_momentum,2022-09-01,TTWO,0.0
equity_sentiment_momentum,2022-10-03,TTWO,0.0
equity_sentiment_momentum,2022-11-01,TTWO,0.0
equity_sentiment_momentum,2022-12-01,TTWO,0.06
equity_sentiment_momentum,2023-01-03,TTWO,-0.06
equity_sentiment_momentum,2023-02-01,TTWO,-0.06
equity_sentiment_momentum,2023-03-01,TTWO,0.0
equity_sentiment_momentum,2023-04-03,TTWO,-0.06
equity_sentiment_momentum,2023-05-01,TTWO,0.0
equity_sentiment_momentum,2023-06-01,TTWO,-0.06
equity_sentiment_momentum,2023-07-03,TTWO,0.0
equity_sentiment_momentum,2023-08-01,TTWO,-0.06
equity_sentiment_momentum,2023-09-01,TTWO,-0.06
equity_sentiment_momentum,2023-10-02,TTWO,0.0
equity_sentiment_momentum,2023-11-01,TTWO,0.0
equity_sentiment_momentum,2023-12-01,TTWO,-0.06
equity_sentiment_momentum,2022-01-03,UPS,0.0
equity_sentiment_momentum,2022-02-01,UPS,0.06
equity_sentiment_momentum,2022-03-01,UPS,-0.06
equity_sentiment_momentum,2022-04-01,UPS,0.06
equity_sentiment_momentum,2022-05-02,UPS,0.0
equity_sentiment_momentum,2022-06-01,UPS,0.0
equity_sentiment_momentum,2022-07-01,UPS,0.0
equity_sentiment_momentum,2022-08-01,UPS,0.0
equity_sentiment_momentum,2022-09-01,UPS,0.0
equity_sentiment_momentum,2022-10-03,UPS,0.06
equity_sentiment_momentum,2022-11-01,UPS,0.0
equity_sentiment_momentum,2022-12-01,UPS,0.0
equity_sentiment_momentum,2023-01-03,UPS,0.0
equity_sentiment_momentum,2023-02-01,UPS,0.0
equity_sentiment_momentum,2023-03-01,UPS,0.0
equity_sentiment_momentum,2023-04-03,UPS,0.0
equity_sentiment_momentum,2023-05-01,UPS,0.0
equity_sentiment_momentum,2023-06-01,UPS,0.06
equity_sentiment_momentum,2023-07-03,UPS,-0.06
equity_sentiment_momentum,2023-08-01,UPS,0.0
equity_sentiment_momentum,2023-09-01,UPS,-0.06
equity_sentiment_momentum,2023-10-02,UPS,0.06
equity_sentiment_momentum,2023-11-01,UPS,0.0
equity_sentiment_momentum,2023-12-01,UPS,0.0
equity_sentiment_momentum,2022-01-03,USB,0.06
equity_sentiment_momentum,2022-02-01,USB,0.0
equity_sentiment_momentum,2022-03-01,USB,0.0
equity_sentiment_momentum,2022-04-01,USB,0.0
equity_sentiment_momentum,2022-05-02,USB,-0.06
equity_sentiment_momentum,2022-06-01,USB,0.0
equity_sentiment_momentum,2022-07-01,USB,0.06
equity_sentiment_momentum,2022-08-01,USB,0.0
equity_sentiment_momentum,2022-09-01,USB,0.0
equity_sentiment_momentum,2022-10-03,USB,0.06
equity_sentiment_momentum,2022-11-01,USB,0.06
equity_sentiment_momentum,2022-12-01,USB,0.06
equity_sentiment_momentum,2023-01-03,USB,0.0
equity_sentiment_momentum,2023-02-01,USB,0.0
equity_sentiment_momentum,2023-03-01,USB,-0.06
equity_sentiment_momentum,2023-04-03,USB,0.0
equity_sentiment_momentum,2023-05-01,USB,0.0
equity_sentiment_momentum,2023-06-01,USB,0.0
equity_sentiment_momentum,2023-07-03,USB,-0.06
equity_sentiment_momentum,2023-08-01,USB,-0.06
equity_sentiment_momentum,2023-09-01,USB,0.0
equity_sentiment_momentum,2023-10-02,USB,0.0
equity_sentiment_momentum,2023-11-01,USB,-0.06
equity_sentiment_momentum,2023-12-01,USB,0.0
equity_sentiment_momentum,2022-01-03,V,0.0
equity_sentiment_momentum,2022-02-01,V,0.0
equity_sentiment_momentum,2022-03-01,V,0.06
equity_sentiment_momentum,2022-04-01,V,0.0
equity_sentiment_momentum,2022-05-02,V,0.06
equity_sentiment_momentum,2022-06-01,V,0.0
equity_sentiment_momentum,2022-07-01,V,0.06
equity_sentiment_momentum,2022-08-01,V,0.0
equity_sentiment_momentum,2022-09-01,V,0.0
equity_sentiment_momentum,2022-10-03,V,0.0
equity_sentiment_momentum,2022-11-01,V,0.0
equity_sentiment_momentum,2022-12-01,V,0.0
equity_sentiment_momentum,2023-01-03,V,0.0
equity_sentiment_momentum,2023-02-01,V,0.06
equity_sentiment_momentum,2023-03-01,V,0.06
equity_sentiment_momentum,2023-04-03,V,0.0
equity_sentiment_momentum,2023-05-01,V,0.0
equity_sentiment_momentum,2023-06-01,V,0.0
equity_sentiment_momentum,2023-07-03,V,0.0
equity_sentiment_momentum,2023-08-01,V,0.06
equity_sentiment_momentum,2023-09-01,V,-0.06
equity_sentiment_momentum,2023-10-02,V,0.0
equity_sentiment_momentum,2023-11-01,V,0.0
equity_sentiment_momentum,2023-12-01,V,0.0
equity_sentiment_momentum,2022-01-03,WFC,0.0
equity_sentiment_momentum,2022-02-01,WFC,0.06
equity_sentiment_momentum,2022-03-01,WFC,-0.06
equity_sentiment_momentum,2022-04-01,WFC,0.0
equity_sentiment_momentum,2022-05-02,WFC,0.0
equity_sentiment_momentum,2022-06-01,WFC,0.06
equity_sentiment_momentum,2022-07-01,WFC,0.0
equity_sentiment_momentum,2022-08-01,WFC,0.0
equity_sentiment_momentum,2022-09-01,WFC,0.06
equity_sentiment_momentum,2022-10-03,WFC,0.0
equity_sentiment_momentum,2022-11-01,WFC,0.0
equity_sentiment_momentum,2022-12-01,WFC,0.06
equity_sentiment_momentum,2023-01-03,WFC,0.0
equity_sentiment_momentum,2023-02-01,WFC,0.0
equity_sentiment_momentum,2023-03-01,WFC,0.0
equity_sentiment_momentum,2023-04-03,WFC,-0.06
equity_sentiment_momentum,2023-05-01,WFC,0.0
equity_sentiment_momentum,2023-06-01,WFC,0.0
equity_sentiment_momentum,2023-07-03,WFC,0.0
equity_sentiment_momentum,2023-08-01,WFC,0.0
equity_sentiment_momentum,2023-09-01,WFC,-0.06
equity_sentiment_momentum,2023-10-02,WFC,0.0
equity_sentiment_momentum,2023-11-01,WFC,0.06
equity_sentiment_momentum,2023-12-01,WFC,-0.06
equity_sentiment_momentum,2022-01-03,WMT,0.0
equity_sentiment_momentum,2022-02-01,WMT,0.0
equity_sentiment_momentum,2022-03-01,WMT,0.0
equity_sentiment_momentum,2022-04-01,WMT,-0.06
equity_sentiment_momentum,2022-05-02,WMT,0.0
equity_sentiment_momentum,2022-06-01,WMT,0.0
equity_sentiment_momentum,2022-07-01,WMT,0.0
equity_sentiment_momentum,2022-08-01,WMT,-0.06
equity_sentiment_momentum,2022-09-01,WMT,0.0
equity_sentiment_momentum,2022-10-03,WMT,0.0
equity_sentiment_momentum,2022-11-01,WMT,0.0
equity_sentiment_momentum,2022-12-01,WMT,0.0
equity_sentiment_momentum,2023-01-03,WMT,-0.06
equity_sentiment_momentum,2023-02-01,WMT,0.0
equity_sentiment_momentum,2023-03-01,WMT,-0.06
equity_sentiment_momentum,2023-04-03,WMT,-0.06
equity_sentiment_momentum,2023-05-01,WMT,-0.06
equity_sentiment_momentum,2023-06-01,WMT,0.0
equity_sentiment_momentum,2023-07-03,WMT,0.0
equity_sentiment_momentum,2023-08-01,WMT,0.0
equity_sentiment_momentum,2023-09-01,WMT,0.0
equity_sentiment_momentum,2023-10-02,WMT,0.0
equity_sentiment_momentum,2023-11-01,WMT,0.0
equity_sentiment_momentum,2023-12-01,WMT,0.0
equity_sentiment_momentum,2022-01-03,XOM,-0.06
equity_sentiment_momentum,2022-02-01,XOM,0.0
equity_sentiment_momentum,2022-03-01,XOM,0.0
equity_sentiment_momentum,2022-04-01,XOM,0.06
equity_sentiment_momentum,2022-05-02,XOM,0.0
equity_sentiment_momentum,2022-06-01,XOM,0.0
equity_sentiment_momentum,2022-07-01,XOM,0.0
equity_sentiment_momentum,2022-08-01,XOM,0.0
equity_sentiment_momentum,2022-09-01,XOM,0.0
equity_sentiment_momentum,2022-10-03,XOM,-0.06
equity_sentiment_momentum,2022-11-01,XOM,0.0
equity_sentiment_momentum,2022-12-01,XOM,0.0
equity_sentiment_momentum,2023-01-03,XOM,0.0
equity_sentiment_momentum,2023-02-01,XOM,0.0
equity_sentiment_momentum,2023-03-01,XOM,0.0
equity_sentiment_momentum,2023-04-03,XOM,0.0
equity_sentiment_momentum,2023-05-01,XOM,0.0
equity_sentiment_momentum,2023-06-01,XOM,0.0
equity_sentiment_momentum,2023-07-03,XOM,-0.06
equity_sentiment_momentum,2023-08-01,XOM,0.0
equity_sentiment_momentum,2023-09-01,XOM,0.0
equity_sentiment_momentum,2023-10-02,XOM,0.0
equity_sentiment_momentum,2023-11-01,XOM,0.0
equity_sentiment_momentum,2023-12-01,XOM,0.0
