date,sector,sentiment
2020-01-02,Comm,0.0
2020-01-03,Comm,0.108544
2020-01-06,Comm,0.05008999999999999
2020-01-07,Comm,0.11164416666666668
2020-01-08,Comm,0.20092
2020-01-09,Comm,0.158802
2020-01-10,Comm,0.2042
2020-01-13,Comm,0.027049999999999998
2020-01-14,Comm,0.011035833333333333
2020-01-15,Comm,0.050493333333333335
2020-01-16,Comm,0.002228333333333332
2020-01-17,Comm,0.1274
2020-01-21,Comm,0.035460000000000005
2020-01-22,Comm,-0.025905
2020-01-23,Comm,0.10965
2020-01-24,Comm,0.2003545714285714
2020-01-27,Comm,0.1149091515151515
2020-01-28,Comm,-0.039868
2020-01-29,Comm,0.04788999999999999
2020-01-30,Comm,0.303237
2020-01-31,Comm,0.003610000000000002
2020-02-03,Comm,-0.18560363636363636
2020-02-04,Comm,0.15905249999999999
2020-02-05,Comm,0.12472799999999998
2020-02-06,Comm,-0.008531666666666665
2020-02-07,Comm,0.1327347619047619
2020-02-10,Comm,0.029212
2020-02-11,Comm,0.0841
2020-02-12,Comm,-0.02307552941176471
2020-02-13,Comm,0.1562627777777778
2020-02-14,Comm,0.08353214285714286
2020-02-18,Comm,0.12248
2020-02-19,Comm,0.1507905714285714
2020-02-20,Comm,0.06981166666666666
2020-02-21,Comm,0.0329375
2020-02-24,Comm,-0.0049633333333333335
2020-02-25,Comm,0.02471
2020-02-26,Comm,0.11878666666666667
2020-02-27,Comm,0.11339999999999999
2020-02-28,Comm,0.17224
2020-03-02,Comm,-0.06714857142857142
2020-03-03,Comm,0.09958666666666667
2020-03-04,Comm,0.048622000000000005
2020-03-05,Comm,0.09035333333333333
2020-03-06,Comm,0.2510816666666667
2020-03-09,Comm,0.028324999999999996
2020-03-10,Comm,0.007132619047619049
2020-03-11,Comm,-0.02612933333333332
2020-03-12,Comm,0.009895999999999993
2020-03-13,Comm,-0.007343999999999995
2020-03-16,Comm,0.08226599999999999
2020-03-17,Comm,-0.018139111111111116
2020-03-18,Comm,0.050254666666666684
2020-03-19,Comm,-0.04991499999999999
2020-03-20,Comm,0.009914999999999997
2020-03-23,Comm,-0.032575
2020-03-24,Comm,0.17937546753246753
2020-03-25,Comm,0.1771579047619048
2020-03-26,Comm,0.2752846666666667
2020-03-27,Comm,0.14567999999999998
2020-03-30,Comm,0.160804
2020-03-31,Comm,0.20253799999999997
2020-04-01,Comm,0.15649666666666667
2020-04-02,Comm,0.056940000000000004
2020-04-03,Comm,-0.09720666666666668
2020-04-06,Comm,0.20229380952380954
2020-04-07,Comm,0.2591833333333333
2020-04-08,Comm,0.17149878787878786
2020-04-09,Comm,0.03339866666666667
2020-04-13,Comm,-0.03428166666666666
2020-04-14,Comm,0.05864666666666668
2020-04-15,Comm,0.23603276190476188
2020-04-16,Comm,0.11775533333333335
2020-04-17,Comm,0.22839133333333334
2020-04-20,Comm,0.10317266666666666
2020-04-21,Comm,0.061194999999999986
2020-04-22,Comm,0.07571833333333336
2020-04-23,Comm,0.18536552380952384
2020-04-24,Comm,0.11521111111111108
2020-04-27,Comm,0.006061818181818183
2020-04-28,Comm,0.08948075757575757
2020-04-29,Comm,0.13594974747474747
2020-04-30,Comm,0.05806063492063492
2020-05-01,Comm,0.026888750000000006
2020-05-04,Comm,-0.020373000000000002
2020-05-05,Comm,0.07259377777777778
2020-05-06,Comm,0.12358642857142858
2020-05-07,Comm,-0.03459066666666668
2020-05-08,Comm,0.13003133333333333
2020-05-11,Comm,0.175604
2020-05-12,Comm,0.19376761904761905
2020-05-13,Comm,0.087659
2020-05-14,Comm,0.034409999999999996
2020-05-15,Comm,0.19511333333333333
2020-05-18,Comm,0.17534166666666665
2020-05-19,Comm,0.16822466666666666
2020-05-20,Comm,0.11496214285714286
2020-05-21,Comm,0.1051707619047619
2020-05-22,Comm,0.07500499999999997
2020-05-26,Comm,-0.15123999999999999
2020-05-27,Comm,0.20046766666666666
2020-05-28,Comm,0.23812083333333334
2020-05-29,Comm,0.039864666666666666
2020-06-01,Comm,0.09648799999999999
2020-06-02,Comm,0.15057885714285715
2020-06-03,Comm,0.18232333333333334
2020-06-04,Comm,-0.07478333333333334
2020-06-05,Comm,0.14808
2020-06-08,Comm,0.069575
2020-06-09,Comm,0.21491249999999998
2020-06-10,Comm,-0.09836666666666667
2020-06-11,Comm,-0.11717
2020-06-12,Comm,0.10966999999999998
2020-06-15,Comm,0.004293333333333335
2020-06-16,Comm,0.02009999999999999
2020-06-17,Comm,0.09705888888888889
2020-06-18,Comm,0.126905
2020-06-19,Comm,0.006698
2020-06-22,Comm,0.11917933333333335
2020-06-23,Comm,0.14259333333333332
2020-06-24,Comm,0.13971833333333333
2020-06-25,Comm,0.10254848484848485
2020-06-26,Comm,0.06669466666666667
2020-06-29,Comm,0.14236500000000002
2020-06-30,Comm,0.05270641025641025
2020-07-01,Comm,0.08575714285714285
2020-07-02,Comm,-0.02988
2020-07-06,Comm,0.008765000000000002
2020-07-07,Comm,0.09715800000000001
2020-07-08,Comm,0.07395
2020-07-09,Comm,-0.10295000000000001
2020-07-10,Comm,0.096745
2020-07-13,Comm,0.0
2020-07-14,Comm,0.030293333333333332
2020-07-15,Comm,0.015159999999999998
2020-07-16,Comm,0.03524
2020-07-17,Comm,0.15866
2020-07-20,Comm,-0.06667000000000001
2020-07-21,Comm,0.05347999999999999
2020-07-22,Comm,0.20515666666666665
2020-07-23,Comm,0.10203333333333334
2020-07-24,Comm,-0.11942
2020-07-27,Comm,0.12408749999999998
2020-07-28,Comm,0.06831000000000001
2020-07-29,Comm,0.081792
2020-07-30,Comm,0.011170000000000001
2020-07-31,Comm,0.095235
2020-08-03,Comm,0.12301999999999999
2020-08-04,Comm,0.259384
2020-08-05,Comm,0.10073384615384615
2020-08-06,Comm,0.13161
2020-08-07,Comm,0.14856285714285716
2020-08-10,Comm,0.048450564102564105
2020-08-11,Comm,0.25359
2020-08-12,Comm,0.09039666666666667
2020-08-13,Comm,0.083285
2020-08-14,Comm,0.053349999999999995
2020-08-17,Comm,-0.07316000000000002
2020-08-18,Comm,0.13130333333333333
2020-08-19,Comm,0.12908
2020-08-20,Comm,0.0
2020-08-21,Comm,0.087512
2020-08-24,Comm,0.03388666666666666
2020-08-25,Comm,0.015475
2020-08-26,Comm,0.03206666666666667
2020-08-27,Comm,0.090008
2020-08-28,Comm,0.04046
2020-08-31,Comm,0.04204666666666666
2020-09-01,Comm,0.11367333333333333
2020-09-02,Comm,0.07391
2020-09-03,Comm,0.1659733333333333
2020-09-04,Comm,0.06062285714285716
2020-09-08,Comm,0.10605666666666669
2020-09-09,Comm,0.169828
2020-09-10,Comm,0.11173999999999999
2020-09-11,Comm,0.03408
2020-09-14,Comm,-0.017320000000000002
2020-09-15,Comm,0.02890916666666667
2020-09-16,Comm,0.02247333333333333
2020-09-17,Comm,0.05297666666666667
2020-09-18,Comm,0.16131333333333334
2020-09-21,Comm,0.022365000000000003
2020-09-22,Comm,0.0803495
2020-09-23,Comm,0.1719
2020-09-24,Comm,0.07243
2020-09-25,Comm,0.077402
2020-09-28,Comm,-0.06860999999999999
2020-09-29,Comm,0.166648
2020-09-30,Comm,0.01014
2020-10-01,Comm,0.11545999999999998
2020-10-02,Comm,0.05630333333333333
2020-10-05,Comm,-0.09534000000000001
2020-10-06,Comm,0.07882249999999999
2020-10-07,Comm,0.06619
2020-10-08,Comm,0.15146
2020-10-09,Comm,-0.036134
2020-10-12,Comm,0.1250235714285714
2020-10-13,Comm,-0.007643939393939395
2020-10-14,Comm,-0.09223214285714286
2020-10-15,Comm,0.22627799999999998
2020-10-16,Comm,0.15818
2020-10-19,Comm,0.019084999999999998
2020-10-20,Comm,0.31414666666666663
2020-10-21,Comm,-0.00172
2020-10-22,Comm,0.02786666666666666
2020-10-23,Comm,0.011106666666666667
2020-10-26,Comm,0.155665
2020-10-27,Comm,0.2650645714285714
2020-10-28,Comm,0.0
2020-10-29,Comm,0.072636
2020-10-30,Comm,0.195912
2020-11-02,Comm,0.14100000000000001
2020-11-03,Comm,0.099129
2020-11-04,Comm,-0.07656333333333333
2020-11-05,Comm,0.06908333333333333
2020-11-06,Comm,0.029965
2020-11-09,Comm,0.09368144607843137
2020-11-10,Comm,0.16510838095238095
2020-11-11,Comm,0.019245000000000012
2020-11-12,Comm,-0.25927
2020-11-13,Comm,0.075015
2020-11-16,Comm,0.12373
2020-11-17,Comm,0.12414600000000002
2020-11-18,Comm,0.17171799999999998
2020-11-19,Comm,0.10184799999999998
2020-11-20,Comm,0.16733857142857142
2020-11-23,Comm,-0.055262500000000006
2020-11-24,Comm,0.048286666666666665
2020-11-25,Comm,0.12070333333333332
2020-11-27,Comm,0.068964
2020-11-30,Comm,0.2184
2020-12-01,Comm,0.06034666666666667
2020-12-02,Comm,0.08808
2020-12-03,Comm,-0.09878
2020-12-04,Comm,0.025114285714285717
2020-12-07,Comm,0.11168571428571428
2020-12-08,Comm,0.048331111111111116
2020-12-09,Comm,0.07878727272727273
2020-12-10,Comm,0.3053375
2020-12-11,Comm,0.1478825
2020-12-14,Comm,0.07069428571428571
2020-12-15,Comm,0.05818678571428572
2020-12-16,Comm,0.10014857142857143
2020-12-17,Comm,-0.00086
2020-12-18,Comm,0.010960000000000001
2020-12-21,Comm,0.005491999999999999
2020-12-22,Comm,0.06890733333333335
2020-12-23,Comm,-0.004289999999999997
2020-12-24,Comm,0.053525
2020-12-28,Comm,0.014635000000000004
2020-12-29,Comm,0.1871425
2020-12-30,Comm,0.096465
2020-12-31,Comm,0.11051
2021-01-04,Comm,0.05717428571428571
2021-01-05,Comm,0.023406666666666666
2021-01-06,Comm,0.06799166666666667
2021-01-07,Comm,0.11859428571428572
2021-01-08,Comm,0.20084999999999997
2021-01-11,Comm,-0.01032
2021-01-12,Comm,0.21846333333333331
2021-01-13,Comm,-0.054794999999999996
2021-01-14,Comm,-0.03224500000000001
2021-01-15,Comm,0.05655399999999999
2021-01-19,Comm,0.05194666666666666
2021-01-20,Comm,0.046827999999999995
2021-01-21,Comm,-0.2
2021-01-22,Comm,-0.05064933333333334
2021-01-25,Comm,0.080925
2021-01-26,Comm,0.07212190476190476
2021-01-27,Comm,-0.03489142857142858
2021-01-28,Comm,0.020566
2021-01-29,Comm,0.2099125
2021-02-01,Comm,0.09490000000000003
2021-02-02,Comm,0.41028666666666674
2021-02-03,Comm,0.17112
2021-02-04,Comm,0.0192
2021-02-05,Comm,0.07223666666666667
2021-02-08,Comm,0.062255000000000005
2021-02-09,Comm,-0.0032850000000000045
2021-02-10,Comm,0.04008285714285714
2021-02-11,Comm,-0.025609333333333338
2021-02-12,Comm,0.132055
2021-02-16,Comm,0.13756
2021-02-17,Comm,0.11588787878787879
2021-02-18,Comm,0.03556666666666667
2021-02-19,Comm,0.11711
2021-02-22,Comm,0.17068
2021-02-23,Comm,0.14765999999999999
2021-02-24,Comm,0.15094
2021-02-25,Comm,-0.025935714285714284
2021-02-26,Comm,0.006391111111111114
2021-03-01,Comm,0.10276
2021-03-02,Comm,0.013920000000000005
2021-03-03,Comm,0.16122
2021-03-04,Comm,0.08227599999999999
2021-03-05,Comm,0.15658
2021-03-08,Comm,0.09992533333333332
2021-03-09,Comm,-0.075042
2021-03-10,Comm,0.14426
2021-03-11,Comm,0.11135999999999999
2021-03-12,Comm,0.13181400000000001
2021-03-15,Comm,0.16217142857142858
2021-03-16,Comm,0.09089583333333333
2021-03-17,Comm,0.054228
2021-03-18,Comm,0.12437666666666666
2021-03-19,Comm,-0.005343333333333322
2021-03-22,Comm,0.12543666666666667
2021-03-23,Comm,0.038005
2021-03-24,Comm,0.015099999999999997
2021-03-25,Comm,0.17368999999999998
2021-03-26,Comm,-0.007635999999999999
2021-03-29,Comm,0.030724999999999992
2021-03-30,Comm,0.12863444444444444
2021-03-31,Comm,0.22037
2021-04-01,Comm,-0.00344
2021-04-05,Comm,0.069222
2021-04-06,Comm,0.34423666666666664
2021-04-07,Comm,0.08187428571428572
2021-04-08,Comm,0.031348
2021-04-09,Comm,0.23631333333333332
2021-04-12,Comm,0.030481000000000015
2021-04-13,Comm,-0.08259999999999998
2021-04-14,Comm,0.20046400000000003
2021-04-15,Comm,0.15785
2021-04-16,Comm,0.0024466666666666673
2021-04-19,Comm,0.12247
2021-04-20,Comm,-0.029885000000000002
2021-04-21,Comm,0.009451428571428572
2021-04-22,Comm,0.04996222222222223
2021-04-23,Comm,0.08092999999999999
2021-04-26,Comm,0.132672
2021-04-27,Comm,-0.005683333333333327
2021-04-28,Comm,0.09205333333333333
2021-04-29,Comm,0.22366999999999998
2021-04-30,Comm,0.146605
2021-05-03,Comm,0.11212
2021-05-04,Comm,0.15836666666666666
2021-05-05,Comm,0.27773
2021-05-06,Comm,0.18214733333333333
2021-05-07,Comm,0.010926666666666673
2021-05-10,Comm,0.13940666666666668
2021-05-11,Comm,-0.07687199999999998
2021-05-12,Comm,0.21469499999999994
2021-05-13,Comm,0.08705
2021-05-14,Comm,-0.00516
2021-05-17,Comm,-0.01032
2021-05-18,Comm,0.006367179487179492
2021-05-19,Comm,-0.006975333333333333
2021-05-20,Comm,0.023186
2021-05-21,Comm,0.139979
2021-05-24,Comm,0.3786614285714286
2021-05-25,Comm,-0.02507999999999999
2021-05-26,Comm,0.283312
2021-05-27,Comm,0.05809714285714286
2021-05-28,Comm,0.20989
2021-06-01,Comm,0.4605456666666667
2021-06-02,Comm,0.1601
2021-06-03,Comm,0.13205499999999998
2021-06-04,Comm,0.06635333333333333
2021-06-07,Comm,0.33396
2021-06-08,Comm,0.1733588888888889
2021-06-09,Comm,0.27636666666666665
2021-06-10,Comm,0.0
2021-06-11,Comm,0.046424571428571426
2021-06-14,Comm,0.11631
2021-06-15,Comm,0.09552666666666668
2021-06-16,Comm,0.09015999999999999
2021-06-17,Comm,0.22585333333333332
2021-06-18,Comm,0.26795
2021-06-21,Comm,-0.0077399999999999995
2021-06-22,Comm,0.16635
2021-06-23,Comm,-0.05885999999999999
2021-06-24,Comm,0.0013146666666666695
2021-06-25,Comm,-0.11722333333333335
2021-06-28,Comm,0.12000000000000002
2021-06-29,Comm,0.214011
2021-06-30,Comm,0.08038
2021-07-01,Comm,0.15736454545454545
2021-07-02,Comm,0.15615
2021-07-06,Comm,0.0216
2021-07-07,Comm,0.032
2021-07-08,Comm,0.02468
2021-07-09,Comm,0.17060499999999998
2021-07-12,Comm,0.17675333333333335
2021-07-13,Comm,0.10121500000000001
2021-07-14,Comm,0.10335999999999998
2021-07-15,Comm,0.011753333333333331
2021-07-16,Comm,0.04533333333333334
2021-07-19,Comm,0.0057859999999999995
2021-07-20,Comm,0.26498666666666665
2021-07-21,Comm,0.23432399999999998
2021-07-22,Comm,0.00395333333333332
2021-07-23,Comm,0.16455999999999998
2021-07-26,Comm,0.06668111111111111
2021-07-27,Comm,0.00184
2021-07-28,Comm,0.08464
2021-07-29,Comm,0.11129333333333333
2021-07-30,Comm,0.12365785714285712
2021-08-02,Comm,0.024439999999999996
2021-08-03,Comm,0.08853416666666666
2021-08-04,Comm,0.1318146666666667
2021-08-05,Comm,0.05821333333333334
2021-08-06,Comm,0.04323333333333333
2021-08-09,Comm,0.10176999999999999
2021-08-10,Comm,0.15580833333333333
2021-08-11,Comm,0.053000000000000005
2021-08-12,Comm,-0.04401999999999999
2021-08-13,Comm,0.312
2021-08-16,Comm,0.18380000000000002
2021-08-17,Comm,0.02428785714285714
2021-08-18,Comm,0.15224000000000001
2021-08-19,Comm,-0.08068
2021-08-20,Comm,0.032833999999999995
2021-08-23,Comm,0.012823333333333334
2021-08-24,Comm,0.24665166666666666
2021-08-25,Comm,0.18110666666666667
2021-08-26,Comm,0.06705
2021-08-27,Comm,0.144025
2021-08-30,Comm,0.37182333333333334
2021-08-31,Comm,0.09192600000000001
2021-09-01,Comm,0.03870666666666667
2021-09-02,Comm,0.0
2021-09-03,Comm,0.03169
2021-09-07,Comm,0.18785666666666667
2021-09-08,Comm,0.13956666666666667
2021-09-09,Comm,0.11363666666666665
2021-09-10,Comm,-0.06465657142857141
2021-09-13,Comm,0.063742
2021-09-14,Comm,0.23442142857142861
2021-09-15,Comm,0.11960333333333333
2021-09-16,Comm,-0.000768000000000002
2021-09-17,Comm,0.06103666666666666
2021-09-20,Comm,0.06295028571428571
2021-09-21,Comm,0.28968333333333335
2021-09-22,Comm,0.0851
2021-09-23,Comm,0.161232
2021-09-24,Comm,0.09334999999999997
2021-09-27,Comm,0.14651999999999998
2021-09-28,Comm,0.13297000000000003
2021-09-29,Comm,0.144501
2021-09-30,Comm,-0.07925000000000001
2021-10-01,Comm,0.09783666666666666
2021-10-04,Comm,0.16203
2021-10-05,Comm,0.03624499999999999
2021-10-06,Comm,-0.004671428571428573
2021-10-07,Comm,0.014788095238095239
2021-10-08,Comm,0.23614166666666664
2021-10-11,Comm,0.0026150000000000006
2021-10-12,Comm,0.19174000000000002
2021-10-13,Comm,0.19049
2021-10-14,Comm,-0.09169333333333334
2021-10-15,Comm,-0.003005000000000002
2021-10-18,Comm,0.15807000000000002
2021-10-19,Comm,0.16959
2021-10-20,Comm,0.01099333333333333
2021-10-21,Comm,0.04050666666666667
2021-10-22,Comm,0.009408571428571433
2021-10-25,Comm,0.19460666666666665
2021-10-26,Comm,0.374728
2021-10-27,Comm,0.25622
2021-10-28,Comm,0.1139
2021-10-29,Comm,0.08026333333333334
2021-11-01,Comm,0.18314999999999998
2021-11-02,Comm,0.08509999999999998
2021-11-03,Comm,0.24532666666666664
2021-11-04,Comm,0.1832705
2021-11-05,Comm,0.12897295238095235
2021-11-08,Comm,0.22998666666666664
2021-11-09,Comm,-0.16492666666666667
2021-11-10,Comm,0.09845999999999999
2021-11-11,Comm,-0.044926666666666656
2021-11-12,Comm,0.11096666666666669
2021-11-15,Comm,0.11494666666666667
2021-11-16,Comm,0.12246199999999999
2021-11-17,Comm,0.032034285714285717
2021-11-18,Comm,0.013661999999999999
2021-11-19,Comm,0.10959666666666665
2021-11-22,Comm,0.02497
2021-11-23,Comm,0.08590333333333333
2021-11-24,Comm,0.13505000000000003
2021-11-26,Comm,0.18924499999999997
2021-11-29,Comm,0.07532000000000001
2021-11-30,Comm,-0.10045
2021-12-01,Comm,0.06386727272727274
2021-12-02,Comm,0.18728333333333333
2021-12-03,Comm,-0.064
2021-12-06,Comm,0.0016199999999999993
2021-12-07,Comm,0.032682222222222224
2021-12-08,Comm,0.13229
2021-12-09,Comm,0.20777
2021-12-10,Comm,0.033065
2021-12-13,Comm,0.16468
2021-12-14,Comm,0.052384999999999994
2021-12-15,Comm,0.03204666666666667
2021-12-16,Comm,0.077542
2021-12-17,Comm,0.21346500000000002
2021-12-20,Comm,-0.07477142857142857
2021-12-21,Comm,0.08797750000000001
2021-12-22,Comm,0.07186583333333332
2021-12-23,Comm,0.14922333333333335
2021-12-27,Comm,0.083848
2021-12-28,Comm,0.0647975
2021-12-29,Comm,0.027835
2021-12-30,Comm,0.055886666666666675
2021-12-31,Comm,0.11838000000000001
2022-01-03,Comm,0.039606666666666665
2022-01-04,Comm,0.08338461538461538
2022-01-05,Comm,0.1180825
2022-01-06,Comm,0.17799
2022-01-07,Comm,0.26020733333333335
2022-01-10,Comm,0.12591766666666668
2022-01-11,Comm,0.12445303571428572
2022-01-12,Comm,0.12769999999999998
2022-01-13,Comm,0.14672533333333332
2022-01-14,Comm,0.16469699999999998
2022-01-18,Comm,0.06868133333333333
2022-01-19,Comm,-0.06107621848739495
2022-01-20,Comm,0.09158
2022-01-21,Comm,0.2529636363636364
2022-01-24,Comm,0.21294333333333335
2022-01-25,Comm,0.13584111111111113
2022-01-26,Comm,-0.013940833333333336
2022-01-27,Comm,0.33813029411764706
2022-01-28,Comm,0.14567988095238096
2022-01-31,Comm,-0.138302
2022-02-01,Comm,0.125218
2022-02-02,Comm,0.037959047619047614
2022-02-03,Comm,0.18981142857142858
2022-02-04,Comm,0.20625666666666667
2022-02-07,Comm,0.015934000000000004
2022-02-08,Comm,0.21906866666666663
2022-02-09,Comm,0.10307166666666667
2022-02-10,Comm,0.26857200000000003
2022-02-11,Comm,0.3845166666666667
2022-02-14,Comm,-0.04120499999999999
2022-02-15,Comm,0.1827
2022-02-16,Comm,0.19043200000000002
2022-02-17,Comm,0.05337000000000001
2022-02-18,Comm,0.20199857142857142
2022-02-22,Comm,0.01796
2022-02-23,Comm,-0.046972857142857136
2022-02-24,Comm,-0.0683
2022-02-25,Comm,0.07361
2022-02-28,Comm,0.11210666666666666
2022-03-01,Comm,0.1963577777777778
2022-03-02,Comm,0.03861999999999999
2022-03-03,Comm,0.10178799999999999
2022-03-04,Comm,0.07357599999999997
2022-03-07,Comm,0.05861500000000001
2022-03-08,Comm,0.05026333333333333
2022-03-09,Comm,0.045166666666666654
2022-03-10,Comm,0.126078
2022-03-11,Comm,0.09154166666666666
2022-03-14,Comm,0.038005
2022-03-15,Comm,0.1016835714285714
2022-03-16,Comm,0.14768799999999999
2022-03-17,Comm,0.02732
2022-03-18,Comm,-0.05439999999999998
2022-03-21,Comm,0.28324
2022-03-22,Comm,0.09019800000000001
2022-03-23,Comm,-0.10999666666666667
2022-03-24,Comm,0.11350500000000001
2022-03-25,Comm,0.12512
2022-03-28,Comm,-0.03558
2022-03-29,Comm,0.10116533333333333
2022-03-30,Comm,0.03919333333333334
2022-03-31,Comm,0.07438
2022-04-01,Comm,0.14508666666666667
2022-04-04,Comm,0.056940000000000004
2022-04-05,Comm,0.151367
2022-04-06,Comm,-0.07730200000000001
2022-04-07,Comm,-0.001753333333333333
2022-04-08,Comm,0.005903333333333334
2022-04-11,Comm,0.044155
2022-04-12,Comm,0.03953705882352942
2022-04-13,Comm,0.2267057142857143
2022-04-14,Comm,0.18980166666666667
2022-04-18,Comm,-0.05087599999999999
2022-04-19,Comm,0.02743714285714286
2022-04-20,Comm,-0.05256266666666667
2022-04-21,Comm,0.112215
2022-04-22,Comm,0.16607473684210527
2022-04-25,Comm,0.05893619047619049
2022-04-26,Comm,0.05653000000000001
2022-04-27,Comm,0.28784
2022-04-28,Comm,0.09772428571428571
2022-04-29,Comm,0.10639333333333334
2022-05-02,Comm,0.12074599999999999
2022-05-03,Comm,0.12384000000000002
2022-05-04,Comm,-0.0023799999999999967
2022-05-05,Comm,-0.023719999999999998
2022-05-06,Comm,-0.016746666666666663
2022-05-09,Comm,0.2313226666666667
2022-05-10,Comm,-0.03985
2022-05-11,Comm,0.03016285714285714
2022-05-12,Comm,0.092656
2022-05-13,Comm,-0.009345333333333334
2022-05-16,Comm,0.18191333333333332
2022-05-17,Comm,0.059366666666666665
2022-05-18,Comm,0.0014226666666666775
2022-05-19,Comm,-0.03327
2022-05-20,Comm,0.04036666666666667
2022-05-23,Comm,0.14131
2022-05-24,Comm,-0.008018000000000006
2022-05-25,Comm,0.07457799999999998
2022-05-26,Comm,0.24580000000000002
2022-05-27,Comm,0.20876
2022-05-31,Comm,0.05240666666666667
2022-06-01,Comm,0.12493400000000002
2022-06-02,Comm,0.059340000000000004
2022-06-03,Comm,-0.08315666666666668
2022-06-06,Comm,0.037529
2022-06-07,Comm,-0.00010666666666666602
2022-06-08,Comm,0.066295
2022-06-09,Comm,0.182668
2022-06-10,Comm,0.08464799999999999
2022-06-13,Comm,-0.041064
2022-06-14,Comm,0.127865
2022-06-15,Comm,0.22617250000000003
2022-06-16,Comm,0.046613333333333326
2022-06-17,Comm,0.026373333333333332
2022-06-21,Comm,0.127134
2022-06-22,Comm,0.08689142857142858
2022-06-23,Comm,0.098715
2022-06-24,Comm,0.0040853333333333314
2022-06-27,Comm,-0.020024
2022-06-28,Comm,0.11764000000000001
2022-06-29,Comm,0.11567000000000001
2022-06-30,Comm,0.026798333333333334
2022-07-01,Comm,0.21369500000000005
2022-07-05,Comm,0.31026
2022-07-06,Comm,0.14019333333333334
2022-07-07,Comm,-0.11019833333333331
2022-07-08,Comm,0.0
2022-07-11,Comm,0.029163333333333336
2022-07-12,Comm,0.20319866666666667
2022-07-13,Comm,0.16744333333333333
2022-07-14,Comm,-0.015333333333333332
2022-07-15,Comm,0.047154
2022-07-18,Comm,-0.08979999999999999
2022-07-19,Comm,0.0417575
2022-07-20,Comm,0.17719999999999997
2022-07-21,Comm,-0.012753333333333334
2022-07-22,Comm,0.14872400000000002
2022-07-25,Comm,0.08690466666666667
2022-07-26,Comm,-0.031627222222222216
2022-07-27,Comm,0.002153333333333334
2022-07-28,Comm,0.07599555555555554
2022-07-29,Comm,0.06381
2022-08-01,Comm,0.12212
2022-08-02,Comm,0.094029
2022-08-03,Comm,0.07386916666666668
2022-08-04,Comm,0.040079999999999984
2022-08-05,Comm,0.08895333333333333
2022-08-08,Comm,0.20795
2022-08-09,Comm,-0.257494
2022-08-10,Comm,0.10365000000000002
2022-08-11,Comm,0.17441
2022-08-12,Comm,0.05756833333333333
2022-08-15,Comm,0.081335
2022-08-16,Comm,0.07531166666666665
2022-08-17,Comm,0.08395999999999999
2022-08-18,Comm,-0.045553333333333335
2022-08-19,Comm,0.03761
2022-08-22,Comm,-0.198965
2022-08-23,Comm,0.20396999999999998
2022-08-24,Comm,0.18688666666666665
2022-08-25,Comm,0.09909666666666668
2022-08-26,Comm,0.013815000000000003
2022-08-29,Comm,-0.10270733333333334
2022-08-30,Comm,0.18541000000000002
2022-08-31,Comm,-0.11565999999999999
2022-09-01,Comm,0.14621
2022-09-02,Comm,0.0406
2022-09-06,Comm,0.06369
2022-09-07,Comm,0.15914999999999999
2022-09-08,Comm,0.07623523809523809
2022-09-09,Comm,0.27836780952380946
2022-09-12,Comm,-0.03193999999999998
2022-09-13,Comm,0.11694190476190476
2022-09-14,Comm,0.014881333333333335
2022-09-15,Comm,0.10554
2022-09-16,Comm,0.13829166666666665
2022-09-19,Comm,0.09495
2022-09-20,Comm,0.029551818181818186
2022-09-21,Comm,0.061520000000000005
2022-09-22,Comm,0.15038
2022-09-23,Comm,0.05118999999999999
2022-09-26,Comm,0.13141999999999998
2022-09-27,Comm,0.12625999999999998
2022-09-28,Comm,0.16307833333333333
2022-09-29,Comm,0.12701142857142855
2022-09-30,Comm,0.03678666666666667
2022-10-03,Comm,0.092085
2022-10-04,Comm,0.23317899999999997
2022-10-05,Comm,0.15187
2022-10-06,Comm,0.20561
2022-10-07,Comm,0.08597
2022-10-10,Comm,0.10202666666666667
2022-10-11,Comm,-0.00516
2022-10-12,Comm,0.09198866666666665
2022-10-13,Comm,0.17859000000000003
2022-10-14,Comm,-0.11298499999999997
2022-10-17,Comm,0.04918666666666667
2022-10-18,Comm,0.214798
2022-10-19,Comm,0.170807
2022-10-20,Comm,-0.06272083333333334
2022-10-21,Comm,0.013527777777777774
2022-10-24,Comm,0.13142666666666666
2022-10-25,Comm,0.1795275
2022-10-26,Comm,0.12296
2022-10-27,Comm,0.01018
2022-10-28,Comm,0.23502133333333336
2022-10-31,Comm,0.08044285714285715
2022-11-01,Comm,0.300104
2022-11-02,Comm,0.1173625
2022-11-03,Comm,0.012696666666666667
2022-11-04,Comm,0.07906666666666665
2022-11-07,Comm,0.0006049999999999979
2022-11-08,Comm,-0.10331399999999999
2022-11-09,Comm,0.07121846153846154
2022-11-10,Comm,-0.003125000000000002
2022-11-11,Comm,0.04046
2022-11-14,Comm,-0.00516
2022-11-15,Comm,0.38489119047619047
2022-11-16,Comm,-0.0635
2022-11-17,Comm,0.13592
2022-11-18,Comm,-0.017086666666666667
2022-11-21,Comm,-0.00258
2022-11-22,Comm,0.21410999999999997
2022-11-23,Comm,0.09029333333333334
2022-11-25,Comm,0.00258
2022-11-28,Comm,0.29212
2022-11-29,Comm,0.15623333333333334
2022-11-30,Comm,0.16874000000000003
2022-12-01,Comm,0.04318
2022-12-02,Comm,0.10647333333333334
2022-12-05,Comm,0.25708000000000003
2022-12-06,Comm,0.07762942857142857
2022-12-07,Comm,0.11612133333333334
2022-12-08,Comm,0.051050000000000005
2022-12-09,Comm,0.12100666666666667
2022-12-12,Comm,-0.12280500000000001
2022-12-13,Comm,0.03234
2022-12-14,Comm,-0.135432
2022-12-15,Comm,0.12507666666666667
2022-12-16,Comm,0.061993999999999994
2022-12-19,Comm,-0.109065
2022-12-20,Comm,0.11067
2022-12-21,Comm,0.21010999999999996
2022-12-22,Comm,-0.040119999999999996
2022-12-23,Comm,0.010329999999999988
2022-12-27,Comm,0.12319333333333334
2022-12-28,Comm,0.18304333333333336
2022-12-29,Comm,0.060836999999999995
2022-12-30,Comm,-0.008599999999999997
2023-01-03,Comm,0.08876600000000001
2023-01-04,Comm,0.011554142857142857
2023-01-05,Comm,0.05306333333333334
2023-01-06,Comm,0.086848
2023-01-09,Comm,0.23804333333333333
2023-01-10,Comm,0.25579999999999997
2023-01-11,Comm,0.25243000000000004
2023-01-12,Comm,0.27713
2023-01-13,Comm,0.11033866666666665
2023-01-17,Comm,0.08595
2023-01-18,Comm,0.19948333333333332
2023-01-19,Comm,0.05
2023-01-20,Comm,0.05869500000000001
2023-01-23,Comm,0.02199904761904762
2023-01-24,Comm,0.061971
2023-01-25,Comm,0.026465
2023-01-26,Comm,-0.025660952380952375
2023-01-27,Comm,0.23385439393939395
2023-01-30,Comm,0.09689866666666666
2023-01-31,Comm,0.056605
2023-02-01,Comm,-0.024244444444444443
2023-02-02,Comm,0.007762121212121204
2023-02-03,Comm,0.16620799999999997
2023-02-06,Comm,0.17938
2023-02-07,Comm,-0.021492499999999998
2023-02-08,Comm,0.12156700000000001
2023-02-09,Comm,0.03263
2023-02-10,Comm,0.11094
2023-02-13,Comm,0.12109999999999999
2023-02-14,Comm,0.018868000000000003
2023-02-15,Comm,0.0
2023-02-16,Comm,0.28748999999999997
2023-02-17,Comm,0.003020000000000002
2023-02-21,Comm,0.26534
2023-02-22,Comm,0.10289333333333332
2023-02-23,Comm,0.12010333333333331
2023-02-24,Comm,0.14343
2023-02-27,Comm,0.03541
2023-02-28,Comm,0.11507333333333333
2023-03-01,Comm,0.09682
2023-03-02,Comm,-0.013572499999999998
2023-03-03,Comm,0.3017183333333333
2023-03-06,Comm,-0.07432
2023-03-07,Comm,0.01779
2023-03-08,Comm,0.16195999999999997
2023-03-09,Comm,-0.03323999999999999
2023-03-10,Comm,-0.01792666666666666
2023-03-13,Comm,0.039391999999999996
2023-03-14,Comm,0.053722000000000006
2023-03-15,Comm,0.0
2023-03-16,Comm,0.13931833333333335
2023-03-17,Comm,0.09616114285714286
2023-03-20,Comm,0.05035333333333334
2023-03-21,Comm,0.17753400000000003
2023-03-22,Comm,0.086268
2023-03-23,Comm,0.13701666666666668
2023-03-24,Comm,0.19673
2023-03-27,Comm,0.12498000000000001
2023-03-28,Comm,0.10252761904761905
2023-03-29,Comm,0.1739433333333333
2023-03-30,Comm,0.08016666666666668
2023-03-31,Comm,0.19684666666666667
2023-04-03,Comm,0.22424533333333335
2023-04-04,Comm,0.17778238095238094
2023-04-05,Comm,0.057853
2023-04-06,Comm,0.036059999999999995
2023-04-10,Comm,0.20412499999999997
2023-04-11,Comm,0.03152666666666666
2023-04-12,Comm,0.04682000000000001
2023-04-13,Comm,0.162845
2023-04-14,Comm,0.027785714285714285
2023-04-17,Comm,0.005913333333333334
2023-04-18,Comm,0.00802
2023-04-19,Comm,0.09387666666666668
2023-04-20,Comm,0.08230566666666665
2023-04-21,Comm,-0.0014620512820512853
2023-04-24,Comm,0.2168413636363636
2023-04-25,Comm,-0.032849567099567094
2023-04-26,Comm,-0.022860000000000005
2023-04-27,Comm,0.07829722222222223
2023-04-28,Comm,0.12734015873015872
2023-05-01,Comm,0.014534999999999998
2023-05-02,Comm,0.011515000000000003
2023-05-03,Comm,0.072195
2023-05-04,Comm,0.06774
2023-05-05,Comm,0.03465
2023-05-08,Comm,0.24476
2023-05-09,Comm,0.1014
2023-05-10,Comm,0.11404333333333332
2023-05-11,Comm,0.13925555555555555
2023-05-12,Comm,0.3060990476190476
2023-05-15,Comm,0.18467
2023-05-16,Comm,0.044771666666666675
2023-05-17,Comm,0.06508666666666665
2023-05-18,Comm,0.025711666666666667
2023-05-19,Comm,0.020861666666666667
2023-05-22,Comm,0.2822666666666666
2023-05-23,Comm,0.004422142857142858
2023-05-24,Comm,0.051541666666666666
2023-05-25,Comm,0.07520666666666666
2023-05-26,Comm,0.06431200000000001
2023-05-30,Comm,0.29875666666666667
2023-05-31,Comm,0.0012816666666666699
2023-06-01,Comm,0.08931999999999998
2023-06-02,Comm,0.12708666666666665
2023-06-05,Comm,-0.0029839743589743593
2023-06-06,Comm,0.08195066666666666
2023-06-07,Comm,0.088745
2023-06-08,Comm,0.209748
2023-06-09,Comm,-0.023398333333333333
2023-06-12,Comm,0.24891666666666667
2023-06-13,Comm,0.038220000000000004
2023-06-14,Comm,0.12339333333333333
2023-06-15,Comm,0.17593
2023-06-16,Comm,0.06530100000000001
2023-06-20,Comm,0.18607666666666667
2023-06-21,Comm,0.1037735
2023-06-22,Comm,0.11588000000000001
2023-06-23,Comm,0.32334
2023-06-26,Comm,-0.020010000000000007
2023-06-27,Comm,0.12783833333333333
2023-06-28,Comm,0.215744
2023-06-29,Comm,0.030175000000000007
2023-06-30,Comm,0.1003047619047619
2023-07-03,Comm,-0.03704666666666666
2023-07-05,Comm,0.08439333333333335
2023-07-06,Comm,0.22627999999999998
2023-07-07,Comm,0.14964333333333335
2023-07-10,Comm,0.12617133333333336
2023-07-11,Comm,0.03166
2023-07-12,Comm,0.13255
2023-07-13,Comm,0.13246666666666665
2023-07-14,Comm,0.065615
2023-07-17,Comm,0.07535607843137256
2023-07-18,Comm,-0.10778940170940172
2023-07-19,Comm,0.1548720606060606
2023-07-20,Comm,0.1688321568627451
2023-07-21,Comm,0.014540000000000006
2023-07-24,Comm,0.08769523809523809
2023-07-25,Comm,0.043076666666666666
2023-07-26,Comm,-0.06971466666666667
2023-07-27,Comm,0.22148933333333334
2023-07-28,Comm,0.0977545238095238
2023-07-31,Comm,0.21721166666666666
2023-08-01,Comm,0.13570759090909093
2023-08-02,Comm,0.36545314285714287
2023-08-03,Comm,0.18678166666666668
2023-08-04,Comm,0.049598571428571436
2023-08-07,Comm,0.0038000000000000013
2023-08-08,Comm,0.14963133333333334
2023-08-09,Comm,0.11388000000000002
2023-08-10,Comm,0.02770266666666666
2023-08-11,Comm,-0.023475000000000003
2023-08-14,Comm,0.123215
2023-08-15,Comm,0.10487166666666667
2023-08-16,Comm,0.059581666666666665
2023-08-17,Comm,0.12637
2023-08-18,Comm,0.07285
2023-08-21,Comm,0.143535
2023-08-22,Comm,0.08721238095238096
2023-08-23,Comm,0.004290000000000005
2023-08-24,Comm,0.09453611111111111
2023-08-25,Comm,0.08693866666666666
2023-08-28,Comm,-0.03204666666666667
2023-08-29,Comm,0.08637400000000002
2023-08-30,Comm,0.12181125
2023-08-31,Comm,0.05781533333333333
2023-09-01,Comm,0.14356333333333332
2023-09-05,Comm,0.068295
2023-09-06,Comm,0.438476
2023-09-07,Comm,0.284875
2023-09-08,Comm,0.08651466666666667
2023-09-11,Comm,0.14021466666666665
2023-09-12,Comm,0.06094666666666666
2023-09-13,Comm,0.030566666666666676
2023-09-14,Comm,0.040264999999999995
2023-09-15,Comm,0.09927
2023-09-18,Comm,0.01878833333333333
2023-09-19,Comm,0.08208761904761905
2023-09-20,Comm,0.072
2023-09-21,Comm,0.19093
2023-09-22,Comm,0.044700000000000004
2023-09-25,Comm,0.04783866666666666
2023-09-26,Comm,-0.014818000000000017
2023-09-27,Comm,0.1847853333333333
2023-09-28,Comm,0.08418
2023-09-29,Comm,0.09550314285714287
2023-10-02,Comm,0.3780633333333333
2023-10-03,Comm,0.281888
2023-10-04,Comm,0.022510000000000006
2023-10-05,Comm,0.1535642857142857
2023-10-06,Comm,0.03926333333333333
2023-10-09,Comm,0.07923500000000001
2023-10-10,Comm,0.17322277777777778
2023-10-11,Comm,0.15282999999999997
2023-10-12,Comm,0.16129
2023-10-13,Comm,0.07442
2023-10-16,Comm,0.080455
2023-10-17,Comm,0.05269333333333333
2023-10-18,Comm,-0.03076
2023-10-19,Comm,0.044109999999999996
2023-10-20,Comm,0.22306444444444445
2023-10-23,Comm,0.13771757575757576
2023-10-24,Comm,0.013637000000000002
2023-10-25,Comm,0.08001285714285714
2023-10-26,Comm,0.22403566666666666
2023-10-27,Comm,0.18290863247863248
2023-10-30,Comm,-0.05573766666666667
2023-10-31,Comm,0.2062133333333333
2023-11-01,Comm,0.16755599999999998
2023-11-02,Comm,0.12424000000000004
2023-11-03,Comm,0.062486666666666676
2023-11-06,Comm,0.11333799999999998
2023-11-07,Comm,0.08286400000000001
2023-11-08,Comm,0.14902333333333334
2023-11-09,Comm,0.14448133333333332
2023-11-10,Comm,0.3109604761904762
2023-11-13,Comm,0.056938
2023-11-14,Comm,0.2290833333333333
2023-11-15,Comm,0.04588
2023-11-16,Comm,0.09985
2023-11-17,Comm,0.004453333333333335
2023-11-20,Comm,0.0
2023-11-21,Comm,0.14579999999999999
2023-11-22,Comm,0.053273333333333325
2023-11-24,Comm,-0.01776399999999999
2023-11-27,Comm,0.08229933333333332
2023-11-28,Comm,0.06191
2023-11-29,Comm,0.07706199999999999
2023-11-30,Comm,0.026183999999999992
2023-12-01,Comm,0.21913866666666668
2023-12-04,Comm,0.05315500000000001
2023-12-05,Comm,0.08899333333333333
2023-12-06,Comm,0.08668005128205128
2023-12-07,Comm,0.06741749999999999
2023-12-08,Comm,0.09271166666666666
2023-12-11,Comm,0.059405
2023-12-12,Comm,0.07508261904761906
2023-12-13,Comm,0.1450224603174603
2023-12-14,Comm,0.176323
2023-12-15,Comm,0.21711666666666668
2023-12-18,Comm,0.05519999999999999
2023-12-19,Comm,0.2687554285714286
2023-12-20,Comm,0.0
2023-12-21,Comm,0.0
2023-12-22,Comm,0.0
2023-12-26,Comm,0.0
2023-12-27,Comm,0.0
2023-12-28,Comm,0.0
2023-12-29,Comm,0.0
2020-01-02,Consumer,0.0
2020-01-03,Consumer,-0.08463547619047619
2020-01-06,Consumer,-0.135685
2020-01-07,Consumer,0.11593338235294119
2020-01-08,Consumer,0.148252
2020-01-09,Consumer,0.059575238095238105
2020-01-10,Consumer,0.3489750793650794
2020-01-13,Consumer,0.0009039999999999992
2020-01-14,Consumer,0.07717085714285712
2020-01-15,Consumer,0.03231166666666667
2020-01-16,Consumer,0.09787771428571429
2020-01-17,Consumer,0.17495714285714287
2020-01-21,Consumer,0.10489955555555555
2020-01-22,Consumer,0.06938295454545454
2020-01-23,Consumer,0.07969142857142857
2020-01-24,Consumer,0.158736
2020-01-27,Consumer,0.07932115384615385
2020-01-28,Consumer,0.04632222222222222
2020-01-29,Consumer,0.05257571428571428
2020-01-30,Consumer,0.014736428571428567
2020-01-31,Consumer,0.05231157142857142
2020-02-03,Consumer,0.02332080808080808
2020-02-04,Consumer,0.20198480519480516
2020-02-05,Consumer,0.15634239393939395
2020-02-06,Consumer,-0.0026333333333333373
2020-02-07,Consumer,0.12055555555555557
2020-02-10,Consumer,0.15739375
2020-02-11,Consumer,-0.0021590476190476173
2020-02-12,Consumer,0.051311416666666686
2020-02-13,Consumer,0.06096676470588236
2020-02-14,Consumer,-0.010926068627450991
2020-02-18,Consumer,-0.04132083333333334
2020-02-19,Consumer,0.19529468253968257
2020-02-20,Consumer,0.1735475714285714
2020-02-21,Consumer,0.089613
2020-02-24,Consumer,0.07543444444444444
2020-02-25,Consumer,0.025640714285714284
2020-02-26,Consumer,0.17666916666666665
2020-02-27,Consumer,0.09836261904761905
2020-02-28,Consumer,0.08251977777777778
2020-03-02,Consumer,-0.07933904761904761
2020-03-03,Consumer,0.05238076923076923
2020-03-04,Consumer,0.1881111111111111
2020-03-05,Consumer,0.14097555555555558
2020-03-06,Consumer,0.10703129870129868
2020-03-09,Consumer,-0.03034016483516483
2020-03-10,Consumer,0.020768076923076934
2020-03-11,Consumer,-0.015101414141414143
2020-03-12,Consumer,-0.02777057142857143
2020-03-13,Consumer,0.0566874
2020-03-16,Consumer,0.04941333333333333
2020-03-17,Consumer,-0.1761342572463768
2020-03-18,Consumer,0.08052819047619048
2020-03-19,Consumer,-0.004927633477633478
2020-03-20,Consumer,0.013324833333333336
2020-03-23,Consumer,0.04189426298701299
2020-03-24,Consumer,0.06800981351981351
2020-03-25,Consumer,0.21109584615384613
2020-03-26,Consumer,0.21457995238095234
2020-03-27,Consumer,0.099553
2020-03-30,Consumer,0.10937089743589745
2020-03-31,Consumer,0.0862639298245614
2020-04-01,Consumer,-0.027257333333333335
2020-04-02,Consumer,0.19428544444444446
2020-04-03,Consumer,0.02957607142857143
2020-04-06,Consumer,0.054009166666666664
2020-04-07,Consumer,0.19599590476190473
2020-04-08,Consumer,0.24608957575757576
2020-04-09,Consumer,0.00617747894736842
2020-04-13,Consumer,0.20407428571428574
2020-04-14,Consumer,-0.0032569463869463883
2020-04-15,Consumer,0.224838
2020-04-16,Consumer,0.09351242424242423
2020-04-17,Consumer,0.1230819806763285
2020-04-20,Consumer,0.2109446666666667
2020-04-21,Consumer,0.07214977777777778
2020-04-22,Consumer,0.013030972972972977
2020-04-23,Consumer,0.17062043137254904
2020-04-24,Consumer,0.0743482683982684
2020-04-27,Consumer,-0.008263333333333334
2020-04-28,Consumer,0.08430855555555555
2020-04-29,Consumer,0.08314395804195804
2020-04-30,Consumer,0.11795038461538461
2020-05-01,Consumer,0.012851916666666652
2020-05-04,Consumer,0.21714066666666665
2020-05-05,Consumer,0.14648804395604395
2020-05-06,Consumer,0.1977165714285714
2020-05-07,Consumer,0.08263929411764705
2020-05-08,Consumer,0.11255333333333332
2020-05-11,Consumer,0.11194785714285715
2020-05-12,Consumer,0.08040624999999998
2020-05-13,Consumer,0.10800426666666667
2020-05-14,Consumer,0.07597861111111112
2020-05-15,Consumer,0.1284061568627451
2020-05-18,Consumer,0.058571851851851854
2020-05-19,Consumer,0.23272089743589747
2020-05-20,Consumer,-0.06358061538461537
2020-05-21,Consumer,-0.11461593137254902
2020-05-22,Consumer,0.06311421212121213
2020-05-26,Consumer,0.0025026666666666643
2020-05-27,Consumer,0.18820241666666665
2020-05-28,Consumer,0.2092762121212121
2020-05-29,Consumer,0.06944483333333333
2020-06-01,Consumer,0.07037714285714286
2020-06-02,Consumer,0.12526532057416268
2020-06-03,Consumer,-0.10945166666666668
2020-06-04,Consumer,0.2031485714285714
2020-06-05,Consumer,0.16891
2020-06-08,Consumer,0.2607333333333333
2020-06-09,Consumer,0.136094
2020-06-10,Consumer,0.03435477272727273
2020-06-11,Consumer,-0.011270183006535938
2020-06-12,Consumer,0.07292476190476191
2020-06-15,Consumer,0.1095577142857143
2020-06-16,Consumer,0.035673636363636366
2020-06-17,Consumer,0.17197
2020-06-18,Consumer,0.17387583333333337
2020-06-19,Consumer,0.06394309523809524
2020-06-22,Consumer,0.012740666666666673
2020-06-23,Consumer,0.05171
2020-06-24,Consumer,0.241021
2020-06-25,Consumer,-0.024123166666666668
2020-06-26,Consumer,0.11031053333333332
2020-06-29,Consumer,0.16155764705882353
2020-06-30,Consumer,0.03850907692307693
2020-07-01,Consumer,0.05129399999999999
2020-07-02,Consumer,-0.06952179220779221
2020-07-06,Consumer,0.136079
2020-07-07,Consumer,-0.01950985714285714
2020-07-08,Consumer,0.11492363636363637
2020-07-09,Consumer,0.16668583333333334
2020-07-10,Consumer,0.07574499999999999
2020-07-13,Consumer,-0.0007228571428571403
2020-07-14,Consumer,0.14810447619047618
2020-07-15,Consumer,0.07359690476190477
2020-07-16,Consumer,0.119856
2020-07-17,Consumer,0.1937065873015873
2020-07-20,Consumer,0.13993944444444445
2020-07-21,Consumer,0.04344290043290044
2020-07-22,Consumer,0.22747900621118014
2020-07-23,Consumer,0.12798199999999998
2020-07-24,Consumer,0.09695448717948718
2020-07-27,Consumer,-0.0018768333333333339
2020-07-28,Consumer,0.08717111111111112
2020-07-29,Consumer,0.10052009523809524
2020-07-30,Consumer,0.043450833333333334
2020-07-31,Consumer,0.12105733333333332
2020-08-03,Consumer,0.018298285714285708
2020-08-04,Consumer,0.06679560784313725
2020-08-05,Consumer,0.22536111111111112
2020-08-06,Consumer,0.029283764705882353
2020-08-07,Consumer,0.08994533333333335
2020-08-10,Consumer,0.14367066666666667
2020-08-11,Consumer,0.1170864935064935
2020-08-12,Consumer,0.05043183333333334
2020-08-13,Consumer,0.006711666666666671
2020-08-14,Consumer,0.04245928571428571
2020-08-17,Consumer,0.04424
2020-08-18,Consumer,0.1924414814814815
2020-08-19,Consumer,0.08601101190476192
2020-08-20,Consumer,0.1768860606060606
2020-08-21,Consumer,0.1717365
2020-08-24,Consumer,0.21681699999999998
2020-08-25,Consumer,0.08024142857142859
2020-08-26,Consumer,0.10429333333333332
2020-08-27,Consumer,0.1510147619047619
2020-08-28,Consumer,-0.041690175438596495
2020-08-31,Consumer,0.01131675213675214
2020-09-01,Consumer,0.029863529411764712
2020-09-02,Consumer,0.08491619047619048
2020-09-03,Consumer,0.19549299999999997
2020-09-04,Consumer,0.1810557142857143
2020-09-08,Consumer,0.04053
2020-09-09,Consumer,0.13528684848484848
2020-09-10,Consumer,0.10262878787878789
2020-09-11,Consumer,0.16612500000000002
2020-09-14,Consumer,0.09836000000000002
2020-09-15,Consumer,0.07053857142857142
2020-09-16,Consumer,0.11861666666666668
2020-09-17,Consumer,0.096525
2020-09-18,Consumer,0.22082499999999997
2020-09-21,Consumer,-0.0018857142857142627
2020-09-22,Consumer,0.08360826666666667
2020-09-23,Consumer,0.1822895299145299
2020-09-24,Consumer,0.106378
2020-09-25,Consumer,0.06821
2020-09-28,Consumer,0.04522000000000001
2020-09-29,Consumer,0.07486737373737372
2020-09-30,Consumer,0.20023793650793648
2020-10-01,Consumer,0.22122874458874459
2020-10-02,Consumer,0.062778
2020-10-05,Consumer,0.059592380952380966
2020-10-06,Consumer,0.1601250476190476
2020-10-07,Consumer,0.16371444444444444
2020-10-08,Consumer,0.08543957142857143
2020-10-09,Consumer,0.11035535714285713
2020-10-12,Consumer,0.038901428571428566
2020-10-13,Consumer,0.2592200512820513
2020-10-14,Consumer,-0.10019201754385965
2020-10-15,Consumer,0.14475714285714286
2020-10-16,Consumer,0.0583770909090909
2020-10-19,Consumer,0.2648155555555555
2020-10-20,Consumer,0.23474714285714288
2020-10-21,Consumer,0.17668999999999999
2020-10-22,Consumer,0.19365828571428567
2020-10-23,Consumer,0.07403743859649121
2020-10-26,Consumer,0.26700999999999997
2020-10-27,Consumer,0.04918933333333333
2020-10-28,Consumer,0.05104499999999999
2020-10-29,Consumer,0.063514
2020-10-30,Consumer,0.11788314285714285
2020-11-02,Consumer,0.19932366666666668
2020-11-03,Consumer,0.20810499999999998
2020-11-04,Consumer,0.2438089523809524
2020-11-05,Consumer,0.04357542857142857
2020-11-06,Consumer,0.15400285714285714
2020-11-09,Consumer,0.09380964285714286
2020-11-10,Consumer,0.04317214285714286
2020-11-11,Consumer,0.1103448888888889
2020-11-12,Consumer,0.072344
2020-11-13,Consumer,0.09272311688311688
2020-11-16,Consumer,0.16939838509316768
2020-11-17,Consumer,0.18523527777777776
2020-11-18,Consumer,0.3040231578947369
2020-11-19,Consumer,0.08236333333333333
2020-11-20,Consumer,-0.028339166666666655
2020-11-23,Consumer,0.09797261904761904
2020-11-24,Consumer,0.1806717032967033
2020-11-25,Consumer,0.02621
2020-11-27,Consumer,0.16078333333333333
2020-11-30,Consumer,0.146032
2020-12-01,Consumer,0.11017600000000001
2020-12-02,Consumer,0.15347666666666665
2020-12-03,Consumer,0.019924
2020-12-04,Consumer,0.10003666666666666
2020-12-07,Consumer,0.10505333333333333
2020-12-08,Consumer,0.10920790476190476
2020-12-09,Consumer,0.08821777777777778
2020-12-10,Consumer,0.0033345454545454485
2020-12-11,Consumer,0.2245861587301587
2020-12-14,Consumer,0.16412947368421055
2020-12-15,Consumer,0.04858900000000001
2020-12-16,Consumer,0.2194566666666667
2020-12-17,Consumer,0.27122799999999997
2020-12-18,Consumer,0.154536
2020-12-21,Consumer,0.2939366666666666
2020-12-22,Consumer,0.13705014285714284
2020-12-23,Consumer,0.10634266666666665
2020-12-24,Consumer,0.12973600000000002
2020-12-28,Consumer,0.21010342857142858
2020-12-29,Consumer,0.27832236363636365
2020-12-30,Consumer,0.15757155555555558
2020-12-31,Consumer,0.35164999999999996
2021-01-04,Consumer,0.37516933333333335
2021-01-05,Consumer,0.10649411111111111
2021-01-06,Consumer,0.08354666666666667
2021-01-07,Consumer,0.10323
2021-01-08,Consumer,0.110662
2021-01-11,Consumer,0.226463
2021-01-12,Consumer,0.19862619047619048
2021-01-13,Consumer,0.13602083333333334
2021-01-14,Consumer,0.155578
2021-01-15,Consumer,0.12754285714285712
2021-01-19,Consumer,0.17835
2021-01-20,Consumer,0.08013224242424243
2021-01-21,Consumer,-0.05903400000000001
2021-01-22,Consumer,0.005475999999999997
2021-01-25,Consumer,0.02401
2021-01-26,Consumer,0.039182499999999995
2021-01-27,Consumer,0.1630427777777778
2021-01-28,Consumer,0.018849285714285714
2021-01-29,Consumer,0.13655438095238095
2021-02-01,Consumer,0.1393227777777778
2021-02-02,Consumer,0.08537249999999999
2021-02-03,Consumer,0.18208333333333332
2021-02-04,Consumer,-0.010347777777777782
2021-02-05,Consumer,0.22317066666666663
2021-02-08,Consumer,-0.23413333333333336
2021-02-09,Consumer,0.1371170476190476
2021-02-10,Consumer,0.029187142857142856
2021-02-11,Consumer,0.10267761904761907
2021-02-12,Consumer,0.11328277777777777
2021-02-16,Consumer,0.033914
2021-02-17,Consumer,0.0701435
2021-02-18,Consumer,0.10202166666666668
2021-02-19,Consumer,0.23679485714285714
2021-02-22,Consumer,0.11071333333333333
2021-02-23,Consumer,0.07151133333333334
2021-02-24,Consumer,0.08535571428571428
2021-02-25,Consumer,0.04345
2021-02-26,Consumer,0.14432452380952382
2021-03-01,Consumer,0.1800225
2021-03-02,Consumer,0.17651750000000002
2021-03-03,Consumer,0.038626
2021-03-04,Consumer,0.014681428571428573
2021-03-05,Consumer,-0.08136386363636364
2021-03-08,Consumer,0.1258775
2021-03-09,Consumer,0.14764777777777777
2021-03-10,Consumer,0.09105333333333335
2021-03-11,Consumer,0.1455763116883117
2021-03-12,Consumer,0.08719238095238094
2021-03-15,Consumer,0.16188190476190475
2021-03-16,Consumer,0.25351460317460317
2021-03-17,Consumer,0.206108
2021-03-18,Consumer,0.0733075
2021-03-19,Consumer,0.2528066666666667
2021-03-22,Consumer,0.04299333333333334
2021-03-23,Consumer,0.15318199999999998
2021-03-24,Consumer,0.19642500000000002
2021-03-25,Consumer,0.16032575757575757
2021-03-26,Consumer,0.08657171428571428
2021-03-29,Consumer,-0.004896507936507935
2021-03-30,Consumer,0.26581448051948053
2021-03-31,Consumer,0.10667599999999999
2021-04-01,Consumer,0.12235166666666668
2021-04-05,Consumer,0.030979999999999997
2021-04-06,Consumer,0.165545
2021-04-07,Consumer,0.12675444444444445
2021-04-08,Consumer,-0.011353333333333335
2021-04-09,Consumer,0.2771081904761905
2021-04-12,Consumer,0.14883428571428572
2021-04-13,Consumer,0.18777
2021-04-14,Consumer,0.14736333333333335
2021-04-15,Consumer,-0.008755833333333341
2021-04-16,Consumer,-0.021264571428571428
2021-04-19,Consumer,0.16319766666666669
2021-04-20,Consumer,0.0635414705882353
2021-04-21,Consumer,0.045318174603174596
2021-04-22,Consumer,0.11154333333333333
2021-04-23,Consumer,0.18760166666666667
2021-04-26,Consumer,0.10967733333333334
2021-04-27,Consumer,0.13790039215686273
2021-04-28,Consumer,0.06174628571428572
2021-04-29,Consumer,0.1667908333333333
2021-04-30,Consumer,0.09728866666666666
2021-05-03,Consumer,0.09177166666666667
2021-05-04,Consumer,0.08165942857142858
2021-05-05,Consumer,0.12296033333333331
2021-05-06,Consumer,0.021220833333333335
2021-05-07,Consumer,0.164145
2021-05-10,Consumer,-0.018854
2021-05-11,Consumer,0.07943000000000001
2021-05-12,Consumer,0.030943
2021-05-13,Consumer,-0.004906666666666665
2021-05-14,Consumer,0.23916400000000002
2021-05-17,Consumer,-0.0030470652173912984
2021-05-18,Consumer,0.025206749226006193
2021-05-19,Consumer,0.114805
2021-05-20,Consumer,0.12326566666666668
2021-05-21,Consumer,0.21044666666666667
2021-05-24,Consumer,0.09279476190476191
2021-05-25,Consumer,0.17106711111111111
2021-05-26,Consumer,0.14249111111111112
2021-05-27,Consumer,0.10922606060606062
2021-05-28,Consumer,0.24439916666666667
2021-06-01,Consumer,0.3101866666666667
2021-06-02,Consumer,0.28075782051282056
2021-06-03,Consumer,0.1346752380952381
2021-06-04,Consumer,0.25948
2021-06-07,Consumer,0.12106866666666667
2021-06-08,Consumer,0.06831916666666667
2021-06-09,Consumer,0.05218966666666667
2021-06-10,Consumer,0.06756
2021-06-11,Consumer,0.07668933333333333
2021-06-14,Consumer,0.11658500000000001
2021-06-15,Consumer,0.19459841269841266
2021-06-16,Consumer,0.166548
2021-06-17,Consumer,0.10838228571428572
2021-06-18,Consumer,0.043120000000000006
2021-06-21,Consumer,0.25916
2021-06-22,Consumer,0.03193781746031746
2021-06-23,Consumer,-0.001788999999999996
2021-06-24,Consumer,0.13161566666666666
2021-06-25,Consumer,0.17174999999999999
2021-06-28,Consumer,0.093145
2021-06-29,Consumer,0.023955238095238102
2021-06-30,Consumer,-0.02849857142857143
2021-07-01,Consumer,0.007551952380952395
2021-07-02,Consumer,0.10037
2021-07-06,Consumer,0.20136000000000004
2021-07-07,Consumer,0.112598
2021-07-08,Consumer,0.18151583333333335
2021-07-09,Consumer,0.07022999999999999
2021-07-12,Consumer,0.0854
2021-07-13,Consumer,0.1243377777777778
2021-07-14,Consumer,0.20415416666666664
2021-07-15,Consumer,0.10101433333333329
2021-07-16,Consumer,0.05541249999999999
2021-07-19,Consumer,0.1000547619047619
2021-07-20,Consumer,0.01638981818181818
2021-07-21,Consumer,0.079419
2021-07-22,Consumer,0.10647124999999999
2021-07-23,Consumer,0.11390266666666668
2021-07-26,Consumer,0.084642
2021-07-27,Consumer,0.078538
2021-07-28,Consumer,0.11455777777777776
2021-07-29,Consumer,0.15558
2021-07-30,Consumer,0.19569657142857144
2021-08-02,Consumer,0.0370147619047619
2021-08-03,Consumer,0.22205212121212123
2021-08-04,Consumer,0.18651142857142858
2021-08-05,Consumer,0.025244999999999997
2021-08-06,Consumer,0.27898000000000006
2021-08-09,Consumer,0.12216
2021-08-10,Consumer,0.05919757575757576
2021-08-11,Consumer,0.029994666666666663
2021-08-12,Consumer,0.049344
2021-08-13,Consumer,0.12259041666666667
2021-08-16,Consumer,0.31320605263157897
2021-08-17,Consumer,0.06341745614035088
2021-08-18,Consumer,0.04260655555555555
2021-08-19,Consumer,0.08848516666666666
2021-08-20,Consumer,0.09654666666666667
2021-08-23,Consumer,0.174584
2021-08-24,Consumer,0.04373297619047619
2021-08-25,Consumer,0.015165714285714288
2021-08-26,Consumer,0.10460166666666666
2021-08-27,Consumer,0.12880716666666667
2021-08-30,Consumer,0.05164181818181819
2021-08-31,Consumer,0.23495773809523812
2021-09-01,Consumer,0.06220790476190476
2021-09-02,Consumer,0.2233133333333334
2021-09-03,Consumer,-0.02091333333333334
2021-09-07,Consumer,0.22988466666666668
2021-09-08,Consumer,0.19066357142857143
2021-09-09,Consumer,0.09054803030303031
2021-09-10,Consumer,0.048400000000000006
2021-09-13,Consumer,0.16517866666666664
2021-09-14,Consumer,0.14292268398268398
2021-09-15,Consumer,0.14368333333333333
2021-09-16,Consumer,0.019685238095238096
2021-09-17,Consumer,-0.004781999999999997
2021-09-20,Consumer,0.22537333333333334
2021-09-21,Consumer,0.18683657142857144
2021-09-22,Consumer,0.11237412698412699
2021-09-23,Consumer,0.2366025
2021-09-24,Consumer,0.22357238095238094
2021-09-27,Consumer,0.022060999999999997
2021-09-28,Consumer,0.1249072619047619
2021-09-29,Consumer,0.09934333333333331
2021-09-30,Consumer,0.168016
2021-10-01,Consumer,0.14386904761904762
2021-10-04,Consumer,0.14687104761904762
2021-10-05,Consumer,0.27246680952380953
2021-10-06,Consumer,0.023533333333333333
2021-10-07,Consumer,0.15388
2021-10-08,Consumer,0.019030000000000002
2021-10-11,Consumer,0.07649749999999998
2021-10-12,Consumer,0.1049939826839827
2021-10-13,Consumer,0.1724305
2021-10-14,Consumer,0.074072
2021-10-15,Consumer,0.25350666666666666
2021-10-18,Consumer,0.27028
2021-10-19,Consumer,0.060155909090909086
2021-10-20,Consumer,0.026801666666666668
2021-10-21,Consumer,0.17919
2021-10-22,Consumer,0.014861333333333338
2021-10-25,Consumer,0.21235666666666667
2021-10-26,Consumer,0.09798433333333334
2021-10-27,Consumer,0.01578533333333334
2021-10-28,Consumer,0.21523416666666667
2021-10-29,Consumer,0.0019883333333333255
2021-11-01,Consumer,0.050595666666666664
2021-11-02,Consumer,0.102855
2021-11-03,Consumer,0.187174
2021-11-04,Consumer,0.19663809523809522
2021-11-05,Consumer,0.10057333333333333
2021-11-08,Consumer,0.3276
2021-11-09,Consumer,0.08498266666666668
2021-11-10,Consumer,0.04068999999999999
2021-11-11,Consumer,0.04303051282051282
2021-11-12,Consumer,0.08662159999999999
2021-11-15,Consumer,-0.04630238095238096
2021-11-16,Consumer,-0.029676719298245603
2021-11-17,Consumer,0.14079000000000003
2021-11-18,Consumer,0.30908457142857143
2021-11-19,Consumer,0.12409428571428574
2021-11-22,Consumer,0.11815766666666667
2021-11-23,Consumer,0.1140385714285714
2021-11-24,Consumer,0.102281
2021-11-26,Consumer,0.05237333333333333
2021-11-29,Consumer,0.27616333333333337
2021-11-30,Consumer,0.03179739393939394
2021-12-01,Consumer,0.19124777777777782
2021-12-02,Consumer,-0.050268
2021-12-03,Consumer,0.20301214285714284
2021-12-06,Consumer,0.251612
2021-12-07,Consumer,0.16929047619047619
2021-12-08,Consumer,-0.03527
2021-12-09,Consumer,0.04550333333333334
2021-12-10,Consumer,0.13365933333333332
2021-12-13,Consumer,0.12698
2021-12-14,Consumer,0.043738095238095236
2021-12-15,Consumer,0.10103
2021-12-16,Consumer,0.3034833333333334
2021-12-17,Consumer,0.234545
2021-12-20,Consumer,0.13023904761904762
2021-12-21,Consumer,0.1344831221719457
2021-12-22,Consumer,0.08677884711779449
2021-12-23,Consumer,0.006126666666666669
2021-12-27,Consumer,0.10002
2021-12-28,Consumer,0.056572499999999984
2021-12-29,Consumer,0.1223765
2021-12-30,Consumer,0.06373416666666668
2021-12-31,Consumer,0.08783583333333334
2022-01-03,Consumer,0.05573666666666667
2022-01-04,Consumer,0.01079283333333334
2022-01-05,Consumer,-0.00258
2022-01-06,Consumer,0.06931388888888887
2022-01-07,Consumer,0.13332666666666665
2022-01-10,Consumer,0.006859999999999996
2022-01-11,Consumer,0.11584566666666667
2022-01-12,Consumer,0.15283
2022-01-13,Consumer,0.13513133333333333
2022-01-14,Consumer,0.27184833333333336
2022-01-18,Consumer,-0.0233625
2022-01-19,Consumer,0.03139856876456877
2022-01-20,Consumer,0.12094783333333334
2022-01-21,Consumer,0.1316734920634921
2022-01-24,Consumer,0.1570150980392157
2022-01-25,Consumer,0.10955469841269841
2022-01-26,Consumer,0.08435666666666666
2022-01-27,Consumer,0.10507764705882354
2022-01-28,Consumer,0.03211976190476191
2022-01-31,Consumer,-0.006568
2022-02-01,Consumer,0.12740066666666666
2022-02-02,Consumer,-0.07332533333333333
2022-02-03,Consumer,-0.04717428571428571
2022-02-04,Consumer,0.21554166666666666
2022-02-07,Consumer,0.10122333333333333
2022-02-08,Consumer,0.12036881818181819
2022-02-09,Consumer,0.18717931313131314
2022-02-10,Consumer,0.06754066666666667
2022-02-11,Consumer,0.1430455590062112
2022-02-14,Consumer,-0.0222075
2022-02-15,Consumer,0.11542746031746032
2022-02-16,Consumer,0.20210750000000002
2022-02-17,Consumer,0.16770666666666667
2022-02-18,Consumer,0.08292633333333334
2022-02-22,Consumer,0.0571725
2022-02-23,Consumer,0.09500619047619047
2022-02-24,Consumer,0.02270000000000001
2022-02-25,Consumer,0.060915833333333336
2022-02-28,Consumer,0.05929666666666665
2022-03-01,Consumer,0.17022238095238099
2022-03-02,Consumer,0.06864880952380951
2022-03-03,Consumer,0.13275333333333333
2022-03-04,Consumer,0.08425114285714286
2022-03-07,Consumer,0.07791933333333334
2022-03-08,Consumer,0.1041375
2022-03-09,Consumer,0.1821395238095238
2022-03-10,Consumer,0.05223714285714286
2022-03-11,Consumer,0.057789333333333325
2022-03-14,Consumer,0.065437
2022-03-15,Consumer,0.08879050000000001
2022-03-16,Consumer,0.1531725
2022-03-17,Consumer,0.08252166666666666
2022-03-18,Consumer,0.04661722222222222
2022-03-21,Consumer,0.11125733333333335
2022-03-22,Consumer,0.3058316666666666
2022-03-23,Consumer,0.10251333333333332
2022-03-24,Consumer,0.12124333333333333
2022-03-25,Consumer,-0.06065190476190476
2022-03-28,Consumer,0.12158083333333333
2022-03-29,Consumer,0.15455436507936507
2022-03-30,Consumer,0.1275581666666667
2022-03-31,Consumer,0.13042571428571428
2022-04-01,Consumer,0.047775
2022-04-04,Consumer,0.020179619047619047
2022-04-05,Consumer,0.100826918767507
2022-04-06,Consumer,0.036179047619047625
2022-04-07,Consumer,0.09883333333333333
2022-04-08,Consumer,0.010617722222222218
2022-04-11,Consumer,0.12028166666666666
2022-04-12,Consumer,0.19083592857142856
2022-04-13,Consumer,0.053401428571428565
2022-04-14,Consumer,-0.002295333333333341
2022-04-18,Consumer,0.10937738095238095
2022-04-19,Consumer,0.19016700000000003
2022-04-20,Consumer,0.09005466666666669
2022-04-21,Consumer,-0.017483666666666658
2022-04-22,Consumer,0.1432453333333333
2022-04-25,Consumer,0.18463714285714286
2022-04-26,Consumer,0.10798219999999999
2022-04-27,Consumer,0.058966000000000005
2022-04-28,Consumer,0.053665444444444446
2022-04-29,Consumer,0.18009166666666668
2022-05-02,Consumer,0.10280624675324675
2022-05-03,Consumer,0.11670309523809523
2022-05-04,Consumer,0.14297100000000001
2022-05-05,Consumer,0.06464188405797101
2022-05-06,Consumer,-0.11634514285714286
2022-05-09,Consumer,0.06106085714285714
2022-05-10,Consumer,0.11561896103896104
2022-05-11,Consumer,0.09280833333333334
2022-05-12,Consumer,-0.025668999999999997
2022-05-13,Consumer,0.06662274509803921
2022-05-16,Consumer,0.04558047619047619
2022-05-17,Consumer,0.010299750000000003
2022-05-18,Consumer,0.07918811764705883
2022-05-19,Consumer,0.0010500000000000034
2022-05-20,Consumer,0.134575
2022-05-23,Consumer,0.13692659627329193
2022-05-24,Consumer,0.08747030434782607
2022-05-25,Consumer,0.17395600000000003
2022-05-26,Consumer,0.021054190476190473
2022-05-27,Consumer,0.08658766666666666
2022-05-31,Consumer,0.10502799999999998
2022-06-01,Consumer,0.13578933333333335
2022-06-02,Consumer,-0.012230000000000001
2022-06-03,Consumer,0.19112466666666666
2022-06-06,Consumer,0.02674500000000001
2022-06-07,Consumer,0.11907533333333334
2022-06-08,Consumer,0.19895041666666666
2022-06-09,Consumer,0.1374085714285714
2022-06-10,Consumer,-0.002983857142857138
2022-06-13,Consumer,0.07379045454545455
2022-06-14,Consumer,0.15647854545454543
2022-06-15,Consumer,0.051810714285714286
2022-06-16,Consumer,-0.1158525
2022-06-17,Consumer,0.07408777777777778
2022-06-21,Consumer,0.135027
2022-06-22,Consumer,0.034002424242424244
2022-06-23,Consumer,0.15979090909090907
2022-06-24,Consumer,0.1417805
2022-06-27,Consumer,0.009651428571428566
2022-06-28,Consumer,0.15399535294117647
2022-06-29,Consumer,0.1860301403508772
2022-06-30,Consumer,7.940259740260858e-05
2022-07-01,Consumer,0.22348963369963365
2022-07-05,Consumer,0.07902642857142858
2022-07-06,Consumer,0.11113735042735043
2022-07-07,Consumer,0.12660666666666667
2022-07-08,Consumer,-0.029830000000000013
2022-07-11,Consumer,-0.07543199999999999
2022-07-12,Consumer,0.07297799999999999
2022-07-13,Consumer,0.2077667207792208
2022-07-14,Consumer,0.14932
2022-07-15,Consumer,0.17771238095238096
2022-07-18,Consumer,0.09169115151515153
2022-07-19,Consumer,0.14128442857142856
2022-07-20,Consumer,0.1552977142857143
2022-07-21,Consumer,0.03474166666666667
2022-07-22,Consumer,0.041311619047619055
2022-07-25,Consumer,0.1656904761904762
2022-07-26,Consumer,0.10839489743589743
2022-07-27,Consumer,0.02618922898550724
2022-07-28,Consumer,0.05708666666666666
2022-07-29,Consumer,0.03759333333333333
2022-08-01,Consumer,0.13810714285714284
2022-08-02,Consumer,0.12642757142857142
2022-08-03,Consumer,0.055739111111111114
2022-08-04,Consumer,0.06980088744588744
2022-08-05,Consumer,0.08255166666666666
2022-08-08,Consumer,0.02911666666666666
2022-08-09,Consumer,0.09691942857142859
2022-08-10,Consumer,0.10271269841269841
2022-08-11,Consumer,0.09915600000000001
2022-08-12,Consumer,0.06894629629629628
2022-08-15,Consumer,0.21652428571428572
2022-08-16,Consumer,0.08272354978354979
2022-08-17,Consumer,0.1076772619047619
2022-08-18,Consumer,0.04177316425120772
2022-08-19,Consumer,0.07253133333333332
2022-08-22,Consumer,0.05136966666666667
2022-08-23,Consumer,0.14777999999999997
2022-08-24,Consumer,0.08973942857142858
2022-08-25,Consumer,-0.033921999999999994
2022-08-26,Consumer,0.14279200000000003
2022-08-29,Consumer,-0.009502857142857141
2022-08-30,Consumer,0.0875887619047619
2022-08-31,Consumer,0.16241666666666665
2022-09-01,Consumer,0.038795
2022-09-02,Consumer,0.16513500000000003
2022-09-06,Consumer,0.038817333333333336
2022-09-07,Consumer,0.18268733333333334
2022-09-08,Consumer,0.13297
2022-09-09,Consumer,0.25612333333333337
2022-09-12,Consumer,0.2459625
2022-09-13,Consumer,0.18709816666666668
2022-09-14,Consumer,0.19834400000000002
2022-09-15,Consumer,0.1984141666666667
2022-09-16,Consumer,0.04638571428571429
2022-09-19,Consumer,0.14011333333333334
2022-09-20,Consumer,0.3104962857142857
2022-09-21,Consumer,0.0314495238095238
2022-09-22,Consumer,0.09958666666666667
2022-09-23,Consumer,0.21696057142857145
2022-09-26,Consumer,-0.020503666666666663
2022-09-27,Consumer,0.20329642857142857
2022-09-28,Consumer,0.009344999999999997
2022-09-29,Consumer,0.08392380952380954
2022-09-30,Consumer,0.12290999999999999
2022-10-03,Consumer,0.21824681818181818
2022-10-04,Consumer,0.15008935714285715
2022-10-05,Consumer,0.0016166666666666551
2022-10-06,Consumer,0.05349066666666667
2022-10-07,Consumer,0.1753522222222222
2022-10-10,Consumer,0.05885833333333333
2022-10-11,Consumer,0.12700404761904763
2022-10-12,Consumer,0.14184999999999998
2022-10-13,Consumer,0.17850761904761908
2022-10-14,Consumer,0.0321655
2022-10-17,Consumer,-0.007110000000000003
2022-10-18,Consumer,0.13963071428571427
2022-10-19,Consumer,0.07754095238095239
2022-10-20,Consumer,0.18746100000000002
2022-10-21,Consumer,0.1975023333333333
2022-10-24,Consumer,0.05354333333333333
2022-10-25,Consumer,0.15399000000000002
2022-10-26,Consumer,0.08067666666666669
2022-10-27,Consumer,0.06041916666666667
2022-10-28,Consumer,0.07960333333333333
2022-10-31,Consumer,0.03780000000000001
2022-11-01,Consumer,0.08535441666666668
2022-11-02,Consumer,0.05625428571428574
2022-11-03,Consumer,0.2859756666666667
2022-11-04,Consumer,0.07134666666666667
2022-11-07,Consumer,0.018101008403361346
2022-11-08,Consumer,0.10313707142857143
2022-11-09,Consumer,0.05117200000000001
2022-11-10,Consumer,0.13386
2022-11-11,Consumer,0.02704182539682539
2022-11-14,Consumer,0.23619666666666667
2022-11-15,Consumer,0.16172306595365418
2022-11-16,Consumer,0.0664558888888889
2022-11-17,Consumer,0.09515266666666666
2022-11-18,Consumer,0.341836
2022-11-21,Consumer,-0.06264
2022-11-22,Consumer,0.31683755555555554
2022-11-23,Consumer,0.016632666666666657
2022-11-25,Consumer,0.29045746031746034
2022-11-28,Consumer,0.18681857142857142
2022-11-29,Consumer,0.05103613186813185
2022-11-30,Consumer,0.1224911111111111
2022-12-01,Consumer,0.144723
2022-12-02,Consumer,0.23151380952380954
2022-12-05,Consumer,0.1576720909090909
2022-12-06,Consumer,0.07526496031746033
2022-12-07,Consumer,0.09025166666666666
2022-12-08,Consumer,0.16402999999999998
2022-12-09,Consumer,0.10049000000000001
2022-12-12,Consumer,0.3351266666666667
2022-12-13,Consumer,0.20376000000000002
2022-12-14,Consumer,0.11636952380952384
2022-12-15,Consumer,0.08807333333333334
2022-12-16,Consumer,0.162625
2022-12-19,Consumer,0.14621133333333333
2022-12-20,Consumer,0.1613291575091575
2022-12-21,Consumer,0.07105419913419914
2022-12-22,Consumer,-0.07038742424242425
2022-12-23,Consumer,0.03499444444444443
2022-12-27,Consumer,0.09501666666666667
2022-12-28,Consumer,0.25822493506493505
2022-12-29,Consumer,0.09004000000000001
2022-12-30,Consumer,0.17230222222222222
2023-01-03,Consumer,0.12330857142857146
2023-01-04,Consumer,0.10436349206349205
2023-01-05,Consumer,0.11098171428571428
2023-01-06,Consumer,0.22089825396825397
2023-01-09,Consumer,0.133545
2023-01-10,Consumer,0.16359587301587303
2023-01-11,Consumer,0.1468952380952381
2023-01-12,Consumer,0.06898266666666666
2023-01-13,Consumer,0.06715823076923078
2023-01-17,Consumer,0.1928966666666667
2023-01-18,Consumer,0.24402785714285713
2023-01-19,Consumer,0.18132855555555555
2023-01-20,Consumer,-0.001316809523809516
2023-01-23,Consumer,-0.00372833333333333
2023-01-24,Consumer,0.27262690476190476
2023-01-25,Consumer,0.15147219047619048
2023-01-26,Consumer,0.11849233333333334
2023-01-27,Consumer,0.11875033333333333
2023-01-30,Consumer,0.10608761904761903
2023-01-31,Consumer,0.04667722222222222
2023-02-01,Consumer,0.07452104761904761
2023-02-02,Consumer,0.10242484848484848
2023-02-03,Consumer,0.14752266666666666
2023-02-06,Consumer,0.1524115238095238
2023-02-07,Consumer,0.10055233333333331
2023-02-08,Consumer,0.16737333333333332
2023-02-09,Consumer,0.10177542857142859
2023-02-10,Consumer,0.15625173563218392
2023-02-13,Consumer,0.16499683333333331
2023-02-14,Consumer,0.19443165909090912
2023-02-15,Consumer,0.26116157575757576
2023-02-16,Consumer,0.019266666666666654
2023-02-17,Consumer,-0.007755714285714285
2023-02-21,Consumer,0.15111714285714287
2023-02-22,Consumer,0.1495465343915344
2023-02-23,Consumer,0.12206076190476192
2023-02-24,Consumer,0.10792333333333333
2023-02-27,Consumer,0.001796666666666663
2023-02-28,Consumer,0.09407066666666666
2023-03-01,Consumer,0.12880133333333335
2023-03-02,Consumer,0.11133466666666667
2023-03-03,Consumer,0.25498982683982685
2023-03-06,Consumer,-0.013163333333333338
2023-03-07,Consumer,-0.034664
2023-03-08,Consumer,0.19005266666666668
2023-03-09,Consumer,0.2891583333333333
2023-03-10,Consumer,0.13330999999999998
2023-03-13,Consumer,0.11963499999999998
2023-03-14,Consumer,0.044226571428571435
2023-03-15,Consumer,-0.04521416666666668
2023-03-16,Consumer,0.08352166666666667
2023-03-17,Consumer,0.038205
2023-03-20,Consumer,-0.018316999999999996
2023-03-21,Consumer,0.05507555555555556
2023-03-22,Consumer,0.1721
2023-03-23,Consumer,-0.06539999999999999
2023-03-24,Consumer,0.08444733333333336
2023-03-27,Consumer,0.213172
2023-03-28,Consumer,0.14337750000000002
2023-03-29,Consumer,0.17604999999999998
2023-03-30,Consumer,0.09834466666666668
2023-03-31,Consumer,0.15365128205128203
2023-04-03,Consumer,0.07145714285714286
2023-04-04,Consumer,0.14343436591478698
2023-04-05,Consumer,0.14463666666666666
2023-04-06,Consumer,0.11781476190476188
2023-04-10,Consumer,0.11792411111111109
2023-04-11,Consumer,0.15896871794871795
2023-04-12,Consumer,0.05921800000000001
2023-04-13,Consumer,0.054177857142857146
2023-04-14,Consumer,-0.033407142857142844
2023-04-17,Consumer,0.141525
2023-04-18,Consumer,0.04035546218487395
2023-04-19,Consumer,-0.013684523809523813
2023-04-20,Consumer,0.13074833333333333
2023-04-21,Consumer,0.15421755555555555
2023-04-24,Consumer,0.19751095238095237
2023-04-25,Consumer,0.1744008333333333
2023-04-26,Consumer,0.06539066666666668
2023-04-27,Consumer,0.12955305194805194
2023-04-28,Consumer,0.026101666666666662
2023-05-01,Consumer,0.258452
2023-05-02,Consumer,0.08102685714285715
2023-05-03,Consumer,0.07257133333333335
2023-05-04,Consumer,0.12431
2023-05-05,Consumer,-0.004179619047619046
2023-05-08,Consumer,0.05747933333333334
2023-05-09,Consumer,0.08409619047619049
2023-05-10,Consumer,0.141288
2023-05-11,Consumer,0.06644523076923077
2023-05-12,Consumer,0.155674
2023-05-15,Consumer,0.035992939393939404
2023-05-16,Consumer,0.08604692307692308
2023-05-17,Consumer,0.05631030303030302
2023-05-18,Consumer,0.012425878787878788
2023-05-19,Consumer,0.26413368055555553
2023-05-22,Consumer,0.07486630467571645
2023-05-23,Consumer,0.02887436868686869
2023-05-24,Consumer,-0.013159523809523815
2023-05-25,Consumer,0.031945777777777774
2023-05-26,Consumer,0.109245
2023-05-30,Consumer,0.056897333333333334
2023-05-31,Consumer,0.0980689935064935
2023-06-01,Consumer,0.10592571428571429
2023-06-02,Consumer,0.1551445238095238
2023-06-05,Consumer,-0.00474866666666666
2023-06-06,Consumer,0.02521297435897436
2023-06-07,Consumer,0.15953166666666668
2023-06-08,Consumer,0.13802166666666665
2023-06-09,Consumer,0.16410844444444445
2023-06-12,Consumer,0.06483514285714286
2023-06-13,Consumer,0.09959316666666666
2023-06-14,Consumer,0.09820333333333334
2023-06-15,Consumer,0.06479416666666668
2023-06-16,Consumer,0.1116152380952381
2023-06-20,Consumer,0.018633333333333335
2023-06-21,Consumer,0.060383428571428574
2023-06-22,Consumer,0.1175872380952381
2023-06-23,Consumer,0.0748547619047619
2023-06-26,Consumer,0.043681523809523816
2023-06-27,Consumer,0.17513428571428574
2023-06-28,Consumer,0.12600622222222221
2023-06-29,Consumer,0.12906499999999999
2023-06-30,Consumer,-0.0023039999999999957
2023-07-03,Consumer,0.10288445054945053
2023-07-05,Consumer,0.10641571428571431
2023-07-06,Consumer,0.09447666666666667
2023-07-07,Consumer,0.06897095238095237
2023-07-10,Consumer,0.12390333333333332
2023-07-11,Consumer,0.03527333333333334
2023-07-12,Consumer,0.168444
2023-07-13,Consumer,0.13745854545454544
2023-07-14,Consumer,0.19189035164835164
2023-07-17,Consumer,0.16245018181818183
2023-07-18,Consumer,0.08093827272727272
2023-07-19,Consumer,0.051447857142857156
2023-07-20,Consumer,0.169624
2023-07-21,Consumer,0.10589685714285713
2023-07-24,Consumer,0.028855333333333334
2023-07-25,Consumer,0.07770414285714286
2023-07-26,Consumer,0.12619699999999998
2023-07-27,Consumer,0.19031778947368422
2023-07-28,Consumer,0.1407011111111111
2023-07-31,Consumer,0.09771285714285713
2023-08-01,Consumer,0.13105880555555555
2023-08-02,Consumer,0.13638766666666666
2023-08-03,Consumer,-0.0050613095238095235
2023-08-04,Consumer,0.10391333333333333
2023-08-07,Consumer,0.12934633333333334
2023-08-08,Consumer,0.056687999999999995
2023-08-09,Consumer,0.15178984126984124
2023-08-10,Consumer,0.07707631578947369
2023-08-11,Consumer,0.08525071428571428
2023-08-14,Consumer,0.1103307692307692
2023-08-15,Consumer,0.08199619047619047
2023-08-16,Consumer,0.08825595959595958
2023-08-17,Consumer,0.1300063193277311
2023-08-18,Consumer,0.03350712121212121
2023-08-21,Consumer,0.013441833333333333
2023-08-22,Consumer,0.10423283333333333
2023-08-23,Consumer,0.056870952380952376
2023-08-24,Consumer,0.14642994047619048
2023-08-25,Consumer,0.0721018787878788
2023-08-28,Consumer,0.10922666666666665
2023-08-29,Consumer,0.09646428571428572
2023-08-30,Consumer,0.15605818181818182
2023-08-31,Consumer,0.09527419047619047
2023-09-01,Consumer,0.3124469523809524
2023-09-05,Consumer,0.18921166666666664
2023-09-06,Consumer,0.10654567210567212
2023-09-07,Consumer,0.06825333333333333
2023-09-08,Consumer,0.08224269841269842
2023-09-11,Consumer,0.17038305555555555
2023-09-12,Consumer,0.0917625
2023-09-13,Consumer,0.11676297619047618
2023-09-14,Consumer,0.11138500000000003
2023-09-15,Consumer,0.038978095238095235
2023-09-18,Consumer,0.2886936666666667
2023-09-19,Consumer,0.07516727272727272
2023-09-20,Consumer,0.10915283333333334
2023-09-21,Consumer,-0.086361
2023-09-22,Consumer,0.05924761904761905
2023-09-25,Consumer,0.22562644444444446
2023-09-26,Consumer,0.08603844047619047
2023-09-27,Consumer,0.139376
2023-09-28,Consumer,-0.06864866666666666
2023-09-29,Consumer,0.1172310915750916
2023-10-02,Consumer,0.15157569423558898
2023-10-03,Consumer,0.1688853766233766
2023-10-04,Consumer,0.43976266666666664
2023-10-05,Consumer,0.13294699999999998
2023-10-06,Consumer,0.19096033333333332
2023-10-09,Consumer,0.17677045454545456
2023-10-10,Consumer,0.09272414285714285
2023-10-11,Consumer,0.2102415555555556
2023-10-12,Consumer,0.055548
2023-10-13,Consumer,0.12749866666666665
2023-10-16,Consumer,0.11813952380952382
2023-10-17,Consumer,0.15238555555555555
2023-10-18,Consumer,0.06861777777777778
2023-10-19,Consumer,0.14415333333333333
2023-10-20,Consumer,0.07030760317460319
2023-10-23,Consumer,0.09264666666666665
2023-10-24,Consumer,0.16109448076923077
2023-10-25,Consumer,0.102766
2023-10-26,Consumer,-0.006846309523809521
2023-10-27,Consumer,0.07842933333333332
2023-10-30,Consumer,0.19740885714285716
2023-10-31,Consumer,0.15306427350427348
2023-11-01,Consumer,0.130277
2023-11-02,Consumer,0.16675892063492062
2023-11-03,Consumer,0.18646044444444448
2023-11-06,Consumer,0.08320304761904762
2023-11-07,Consumer,0.06034626984126985
2023-11-08,Consumer,0.21622000000000002
2023-11-09,Consumer,0.03836833333333334
2023-11-10,Consumer,0.16513258771929823
2023-11-13,Consumer,0.11312851515151516
2023-11-14,Consumer,0.1763921086956522
2023-11-15,Consumer,0.16786888888888887
2023-11-16,Consumer,0.19309085470085469
2023-11-17,Consumer,0.006771333333333329
2023-11-20,Consumer,0.08958
2023-11-21,Consumer,0.044811064935064926
2023-11-22,Consumer,0.03162991666666667
2023-11-24,Consumer,0.07745727272727272
2023-11-27,Consumer,-0.055932666666666665
2023-11-28,Consumer,0.14499114285714287
2023-11-29,Consumer,0.1166625
2023-11-30,Consumer,0.09899678571428572
2023-12-01,Consumer,0.04097166666666667
2023-12-04,Consumer,0.15545678571428573
2023-12-05,Consumer,0.09375645454545453
2023-12-06,Consumer,0.15702666666666668
2023-12-07,Consumer,0.09572888888888889
2023-12-08,Consumer,0.27374166666666666
2023-12-11,Consumer,-0.013359999999999988
2023-12-12,Consumer,0.15813130591630592
2023-12-13,Consumer,-0.056608476190476195
2023-12-14,Consumer,0.0866185
2023-12-15,Consumer,0.060757000000000005
2023-12-18,Consumer,0.11549333333333334
2023-12-19,Consumer,0.13379033333333332
2023-12-20,Consumer,0.0
2023-12-21,Consumer,0.0
2023-12-22,Consumer,0.0
2023-12-26,Consumer,0.0
2023-12-27,Consumer,0.0
2023-12-28,Consumer,0.0
2023-12-29,Consumer,0.0
2020-01-02,Energy,0.0
2020-01-03,Energy,0.19600416666666667
2020-01-06,Energy,-0.02825833333333334
2020-01-07,Energy,0.08750242424242424
2020-01-08,Energy,0.06011
2020-01-09,Energy,-0.005103333333333343
2020-01-10,Energy,0.078586
2020-01-13,Energy,0.07434600000000001
2020-01-14,Energy,0.13548900000000003
2020-01-15,Energy,0.18988000000000002
2020-01-16,Energy,0.15053166666666665
2020-01-17,Energy,0.10194685714285714
2020-01-21,Energy,0.13102133333333335
2020-01-22,Energy,0.14282485714285714
2020-01-23,Energy,0.15166666666666667
2020-01-24,Energy,-0.018762666666666667
2020-01-27,Energy,0.180055
2020-01-28,Energy,0.06251999999999999
2020-01-29,Energy,0.10609333333333333
2020-01-30,Energy,0.008713333333333335
2020-01-31,Energy,0.14127428571428574
2020-02-03,Energy,0.08195349206349208
2020-02-04,Energy,0.07902141025641025
2020-02-05,Energy,0.1027888888888889
2020-02-06,Energy,0.51606
2020-02-07,Energy,0.1851426666666667
2020-02-10,Energy,0.221497
2020-02-11,Energy,0.12758333333333333
2020-02-12,Energy,0.08975999999999999
2020-02-13,Energy,0.07181083333333334
2020-02-14,Energy,0.1074555
2020-02-18,Energy,0.090528
2020-02-19,Energy,0.15579166666666666
2020-02-20,Energy,0.21611166666666665
2020-02-21,Energy,0.180315
2020-02-24,Energy,0.07830000000000001
2020-02-25,Energy,-0.17026142857142856
2020-02-26,Energy,-0.03331833333333333
2020-02-27,Energy,0.2654911428571428
2020-02-28,Energy,0.08856466666666665
2020-03-02,Energy,0.10096533333333335
2020-03-03,Energy,0.05237833333333334
2020-03-04,Energy,0.05256488888888888
2020-03-05,Energy,0.2775966666666667
2020-03-06,Energy,0.05962166666666667
2020-03-09,Energy,-0.010648809523809524
2020-03-10,Energy,-0.13433626084441874
2020-03-11,Energy,-0.006480077294685987
2020-03-12,Energy,0.03361922619047618
2020-03-13,Energy,0.03287763157894737
2020-03-16,Energy,0.23047481792717087
2020-03-17,Energy,-0.00938680392156863
2020-03-18,Energy,0.02701900000000001
2020-03-19,Energy,-0.01323142857142856
2020-03-20,Energy,-0.049080000000000006
2020-03-23,Energy,-0.0840276923076923
2020-03-24,Energy,-0.14039777777777776
2020-03-25,Energy,0.184486
2020-03-26,Energy,0.16919666666666666
2020-03-27,Energy,0.19927899999999998
2020-03-30,Energy,0.3851814761904762
2020-03-31,Energy,0.11145999999999998
2020-04-01,Energy,0.015028333333333338
2020-04-02,Energy,-0.051017619047619034
2020-04-03,Energy,-0.06594223076923078
2020-04-06,Energy,-0.0792690476190476
2020-04-07,Energy,0.19833698412698414
2020-04-08,Energy,0.35470071428571426
2020-04-09,Energy,0.3050776190476191
2020-04-13,Energy,0.14635788095238095
2020-04-14,Energy,0.11732015750915752
2020-04-15,Energy,0.012074166666666667
2020-04-16,Energy,0.09014833333333334
2020-04-17,Energy,-0.009453629870129874
2020-04-20,Energy,-0.04229437037037037
2020-04-21,Energy,-0.13881641959972396
2020-04-22,Energy,-0.23156342857142853
2020-04-23,Energy,-0.03768233333333333
2020-04-24,Energy,0.1884172676767677
2020-04-27,Energy,0.0769025
2020-04-28,Energy,-0.00024416666666666754
2020-04-29,Energy,0.029926666666666667
2020-04-30,Energy,0.1304923492063492
2020-05-01,Energy,0.05977755266955267
2020-05-04,Energy,-0.17314000000000002
2020-05-05,Energy,-0.011080524475524477
2020-05-06,Energy,0.10371686868686866
2020-05-07,Energy,0.15787557142857145
2020-05-08,Energy,0.22241833333333338
2020-05-11,Energy,0.213385
2020-05-12,Energy,-0.06146833333333335
2020-05-13,Energy,0.1722
2020-05-14,Energy,-0.053454025974025966
2020-05-15,Energy,-0.07822
2020-05-18,Energy,0.11766000000000001
2020-05-19,Energy,0.1544207142857143
2020-05-20,Energy,0.149372
2020-05-21,Energy,-0.020837142857142853
2020-05-22,Energy,-0.034339999999999996
2020-05-26,Energy,-0.04693066666666667
2020-05-27,Energy,0.13305342857142857
2020-05-28,Energy,0.096474
2020-05-29,Energy,0.150395
2020-06-01,Energy,0.14978799999999998
2020-06-02,Energy,-0.002193787878787877
2020-06-03,Energy,0.13268
2020-06-04,Energy,0.27242333333333335
2020-06-05,Energy,0.11057066666666666
2020-06-08,Energy,0.06104666666666667
2020-06-09,Energy,0.35598142857142856
2020-06-10,Energy,0.158955
2020-06-11,Energy,0.458417
2020-06-12,Energy,-0.06853571428571428
2020-06-15,Energy,0.025761000000000013
2020-06-16,Energy,0.05362755555555556
2020-06-17,Energy,0.041347499999999995
2020-06-18,Energy,-0.0031499999999999974
2020-06-19,Energy,0.042557333333333336
2020-06-22,Energy,0.21068904761904758
2020-06-23,Energy,0.2104533333333333
2020-06-24,Energy,0.170395
2020-06-25,Energy,-0.14619214285714285
2020-06-26,Energy,0.08305857142857143
2020-06-29,Energy,0.07083833333333334
2020-06-30,Energy,0.10136
2020-07-01,Energy,0.10255099999999999
2020-07-02,Energy,0.03441999999999999
2020-07-06,Energy,0.20829333333333339
2020-07-07,Energy,0.1161452380952381
2020-07-08,Energy,-0.02626142857142858
2020-07-09,Energy,0.11853
2020-07-10,Energy,0.204445
2020-07-13,Energy,0.17106666666666664
2020-07-14,Energy,0.27122
2020-07-15,Energy,-0.00516
2020-07-16,Energy,-0.06895500000000002
2020-07-17,Energy,0.073255
2020-07-20,Energy,-0.08421666666666669
2020-07-21,Energy,0.14992444444444447
2020-07-22,Energy,0.2829170940170941
2020-07-23,Energy,0.17533333333333334
2020-07-24,Energy,0.07396
2020-07-27,Energy,0.27365923076923077
2020-07-28,Energy,0.037736000000000006
2020-07-29,Energy,0.08092
2020-07-30,Energy,0.25403
2020-07-31,Energy,0.09183444444444445
2020-08-03,Energy,9.180952380952387e-05
2020-08-04,Energy,0.09780649999999999
2020-08-05,Energy,0.00937166666666667
2020-08-06,Energy,0.013496666666666657
2020-08-07,Energy,0.07603333333333331
2020-08-10,Energy,0.043389333333333335
2020-08-11,Energy,0.1901057777777778
2020-08-12,Energy,0.21331642857142857
2020-08-13,Energy,0.19523
2020-08-14,Energy,0.05464
2020-08-17,Energy,0.173885
2020-08-18,Energy,-0.03854333333333333
2020-08-19,Energy,0.012449999999999998
2020-08-20,Energy,0.020945
2020-08-21,Energy,0.09725199999999999
2020-08-24,Energy,0.04123333333333333
2020-08-25,Energy,0.084212
2020-08-26,Energy,0.0041213333333333345
2020-08-27,Energy,0.127755
2020-08-28,Energy,0.011694285714285702
2020-08-31,Energy,-0.004
2020-09-01,Energy,-0.008710476190476189
2020-09-02,Energy,0.036921666666666665
2020-09-03,Energy,-0.043352
2020-09-04,Energy,0.11029599999999999
2020-09-08,Energy,0.09403500000000001
2020-09-09,Energy,-0.08253114285714287
2020-09-10,Energy,0.03699
2020-09-11,Energy,0.05
2020-09-14,Energy,0.07067333333333334
2020-09-15,Energy,-0.019287142857142857
2020-09-16,Energy,-0.10746666666666667
2020-09-17,Energy,0.06973166666666666
2020-09-18,Energy,0.09398333333333334
2020-09-21,Energy,0.04452
2020-09-22,Energy,-0.013886666666666669
2020-09-23,Energy,0.26230000000000003
2020-09-24,Energy,0.04529666666666667
2020-09-25,Energy,0.19541333333333336
2020-09-28,Energy,0.00258
2020-09-29,Energy,0.080935
2020-09-30,Energy,0.24813999999999997
2020-10-01,Energy,0.02075333333333333
2020-10-02,Energy,0.09370444444444445
2020-10-05,Energy,0.1551452380952381
2020-10-06,Energy,0.13309166666666666
2020-10-07,Energy,-0.015139999999999997
2020-10-08,Energy,0.02108
2020-10-09,Energy,0.14910714285714288
2020-10-12,Energy,0.0
2020-10-13,Energy,0.16493083333333333
2020-10-14,Energy,-0.09396
2020-10-15,Energy,0.025256
2020-10-16,Energy,0.35739
2020-10-19,Energy,-0.009923749999999999
2020-10-20,Energy,0.04193593939393939
2020-10-21,Energy,0.11118000000000001
2020-10-22,Energy,-0.04552999999999999
2020-10-23,Energy,0.11862500000000001
2020-10-26,Energy,0.187525
2020-10-27,Energy,0.06451233333333332
2020-10-28,Energy,0.025740000000000002
2020-10-29,Energy,0.058715238095238084
2020-10-30,Energy,-0.19892285714285712
2020-11-02,Energy,0.064257
2020-11-03,Energy,-0.08736833333333331
2020-11-04,Energy,0.13972
2020-11-05,Energy,-0.001333000000000012
2020-11-06,Energy,0.10336000000000001
2020-11-09,Energy,0.046224999999999995
2020-11-10,Energy,0.16051100000000001
2020-11-11,Energy,0.021235333333333346
2020-11-12,Energy,0.220856
2020-11-13,Energy,0.36651333333333336
2020-11-16,Energy,0.13017333333333334
2020-11-17,Energy,0.278895
2020-11-18,Energy,-0.0077399999999999995
2020-11-19,Energy,0.05548833333333333
2020-11-20,Energy,0.10277
2020-11-23,Energy,0.0
2020-11-24,Energy,-0.029874142857142856
2020-11-25,Energy,-0.08238666666666668
2020-11-27,Energy,0.1297125
2020-11-30,Energy,0.0560125
2020-12-01,Energy,0.2311854761904762
2020-12-02,Energy,0.09086000000000001
2020-12-03,Energy,0.14752733333333332
2020-12-04,Energy,0.032545000000000004
2020-12-07,Energy,0.07083261183261184
2020-12-08,Energy,0.12802711111111112
2020-12-09,Energy,0.06911
2020-12-10,Energy,0.060424
2020-12-11,Energy,0.28174399999999994
2020-12-14,Energy,-0.23809400000000003
2020-12-15,Energy,0.07321000000000001
2020-12-16,Energy,0.19958666666666666
2020-12-17,Energy,0.026336666666666668
2020-12-18,Energy,0.12931499999999999
2020-12-21,Energy,0.035153333333333335
2020-12-22,Energy,0.1772266666666667
2020-12-23,Energy,-0.0007840000000000014
2020-12-24,Energy,0.0876
2020-12-28,Energy,0.052006666666666666
2020-12-29,Energy,0.145248
2020-12-30,Energy,0.0534
2020-12-31,Energy,0.029425
2021-01-04,Energy,0.03245666666666667
2021-01-05,Energy,0.06417166666666667
2021-01-06,Energy,0.11930666666666667
2021-01-07,Energy,-0.01865
2021-01-08,Energy,0.06514666666666666
2021-01-11,Energy,0.10665785714285714
2021-01-12,Energy,0.11267000000000002
2021-01-13,Energy,-0.006191333333333332
2021-01-14,Energy,0.06442250000000001
2021-01-15,Energy,0.048285
2021-01-19,Energy,0.16729076923076924
2021-01-20,Energy,0.2714533333333333
2021-01-21,Energy,-0.01935
2021-01-22,Energy,-0.24583999999999998
2021-01-25,Energy,0.05541999999999999
2021-01-26,Energy,0.11744000000000002
2021-01-27,Energy,0.41258
2021-01-28,Energy,0.1740066666666667
2021-01-29,Energy,0.09581166666666667
2021-02-01,Energy,-0.20742000000000002
2021-02-02,Energy,0.09572575757575758
2021-02-03,Energy,0.005559649122807017
2021-02-04,Energy,0.013235000000000007
2021-02-05,Energy,0.13072999999999999
2021-02-08,Energy,0.06981933333333334
2021-02-09,Energy,0.25702916666666664
2021-02-10,Energy,0.019729999999999998
2021-02-11,Energy,-0.07008
2021-02-12,Energy,0.0479
2021-02-16,Energy,-0.056701999999999995
2021-02-17,Energy,0.12762250000000003
2021-02-18,Energy,-0.0008134545454545492
2021-02-19,Energy,0.11027333333333333
2021-02-22,Energy,0.26348
2021-02-23,Energy,0.10811333333333333
2021-02-24,Energy,0.2381333333333333
2021-02-25,Energy,0.047891666666666666
2021-02-26,Energy,0.14294
2021-03-01,Energy,-0.036004999999999995
2021-03-02,Energy,0.264279
2021-03-03,Energy,-0.029667999999999993
2021-03-04,Energy,0.054068181818181814
2021-03-05,Energy,0.078915
2021-03-08,Energy,0.13308333333333333
2021-03-09,Energy,0.09912266666666666
2021-03-10,Energy,-0.11302761904761904
2021-03-11,Energy,0.129135
2021-03-12,Energy,0.18222
2021-03-15,Energy,0.09534000000000001
2021-03-16,Energy,0.08505
2021-03-17,Energy,-0.06188333333333333
2021-03-18,Energy,0.006846666666666666
2021-03-19,Energy,-0.013213333333333327
2021-03-22,Energy,0.2087133333333333
2021-03-23,Energy,0.026244999999999997
2021-03-24,Energy,-0.1503311111111111
2021-03-25,Energy,-0.030537333333333333
2021-03-26,Energy,0.13758333333333334
2021-03-29,Energy,0.236383
2021-03-30,Energy,0.288084
2021-03-31,Energy,0.26175333333333334
2021-04-01,Energy,0.23067
2021-04-05,Energy,-0.29806
2021-04-06,Energy,0.07709066666666667
2021-04-07,Energy,0.056152
2021-04-08,Energy,-0.05589999999999999
2021-04-09,Energy,0.07133999999999999
2021-04-12,Energy,-0.049929999999999995
2021-04-13,Energy,0.14817
2021-04-14,Energy,0.15749666666666667
2021-04-15,Energy,0.052811666666666666
2021-04-16,Energy,0.07174000000000001
2021-04-19,Energy,0.07768
2021-04-20,Energy,0.03879833333333334
2021-04-21,Energy,0.20716
2021-04-22,Energy,0.0834
2021-04-23,Energy,0.009524000000000001
2021-04-26,Energy,-0.0413825
2021-04-27,Energy,-0.032811999999999994
2021-04-28,Energy,0.015073333333333327
2021-04-29,Energy,0.24557400000000001
2021-04-30,Energy,0.17287333333333335
2021-05-03,Energy,0.21596339285714286
2021-05-04,Energy,0.091267
2021-05-05,Energy,0.07456971428571428
2021-05-06,Energy,0.08311166666666667
2021-05-07,Energy,0.20023333333333335
2021-05-10,Energy,-0.041465
2021-05-11,Energy,0.11888333333333331
2021-05-12,Energy,-0.026708
2021-05-13,Energy,0.08452
2021-05-14,Energy,-0.025063333333333333
2021-05-17,Energy,-0.022746666666666682
2021-05-18,Energy,0.19959266666666667
2021-05-19,Energy,-0.012865000000000001
2021-05-20,Energy,-0.046204999999999996
2021-05-21,Energy,0.030420000000000003
2021-05-24,Energy,0.04358
2021-05-25,Energy,0.09964166666666666
2021-05-26,Energy,0.12543777777777776
2021-05-27,Energy,0.30603250000000004
2021-05-28,Energy,0.061045333333333326
2021-06-01,Energy,-0.035214999999999996
2021-06-02,Energy,0.07436723809523811
2021-06-03,Energy,0.16550600000000001
2021-06-04,Energy,0.22660999999999998
2021-06-07,Energy,-0.00516
2021-06-08,Energy,-0.09129333333333334
2021-06-09,Energy,0.16645
2021-06-10,Energy,0.061512
2021-06-11,Energy,0.11077
2021-06-14,Energy,0.033335000000000004
2021-06-15,Energy,0.21963866666666662
2021-06-16,Energy,0.23529866666666663
2021-06-17,Energy,0.21498599999999998
2021-06-18,Energy,0.014878666666666662
2021-06-21,Energy,0.08231
2021-06-22,Energy,0.10634199999999998
2021-06-23,Energy,0.039659999999999994
2021-06-24,Energy,0.392817
2021-06-25,Energy,0.13837166666666667
2021-06-28,Energy,0.09849500000000001
2021-06-29,Energy,0.021271666666666668
2021-06-30,Energy,0.521872
2021-07-01,Energy,0.11886333333333332
2021-07-02,Energy,0.0726
2021-07-06,Energy,0.28269500000000003
2021-07-07,Energy,-0.05554000000000002
2021-07-08,Energy,0.027148333333333337
2021-07-09,Energy,0.147874
2021-07-12,Energy,0.146452
2021-07-13,Energy,0.174045
2021-07-14,Energy,-0.028339999999999994
2021-07-15,Energy,0.07964
2021-07-16,Energy,-0.0011533333333333313
2021-07-19,Energy,0.08699733333333333
2021-07-20,Energy,-0.031836666666666666
2021-07-21,Energy,0.32323999999999997
2021-07-22,Energy,0.4189966666666667
2021-07-23,Energy,0.08556
2021-07-26,Energy,0.23452711111111113
2021-07-27,Energy,0.022663333333333324
2021-07-28,Energy,0.0
2021-07-29,Energy,0.112795
2021-07-30,Energy,0.09265599999999999
2021-08-02,Energy,0.10741045454545453
2021-08-03,Energy,0.034649
2021-08-04,Energy,0.2734333333333333
2021-08-05,Energy,-0.006295
2021-08-06,Energy,0.012188666666666664
2021-08-09,Energy,0.016300000000000002
2021-08-10,Energy,-0.014953333333333324
2021-08-11,Energy,-0.045624285714285714
2021-08-12,Energy,0.08482866666666666
2021-08-13,Energy,-0.09441
2021-08-16,Energy,0.021859999999999997
2021-08-17,Energy,0.04894952380952381
2021-08-18,Energy,-0.16049833333333333
2021-08-19,Energy,0.11454500000000001
2021-08-20,Energy,0.09952285714285715
2021-08-23,Energy,-0.151736
2021-08-24,Energy,0.084795
2021-08-25,Energy,0.03009666666666667
2021-08-26,Energy,0.02474
2021-08-27,Energy,0.04751999999999999
2021-08-30,Energy,-0.008091666666666669
2021-08-31,Energy,0.040373571428571425
2021-09-01,Energy,0.05643533333333334
2021-09-02,Energy,-0.00399809523809524
2021-09-03,Energy,0.2498278717948718
2021-09-07,Energy,0.11492642857142857
2021-09-08,Energy,0.27676700000000004
2021-09-09,Energy,0.08363047619047619
2021-09-10,Energy,0.30875171428571424
2021-09-13,Energy,-0.03632166666666667
2021-09-14,Energy,0.16244321428571426
2021-09-15,Energy,-0.032918
2021-09-16,Energy,0.00010266666666667104
2021-09-17,Energy,-0.035292000000000004
2021-09-20,Energy,0.030506666666666665
2021-09-21,Energy,0.041336000000000005
2021-09-22,Energy,0.11991
2021-09-23,Energy,0.11921333333333332
2021-09-24,Energy,0.16549166666666668
2021-09-27,Energy,-0.06230095238095237
2021-09-28,Energy,0.06844111111111112
2021-09-29,Energy,0.007780000000000004
2021-09-30,Energy,0.012119999999999997
2021-10-01,Energy,0.090455
2021-10-04,Energy,0.08355499999999999
2021-10-05,Energy,0.172585
2021-10-06,Energy,0.19998
2021-10-07,Energy,0.13157666666666665
2021-10-08,Energy,0.1436085714285714
2021-10-11,Energy,0.05821238095238096
2021-10-12,Energy,0.026883333333333342
2021-10-13,Energy,0.09885999999999999
2021-10-14,Energy,0.19264333333333333
2021-10-15,Energy,0.106285
2021-10-18,Energy,0.210899
2021-10-19,Energy,0.03308599999999999
2021-10-20,Energy,0.20619
2021-10-21,Energy,0.08559833333333335
2021-10-22,Energy,0.04984166666666667
2021-10-25,Energy,0.1252862857142857
2021-10-26,Energy,0.14706166666666665
2021-10-27,Energy,0.1508742857142857
2021-10-28,Energy,0.010538571428571425
2021-10-29,Energy,0.10579916666666667
2021-11-01,Energy,0.33888666666666667
2021-11-02,Energy,0.10108083333333333
2021-11-03,Energy,0.026842222222222222
2021-11-04,Energy,-0.00485733333333333
2021-11-05,Energy,0.17945433333333333
2021-11-08,Energy,0.18029333333333333
2021-11-09,Energy,0.139798
2021-11-10,Energy,0.05714399999999999
2021-11-11,Energy,-0.035840000000000004
2021-11-12,Energy,0.040466666666666665
2021-11-15,Energy,0.0
2021-11-16,Energy,0.0007366666666666661
2021-11-17,Energy,0.006622
2021-11-18,Energy,0.006977142857142857
2021-11-19,Energy,-0.031806666666666664
2021-11-22,Energy,0.011797619047619046
2021-11-23,Energy,-0.004106666666666659
2021-11-24,Energy,0.22822833333333334
2021-11-26,Energy,0.07569333333333333
2021-11-29,Energy,-0.20245466666666662
2021-11-30,Energy,-0.08034333333333332
2021-12-01,Energy,-0.022515000000000007
2021-12-02,Energy,0.2343633333333333
2021-12-03,Energy,0.11606698412698416
2021-12-06,Energy,-0.004908333333333332
2021-12-07,Energy,0.030007380952380952
2021-12-08,Energy,0.074735
2021-12-09,Energy,0.12610190476190475
2021-12-10,Energy,0.0026966666666666684
2021-12-13,Energy,0.15219200000000002
2021-12-14,Energy,0.05976666666666667
2021-12-15,Energy,0.19192
2021-12-16,Energy,0.09308000000000001
2021-12-17,Energy,0.08575999999999999
2021-12-20,Energy,0.09547
2021-12-21,Energy,-0.005053333333333321
2021-12-22,Energy,0.0
2021-12-23,Energy,0.06486
2021-12-27,Energy,-0.016669999999999997
2021-12-28,Energy,0.22057500000000002
2021-12-29,Energy,-0.04812
2021-12-30,Energy,0.18331999999999998
2021-12-31,Energy,0.01729
2022-01-03,Energy,0.22467600000000001
2022-01-04,Energy,0.0640847619047619
2022-01-05,Energy,0.03338
2022-01-06,Energy,0.10179944444444444
2022-01-07,Energy,-0.017906666666666664
2022-01-10,Energy,0.2829066666666667
2022-01-11,Energy,0.1647622857142857
2022-01-12,Energy,0.10752666666666669
2022-01-13,Energy,0.18632166666666666
2022-01-14,Energy,0.12037266666666668
2022-01-18,Energy,0.17562133333333335
2022-01-19,Energy,0.22395785714285715
2022-01-20,Energy,0.18339999999999998
2022-01-21,Energy,0.13420416666666668
2022-01-24,Energy,0.076121
2022-01-25,Energy,0.07438083333333333
2022-01-26,Energy,0.14310799999999999
2022-01-27,Energy,0.16372638888888885
2022-01-28,Energy,0.14706935897435897
2022-01-31,Energy,0.15684569444444443
2022-02-01,Energy,0.1592225
2022-02-02,Energy,0.07407634782608696
2022-02-03,Energy,0.18162633333333336
2022-02-04,Energy,0.18037999999999998
2022-02-07,Energy,0.150105
2022-02-08,Energy,0.17839769841269842
2022-02-09,Energy,0.21623200000000004
2022-02-10,Energy,0.21380333333333335
2022-02-11,Energy,0.005385000000000012
2022-02-14,Energy,0.12417799999999998
2022-02-15,Energy,0.16651539682539682
2022-02-16,Energy,0.0998064761904762
2022-02-17,Energy,0.1582886666666667
2022-02-18,Energy,0.146389
2022-02-22,Energy,0.07718733333333334
2022-02-23,Energy,0.048667249999999995
2022-02-24,Energy,0.13059833333333334
2022-02-25,Energy,-0.022236111111111116
2022-02-28,Energy,0.13246615384615384
2022-03-01,Energy,0.11004766666666665
2022-03-02,Energy,0.07862485588972432
2022-03-03,Energy,0.16209047619047617
2022-03-04,Energy,0.03832556776556778
2022-03-07,Energy,0.10943
2022-03-08,Energy,0.04107653846153846
2022-03-09,Energy,0.11841377777777777
2022-03-10,Energy,0.12354766666666665
2022-03-11,Energy,0.10673733333333332
2022-03-14,Energy,0.13938083333333334
2022-03-15,Energy,0.18259816666666667
2022-03-16,Energy,0.18473738095238096
2022-03-17,Energy,0.18919493506493507
2022-03-18,Energy,0.10603818181818184
2022-03-21,Energy,0.06711666666666666
2022-03-22,Energy,0.11795032467532467
2022-03-23,Energy,0.1446596277056277
2022-03-24,Energy,0.0697075
2022-03-25,Energy,0.10094776923076923
2022-03-28,Energy,0.309002
2022-03-29,Energy,0.2734972222222222
2022-03-30,Energy,0.09031618181818182
2022-03-31,Energy,0.30600666666666665
2022-04-01,Energy,0.004929999999999995
2022-04-04,Energy,0.19593100000000002
2022-04-05,Energy,0.05676866666666667
2022-04-06,Energy,0.058961
2022-04-07,Energy,0.11465499999999999
2022-04-08,Energy,0.153694
2022-04-11,Energy,0.20678099999999996
2022-04-12,Energy,0.30313
2022-04-13,Energy,0.15723333333333336
2022-04-14,Energy,0.170914
2022-04-18,Energy,0.24195000000000003
2022-04-19,Energy,0.2188388888888889
2022-04-20,Energy,0.24040600000000004
2022-04-21,Energy,0.274625
2022-04-22,Energy,0.17468750000000002
2022-04-25,Energy,0.154786
2022-04-26,Energy,0.16859327849927852
2022-04-27,Energy,0.11400202380952382
2022-04-28,Energy,0.28977
2022-04-29,Energy,0.2727904761904762
2022-05-02,Energy,-0.0002128148148148198
2022-05-03,Energy,0.14785907692307693
2022-05-04,Energy,0.22221233333333332
2022-05-05,Energy,0.079884
2022-05-06,Energy,0.38731807142857144
2022-05-09,Energy,0.17517614285714286
2022-05-10,Energy,0.1253158354978355
2022-05-11,Energy,0.14934857142857144
2022-05-12,Energy,0.25183166666666673
2022-05-13,Energy,0.11615761904761905
2022-05-16,Energy,0.09680266666666666
2022-05-17,Energy,0.09728061538461538
2022-05-18,Energy,0.06933951515151515
2022-05-19,Energy,0.1107154358974359
2022-05-20,Energy,0.15912733333333334
2022-05-23,Energy,0.18447400000000003
2022-05-24,Energy,0.14649933333333334
2022-05-25,Energy,0.22608044444444442
2022-05-26,Energy,0.18393142857142858
2022-05-27,Energy,0.17253900000000003
2022-05-31,Energy,0.27148333333333335
2022-06-01,Energy,0.23930842490842488
2022-06-02,Energy,0.18359761904761904
2022-06-03,Energy,0.34268466666666664
2022-06-06,Energy,0.21833133333333335
2022-06-07,Energy,0.21025978021978017
2022-06-08,Energy,0.12990492857142857
2022-06-09,Energy,0.18081349206349207
2022-06-10,Energy,0.12925999999999999
2022-06-13,Energy,0.15125733333333335
2022-06-14,Energy,0.13151964646464648
2022-06-15,Energy,0.19197999999999998
2022-06-16,Energy,0.2445825
2022-06-17,Energy,0.06519
2022-06-21,Energy,0.15142533333333336
2022-06-22,Energy,0.05631298642533936
2022-06-23,Energy,0.044875555555555544
2022-06-24,Energy,0.1645226388888889
2022-06-27,Energy,-0.10689833333333332
2022-06-28,Energy,0.12041766666666667
2022-06-29,Energy,0.2758091036414566
2022-06-30,Energy,0.17681305494505498
2022-07-01,Energy,-0.03995549999999999
2022-07-05,Energy,0.23254192307692306
2022-07-06,Energy,0.07189125
2022-07-07,Energy,0.3319088571428571
2022-07-08,Energy,0.32034444444444443
2022-07-11,Energy,0.11810100000000001
2022-07-12,Energy,0.04951482051282051
2022-07-13,Energy,0.22728142857142855
2022-07-14,Energy,0.1940366666666667
2022-07-15,Energy,0.19850261904761904
2022-07-18,Energy,0.25820366666666666
2022-07-19,Energy,0.32103333333333334
2022-07-20,Energy,0.35572
2022-07-21,Energy,0.2080254761904762
2022-07-22,Energy,0.15964133333333336
2022-07-25,Energy,0.28862954545454544
2022-07-26,Energy,0.3634997864357864
2022-07-27,Energy,0.07732833333333333
2022-07-28,Energy,0.09809504761904762
2022-07-29,Energy,0.24706287878787875
2022-08-01,Energy,0.3598310897435898
2022-08-02,Energy,0.1678985202020202
2022-08-03,Energy,0.16018821428571428
2022-08-04,Energy,0.2904988877005348
2022-08-05,Energy,0.18110166666666666
2022-08-08,Energy,0.266204
2022-08-09,Energy,0.13275657142857142
2022-08-10,Energy,0.0583055873015873
2022-08-11,Energy,0.15591561904761905
2022-08-12,Energy,0.20662133333333332
2022-08-15,Energy,0.18965800000000002
2022-08-16,Energy,0.16305614141414143
2022-08-17,Energy,0.18476333333333333
2022-08-18,Energy,0.33411666666666673
2022-08-19,Energy,-0.029611999999999992
2022-08-22,Energy,0.11595133333333334
2022-08-23,Energy,0.21593177777777778
2022-08-24,Energy,0.14926777777777778
2022-08-25,Energy,0.02262733333333333
2022-08-26,Energy,0.10111857142857143
2022-08-29,Energy,0.09753533333333333
2022-08-30,Energy,0.19106555555555554
2022-08-31,Energy,0.07918285714285715
2022-09-01,Energy,0.21630472727272726
2022-09-02,Energy,0.15708950000000002
2022-09-06,Energy,0.19458976190476188
2022-09-07,Energy,0.10520366666666667
2022-09-08,Energy,0.2255333333333333
2022-09-09,Energy,0.2787766666666666
2022-09-12,Energy,0.079548
2022-09-13,Energy,0.16770916666666666
2022-09-14,Energy,0.3161960476190476
2022-09-15,Energy,0.12966833333333333
2022-09-16,Energy,0.25362515873015873
2022-09-19,Energy,0.51857
2022-09-20,Energy,0.09216271428571428
2022-09-21,Energy,0.2220933333333333
2022-09-22,Energy,0.23407300000000003
2022-09-23,Energy,0.10541333333333333
2022-09-26,Energy,-0.06156650000000001
2022-09-27,Energy,0.012181666666666657
2022-09-28,Energy,-0.03211714285714286
2022-09-29,Energy,0.18455833333333332
2022-09-30,Energy,0.14128266666666667
2022-10-03,Energy,0.17220809523809524
2022-10-04,Energy,0.1051697435897436
2022-10-05,Energy,0.09348000000000002
2022-10-06,Energy,0.22604888888888888
2022-10-07,Energy,0.1469356666666667
2022-10-10,Energy,0.29309657142857143
2022-10-11,Energy,0.18319785714285713
2022-10-12,Energy,0.106741
2022-10-13,Energy,0.16643753846153847
2022-10-14,Energy,0.10656266666666667
2022-10-17,Energy,0.1123507619047619
2022-10-18,Energy,0.08440883333333334
2022-10-19,Energy,0.010402499999999999
2022-10-20,Energy,0.1725853333333333
2022-10-21,Energy,0.13870699999999997
2022-10-24,Energy,0.08953473015873017
2022-10-25,Energy,0.09638972222222222
2022-10-26,Energy,0.11143600000000002
2022-10-27,Energy,0.05889666666666667
2022-10-28,Energy,0.10992442424242424
2022-10-31,Energy,0.17871900000000002
2022-11-01,Energy,0.13915841666666667
2022-11-02,Energy,0.073232987012987
2022-11-03,Energy,0.28097557142857144
2022-11-04,Energy,0.36532666666666663
2022-11-07,Energy,0.07457
2022-11-08,Energy,0.09359342857142859
2022-11-09,Energy,0.10409083333333333
2022-11-10,Energy,-0.030485000000000005
2022-11-11,Energy,0.12082933333333332
2022-11-14,Energy,0.15422314285714286
2022-11-15,Energy,0.24787937062937065
2022-11-16,Energy,0.3596785714285714
2022-11-17,Energy,0.23865699999999998
2022-11-18,Energy,0.070921
2022-11-21,Energy,0.06585533333333335
2022-11-22,Energy,0.152035
2022-11-23,Energy,-0.04749466666666667
2022-11-25,Energy,0.2531577619047619
2022-11-28,Energy,0.214786
2022-11-29,Energy,0.01591075
2022-11-30,Energy,0.05350863636363636
2022-12-01,Energy,0.1889424761904762
2022-12-02,Energy,0.07125666666666666
2022-12-05,Energy,0.36558999999999997
2022-12-06,Energy,0.15479380952380953
2022-12-07,Energy,0.2917713333333333
2022-12-08,Energy,0.09108261904761905
2022-12-09,Energy,0.2323007692307692
2022-12-12,Energy,0.1082454761904762
2022-12-13,Energy,0.27849904761904765
2022-12-14,Energy,0.142605
2022-12-15,Energy,-0.07003200000000001
2022-12-16,Energy,0.0328945
2022-12-19,Energy,0.10769999999999999
2022-12-20,Energy,0.07148866666666667
2022-12-21,Energy,0.2657025
2022-12-22,Energy,0.067605
2022-12-23,Energy,0.384745
2022-12-27,Energy,0.090816
2022-12-28,Energy,0.21466174358974355
2022-12-29,Energy,0.08253809523809524
2022-12-30,Energy,0.03526928571428572
2023-01-03,Energy,0.18792333333333333
2023-01-04,Energy,0.3292013492063492
2023-01-05,Energy,0.26173033333333334
2023-01-06,Energy,0.2573845238095238
2023-01-09,Energy,0.24306999999999998
2023-01-10,Energy,0.29457619047619044
2023-01-11,Energy,0.03410228571428572
2023-01-12,Energy,0.14722
2023-01-13,Energy,0.0037178571428571456
2023-01-17,Energy,0.1359007142857143
2023-01-18,Energy,0.0661566862745098
2023-01-19,Energy,0.2622688888888889
2023-01-20,Energy,0.08083666666666668
2023-01-23,Energy,0.17763903846153845
2023-01-24,Energy,0.23659204545454546
2023-01-25,Energy,0.24471619047619045
2023-01-26,Energy,0.17778388888888888
2023-01-27,Energy,0.13665179487179485
2023-01-30,Energy,0.12547342857142857
2023-01-31,Energy,0.14893194805194807
2023-02-01,Energy,0.16007466666666667
2023-02-02,Energy,-0.1320637777777778
2023-02-03,Energy,0.26466190476190476
2023-02-06,Energy,-0.012191666666666656
2023-02-07,Energy,0.04018111111111112
2023-02-08,Energy,0.04098780952380955
2023-02-09,Energy,0.10519666666666667
2023-02-10,Energy,0.10178714285714285
2023-02-13,Energy,0.15356833333333333
2023-02-14,Energy,0.2646922222222222
2023-02-15,Energy,-0.05841866666666666
2023-02-16,Energy,0.06662666666666665
2023-02-17,Energy,0.16217422222222222
2023-02-21,Energy,0.1495971428571429
2023-02-22,Energy,0.14891949494949497
2023-02-23,Energy,0.13792733333333335
2023-02-24,Energy,0.1452247619047619
2023-02-27,Energy,0.07293833333333333
2023-02-28,Energy,-0.029674380952380945
2023-03-01,Energy,0.13625777777777776
2023-03-02,Energy,0.07754833333333334
2023-03-03,Energy,0.30752083333333335
2023-03-06,Energy,0.12402666666666666
2023-03-07,Energy,0.06906622222222222
2023-03-08,Energy,0.093602
2023-03-09,Energy,0.16140666666666664
2023-03-10,Energy,0.2754493333333333
2023-03-13,Energy,0.13200933333333334
2023-03-14,Energy,0.17612166666666665
2023-03-15,Energy,0.2180068571428571
2023-03-16,Energy,0.11364928571428572
2023-03-17,Energy,-0.019653999999999998
2023-03-20,Energy,0.04489833333333334
2023-03-21,Energy,0.29093766666666665
2023-03-22,Energy,-0.010850666666666665
2023-03-23,Energy,0.17172116666666667
2023-03-24,Energy,0.17079033333333332
2023-03-27,Energy,0.16103
2023-03-28,Energy,0.07324083333333334
2023-03-29,Energy,0.17632666666666666
2023-03-30,Energy,0.04029055555555555
2023-03-31,Energy,0.07572666666666666
2023-04-03,Energy,0.17778900000000003
2023-04-04,Energy,-0.058373508771929816
2023-04-05,Energy,0.2956563492063492
2023-04-06,Energy,0.07599692640692642
2023-04-10,Energy,0.14214153846153846
2023-04-11,Energy,0.12199188311688311
2023-04-12,Energy,0.09807888888888887
2023-04-13,Energy,0.08371666666666666
2023-04-14,Energy,0.114375
2023-04-17,Energy,0.18316
2023-04-18,Energy,0.09496866666666667
2023-04-19,Energy,0.019190858585858582
2023-04-20,Energy,0.217586
2023-04-21,Energy,0.10617166666666666
2023-04-24,Energy,0.18374215384615386
2023-04-25,Energy,0.15005060606060608
2023-04-26,Energy,0.14191857142857142
2023-04-27,Energy,0.14514
2023-04-28,Energy,0.12133366666666667
2023-05-01,Energy,0.24724850439882698
2023-05-02,Energy,0.08988384210526315
2023-05-03,Energy,0.04921390476190477
2023-05-04,Energy,0.062684
2023-05-05,Energy,0.14666685714285715
2023-05-08,Energy,0.094984
2023-05-09,Energy,0.15566480112044817
2023-05-10,Energy,0.3072259523809524
2023-05-11,Energy,0.085051
2023-05-12,Energy,0.30966285714285713
2023-05-15,Energy,0.050850000000000006
2023-05-16,Energy,0.09681853030303031
2023-05-17,Energy,0.05292
2023-05-18,Energy,-0.03634733333333332
2023-05-19,Energy,0.05116766666666665
2023-05-22,Energy,0.047405833333333335
2023-05-23,Energy,0.16331466666666666
2023-05-24,Energy,0.053336428571428576
2023-05-25,Energy,-0.009196428571428572
2023-05-26,Energy,0.014047777777777787
2023-05-30,Energy,0.20114888888888888
2023-05-31,Energy,0.16916849206349208
2023-06-01,Energy,0.18682
2023-06-02,Energy,0.20557166666666665
2023-06-05,Energy,0.003013939393939395
2023-06-06,Energy,0.10530833333333334
2023-06-07,Energy,0.023366222222222215
2023-06-08,Energy,0.09654333333333334
2023-06-09,Energy,0.06467428571428571
2023-06-12,Energy,0.07306114285714287
2023-06-13,Energy,0.0735025
2023-06-14,Energy,0.16419333333333333
2023-06-15,Energy,0.030383333333333328
2023-06-16,Energy,0.06474733333333332
2023-06-20,Energy,0.16863833333333333
2023-06-21,Energy,0.08918257142857142
2023-06-22,Energy,0.040869
2023-06-23,Energy,-0.012639141414141413
2023-06-26,Energy,0.08028333333333335
2023-06-27,Energy,0.061156
2023-06-28,Energy,0.10431777777777777
2023-06-29,Energy,0.124336
2023-06-30,Energy,0.037264090909090906
2023-07-03,Energy,0.009927333333333342
2023-07-05,Energy,0.10749
2023-07-06,Energy,0.06369175824175824
2023-07-07,Energy,0.1791038095238095
2023-07-10,Energy,0.00437714285714286
2023-07-11,Energy,0.0631556666666667
2023-07-12,Energy,-0.04868714285714285
2023-07-13,Energy,0.09962085714285714
2023-07-14,Energy,0.21611666666666665
2023-07-17,Energy,0.08570948717948719
2023-07-18,Energy,0.19215933333333335
2023-07-19,Energy,-0.030239666666666665
2023-07-20,Energy,0.02129
2023-07-21,Energy,0.14952916666666666
2023-07-24,Energy,0.04388827536231884
2023-07-25,Energy,0.188571
2023-07-26,Energy,0.11813599999999999
2023-07-27,Energy,0.121542
2023-07-28,Energy,0.06198755555555556
2023-07-31,Energy,0.2581266666666667
2023-08-01,Energy,0.3059302857142857
2023-08-02,Energy,0.17738133333333334
2023-08-03,Energy,0.08816666666666667
2023-08-04,Energy,0.097332
2023-08-07,Energy,-0.01139
2023-08-08,Energy,0.10258033333333334
2023-08-09,Energy,0.22997499999999998
2023-08-10,Energy,-0.027498333333333336
2023-08-11,Energy,0.21410133333333334
2023-08-14,Energy,0.16287270329670328
2023-08-15,Energy,0.21864222222222224
2023-08-16,Energy,0.048774285714285694
2023-08-17,Energy,0.10879666666666668
2023-08-18,Energy,0.07600610989010988
2023-08-21,Energy,0.1802782857142857
2023-08-22,Energy,0.16111375
2023-08-23,Energy,0.020184
2023-08-24,Energy,0.19974523809523811
2023-08-25,Energy,0.06786
2023-08-28,Energy,0.06958
2023-08-29,Energy,0.23990204545454544
2023-08-30,Energy,-0.030066818181818177
2023-08-31,Energy,0.15824126984126985
2023-09-01,Energy,0.08544800000000001
2023-09-05,Energy,0.19491333333333333
2023-09-06,Energy,-0.012471428571428583
2023-09-07,Energy,0.2558342857142857
2023-09-08,Energy,0.16626849999999999
2023-09-11,Energy,0.13282166666666664
2023-09-12,Energy,0.13229
2023-09-13,Energy,0.08171599999999998
2023-09-14,Energy,0.09354583333333333
2023-09-15,Energy,0.14026733333333333
2023-09-18,Energy,-0.021340000000000015
2023-09-19,Energy,0.062344
2023-09-20,Energy,0.008375884615384624
2023-09-21,Energy,0.007157402597402598
2023-09-22,Energy,0.14229583333333334
2023-09-25,Energy,0.2332095
2023-09-26,Energy,0.15128053571428574
2023-09-27,Energy,0.20175738095238094
2023-09-28,Energy,0.1528713333333333
2023-09-29,Energy,0.16970444444444444
2023-10-02,Energy,0.14332733333333333
2023-10-03,Energy,0.22178916666666665
2023-10-04,Energy,0.312317
2023-10-05,Energy,0.207153696969697
2023-10-06,Energy,0.257989
2023-10-09,Energy,0.06636856410256411
2023-10-10,Energy,-0.119695354978355
2023-10-11,Energy,0.1153382222222222
2023-10-12,Energy,0.0947123188405797
2023-10-13,Energy,0.275006
2023-10-16,Energy,-0.012708000000000007
2023-10-17,Energy,0.1564722222222222
2023-10-18,Energy,0.09779542857142856
2023-10-19,Energy,-0.044411393162393176
2023-10-20,Energy,0.20368340909090907
2023-10-23,Energy,0.08802863826232248
2023-10-24,Energy,0.019135151515151518
2023-10-25,Energy,0.22581757142857142
2023-10-26,Energy,0.14435681818181817
2023-10-27,Energy,0.09078665201465201
2023-10-30,Energy,0.10624344827586207
2023-10-31,Energy,0.06474222222222223
2023-11-01,Energy,0.22128707142857143
2023-11-02,Energy,0.19447
2023-11-03,Energy,0.10471494117647058
2023-11-06,Energy,0.130115
2023-11-07,Energy,0.14349014285714284
2023-11-08,Energy,0.22809722222222226
2023-11-09,Energy,0.111565
2023-11-10,Energy,0.10864315151515151
2023-11-13,Energy,0.15781333333333336
2023-11-14,Energy,0.20047866666666664
2023-11-15,Energy,0.28867466666666663
2023-11-16,Energy,0.08357333333333333
2023-11-17,Energy,-0.1104925
2023-11-20,Energy,0.1301747619047619
2023-11-21,Energy,0.033784999999999996
2023-11-22,Energy,0.13123071428571428
2023-11-24,Energy,0.13815428571428573
2023-11-27,Energy,0.13148285714285715
2023-11-28,Energy,0.12368133333333334
2023-11-29,Energy,-0.023552999999999998
2023-11-30,Energy,0.06101861111111111
2023-12-01,Energy,0.12976733333333332
2023-12-04,Energy,-0.00129
2023-12-05,Energy,0.027288
2023-12-06,Energy,0.01286533333333333
2023-12-07,Energy,0.25093065934065933
2023-12-08,Energy,-0.04152199999999999
2023-12-11,Energy,0.11637285714285714
2023-12-12,Energy,0.1367405571644042
2023-12-13,Energy,0.04879384615384615
2023-12-14,Energy,0.15264444444444444
2023-12-15,Energy,0.10253000000000001
2023-12-18,Energy,0.06298615384615384
2023-12-19,Energy,0.13614285714285712
2023-12-20,Energy,0.0
2023-12-21,Energy,0.0
2023-12-22,Energy,0.0
2023-12-26,Energy,0.0
2023-12-27,Energy,0.0
2023-12-28,Energy,0.0
2023-12-29,Energy,0.0
2020-01-02,Financials,0.0
2020-01-03,Financials,0.08268133333333334
2020-01-06,Financials,0.04242
2020-01-07,Financials,0.22352600000000003
2020-01-08,Financials,0.1339
2020-01-09,Financials,0.28576999999999997
2020-01-10,Financials,0.2812093333333333
2020-01-13,Financials,0.129105
2020-01-14,Financials,0.17040714285714284
2020-01-15,Financials,0.03562380952380952
2020-01-16,Financials,0.08518492063492064
2020-01-17,Financials,0.13646533333333333
2020-01-21,Financials,0.104366
2020-01-22,Financials,0.15454777777777778
2020-01-23,Financials,0.010150000000000001
2020-01-24,Financials,0.038983333333333335
2020-01-27,Financials,-0.05785
2020-01-28,Financials,0.07435333333333333
2020-01-29,Financials,0.1454057142857143
2020-01-30,Financials,0.150295
2020-01-31,Financials,0.0218
2020-02-03,Financials,0.07867285714285714
2020-02-04,Financials,0.08318
2020-02-05,Financials,0.26321
2020-02-06,Financials,-0.14948
2020-02-07,Financials,0.26605866666666667
2020-02-10,Financials,0.026455
2020-02-11,Financials,0.14517666666666665
2020-02-12,Financials,0.26058714285714285
2020-02-13,Financials,0.09014
2020-02-14,Financials,0.07849666666666666
2020-02-18,Financials,0.11718666666666666
2020-02-19,Financials,-0.01152571428571429
2020-02-20,Financials,0.05193333333333333
2020-02-21,Financials,0.18809888888888887
2020-02-24,Financials,0.258741
2020-02-25,Financials,-0.015162666666666663
2020-02-26,Financials,0.2766826666666667
2020-02-27,Financials,0.19411866666666666
2020-02-28,Financials,0.10025333333333333
2020-03-02,Financials,0.002636666666666661
2020-03-03,Financials,0.1693966666666667
2020-03-04,Financials,-0.096385
2020-03-05,Financials,0.1471696666666667
2020-03-06,Financials,0.07460583333333333
2020-03-09,Financials,-0.0005896666666666689
2020-03-10,Financials,0.20732444444444442
2020-03-11,Financials,0.1149861111111111
2020-03-12,Financials,0.1835
2020-03-13,Financials,-0.006238095238095242
2020-03-16,Financials,-0.12418333333333334
2020-03-17,Financials,0.0785020238095238
2020-03-18,Financials,-0.0015800000000000148
2020-03-19,Financials,-0.10855666666666668
2020-03-20,Financials,-0.2653333333333333
2020-03-23,Financials,-0.06528
2020-03-24,Financials,0.08753
2020-03-25,Financials,0.53606
2020-03-26,Financials,0.07316
2020-03-27,Financials,0.267405
2020-03-30,Financials,0.21741233333333332
2020-03-31,Financials,-0.190896
2020-04-01,Financials,0.014903333333333333
2020-04-02,Financials,0.10548552380952383
2020-04-03,Financials,0.057073333333333344
2020-04-06,Financials,0.10364214285714286
2020-04-07,Financials,0.19649048821548823
2020-04-08,Financials,0.13701966666666665
2020-04-09,Financials,0.03701844155844156
2020-04-13,Financials,0.1967
2020-04-14,Financials,0.08337393939393939
2020-04-15,Financials,0.1308557121212121
2020-04-16,Financials,0.1299423717948718
2020-04-17,Financials,0.067855
2020-04-20,Financials,0.06729418181818182
2020-04-21,Financials,0.14141761904761904
2020-04-22,Financials,-0.13127000000000003
2020-04-23,Financials,0.13487000000000002
2020-04-24,Financials,0.17188
2020-04-27,Financials,-0.15772833333333333
2020-04-28,Financials,0.1110137142857143
2020-04-29,Financials,0.24807500000000005
2020-04-30,Financials,0.12193216666666666
2020-05-01,Financials,0.06736590476190477
2020-05-04,Financials,-0.04446166666666668
2020-05-05,Financials,0.116026
2020-05-06,Financials,0.036182666666666675
2020-05-07,Financials,0.04993833333333334
2020-05-08,Financials,-0.08423533333333336
2020-05-11,Financials,0.052228666666666645
2020-05-12,Financials,0.137059
2020-05-13,Financials,-0.1522017142857143
2020-05-14,Financials,0.13737101298701299
2020-05-15,Financials,0.08953011111111112
2020-05-18,Financials,0.20940690476190477
2020-05-19,Financials,0.07111907936507936
2020-05-20,Financials,0.05410842857142858
2020-05-21,Financials,0.368
2020-05-22,Financials,0.10560100000000001
2020-05-26,Financials,0.14158500000000002
2020-05-27,Financials,0.17937166666666665
2020-05-28,Financials,0.3065650714285715
2020-05-29,Financials,-0.005577000000000007
2020-06-01,Financials,-0.006169999999999997
2020-06-02,Financials,0.063514
2020-06-03,Financials,0.08949240404040405
2020-06-04,Financials,0.1934128571428571
2020-06-05,Financials,0.24685833333333332
2020-06-08,Financials,0.224238
2020-06-09,Financials,0.3949861904761905
2020-06-10,Financials,0.04577133333333333
2020-06-11,Financials,0.14157555555555554
2020-06-12,Financials,0.13132000000000002
2020-06-15,Financials,0.1157489523809524
2020-06-16,Financials,0.120075
2020-06-17,Financials,0.07865333333333333
2020-06-18,Financials,0.029484
2020-06-19,Financials,-0.037565
2020-06-22,Financials,-0.05762666666666667
2020-06-23,Financials,-0.022160000000000003
2020-06-24,Financials,0.13607333333333332
2020-06-25,Financials,0.066806
2020-06-26,Financials,0.07904971428571428
2020-06-29,Financials,-0.006729047619047612
2020-06-30,Financials,0.1825706666666667
2020-07-01,Financials,0.17516761904761907
2020-07-02,Financials,-0.17133500000000002
2020-07-06,Financials,0.11068666666666667
2020-07-07,Financials,0.077342
2020-07-08,Financials,-0.05537000000000001
2020-07-09,Financials,0.19768
2020-07-10,Financials,0.14043722222222224
2020-07-13,Financials,0.06004
2020-07-14,Financials,0.020492666666666666
2020-07-15,Financials,0.008986055555555551
2020-07-16,Financials,0.3133908695652174
2020-07-17,Financials,-0.025968181818181824
2020-07-20,Financials,-0.004815238095238095
2020-07-21,Financials,0.07303904761904763
2020-07-22,Financials,0.16946666666666665
2020-07-23,Financials,0.03165833333333333
2020-07-24,Financials,0.07613
2020-07-27,Financials,-0.07278199999999999
2020-07-28,Financials,0.12303416666666667
2020-07-29,Financials,0.06694957142857141
2020-07-30,Financials,0.09392666666666667
2020-07-31,Financials,0.18507866666666667
2020-08-03,Financials,0.04861
2020-08-04,Financials,0.10897166666666666
2020-08-05,Financials,0.019251666666666667
2020-08-06,Financials,0.08699699999999999
2020-08-07,Financials,-0.014033333333333356
2020-08-10,Financials,0.026315000000000005
2020-08-11,Financials,0.2676833333333334
2020-08-12,Financials,0.1025777142857143
2020-08-13,Financials,0.024451111111111118
2020-08-14,Financials,-0.08231333333333335
2020-08-17,Financials,0.09474666666666666
2020-08-18,Financials,0.06570533333333334
2020-08-19,Financials,0.146885
2020-08-20,Financials,0.08517
2020-08-21,Financials,0.18414071428571427
2020-08-24,Financials,0.1341466666666667
2020-08-25,Financials,0.35380666666666666
2020-08-26,Financials,0.13938
2020-08-27,Financials,0.1315
2020-08-28,Financials,-0.03879999999999999
2020-08-31,Financials,-0.09395166666666667
2020-09-01,Financials,0.14138
2020-09-02,Financials,0.13754666666666665
2020-09-03,Financials,0.06686266666666665
2020-09-04,Financials,0.13413666666666665
2020-09-08,Financials,-0.05708599999999999
2020-09-09,Financials,0.08619
2020-09-10,Financials,-0.12490666666666668
2020-09-11,Financials,-0.007966666666666667
2020-09-14,Financials,-0.06338
2020-09-15,Financials,-0.030203333333333325
2020-09-16,Financials,0.11957
2020-09-17,Financials,-0.05937333333333332
2020-09-18,Financials,0.16685
2020-09-21,Financials,0.07296500000000002
2020-09-22,Financials,-0.045392
2020-09-23,Financials,0.24317000000000003
2020-09-24,Financials,0.119408
2020-09-25,Financials,0.2709625
2020-09-28,Financials,0.09386666666666667
2020-09-29,Financials,0.22032500000000002
2020-09-30,Financials,-0.05848
2020-10-01,Financials,0.029007142857142853
2020-10-02,Financials,0.16571466666666665
2020-10-05,Financials,0.13008
2020-10-06,Financials,0.17911466666666667
2020-10-07,Financials,0.13098666666666664
2020-10-08,Financials,0.09120933333333334
2020-10-09,Financials,0.14524958333333332
2020-10-12,Financials,0.27541333333333334
2020-10-13,Financials,0.2227262026862027
2020-10-14,Financials,0.10918305555555556
2020-10-15,Financials,0.18056608695652174
2020-10-16,Financials,0.22566333333333333
2020-10-19,Financials,0.5631200000000001
2020-10-20,Financials,0.2846016666666667
2020-10-21,Financials,0.13468
2020-10-22,Financials,0.022803333333333335
2020-10-23,Financials,0.09687142857142858
2020-10-26,Financials,0.17341
2020-10-27,Financials,-0.007301999999999998
2020-10-28,Financials,0.037270000000000005
2020-10-29,Financials,0.042086666666666675
2020-10-30,Financials,0.09161
2020-11-02,Financials,0.084672
2020-11-03,Financials,0.08032
2020-11-04,Financials,0.02528630952380952
2020-11-05,Financials,0.19255499999999998
2020-11-06,Financials,0.14540799999999998
2020-11-09,Financials,0.14278
2020-11-10,Financials,0.04013821428571429
2020-11-11,Financials,0.1362
2020-11-12,Financials,0.17409828571428573
2020-11-13,Financials,0.1816081025641026
2020-11-16,Financials,0.10338333333333334
2020-11-17,Financials,0.138536
2020-11-18,Financials,-0.053912
2020-11-19,Financials,0.14134
2020-11-20,Financials,0.1735786666666667
2020-11-23,Financials,0.09326266666666667
2020-11-24,Financials,0.022515999999999998
2020-11-25,Financials,0.18278499999999998
2020-11-27,Financials,0.027647333333333336
2020-11-30,Financials,0.20684
2020-12-01,Financials,0.021256000000000004
2020-12-02,Financials,0.27976
2020-12-03,Financials,0.11281
2020-12-04,Financials,0.10215333333333335
2020-12-07,Financials,-0.024870000000000003
2020-12-08,Financials,0.05505433333333334
2020-12-09,Financials,0.09191
2020-12-10,Financials,0.16735666666666668
2020-12-11,Financials,0.174311
2020-12-14,Financials,0.12393666666666667
2020-12-15,Financials,0.10844666666666666
2020-12-16,Financials,0.20858500000000002
2020-12-17,Financials,0.3220166666666667
2020-12-18,Financials,0.3098113333333333
2020-12-21,Financials,-0.04514
2020-12-22,Financials,-0.04513597368421053
2020-12-23,Financials,0.18098
2020-12-24,Financials,0.18363666666666667
2020-12-28,Financials,0.29162
2020-12-29,Financials,0.14677533333333334
2020-12-30,Financials,-0.33599999999999997
2020-12-31,Financials,0.04752000000000001
2021-01-04,Financials,0.30498666666666663
2021-01-05,Financials,0.23383833333333331
2021-01-06,Financials,0.15685600000000002
2021-01-07,Financials,0.16572916666666665
2021-01-08,Financials,0.04043057142857143
2021-01-11,Financials,0.10274999999999998
2021-01-12,Financials,0.01407869565217392
2021-01-13,Financials,0.01756883333333334
2021-01-14,Financials,0.09850666666666666
2021-01-15,Financials,-0.008144285714285725
2021-01-19,Financials,0.23700012987012986
2021-01-20,Financials,0.13863644444444445
2021-01-21,Financials,0.08895266106442577
2021-01-22,Financials,0.11152166666666666
2021-01-25,Financials,0.019688000000000004
2021-01-26,Financials,0.183765
2021-01-27,Financials,0.1872361111111111
2021-01-28,Financials,0.05471666666666667
2021-01-29,Financials,0.04811111111111112
2021-02-01,Financials,0.099676
2021-02-02,Financials,0.073521
2021-02-03,Financials,0.25370133333333333
2021-02-04,Financials,0.22580533333333333
2021-02-05,Financials,0.07266399999999999
2021-02-08,Financials,0.06930666666666667
2021-02-09,Financials,-0.032334666666666664
2021-02-10,Financials,0.031509999999999996
2021-02-11,Financials,0.04268
2021-02-12,Financials,0.190625
2021-02-16,Financials,-0.00258
2021-02-17,Financials,0.107203
2021-02-18,Financials,0.16184285714285712
2021-02-19,Financials,0.08159
2021-02-22,Financials,0.1222
2021-02-23,Financials,-0.04477714285714286
2021-02-24,Financials,-0.024965555555555574
2021-02-25,Financials,0.020764999999999995
2021-02-26,Financials,0.153249
2021-03-01,Financials,0.1062
2021-03-02,Financials,0.00737485714285715
2021-03-03,Financials,0.2706533333333333
2021-03-04,Financials,0.042945952380952376
2021-03-05,Financials,0.13338
2021-03-08,Financials,0.165932
2021-03-09,Financials,0.19170166666666666
2021-03-10,Financials,0.004772000000000005
2021-03-11,Financials,0.21088666666666667
2021-03-12,Financials,0.04523666666666666
2021-03-15,Financials,0.06196
2021-03-16,Financials,0.20325499999999996
2021-03-17,Financials,0.029984999999999994
2021-03-18,Financials,0.1723
2021-03-19,Financials,0.029612499999999996
2021-03-22,Financials,-0.0222455
2021-03-23,Financials,0.257255
2021-03-24,Financials,0.22191166666666665
2021-03-25,Financials,0.08568333333333333
2021-03-26,Financials,0.005827999999999999
2021-03-29,Financials,0.153488
2021-03-30,Financials,0.04630479365079365
2021-03-31,Financials,0.023677307692307695
2021-04-01,Financials,0.05968071428571427
2021-04-05,Financials,0.17940866666666663
2021-04-06,Financials,0.1573274458874459
2021-04-07,Financials,0.009274999999999995
2021-04-08,Financials,0.11936499999999999
2021-04-09,Financials,0.008916666666666665
2021-04-12,Financials,0.018018095238095232
2021-04-13,Financials,0.17871044444444445
2021-04-14,Financials,0.22364871794871796
2021-04-15,Financials,0.2844408328445748
2021-04-16,Financials,0.1098928888888889
2021-04-19,Financials,0.20694809523809524
2021-04-20,Financials,0.19421
2021-04-21,Financials,0.263429
2021-04-22,Financials,0.07448666666666667
2021-04-23,Financials,0.10489666666666667
2021-04-26,Financials,0.18625333333333333
2021-04-27,Financials,0.23031333333333331
2021-04-28,Financials,0.1690737142857143
2021-04-29,Financials,0.09977733333333334
2021-04-30,Financials,0.18881600000000004
2021-05-03,Financials,0.07992099999999999
2021-05-04,Financials,0.24505
2021-05-05,Financials,0.14752023809523812
2021-05-06,Financials,0.071448
2021-05-07,Financials,0.078343
2021-05-10,Financials,0.01891166666666666
2021-05-11,Financials,0.04126200000000001
2021-05-12,Financials,0.024139999999999998
2021-05-13,Financials,0.006443333333333337
2021-05-14,Financials,0.07146000000000001
2021-05-17,Financials,0.07616833333333334
2021-05-18,Financials,0.2816259047619048
2021-05-19,Financials,0.16515
2021-05-20,Financials,0.15808666666666665
2021-05-21,Financials,0.05779666666666668
2021-05-24,Financials,-0.004491666666666669
2021-05-25,Financials,0.023736666666666666
2021-05-26,Financials,0.12344
2021-05-27,Financials,0.062985
2021-05-28,Financials,0.0069424999999999955
2021-06-01,Financials,0.2030066666666667
2021-06-02,Financials,0.0961671111111111
2021-06-03,Financials,0.15374866666666667
2021-06-04,Financials,-0.0029200000000000003
2021-06-07,Financials,0.27277
2021-06-08,Financials,0.2129247619047619
2021-06-09,Financials,0.18838666666666665
2021-06-10,Financials,0.141359
2021-06-11,Financials,0.10310333333333332
2021-06-14,Financials,0.11664666666666668
2021-06-15,Financials,0.0065633333333333325
2021-06-16,Financials,0.16086999999999999
2021-06-17,Financials,0.0063200000000000036
2021-06-18,Financials,0.047619333333333326
2021-06-21,Financials,0.09734083333333333
2021-06-22,Financials,0.010920000000000003
2021-06-23,Financials,0.060345
2021-06-24,Financials,0.24778166666666665
2021-06-25,Financials,0.2915130952380952
2021-06-28,Financials,-0.09346071428571427
2021-06-29,Financials,0.05772066666666666
2021-06-30,Financials,0.16633399999999998
2021-07-01,Financials,0.1083377777777778
2021-07-02,Financials,0.10880272727272726
2021-07-06,Financials,0.2325
2021-07-07,Financials,-0.0459415
2021-07-08,Financials,-0.042698095238095216
2021-07-09,Financials,0.04833527777777777
2021-07-12,Financials,0.18755952380952384
2021-07-13,Financials,0.14597380952380953
2021-07-14,Financials,0.14387905982905985
2021-07-15,Financials,0.1635646153846154
2021-07-16,Financials,0.04831661111111111
2021-07-19,Financials,0.181784
2021-07-20,Financials,0.05634005194805195
2021-07-21,Financials,0.1841948484848485
2021-07-22,Financials,0.307532380952381
2021-07-23,Financials,0.261556
2021-07-26,Financials,0.14903166666666667
2021-07-27,Financials,0.023432380952380948
2021-07-28,Financials,0.20000238095238093
2021-07-29,Financials,0.07615866666666667
2021-07-30,Financials,0.26344
2021-08-02,Financials,-0.025740000000000002
2021-08-03,Financials,0.31735066666666667
2021-08-04,Financials,0.051976999999999995
2021-08-05,Financials,0.10155
2021-08-06,Financials,-0.029909666666666668
2021-08-09,Financials,0.012593333333333328
2021-08-10,Financials,0.17054416666666666
2021-08-11,Financials,0.17599499999999998
2021-08-12,Financials,0.09351666666666666
2021-08-13,Financials,0.2184592857142857
2021-08-16,Financials,0.06076833333333333
2021-08-17,Financials,0.06171666666666668
2021-08-18,Financials,0.029709428571428574
2021-08-19,Financials,0.14697999999999997
2021-08-20,Financials,0.14622333333333332
2021-08-23,Financials,-0.04312
2021-08-24,Financials,0.17170666666666667
2021-08-25,Financials,0.10560666666666667
2021-08-26,Financials,0.15245999999999998
2021-08-27,Financials,-0.05242
2021-08-30,Financials,0.08205599999999999
2021-08-31,Financials,0.030420000000000003
2021-09-01,Financials,0.14051571428571427
2021-09-02,Financials,0.10927500000000001
2021-09-03,Financials,0.16716533333333333
2021-09-07,Financials,0.06698833333333333
2021-09-08,Financials,0.030677500000000003
2021-09-09,Financials,0.15618
2021-09-10,Financials,-0.04531857142857143
2021-09-13,Financials,-0.11004999999999998
2021-09-14,Financials,0.04669333333333332
2021-09-15,Financials,0.128575
2021-09-16,Financials,0.22685833333333333
2021-09-17,Financials,0.09195
2021-09-20,Financials,0.13362
2021-09-21,Financials,-0.09952095238095236
2021-09-22,Financials,-0.025558000000000004
2021-09-23,Financials,0.08554761904761905
2021-09-24,Financials,-0.0023919999999999905
2021-09-27,Financials,0.14262000000000002
2021-09-28,Financials,0.169024
2021-09-29,Financials,0.25010095238095237
2021-09-30,Financials,0.008009999999999998
2021-10-01,Financials,0.07217966666666667
2021-10-04,Financials,0.080236
2021-10-05,Financials,0.032401
2021-10-06,Financials,0.04347733333333333
2021-10-07,Financials,0.11463000000000001
2021-10-08,Financials,0.074676
2021-10-11,Financials,0.09609999999999999
2021-10-12,Financials,0.13984587912087915
2021-10-13,Financials,0.008931666666666662
2021-10-14,Financials,0.14023394444444442
2021-10-15,Financials,0.3116823095238095
2021-10-18,Financials,0.33837317460317456
2021-10-19,Financials,0.021871999999999996
2021-10-20,Financials,-0.08356000000000001
2021-10-21,Financials,-0.032903333333333326
2021-10-22,Financials,0.01688499999999999
2021-10-25,Financials,-0.13901866666666668
2021-10-26,Financials,-0.02120666666666666
2021-10-27,Financials,0.12351333333333334
2021-10-28,Financials,0.09719
2021-10-29,Financials,0.11747999999999999
2021-11-01,Financials,0.19986333333333334
2021-11-02,Financials,0.177924
2021-11-03,Financials,0.021602142857142858
2021-11-04,Financials,0.11932833333333334
2021-11-05,Financials,0.217565
2021-11-08,Financials,0.06654
2021-11-09,Financials,-0.028518666666666657
2021-11-10,Financials,0.07335333333333334
2021-11-11,Financials,-0.016017499999999997
2021-11-12,Financials,0.040118999999999995
2021-11-15,Financials,-0.00172
2021-11-16,Financials,0.20342571428571427
2021-11-17,Financials,0.139962
2021-11-18,Financials,0.028184060150375938
2021-11-19,Financials,0.29606
2021-11-22,Financials,0.200525
2021-11-23,Financials,0.26531714285714286
2021-11-24,Financials,0.02486349999999999
2021-11-26,Financials,0.06743
2021-11-29,Financials,-0.17119633333333334
2021-11-30,Financials,0.012516
2021-12-01,Financials,0.1386946666666667
2021-12-02,Financials,-0.029014999999999996
2021-12-03,Financials,-0.016314166666666675
2021-12-06,Financials,0.02788666666666666
2021-12-07,Financials,0.02520266666666667
2021-12-08,Financials,0.1450738888888889
2021-12-09,Financials,-0.0435
2021-12-10,Financials,0.16490333333333335
2021-12-13,Financials,-0.08242599999999997
2021-12-14,Financials,0.290283
2021-12-15,Financials,0.04815
2021-12-16,Financials,0.03450866666666667
2021-12-17,Financials,-0.07801899999999999
2021-12-20,Financials,0.10293533333333334
2021-12-21,Financials,-0.05141818181818182
2021-12-22,Financials,0.17363599999999998
2021-12-23,Financials,0.12782
2021-12-27,Financials,0.09116933333333332
2021-12-28,Financials,0.22557666666666668
2021-12-29,Financials,0.11717999999999999
2021-12-30,Financials,-0.07127
2021-12-31,Financials,0.2796633333333333
2022-01-03,Financials,0.09643099999999999
2022-01-04,Financials,0.016654285714285715
2022-01-05,Financials,0.18320966666666666
2022-01-06,Financials,0.128284
2022-01-07,Financials,0.05896999999999999
2022-01-10,Financials,0.06461333333333333
2022-01-11,Financials,0.1991917857142857
2022-01-12,Financials,0.10337333333333332
2022-01-13,Financials,0.17228363636363636
2022-01-14,Financials,0.13686847619047618
2022-01-18,Financials,0.151565293040293
2022-01-19,Financials,0.1590460986460348
2022-01-20,Financials,0.17682569101486748
2022-01-21,Financials,0.09826095238095238
2022-01-24,Financials,0.2944373809523809
2022-01-25,Financials,0.18009066666666668
2022-01-26,Financials,0.2362937142857143
2022-01-27,Financials,0.08400666666666667
2022-01-28,Financials,0.2241881428571429
2022-01-31,Financials,0.150722673992674
2022-02-01,Financials,0.07730666666666666
2022-02-02,Financials,0.04881138095238095
2022-02-03,Financials,0.24897400000000003
2022-02-04,Financials,0.21791333333333332
2022-02-07,Financials,0.062164285714285714
2022-02-08,Financials,0.009345999999999998
2022-02-09,Financials,0.20080399999999998
2022-02-10,Financials,0.15694166666666667
2022-02-11,Financials,-0.0041899999999999975
2022-02-14,Financials,0.035643999999999995
2022-02-15,Financials,-0.05102380952380954
2022-02-16,Financials,0.16599066666666668
2022-02-17,Financials,0.022037777777777774
2022-02-18,Financials,-0.07582018181818181
2022-02-22,Financials,0.05592857142857144
2022-02-23,Financials,0.07790285714285713
2022-02-24,Financials,-0.1433158333333333
2022-02-25,Financials,0.02331428571428571
2022-02-28,Financials,0.0011453333333333315
2022-03-01,Financials,-0.07100488095238096
2022-03-02,Financials,-0.12126600000000001
2022-03-03,Financials,0.08450904761904762
2022-03-04,Financials,0.19752166666666665
2022-03-07,Financials,0.07317416666666667
2022-03-08,Financials,-0.023795692307692313
2022-03-09,Financials,0.06872
2022-03-10,Financials,0.10964933333333333
2022-03-11,Financials,-0.038162857142857144
2022-03-14,Financials,0.06438857142857143
2022-03-15,Financials,0.2785942857142857
2022-03-16,Financials,-0.011541888888888885
2022-03-17,Financials,0.11103257142857141
2022-03-18,Financials,0.14936714285714286
2022-03-21,Financials,0.13169333333333336
2022-03-22,Financials,0.08418066666666665
2022-03-23,Financials,0.057874999999999996
2022-03-24,Financials,0.2946433333333333
2022-03-25,Financials,0.004821714285714293
2022-03-28,Financials,0.189554
2022-03-29,Financials,0.002138571428571434
2022-03-30,Financials,-0.07884
2022-03-31,Financials,0.06217000000000002
2022-04-01,Financials,-0.026318666666666667
2022-04-04,Financials,0.12359600000000001
2022-04-05,Financials,-0.013315692307692317
2022-04-06,Financials,0.19022199999999997
2022-04-07,Financials,0.06729
2022-04-08,Financials,0.06333599999999999
2022-04-11,Financials,0.10128909803921567
2022-04-12,Financials,0.015210249999999991
2022-04-13,Financials,0.04733909090909091
2022-04-14,Financials,0.13228177777777778
2022-04-18,Financials,0.2164162
2022-04-19,Financials,0.2868462987012987
2022-04-20,Financials,0.25570590476190475
2022-04-21,Financials,0.06056999999999999
2022-04-22,Financials,-0.10312333333333332
2022-04-25,Financials,0.17109566666666667
2022-04-26,Financials,0.15426883333333336
2022-04-27,Financials,0.16939088888888887
2022-04-28,Financials,0.02240022222222224
2022-04-29,Financials,0.023700476190476195
2022-05-02,Financials,0.14772
2022-05-03,Financials,0.12074500000000002
2022-05-04,Financials,0.22958666666666666
2022-05-05,Financials,-0.01032
2022-05-06,Financials,0.16830799999999999
2022-05-09,Financials,-0.16422333333333333
2022-05-10,Financials,0.02535000000000001
2022-05-11,Financials,0.1808275
2022-05-12,Financials,0.023161666666666664
2022-05-13,Financials,0.08387499999999999
2022-05-16,Financials,0.092868
2022-05-17,Financials,0.03700857142857142
2022-05-18,Financials,0.03934866666666668
2022-05-19,Financials,0.08702666666666668
2022-05-20,Financials,0.14433400000000002
2022-05-23,Financials,0.2280166666666667
2022-05-24,Financials,-0.036024333333333325
2022-05-25,Financials,0.376673
2022-05-26,Financials,0.016666666666666666
2022-05-27,Financials,0.18688
2022-05-31,Financials,0.11309
2022-06-01,Financials,0.05300666666666667
2022-06-02,Financials,0.09775299999999999
2022-06-03,Financials,0.014460000000000006
2022-06-06,Financials,-0.041879999999999994
2022-06-07,Financials,0.19331500000000001
2022-06-08,Financials,0.1492293333333333
2022-06-09,Financials,0.029291428571428572
2022-06-10,Financials,-0.014255
2022-06-13,Financials,0.06452666666666666
2022-06-14,Financials,0.13923533333333332
2022-06-15,Financials,-0.07715200000000001
2022-06-16,Financials,0.061986666666666655
2022-06-17,Financials,0.038406666666666665
2022-06-21,Financials,0.11742
2022-06-22,Financials,0.0045077777777777885
2022-06-23,Financials,0.09197333333333334
2022-06-24,Financials,0.06504933333333333
2022-06-27,Financials,0.28168950000000004
2022-06-28,Financials,0.09457116666666666
2022-06-29,Financials,0.1150177380952381
2022-06-30,Financials,0.06635666666666666
2022-07-01,Financials,0.18281714285714284
2022-07-05,Financials,0.07859666666666666
2022-07-06,Financials,0.17397923809523808
2022-07-07,Financials,-0.011739999999999995
2022-07-08,Financials,0.17293466666666668
2022-07-11,Financials,0.02167133333333333
2022-07-12,Financials,0.1701210073260073
2022-07-13,Financials,0.018671428571428596
2022-07-14,Financials,-0.07122153846153846
2022-07-15,Financials,-0.07134135714285714
2022-07-18,Financials,0.04080566666666667
2022-07-19,Financials,0.1888643025210084
2022-07-20,Financials,0.13372199999999998
2022-07-21,Financials,0.06414333333333333
2022-07-22,Financials,0.16141
2022-07-25,Financials,0.06610166666666667
2022-07-26,Financials,0.12906866666666666
2022-07-27,Financials,0.008486666666666665
2022-07-28,Financials,0.260855
2022-07-29,Financials,-0.008942666666666663
2022-08-01,Financials,0.00626666666666667
2022-08-02,Financials,0.15899999999999997
2022-08-03,Financials,0.09417400000000001
2022-08-04,Financials,0.110115
2022-08-05,Financials,0.051039
2022-08-08,Financials,0.19091666666666668
2022-08-09,Financials,0.17511833333333332
2022-08-10,Financials,0.20667
2022-08-11,Financials,0.173752
2022-08-12,Financials,-0.058844999999999995
2022-08-15,Financials,0.154762
2022-08-16,Financials,0.13483166666666668
2022-08-17,Financials,0.01531
2022-08-18,Financials,0.10735666666666668
2022-08-19,Financials,0.21867333333333336
2022-08-22,Financials,0.0518
2022-08-23,Financials,0.026610999999999996
2022-08-24,Financials,0.25382800000000005
2022-08-25,Financials,0.06460333333333332
2022-08-26,Financials,0.013051999999999998
2022-08-29,Financials,0.14117166666666664
2022-08-30,Financials,0.07175499999999999
2022-08-31,Financials,-0.016749999999999998
2022-09-01,Financials,0.056440000000000004
2022-09-02,Financials,0.27696899999999997
2022-09-06,Financials,0.11842
2022-09-07,Financials,0.04986500000000001
2022-09-08,Financials,0.048160000000000015
2022-09-09,Financials,0.17076799999999998
2022-09-12,Financials,0.176657
2022-09-13,Financials,0.0007309999999999984
2022-09-14,Financials,0.09570428571428571
2022-09-15,Financials,0.041414999999999993
2022-09-16,Financials,0.21456785714285714
2022-09-19,Financials,0.09224133333333334
2022-09-20,Financials,0.07072166666666667
2022-09-21,Financials,-0.04844833333333332
2022-09-22,Financials,0.031354999999999994
2022-09-23,Financials,-0.07959833333333334
2022-09-26,Financials,0.07693166666666668
2022-09-27,Financials,0.17111066666666666
2022-09-28,Financials,0.03057011111111112
2022-09-29,Financials,0.14495111111111111
2022-09-30,Financials,0.08186800000000001
2022-10-03,Financials,0.23671333333333333
2022-10-04,Financials,0.24219299999999996
2022-10-05,Financials,0.25979238095238094
2022-10-06,Financials,0.11893000000000001
2022-10-07,Financials,0.1382982857142857
2022-10-10,Financials,0.1089
2022-10-11,Financials,0.11093266666666665
2022-10-12,Financials,-0.295905
2022-10-13,Financials,0.015834666666666664
2022-10-14,Financials,0.06755866666666668
2022-10-17,Financials,0.13829015092453772
2022-10-18,Financials,0.16994475000000003
2022-10-19,Financials,0.07504781609195402
2022-10-20,Financials,0.10053916666666667
2022-10-21,Financials,0.04022166666666666
2022-10-24,Financials,-0.03326666666666666
2022-10-25,Financials,-0.07639111111111113
2022-10-26,Financials,0.15774416666666666
2022-10-27,Financials,0.11947636363636364
2022-10-28,Financials,0.1862873333333333
2022-10-31,Financials,0.05974666666666667
2022-11-01,Financials,0.23430666666666666
2022-11-02,Financials,0.046993333333333345
2022-11-03,Financials,0.12769333333333335
2022-11-04,Financials,-0.025541666666666667
2022-11-07,Financials,0.06411666666666666
2022-11-08,Financials,0.060206666666666665
2022-11-09,Financials,0.08657666666666666
2022-11-10,Financials,-0.02047999999999999
2022-11-11,Financials,0.009960000000000005
2022-11-14,Financials,0.12531333333333333
2022-11-15,Financials,0.21748833333333337
2022-11-16,Financials,0.05075
2022-11-17,Financials,0.11088666666666666
2022-11-18,Financials,0.22466499999999998
2022-11-21,Financials,0.10603500000000002
2022-11-22,Financials,0.10038485714285712
2022-11-23,Financials,0.19385200000000002
2022-11-25,Financials,0.03701333333333334
2022-11-28,Financials,0.10570133333333334
2022-11-29,Financials,0.08160666666666666
2022-11-30,Financials,0.27259333333333335
2022-12-01,Financials,-0.01693333333333334
2022-12-02,Financials,-0.062515
2022-12-05,Financials,0.10317666666666667
2022-12-06,Financials,0.157172
2022-12-07,Financials,-0.06863290909090909
2022-12-08,Financials,-0.037374444444444446
2022-12-09,Financials,0.107818
2022-12-12,Financials,-0.0012900000000000001
2022-12-13,Financials,0.15578355555555556
2022-12-14,Financials,0.13474000000000003
2022-12-15,Financials,-0.03837466666666665
2022-12-16,Financials,0.24615
2022-12-19,Financials,-0.1418
2022-12-20,Financials,0.039335809523809516
2022-12-21,Financials,0.2845030303030303
2022-12-22,Financials,-0.013120714285714282
2022-12-23,Financials,0.30423600000000006
2022-12-27,Financials,0.228724
2022-12-28,Financials,0.12742666666666666
2022-12-29,Financials,0.050159999999999996
2022-12-30,Financials,0.049
2023-01-03,Financials,0.06133000000000001
2023-01-04,Financials,0.135805
2023-01-05,Financials,0.17500133333333334
2023-01-06,Financials,0.10441999999999999
2023-01-09,Financials,0.07260583333333334
2023-01-10,Financials,0.05855142857142859
2023-01-11,Financials,0.08462380952380952
2023-01-12,Financials,0.12239825396825396
2023-01-13,Financials,0.10424214285714287
2023-01-17,Financials,0.0898931068931069
2023-01-18,Financials,0.16459183515684928
2023-01-19,Financials,0.2100663492063492
2023-01-20,Financials,0.05527516666666665
2023-01-23,Financials,0.083519
2023-01-24,Financials,-0.01994200000000001
2023-01-25,Financials,0.17009000000000002
2023-01-26,Financials,0.056513999999999995
2023-01-27,Financials,0.1912028888888889
2023-01-30,Financials,0.15803949999999997
2023-01-31,Financials,0.17730333333333334
2023-02-01,Financials,0.07623333333333333
2023-02-02,Financials,-0.00344
2023-02-03,Financials,0.16268000000000002
2023-02-06,Financials,0.03922833333333332
2023-02-07,Financials,0.04665333333333334
2023-02-08,Financials,0.2527858333333334
2023-02-09,Financials,-0.04826333333333333
2023-02-10,Financials,-0.06567499999999998
2023-02-13,Financials,0.04914999999999999
2023-02-14,Financials,0.16532666666666668
2023-02-15,Financials,-0.02324299999999998
2023-02-16,Financials,-0.0712491666666667
2023-02-17,Financials,-0.004578333333333337
2023-02-21,Financials,0.21288999999999997
2023-02-22,Financials,0.01896233333333333
2023-02-23,Financials,0.055700000000000006
2023-02-24,Financials,0.12871166666666667
2023-02-27,Financials,0.138168
2023-02-28,Financials,-0.00747321428571428
2023-03-01,Financials,0.13534515151515153
2023-03-02,Financials,0.09083
2023-03-03,Financials,0.14251
2023-03-06,Financials,-0.04022500000000001
2023-03-07,Financials,0.06556142857142858
2023-03-08,Financials,0.2363366666666667
2023-03-09,Financials,0.0793520634920635
2023-03-10,Financials,0.08345433333333332
2023-03-13,Financials,0.058195333333333335
2023-03-14,Financials,-0.08080293939393941
2023-03-15,Financials,0.17790571428571428
2023-03-16,Financials,0.012395555555555554
2023-03-17,Financials,-0.10286444444444445
2023-03-20,Financials,-0.03534095238095239
2023-03-21,Financials,0.13104680952380954
2023-03-22,Financials,0.12256428571428572
2023-03-23,Financials,0.06640428571428572
2023-03-24,Financials,-0.029700000000000004
2023-03-27,Financials,-0.08327515151515152
2023-03-28,Financials,0.10049111111111113
2023-03-29,Financials,0.22243666666666667
2023-03-30,Financials,0.022191833333333334
2023-03-31,Financials,0.21342714285714287
2023-04-03,Financials,0.15701333333333334
2023-04-04,Financials,0.12310738095238097
2023-04-05,Financials,-0.07169588888888888
2023-04-06,Financials,0.0032207142857142825
2023-04-10,Financials,0.18152333333333331
2023-04-11,Financials,0.05061246753246753
2023-04-12,Financials,0.03726142857142857
2023-04-13,Financials,0.10616880952380951
2023-04-14,Financials,0.05403912781954887
2023-04-17,Financials,0.05693074747474747
2023-04-18,Financials,0.11192506666666666
2023-04-19,Financials,0.16663709523809525
2023-04-20,Financials,0.24499459943977592
2023-04-21,Financials,0.08151499999999999
2023-04-24,Financials,0.05444
2023-04-25,Financials,0.10509806493506493
2023-04-26,Financials,0.015193181818181831
2023-04-27,Financials,0.27355466666666667
2023-04-28,Financials,0.24254133333333333
2023-05-01,Financials,0.008693809523809538
2023-05-02,Financials,-0.11076555555555556
2023-05-03,Financials,0.07761561904761904
2023-05-04,Financials,0.09358142857142857
2023-05-05,Financials,0.051949999999999996
2023-05-08,Financials,0.32097333333333333
2023-05-09,Financials,0.008331666666666664
2023-05-10,Financials,-0.15909
2023-05-11,Financials,0.0548647619047619
2023-05-12,Financials,-0.03623
2023-05-15,Financials,0.029423333333333336
2023-05-16,Financials,-0.10125633333333332
2023-05-17,Financials,0.07638361904761906
2023-05-18,Financials,0.07920500000000001
2023-05-19,Financials,0.07699199999999998
2023-05-22,Financials,0.07134602564102564
2023-05-23,Financials,0.06651380952380952
2023-05-24,Financials,0.1763346666666667
2023-05-25,Financials,0.076976
2023-05-26,Financials,0.062134999999999996
2023-05-30,Financials,0.05936166666666666
2023-05-31,Financials,0.014833809523809516
2023-06-01,Financials,0.13330495238095239
2023-06-02,Financials,0.04428922077922078
2023-06-05,Financials,-0.007211428571428573
2023-06-06,Financials,0.07371222222222222
2023-06-07,Financials,0.18030733333333332
2023-06-08,Financials,0.18873333333333336
2023-06-09,Financials,0.073895
2023-06-12,Financials,-0.005162727272727277
2023-06-13,Financials,0.08391777777777779
2023-06-14,Financials,0.17609242424242427
2023-06-15,Financials,0.09421222222222222
2023-06-16,Financials,0.2541333333333333
2023-06-20,Financials,0.1347847619047619
2023-06-21,Financials,0.1006863484848485
2023-06-22,Financials,0.11769500000000002
2023-06-23,Financials,0.15177476190476188
2023-06-26,Financials,-0.030060000000000003
2023-06-27,Financials,0.12484424242424241
2023-06-28,Financials,0.19856066666666666
2023-06-29,Financials,-0.11532518181818179
2023-06-30,Financials,0.05715559440559441
2023-07-03,Financials,0.08217166666666667
2023-07-05,Financials,0.14096553535353537
2023-07-06,Financials,0.18633305555555552
2023-07-07,Financials,0.09755428571428572
2023-07-10,Financials,0.01898266666666667
2023-07-11,Financials,0.03044766666666665
2023-07-12,Financials,0.13081566666666666
2023-07-13,Financials,0.055047999999999986
2023-07-14,Financials,0.024335833333333324
2023-07-17,Financials,0.023354222222222228
2023-07-18,Financials,0.06615437259816208
2023-07-19,Financials,0.18632965367965365
2023-07-20,Financials,0.13639516666666668
2023-07-21,Financials,0.21933133333333332
2023-07-24,Financials,0.1309905
2023-07-25,Financials,0.10629745454545456
2023-07-26,Financials,0.12972733333333333
2023-07-27,Financials,0.11925266666666667
2023-07-28,Financials,0.1411452380952381
2023-07-31,Financials,0.06463666666666666
2023-08-01,Financials,0.04356965367965369
2023-08-02,Financials,0.057479999999999996
2023-08-03,Financials,0.018860000000000023
2023-08-04,Financials,0.08276
2023-08-07,Financials,0.09057166666666668
2023-08-08,Financials,-0.14254166666666662
2023-08-09,Financials,-0.14147800000000002
2023-08-10,Financials,0.06893542857142858
2023-08-11,Financials,0.08471500000000001
2023-08-14,Financials,0.16886666666666666
2023-08-15,Financials,0.1075211794871795
2023-08-16,Financials,-0.09673935897435897
2023-08-17,Financials,-0.06783238095238095
2023-08-18,Financials,0.06555833333333336
2023-08-21,Financials,0.1880693333333333
2023-08-22,Financials,0.049359047619047615
2023-08-23,Financials,-0.015219999999999994
2023-08-24,Financials,0.17731369047619047
2023-08-25,Financials,-0.041508333333333335
2023-08-28,Financials,0.03037300000000001
2023-08-29,Financials,0.15954469696969698
2023-08-30,Financials,-0.05314
2023-08-31,Financials,0.081927
2023-09-01,Financials,0.10642095238095237
2023-09-05,Financials,0.099715
2023-09-06,Financials,0.10644976923076924
2023-09-07,Financials,0.3027304761904762
2023-09-08,Financials,0.2543606666666667
2023-09-11,Financials,0.09042357142857144
2023-09-12,Financials,0.13190058608058605
2023-09-13,Financials,0.19903290476190477
2023-09-14,Financials,0.09584199999999998
2023-09-15,Financials,0.15977236363636363
2023-09-18,Financials,0.02125214285714285
2023-09-19,Financials,0.2617626666666667
2023-09-20,Financials,0.0572957142857143
2023-09-21,Financials,0.07773933333333333
2023-09-22,Financials,0.11172599999999999
2023-09-25,Financials,-0.0008839999999999959
2023-09-26,Financials,0.05353266666666667
2023-09-27,Financials,0.14450790476190475
2023-09-28,Financials,0.09296952380952381
2023-09-29,Financials,0.15046642857142856
2023-10-02,Financials,0.19444166666666668
2023-10-03,Financials,0.25556266666666666
2023-10-04,Financials,0.15941016666666669
2023-10-05,Financials,0.07835333333333334
2023-10-06,Financials,0.07801457142857142
2023-10-09,Financials,0.227845
2023-10-10,Financials,0.13958018315018317
2023-10-11,Financials,-0.03256761904761903
2023-10-12,Financials,-9.514285714286308e-05
2023-10-13,Financials,0.09721456565656565
2023-10-16,Financials,-0.01565988235294118
2023-10-17,Financials,0.11509296666666666
2023-10-18,Financials,0.1852387037037037
2023-10-19,Financials,0.08898270842061165
2023-10-20,Financials,0.2363573333333333
2023-10-23,Financials,0.1317846666666667
2023-10-24,Financials,0.019639285714285713
2023-10-25,Financials,0.12971
2023-10-26,Financials,0.17361757575757578
2023-10-27,Financials,0.19731900000000002
2023-10-30,Financials,0.06959333333333333
2023-10-31,Financials,0.16368333333333332
2023-11-01,Financials,0.09711666666666666
2023-11-02,Financials,0.06356200000000001
2023-11-03,Financials,0.17213066666666668
2023-11-06,Financials,0.21433999999999997
2023-11-07,Financials,0.037796666666666666
2023-11-08,Financials,0.09262666666666666
2023-11-09,Financials,0.010782142857142856
2023-11-10,Financials,0.01196984126984127
2023-11-13,Financials,0.131375
2023-11-14,Financials,-0.1260189090909091
2023-11-15,Financials,0.10502671428571428
2023-11-16,Financials,0.10363166666666668
2023-11-17,Financials,0.04129833333333334
2023-11-20,Financials,0.10942666666666667
2023-11-21,Financials,0.021364
2023-11-22,Financials,0.072408
2023-11-24,Financials,-0.08975688888888889
2023-11-27,Financials,0.049022111111111114
2023-11-28,Financials,0.097351
2023-11-29,Financials,0.08265866666666666
2023-11-30,Financials,0.081639
2023-12-01,Financials,0.12358333333333334
2023-12-04,Financials,-0.013827500000000003
2023-12-05,Financials,0.046019666666666674
2023-12-06,Financials,0.055241666666666654
2023-12-07,Financials,-0.05602499999999999
2023-12-08,Financials,0.06527000000000001
2023-12-11,Financials,0.10657000000000001
2023-12-12,Financials,0.09577491666666667
2023-12-13,Financials,0.20850133333333334
2023-12-14,Financials,0.15952944444444445
2023-12-15,Financials,0.00938266666666667
2023-12-18,Financials,0.140272
2023-12-19,Financials,0.14091238095238096
2023-12-20,Financials,0.0
2023-12-21,Financials,0.0
2023-12-22,Financials,0.0
2023-12-26,Financials,0.0
2023-12-27,Financials,0.0
2023-12-28,Financials,0.0
2023-12-29,Financials,0.0
2020-01-02,Healthcare,0.0
2020-01-03,Healthcare,0.2110214285714286
2020-01-06,Healthcare,0.083755
2020-01-07,Healthcare,0.37543800000000005
2020-01-08,Healthcare,0.1342786666666667
2020-01-09,Healthcare,0.1458311111111111
2020-01-10,Healthcare,0.17714666666666665
2020-01-13,Healthcare,0.23324333333333333
2020-01-14,Healthcare,0.15509750000000003
2020-01-15,Healthcare,0.25223333333333336
2020-01-16,Healthcare,0.13835999999999998
2020-01-17,Healthcare,0.11195
2020-01-21,Healthcare,0.12079999999999999
2020-01-22,Healthcare,0.14776404761904763
2020-01-23,Healthcare,0.09444916666666667
2020-01-24,Healthcare,0.01927333333333334
2020-01-27,Healthcare,0.21321199999999996
2020-01-28,Healthcare,0.2757515555555555
2020-01-29,Healthcare,0.3118816666666666
2020-01-30,Healthcare,0.14555200000000001
2020-01-31,Healthcare,0.12145363636363635
2020-02-03,Healthcare,0.2082276666666667
2020-02-04,Healthcare,0.13139719662058372
2020-02-05,Healthcare,0.20267857142857143
2020-02-06,Healthcare,0.16906242857142859
2020-02-07,Healthcare,0.2830730769230769
2020-02-10,Healthcare,0.2909521212121212
2020-02-11,Healthcare,0.03788833333333333
2020-02-12,Healthcare,-0.009861666666666657
2020-02-13,Healthcare,0.22851583333333333
2020-02-14,Healthcare,0.12572666666666668
2020-02-18,Healthcare,0.25715999999999994
2020-02-19,Healthcare,0.09436696078431374
2020-02-20,Healthcare,0.236415
2020-02-21,Healthcare,0.06070099999999999
2020-02-24,Healthcare,0.1182825
2020-02-25,Healthcare,0.2190436974789916
2020-02-26,Healthcare,0.20154666666666668
2020-02-27,Healthcare,0.03038980392156863
2020-02-28,Healthcare,0.10316600000000001
2020-03-02,Healthcare,0.05706766666666667
2020-03-03,Healthcare,0.19955267857142858
2020-03-04,Healthcare,0.3695517948717949
2020-03-05,Healthcare,0.426824
2020-03-06,Healthcare,0.13693128205128205
2020-03-09,Healthcare,0.050135844155844156
2020-03-10,Healthcare,0.17116515789473685
2020-03-11,Healthcare,0.13775374999999998
2020-03-12,Healthcare,0.20557916666666665
2020-03-13,Healthcare,-0.12610799999999997
2020-03-16,Healthcare,0.04404999999999999
2020-03-17,Healthcare,0.050904000000000005
2020-03-18,Healthcare,0.33914000000000005
2020-03-19,Healthcare,0.06471375
2020-03-20,Healthcare,0.06079700000000001
2020-03-23,Healthcare,0.10356641025641025
2020-03-24,Healthcare,0.1159199567099567
2020-03-25,Healthcare,0.2871447619047619
2020-03-26,Healthcare,0.23333619047619045
2020-03-27,Healthcare,0.31965121212121217
2020-03-30,Healthcare,0.198981
2020-03-31,Healthcare,0.1799498095238095
2020-04-01,Healthcare,0.02917095238095239
2020-04-02,Healthcare,0.038623333333333336
2020-04-03,Healthcare,0.11432238095238097
2020-04-06,Healthcare,0.19433499999999998
2020-04-07,Healthcare,0.3659586206896551
2020-04-08,Healthcare,0.040094912280701736
2020-04-09,Healthcare,0.11647333333333335
2020-04-13,Healthcare,-0.0009538888888888875
2020-04-14,Healthcare,-0.0160918787878788
2020-04-15,Healthcare,0.1960104761904762
2020-04-16,Healthcare,-0.0362602380952381
2020-04-17,Healthcare,0.31270477443609024
2020-04-20,Healthcare,0.28864333182640145
2020-04-21,Healthcare,-0.034582297872340434
2020-04-22,Healthcare,0.017582095238095227
2020-04-23,Healthcare,0.247735641025641
2020-04-24,Healthcare,0.19483208333333332
2020-04-27,Healthcare,0.039666571428571426
2020-04-28,Healthcare,0.013026047619047621
2020-04-29,Healthcare,0.21281704615384617
2020-04-30,Healthcare,0.05291089655172413
2020-05-01,Healthcare,0.16572141025641024
2020-05-04,Healthcare,0.06699849255213505
2020-05-05,Healthcare,0.05703179487179486
2020-05-06,Healthcare,0.19341189542483658
2020-05-07,Healthcare,0.2047166666666667
2020-05-08,Healthcare,0.07858333333333334
2020-05-11,Healthcare,-0.035297222222222216
2020-05-12,Healthcare,0.08877734299516908
2020-05-13,Healthcare,-0.03158628571428571
2020-05-14,Healthcare,0.10309228593628594
2020-05-15,Healthcare,0.13219833333333336
2020-05-18,Healthcare,-0.01314499999999999
2020-05-19,Healthcare,0.10973066666666668
2020-05-20,Healthcare,0.152164
2020-05-21,Healthcare,0.10188549450549451
2020-05-22,Healthcare,0.11973799999999998
2020-05-26,Healthcare,0.134048
2020-05-27,Healthcare,0.061056285714285716
2020-05-28,Healthcare,0.004342793650793651
2020-05-29,Healthcare,-0.07453166666666665
2020-06-01,Healthcare,0.18196277777777775
2020-06-02,Healthcare,0.18683309523809524
2020-06-03,Healthcare,0.05392943722943724
2020-06-04,Healthcare,0.2622916666666667
2020-06-05,Healthcare,0.17410333333333333
2020-06-08,Healthcare,0.08464
2020-06-09,Healthcare,0.12410233333333334
2020-06-10,Healthcare,-0.04369
2020-06-11,Healthcare,0.066835
2020-06-12,Healthcare,0.13811
2020-06-15,Healthcare,0.10797533333333334
2020-06-16,Healthcare,0.18021657142857145
2020-06-17,Healthcare,0.07334833333333332
2020-06-18,Healthcare,-0.04603
2020-06-19,Healthcare,0.2695833333333333
2020-06-22,Healthcare,0.12817333333333333
2020-06-23,Healthcare,0.2521777777777778
2020-06-24,Healthcare,0.0068400000000000015
2020-06-25,Healthcare,0.013186666666666666
2020-06-26,Healthcare,0.08815
2020-06-29,Healthcare,-0.052337999999999996
2020-06-30,Healthcare,0.1718366666666667
2020-07-01,Healthcare,0.13452000000000003
2020-07-02,Healthcare,0.19373555555555555
2020-07-06,Healthcare,0.11171500000000001
2020-07-07,Healthcare,0.16831685714285713
2020-07-08,Healthcare,0.15534166666666666
2020-07-09,Healthcare,0.1478147619047619
2020-07-10,Healthcare,0.008123333333333335
2020-07-13,Healthcare,0.22631181818181817
2020-07-14,Healthcare,0.043522500000000006
2020-07-15,Healthcare,0.21636000000000002
2020-07-16,Healthcare,0.15994999999999998
2020-07-17,Healthcare,0.20989799999999997
2020-07-20,Healthcare,0.01002666666666666
2020-07-21,Healthcare,0.177695
2020-07-22,Healthcare,0.20496666666666666
2020-07-23,Healthcare,0.40413
2020-07-24,Healthcare,-0.05569999999999999
2020-07-27,Healthcare,0.217015
2020-07-28,Healthcare,0.08438857142857141
2020-07-29,Healthcare,0.054759999999999996
2020-07-30,Healthcare,0.234404
2020-07-31,Healthcare,-0.0089825
2020-08-03,Healthcare,0.09450051282051283
2020-08-04,Healthcare,0.045429047619047626
2020-08-05,Healthcare,0.009233333333333336
2020-08-06,Healthcare,-0.013979999999999992
2020-08-07,Healthcare,0.160689
2020-08-10,Healthcare,0.24892714285714285
2020-08-11,Healthcare,0.12529666666666667
2020-08-12,Healthcare,0.09962
2020-08-13,Healthcare,0.04046
2020-08-14,Healthcare,-0.13394
2020-08-17,Healthcare,-0.0077399999999999995
2020-08-18,Healthcare,0.33087999999999995
2020-08-19,Healthcare,-0.09493
2020-08-20,Healthcare,0.14264833333333335
2020-08-21,Healthcare,0.04684
2020-08-24,Healthcare,0.07557
2020-08-25,Healthcare,0.1347
2020-08-26,Healthcare,0.15471666666666667
2020-08-27,Healthcare,0.106908
2020-08-28,Healthcare,0.09942533333333334
2020-08-31,Healthcare,0.04292133333333334
2020-09-01,Healthcare,0.17242666666666664
2020-09-02,Healthcare,0.1191359523809524
2020-09-03,Healthcare,-0.14378000000000002
2020-09-04,Healthcare,0.014724000000000001
2020-09-08,Healthcare,0.005867857142857142
2020-09-09,Healthcare,0.039913333333333335
2020-09-10,Healthcare,0.12918500000000002
2020-09-11,Healthcare,0.12248
2020-09-14,Healthcare,0.053683333333333305
2020-09-15,Healthcare,0.13363402898550725
2020-09-16,Healthcare,0.17260666666666663
2020-09-17,Healthcare,-0.01032
2020-09-18,Healthcare,0.0839
2020-09-21,Healthcare,-0.016625
2020-09-22,Healthcare,-0.240678
2020-09-23,Healthcare,0.37329
2020-09-24,Healthcare,0.054433333333333334
2020-09-25,Healthcare,-0.11844999999999999
2020-09-28,Healthcare,0.13699333333333336
2020-09-29,Healthcare,0.05908266666666666
2020-09-30,Healthcare,0.2052371428571429
2020-10-01,Healthcare,0.188085
2020-10-02,Healthcare,0.013452666666666668
2020-10-05,Healthcare,-0.0902
2020-10-06,Healthcare,0.09639444444444445
2020-10-07,Healthcare,0.06163999999999999
2020-10-08,Healthcare,0.16976190476190478
2020-10-09,Healthcare,0.06336
2020-10-12,Healthcare,-0.091876
2020-10-13,Healthcare,0.04482583333333333
2020-10-14,Healthcare,-0.057365
2020-10-15,Healthcare,0.16440799999999997
2020-10-16,Healthcare,0.21485333333333334
2020-10-19,Healthcare,0.06197230769230768
2020-10-20,Healthcare,0.16754833333333335
2020-10-21,Healthcare,0.23826666666666668
2020-10-22,Healthcare,0.17614533333333332
2020-10-23,Healthcare,-0.012709999999999999
2020-10-26,Healthcare,0.04851800000000001
2020-10-27,Healthcare,0.033511111111111117
2020-10-28,Healthcare,0.0779342857142857
2020-10-29,Healthcare,0.028015333333333337
2020-10-30,Healthcare,0.247729
2020-11-02,Healthcare,0.11847909090909092
2020-11-03,Healthcare,0.10689801587301587
2020-11-04,Healthcare,0.17829466666666666
2020-11-05,Healthcare,0.18256666666666665
2020-11-06,Healthcare,0.05444000000000001
2020-11-09,Healthcare,-0.00516
2020-11-10,Healthcare,0.20806333333333332
2020-11-11,Healthcare,0.252464
2020-11-12,Healthcare,-0.00258
2020-11-13,Healthcare,0.022869999999999994
2020-11-16,Healthcare,0.20962
2020-11-17,Healthcare,0.083937
2020-11-18,Healthcare,0.025965000000000005
2020-11-19,Healthcare,0.15037333333333333
2020-11-20,Healthcare,0.05530666666666666
2020-11-23,Healthcare,0.052332500000000004
2020-11-24,Healthcare,0.2338775714285714
2020-11-25,Healthcare,0.12403
2020-11-27,Healthcare,0.03612
2020-11-30,Healthcare,-0.020220000000000005
2020-12-01,Healthcare,0.19396666666666668
2020-12-02,Healthcare,0.08967
2020-12-03,Healthcare,0.19503500000000001
2020-12-04,Healthcare,0.18169
2020-12-07,Healthcare,0.06536833333333333
2020-12-08,Healthcare,-0.06377333333333333
2020-12-09,Healthcare,0.06454
2020-12-10,Healthcare,-0.0034899999999999953
2020-12-11,Healthcare,0.13474
2020-12-14,Healthcare,0.34474499999999997
2020-12-15,Healthcare,0.23145500000000002
2020-12-16,Healthcare,0.23158666666666666
2020-12-17,Healthcare,0.121175
2020-12-18,Healthcare,0.19131666666666666
2020-12-21,Healthcare,0.22292
2020-12-22,Healthcare,0.3217
2020-12-23,Healthcare,0.05065599999999999
2020-12-24,Healthcare,0.1144011111111111
2020-12-28,Healthcare,0.21546000000000004
2020-12-29,Healthcare,0.1476
2020-12-30,Healthcare,0.03594
2020-12-31,Healthcare,0.16055999999999998
2021-01-04,Healthcare,0.15274333333333331
2021-01-05,Healthcare,0.18888000000000002
2021-01-06,Healthcare,0.17736999999999997
2021-01-07,Healthcare,0.03774999999999999
2021-01-08,Healthcare,-0.00423333333333335
2021-01-11,Healthcare,0.0
2021-01-12,Healthcare,-0.10339285714285713
2021-01-13,Healthcare,0.16674166666666665
2021-01-14,Healthcare,0.18410333333333334
2021-01-15,Healthcare,0.148
2021-01-19,Healthcare,0.1204
2021-01-20,Healthcare,0.108518
2021-01-21,Healthcare,0.33985000000000004
2021-01-22,Healthcare,0.01507
2021-01-25,Healthcare,0.059199999999999996
2021-01-26,Healthcare,0.1901165
2021-01-27,Healthcare,-0.009914000000000001
2021-01-28,Healthcare,0.12351333333333332
2021-01-29,Healthcare,0.2182
2021-02-01,Healthcare,0.04292666666666666
2021-02-02,Healthcare,0.269445
2021-02-03,Healthcare,0.08336999999999999
2021-02-04,Healthcare,0.1922346666666667
2021-02-05,Healthcare,0.15015409090909088
2021-02-08,Healthcare,0.362508
2021-02-09,Healthcare,-0.0013799999999999923
2021-02-10,Healthcare,0.18605
2021-02-11,Healthcare,0.191044
2021-02-12,Healthcare,0.027649999999999997
2021-02-16,Healthcare,0.13457
2021-02-17,Healthcare,0.047850000000000004
2021-02-18,Healthcare,0.11378444444444444
2021-02-19,Healthcare,0.14057999999999998
2021-02-22,Healthcare,0.10203999999999999
2021-02-23,Healthcare,0.23499399999999998
2021-02-24,Healthcare,0.04677333333333333
2021-02-25,Healthcare,0.09809
2021-02-26,Healthcare,0.17287249999999998
2021-03-01,Healthcare,-0.065495
2021-03-02,Healthcare,0.11940999999999997
2021-03-03,Healthcare,0.06870666666666667
2021-03-04,Healthcare,0.21285499999999996
2021-03-05,Healthcare,-0.007295
2021-03-08,Healthcare,-0.05012999999999999
2021-03-09,Healthcare,0.0884
2021-03-10,Healthcare,0.017153333333333333
2021-03-11,Healthcare,0.08512
2021-03-12,Healthcare,0.03399599999999999
2021-03-15,Healthcare,-0.02752
2021-03-16,Healthcare,0.20084342857142853
2021-03-17,Healthcare,0.14011
2021-03-18,Healthcare,0.10387499999999998
2021-03-19,Healthcare,0.11101333333333332
2021-03-22,Healthcare,0.17797000000000002
2021-03-23,Healthcare,0.008029999999999995
2021-03-24,Healthcare,0.07005999999999998
2021-03-25,Healthcare,0.17332
2021-03-26,Healthcare,0.1453
2021-03-29,Healthcare,0.017583333333333333
2021-03-30,Healthcare,0.32111999999999996
2021-03-31,Healthcare,-0.051715
2021-04-01,Healthcare,0.042530000000000005
2021-04-05,Healthcare,0.007400000000000004
2021-04-06,Healthcare,0.13485066666666667
2021-04-07,Healthcare,0.0662
2021-04-08,Healthcare,0.19464
2021-04-09,Healthcare,0.185678
2021-04-12,Healthcare,0.17079
2021-04-13,Healthcare,0.08119833333333333
2021-04-14,Healthcare,-0.01147999999999999
2021-04-15,Healthcare,-0.01144666666666666
2021-04-16,Healthcare,0.12638
2021-04-19,Healthcare,-0.05516
2021-04-20,Healthcare,0.03664142857142857
2021-04-21,Healthcare,0.10407222222222223
2021-04-22,Healthcare,0.33529
2021-04-23,Healthcare,0.05289499999999999
2021-04-26,Healthcare,0.11148
2021-04-27,Healthcare,0.28936799999999996
2021-04-28,Healthcare,0.211735
2021-04-29,Healthcare,0.18008238095238097
2021-04-30,Healthcare,0.2429801904761905
2021-05-03,Healthcare,0.17396246153846154
2021-05-04,Healthcare,0.238395
2021-05-05,Healthcare,0.16921
2021-05-06,Healthcare,0.23883333333333337
2021-05-07,Healthcare,-0.0038699999999999997
2021-05-10,Healthcare,0.05848
2021-05-11,Healthcare,0.08935466666666667
2021-05-12,Healthcare,0.07224
2021-05-13,Healthcare,0.40942
2021-05-14,Healthcare,-0.01976666666666666
2021-05-17,Healthcare,0.19124666666666665
2021-05-18,Healthcare,0.19053899999999996
2021-05-19,Healthcare,0.06643
2021-05-20,Healthcare,-0.068
2021-05-21,Healthcare,0.13467999999999997
2021-05-24,Healthcare,0.24014000000000002
2021-05-25,Healthcare,0.32211733333333337
2021-05-26,Healthcare,0.20636000000000002
2021-05-27,Healthcare,-0.008093333333333336
2021-05-28,Healthcare,0.16229000000000005
2021-06-01,Healthcare,0.061026666666666673
2021-06-02,Healthcare,0.18389366666666668
2021-06-03,Healthcare,0.14292
2021-06-04,Healthcare,0.17013333333333333
2021-06-07,Healthcare,-0.01202
2021-06-08,Healthcare,0.03971333333333334
2021-06-09,Healthcare,0.09362000000000001
2021-06-10,Healthcare,0.06078181818181817
2021-06-11,Healthcare,0.12685333333333335
2021-06-14,Healthcare,0.08213
2021-06-15,Healthcare,0.18548833333333334
2021-06-16,Healthcare,0.17618
2021-06-17,Healthcare,0.0
2021-06-18,Healthcare,0.17217333333333334
2021-06-21,Healthcare,0.21073
2021-06-22,Healthcare,0.28103066666666665
2021-06-23,Healthcare,0.11839999999999999
2021-06-24,Healthcare,0.15733999999999998
2021-06-25,Healthcare,0.08786000000000001
2021-06-28,Healthcare,0.08697599999999998
2021-06-29,Healthcare,0.17529
2021-06-30,Healthcare,0.02334
2021-07-01,Healthcare,0.107205
2021-07-02,Healthcare,0.029599999999999998
2021-07-06,Healthcare,0.50526
2021-07-07,Healthcare,0.021400000000000002
2021-07-08,Healthcare,0.2647466666666667
2021-07-09,Healthcare,0.06019000000000001
2021-07-12,Healthcare,0.0256
2021-07-13,Healthcare,0.09882333333333333
2021-07-14,Healthcare,0.059199999999999996
2021-07-15,Healthcare,0.15524
2021-07-16,Healthcare,-0.01531
2021-07-19,Healthcare,0.12972
2021-07-20,Healthcare,0.015493333333333331
2021-07-21,Healthcare,-0.022949999999999998
2021-07-22,Healthcare,-0.00516
2021-07-23,Healthcare,-0.04838285714285715
2021-07-26,Healthcare,0.05566
2021-07-27,Healthcare,0.18412333333333333
2021-07-28,Healthcare,-0.04170999999999998
2021-07-29,Healthcare,0.11845666666666668
2021-07-30,Healthcare,0.12209116666666668
2021-08-02,Healthcare,0.09660266666666668
2021-08-03,Healthcare,0.2703583333333333
2021-08-04,Healthcare,0.16844333333333333
2021-08-05,Healthcare,0.15058
2021-08-06,Healthcare,0.10760999999999998
2021-08-09,Healthcare,0.16385999999999998
2021-08-10,Healthcare,0.15204
2021-08-11,Healthcare,0.04136666666666667
2021-08-12,Healthcare,0.1754
2021-08-13,Healthcare,0.18239
2021-08-16,Healthcare,0.10373999999999999
2021-08-17,Healthcare,0.095751
2021-08-18,Healthcare,0.25682
2021-08-19,Healthcare,0.25949
2021-08-20,Healthcare,0.024019999999999996
2021-08-23,Healthcare,0.068
2021-08-24,Healthcare,-0.02087
2021-08-25,Healthcare,0.08311333333333334
2021-08-26,Healthcare,0.0403
2021-08-27,Healthcare,0.08349999999999999
2021-08-30,Healthcare,0.22828333333333334
2021-08-31,Healthcare,0.2094666666666667
2021-09-01,Healthcare,-0.026544999999999996
2021-09-02,Healthcare,0.061374000000000005
2021-09-03,Healthcare,0.12669333333333332
2021-09-07,Healthcare,0.0
2021-09-08,Healthcare,0.25183666666666665
2021-09-09,Healthcare,0.010446666666666667
2021-09-10,Healthcare,0.026858809523809535
2021-09-13,Healthcare,0.018
2021-09-14,Healthcare,0.2929522222222222
2021-09-15,Healthcare,0.12356
2021-09-16,Healthcare,0.178255
2021-09-17,Healthcare,0.1966333333333333
2021-09-20,Healthcare,0.029124999999999995
2021-09-21,Healthcare,0.08841333333333337
2021-09-22,Healthcare,0.08636
2021-09-23,Healthcare,-0.16343
2021-09-24,Healthcare,0.20582000000000003
2021-09-27,Healthcare,-0.03464666666666668
2021-09-28,Healthcare,0.25384
2021-09-29,Healthcare,0.17033333333333334
2021-09-30,Healthcare,0.28184833333333337
2021-10-01,Healthcare,0.021413333333333333
2021-10-04,Healthcare,0.051708888888888895
2021-10-05,Healthcare,0.1309808
2021-10-06,Healthcare,0.02236000000000001
2021-10-07,Healthcare,0.07181777777777779
2021-10-08,Healthcare,0.08380800000000001
2021-10-11,Healthcare,0.06381666666666666
2021-10-12,Healthcare,0.12109307692307691
2021-10-13,Healthcare,0.22404857142857143
2021-10-14,Healthcare,-0.057496000000000005
2021-10-15,Healthcare,-0.00688
2021-10-18,Healthcare,0.11003333333333332
2021-10-19,Healthcare,0.24467914285714287
2021-10-20,Healthcare,-0.022450000000000005
2021-10-21,Healthcare,0.071032
2021-10-22,Healthcare,0.24484
2021-10-25,Healthcare,0.092304
2021-10-26,Healthcare,0.03088777777777778
2021-10-27,Healthcare,-0.046965
2021-10-28,Healthcare,0.13091571428571427
2021-10-29,Healthcare,0.13473676923076922
2021-11-01,Healthcare,0.021166932773109243
2021-11-02,Healthcare,0.23225866666666667
2021-11-03,Healthcare,0.19840583333333334
2021-11-04,Healthcare,0.15619333333333335
2021-11-05,Healthcare,0.1051278787878788
2021-11-08,Healthcare,0.20797555555555552
2021-11-09,Healthcare,0.19929184615384615
2021-11-10,Healthcare,0.069825
2021-11-11,Healthcare,-0.03209
2021-11-12,Healthcare,0.22552
2021-11-15,Healthcare,0.11245999999999998
2021-11-16,Healthcare,0.17289866666666667
2021-11-17,Healthcare,0.09944800000000001
2021-11-18,Healthcare,0.1881266666666667
2021-11-19,Healthcare,-0.05434666666666667
2021-11-22,Healthcare,0.23806000000000002
2021-11-23,Healthcare,-0.07173357142857141
2021-11-24,Healthcare,0.19521
2021-11-26,Healthcare,-0.11845999999999998
2021-11-29,Healthcare,-0.017120000000000007
2021-11-30,Healthcare,0.13190384615384615
2021-12-01,Healthcare,0.04784714285714286
2021-12-02,Healthcare,-0.021736666666666665
2021-12-03,Healthcare,-0.12641866666666668
2021-12-06,Healthcare,0.17864
2021-12-07,Healthcare,0.2457711111111111
2021-12-08,Healthcare,0.01508
2021-12-09,Healthcare,0.06581333333333333
2021-12-10,Healthcare,0.027589999999999996
2021-12-13,Healthcare,0.06940166666666667
2021-12-14,Healthcare,0.26900999999999997
2021-12-15,Healthcare,0.03832000000000001
2021-12-16,Healthcare,0.050980000000000004
2021-12-17,Healthcare,0.085612
2021-12-20,Healthcare,0.209972
2021-12-21,Healthcare,0.10079533333333332
2021-12-22,Healthcare,0.18606761904761907
2021-12-23,Healthcare,0.05877416666666666
2021-12-27,Healthcare,0.2217478431372549
2021-12-28,Healthcare,0.23605749999999998
2021-12-29,Healthcare,0.07499333333333333
2021-12-30,Healthcare,0.07364
2021-12-31,Healthcare,0.19025142857142857
2022-01-03,Healthcare,0.12226
2022-01-04,Healthcare,0.2621677142857143
2022-01-05,Healthcare,0.090832
2022-01-06,Healthcare,0.03353
2022-01-07,Healthcare,0.30552
2022-01-10,Healthcare,0.07753
2022-01-11,Healthcare,0.24488333333333334
2022-01-12,Healthcare,0.06329333333333334
2022-01-13,Healthcare,0.09943666666666667
2022-01-14,Healthcare,0.17120599999999997
2022-01-18,Healthcare,0.21892666666666666
2022-01-19,Healthcare,0.206553
2022-01-20,Healthcare,0.08787799999999998
2022-01-21,Healthcare,0.06590133333333334
2022-01-24,Healthcare,-0.08421466666666667
2022-01-25,Healthcare,0.007665833333333335
2022-01-26,Healthcare,-0.032499999999999994
2022-01-27,Healthcare,0.0718025
2022-01-28,Healthcare,0.20717333333333335
2022-01-31,Healthcare,0.21273142857142863
2022-02-01,Healthcare,0.1875094761904762
2022-02-02,Healthcare,0.10663316239316241
2022-02-03,Healthcare,0.06539133333333333
2022-02-04,Healthcare,0.12098
2022-02-07,Healthcare,-0.16146
2022-02-08,Healthcare,0.2686266666666667
2022-02-09,Healthcare,0.13640000000000002
2022-02-10,Healthcare,0.30626333333333333
2022-02-11,Healthcare,0.06675466666666666
2022-02-14,Healthcare,0.2526933333333333
2022-02-15,Healthcare,0.02940095238095239
2022-02-16,Healthcare,-0.029376666666666672
2022-02-17,Healthcare,0.14171633333333333
2022-02-18,Healthcare,0.14198
2022-02-22,Healthcare,0.24131833333333336
2022-02-23,Healthcare,0.11414285714285714
2022-02-24,Healthcare,0.02504
2022-02-25,Healthcare,0.21232499999999996
2022-02-28,Healthcare,0.009799999999999998
2022-03-01,Healthcare,0.09839500000000001
2022-03-02,Healthcare,0.09898666666666667
2022-03-03,Healthcare,0.081485
2022-03-04,Healthcare,0.03266499999999999
2022-03-07,Healthcare,0.12780999999999998
2022-03-08,Healthcare,0.22062000000000004
2022-03-09,Healthcare,-0.085295
2022-03-10,Healthcare,0.09827666666666668
2022-03-11,Healthcare,0.027595
2022-03-14,Healthcare,0.175215
2022-03-15,Healthcare,0.19085666666666667
2022-03-16,Healthcare,-0.07504599999999999
2022-03-17,Healthcare,0.08874642857142859
2022-03-18,Healthcare,0.029937333333333333
2022-03-21,Healthcare,0.11338666666666668
2022-03-22,Healthcare,0.23803666666666667
2022-03-23,Healthcare,-0.04746666666666664
2022-03-24,Healthcare,0.021225
2022-03-25,Healthcare,0.154875
2022-03-28,Healthcare,0.06661999999999998
2022-03-29,Healthcare,-0.066995
2022-03-30,Healthcare,0.051412
2022-03-31,Healthcare,0.03839333333333334
2022-04-01,Healthcare,0.10541333333333333
2022-04-04,Healthcare,0.27142999999999995
2022-04-05,Healthcare,0.10129600000000001
2022-04-06,Healthcare,0.15073466666666668
2022-04-07,Healthcare,0.029055000000000004
2022-04-08,Healthcare,0.07905999999999999
2022-04-11,Healthcare,0.3686459999999999
2022-04-12,Healthcare,0.08887266666666667
2022-04-13,Healthcare,0.07096
2022-04-14,Healthcare,0.07370666666666667
2022-04-18,Healthcare,0.06420714285714287
2022-04-19,Healthcare,0.09012333333333333
2022-04-20,Healthcare,0.02243438095238095
2022-04-21,Healthcare,0.2467375
2022-04-22,Healthcare,0.18519666666666668
2022-04-25,Healthcare,0.16475
2022-04-26,Healthcare,0.324716
2022-04-27,Healthcare,-0.018901428571428562
2022-04-28,Healthcare,0.12839666666666666
2022-04-29,Healthcare,0.16619619047619047
2022-05-02,Healthcare,0.14333933333333332
2022-05-03,Healthcare,0.306914
2022-05-04,Healthcare,0.05775999999999999
2022-05-05,Healthcare,0.17572000000000002
2022-05-06,Healthcare,0.22333333333333333
2022-05-09,Healthcare,0.08625333333333332
2022-05-10,Healthcare,0.054033333333333336
2022-05-11,Healthcare,0.11131200000000001
2022-05-12,Healthcare,0.03680666666666667
2022-05-13,Healthcare,0.007429999999999992
2022-05-16,Healthcare,0.007818333333333333
2022-05-17,Healthcare,0.09617416666666666
2022-05-18,Healthcare,-0.02977083333333333
2022-05-19,Healthcare,0.16887999999999997
2022-05-20,Healthcare,0.11759
2022-05-23,Healthcare,-0.04901833333333334
2022-05-24,Healthcare,0.19817333333333337
2022-05-25,Healthcare,0.03698133333333333
2022-05-26,Healthcare,-0.10291999999999998
2022-05-27,Healthcare,0.24158361904761905
2022-05-31,Healthcare,-0.0068266666666666614
2022-06-01,Healthcare,0.36950583333333337
2022-06-02,Healthcare,0.049508333333333335
2022-06-03,Healthcare,-0.09516800000000002
2022-06-06,Healthcare,0.059386666666666664
2022-06-07,Healthcare,0.11201033333333332
2022-06-08,Healthcare,0.15683333333333332
2022-06-09,Healthcare,0.27081999999999995
2022-06-10,Healthcare,0.013486666666666666
2022-06-13,Healthcare,0.04471666666666665
2022-06-14,Healthcare,0.25529071428571426
2022-06-15,Healthcare,-0.030830000000000003
2022-06-16,Healthcare,0.083203
2022-06-17,Healthcare,0.25372
2022-06-21,Healthcare,0.26501
2022-06-22,Healthcare,0.27095857142857144
2022-06-23,Healthcare,0.032663333333333336
2022-06-24,Healthcare,0.0027739999999999987
2022-06-27,Healthcare,0.3448585714285714
2022-06-28,Healthcare,0.2420604285714286
2022-06-29,Healthcare,-0.04954666666666666
2022-06-30,Healthcare,0.2960638095238095
2022-07-01,Healthcare,0.01174
2022-07-05,Healthcare,0.049866999999999995
2022-07-06,Healthcare,0.149916
2022-07-07,Healthcare,0.088625
2022-07-08,Healthcare,-0.009602142857142847
2022-07-11,Healthcare,0.33696
2022-07-12,Healthcare,0.07262428571428572
2022-07-13,Healthcare,0.0036176190476190583
2022-07-14,Healthcare,0.2058471428571429
2022-07-15,Healthcare,-0.07205800000000001
2022-07-18,Healthcare,0.0559925
2022-07-19,Healthcare,0.1209102857142857
2022-07-20,Healthcare,0.09547809523809525
2022-07-21,Healthcare,0.29991563636363633
2022-07-22,Healthcare,-0.014439999999999998
2022-07-25,Healthcare,0.2795226666666667
2022-07-26,Healthcare,0.077846
2022-07-27,Healthcare,0.15289999999999998
2022-07-28,Healthcare,0.11514633333333332
2022-07-29,Healthcare,0.22053799999999998
2022-08-01,Healthcare,0.13270533333333334
2022-08-02,Healthcare,0.16207566666666665
2022-08-03,Healthcare,0.1803725
2022-08-04,Healthcare,0.2955266666666667
2022-08-05,Healthcare,-0.0014053333333333361
2022-08-08,Healthcare,0.181265
2022-08-09,Healthcare,-0.030386666666666666
2022-08-10,Healthcare,0.024030000000000003
2022-08-11,Healthcare,0.155505
2022-08-12,Healthcare,0.12101500000000001
2022-08-15,Healthcare,-0.013872
2022-08-16,Healthcare,0.06993999999999999
2022-08-17,Healthcare,0.06943333333333332
2022-08-18,Healthcare,0.01909
2022-08-19,Healthcare,0.081722
2022-08-22,Healthcare,-0.029960000000000007
2022-08-23,Healthcare,0.22660333333333335
2022-08-24,Healthcare,0.23726333333333333
2022-08-25,Healthcare,0.11939000000000002
2022-08-26,Healthcare,0.09119142857142858
2022-08-29,Healthcare,0.15697666666666665
2022-08-30,Healthcare,0.30938999999999994
2022-08-31,Healthcare,0.024990000000000005
2022-09-01,Healthcare,-0.126145
2022-09-02,Healthcare,0.15178666666666665
2022-09-06,Healthcare,0.07466666666666666
2022-09-07,Healthcare,0.24975699999999995
2022-09-08,Healthcare,0.06525866666666669
2022-09-09,Healthcare,0.181179
2022-09-12,Healthcare,0.009940000000000004
2022-09-13,Healthcare,0.29162466666666664
2022-09-14,Healthcare,0.09902333333333332
2022-09-15,Healthcare,0.033184999999999985
2022-09-16,Healthcare,-0.01349666666666667
2022-09-19,Healthcare,0.14555799999999997
2022-09-20,Healthcare,0.012919047619047616
2022-09-21,Healthcare,0.03665333333333332
2022-09-22,Healthcare,-0.08621999999999999
2022-09-23,Healthcare,0.19121666666666665
2022-09-26,Healthcare,0.08313
2022-09-27,Healthcare,0.006331666666666657
2022-09-28,Healthcare,0.198915
2022-09-29,Healthcare,0.14909499999999998
2022-09-30,Healthcare,0.23426
2022-10-03,Healthcare,0.10325333333333334
2022-10-04,Healthcare,0.09241
2022-10-05,Healthcare,0.0045900000000000055
2022-10-06,Healthcare,0.11099999999999999
2022-10-07,Healthcare,-0.15606
2022-10-10,Healthcare,0.08082
2022-10-11,Healthcare,0.39467100000000005
2022-10-12,Healthcare,0.22132899999999997
2022-10-13,Healthcare,0.08395666666666668
2022-10-14,Healthcare,-0.13738999999999998
2022-10-17,Healthcare,0.18083333333333335
2022-10-18,Healthcare,0.194475
2022-10-19,Healthcare,0.020265000000000012
2022-10-20,Healthcare,0.06325857142857141
2022-10-21,Healthcare,0.037286333333333324
2022-10-24,Healthcare,0.16244399999999998
2022-10-25,Healthcare,0.043436666666666665
2022-10-26,Healthcare,0.07951666666666665
2022-10-27,Healthcare,0.06613333333333335
2022-10-28,Healthcare,0.18697441558441558
2022-10-31,Healthcare,0.14181555555555556
2022-11-01,Healthcare,0.13499
2022-11-02,Healthcare,0.35423
2022-11-03,Healthcare,-0.016479999999999995
2022-11-04,Healthcare,-0.091276
2022-11-07,Healthcare,0.26586999999999994
2022-11-08,Healthcare,0.023605000000000004
2022-11-09,Healthcare,0.04298466666666666
2022-11-10,Healthcare,0.11446533333333334
2022-11-11,Healthcare,0.25451
2022-11-14,Healthcare,0.22995333333333332
2022-11-15,Healthcare,0.15007699999999996
2022-11-16,Healthcare,0.19699666666666665
2022-11-17,Healthcare,0.16309999999999997
2022-11-18,Healthcare,0.0048866666666666685
2022-11-21,Healthcare,0.12069333333333335
2022-11-22,Healthcare,0.23304666666666668
2022-11-23,Healthcare,0.15646357142857142
2022-11-25,Healthcare,0.1901392857142857
2022-11-28,Healthcare,0.0940162857142857
2022-11-29,Healthcare,0.27478714285714284
2022-11-30,Healthcare,0.20465
2022-12-01,Healthcare,0.283988
2022-12-02,Healthcare,0.12100333333333332
2022-12-05,Healthcare,-0.12974999999999998
2022-12-06,Healthcare,0.095828
2022-12-07,Healthcare,0.05536199999999999
2022-12-08,Healthcare,-0.05559190476190475
2022-12-09,Healthcare,0.079455
2022-12-12,Healthcare,0.15655333333333335
2022-12-13,Healthcare,0.0904952380952381
2022-12-14,Healthcare,0.1768152380952381
2022-12-15,Healthcare,0.16281000000000004
2022-12-16,Healthcare,0.17756766666666665
2022-12-19,Healthcare,0.2056083333333333
2022-12-20,Healthcare,0.053234000000000004
2022-12-21,Healthcare,0.25294555555555553
2022-12-22,Healthcare,0.21341000000000002
2022-12-23,Healthcare,0.021276666666666662
2022-12-27,Healthcare,-0.084035
2022-12-28,Healthcare,0.12923633333333334
2022-12-29,Healthcare,0.177224
2022-12-30,Healthcare,0.220851
2023-01-03,Healthcare,0.04434400000000001
2023-01-04,Healthcare,0.3528
2023-01-05,Healthcare,0.154282
2023-01-06,Healthcare,0.18321
2023-01-09,Healthcare,0.06900999999999999
2023-01-10,Healthcare,0.20427999999999996
2023-01-11,Healthcare,0.035029285714285714
2023-01-12,Healthcare,0.10604733333333334
2023-01-13,Healthcare,0.07419
2023-01-17,Healthcare,0.1850433333333333
2023-01-18,Healthcare,0.28850944444444443
2023-01-19,Healthcare,0.07221999999999998
2023-01-20,Healthcare,-0.040495
2023-01-23,Healthcare,0.08214999999999999
2023-01-24,Healthcare,0.27532999999999996
2023-01-25,Healthcare,0.07871
2023-01-26,Healthcare,-0.009235294117647064
2023-01-27,Healthcare,0.21858499999999997
2023-01-30,Healthcare,0.14106666666666667
2023-01-31,Healthcare,0.24647083333333336
2023-02-01,Healthcare,0.058462333333333324
2023-02-02,Healthcare,0.23377484126984122
2023-02-03,Healthcare,0.22685666666666665
2023-02-06,Healthcare,-0.0310215
2023-02-07,Healthcare,0.06864133333333335
2023-02-08,Healthcare,0.21998333333333334
2023-02-09,Healthcare,0.19834000000000002
2023-02-10,Healthcare,0.13105138095238095
2023-02-13,Healthcare,0.14206666666666667
2023-02-14,Healthcare,0.18222833333333333
2023-02-15,Healthcare,0.225371
2023-02-16,Healthcare,0.03068333333333333
2023-02-17,Healthcare,0.18290155555555554
2023-02-21,Healthcare,0.15314666666666668
2023-02-22,Healthcare,0.09332800000000001
2023-02-23,Healthcare,0.193218
2023-02-24,Healthcare,0.04484
2023-02-27,Healthcare,0.08423666666666667
2023-02-28,Healthcare,0.13989904761904765
2023-03-01,Healthcare,0.027582666666666665
2023-03-02,Healthcare,0.04308466666666667
2023-03-03,Healthcare,0.051508333333333337
2023-03-06,Healthcare,0.20183
2023-03-07,Healthcare,0.14439283333333333
2023-03-08,Healthcare,0.17797000000000002
2023-03-09,Healthcare,0.06894966666666666
2023-03-10,Healthcare,0.23530333333333334
2023-03-13,Healthcare,0.18244333333333332
2023-03-14,Healthcare,0.18054785714285712
2023-03-15,Healthcare,0.05121800000000001
2023-03-16,Healthcare,0.06664666666666667
2023-03-17,Healthcare,0.03078000000000001
2023-03-20,Healthcare,0.06437999999999999
2023-03-21,Healthcare,0.103872
2023-03-22,Healthcare,0.208155
2023-03-23,Healthcare,0.010915999999999999
2023-03-24,Healthcare,0.15643
2023-03-27,Healthcare,0.029591999999999997
2023-03-28,Healthcare,0.13404666666666668
2023-03-29,Healthcare,0.25786833333333337
2023-03-30,Healthcare,0.06816000000000001
2023-03-31,Healthcare,0.08388833333333331
2023-04-03,Healthcare,0.09979666666666667
2023-04-04,Healthcare,0.034546
2023-04-05,Healthcare,0.20080777777777775
2023-04-06,Healthcare,0.06387166666666666
2023-04-10,Healthcare,0.087466
2023-04-11,Healthcare,0.14819842424242421
2023-04-12,Healthcare,-0.014323333333333332
2023-04-13,Healthcare,0.064403
2023-04-14,Healthcare,-0.09258285714285715
2023-04-17,Healthcare,0.13726700000000003
2023-04-18,Healthcare,0.2306685714285714
2023-04-19,Healthcare,0.09745666666666666
2023-04-20,Healthcare,0.14389425490196078
2023-04-21,Healthcare,0.178282
2023-04-24,Healthcare,0.19603199999999998
2023-04-25,Healthcare,0.17057444444444442
2023-04-26,Healthcare,0.2731610714285714
2023-04-27,Healthcare,0.10166333333333333
2023-04-28,Healthcare,0.11732529761904761
2023-05-01,Healthcare,0.050810476190476205
2023-05-02,Healthcare,0.08366052380952381
2023-05-03,Healthcare,0.02058199999999998
2023-05-04,Healthcare,-0.01893
2023-05-05,Healthcare,0.0859
2023-05-08,Healthcare,0.20078000000000001
2023-05-09,Healthcare,0.12607866666666667
2023-05-10,Healthcare,0.09796666666666667
2023-05-11,Healthcare,0.090575
2023-05-12,Healthcare,0.23813
2023-05-15,Healthcare,0.047448000000000004
2023-05-16,Healthcare,0.11824190476190477
2023-05-17,Healthcare,0.05618249999999999
2023-05-18,Healthcare,-0.09296388888888889
2023-05-19,Healthcare,0.11048666666666669
2023-05-22,Healthcare,0.04318666666666667
2023-05-23,Healthcare,0.05414857142857142
2023-05-24,Healthcare,0.12590666666666667
2023-05-25,Healthcare,0.03929999999999999
2023-05-26,Healthcare,0.153325
2023-05-30,Healthcare,0.120245
2023-05-31,Healthcare,0.30604250000000005
2023-06-01,Healthcare,0.13565666666666668
2023-06-02,Healthcare,-0.05131809523809523
2023-06-05,Healthcare,0.08882
2023-06-06,Healthcare,0.09377200000000001
2023-06-07,Healthcare,0.2763733333333333
2023-06-08,Healthcare,0.25991833333333336
2023-06-09,Healthcare,0.31848399999999993
2023-06-12,Healthcare,0.088575
2023-06-13,Healthcare,0.26327933333333337
2023-06-14,Healthcare,0.048040000000000006
2023-06-15,Healthcare,0.18026
2023-06-16,Healthcare,-0.06656999999999999
2023-06-20,Healthcare,0.032321
2023-06-21,Healthcare,0.09753357142857143
2023-06-22,Healthcare,0.18160933333333332
2023-06-23,Healthcare,0.05670499999999999
2023-06-26,Healthcare,0.1982133333333333
2023-06-27,Healthcare,0.11351550000000002
2023-06-28,Healthcare,0.10061000000000002
2023-06-29,Healthcare,0.12248
2023-06-30,Healthcare,0.25353314285714285
2023-07-03,Healthcare,-0.0010208333333333306
2023-07-05,Healthcare,0.16242533333333334
2023-07-06,Healthcare,0.24505000000000005
2023-07-07,Healthcare,0.20641500000000002
2023-07-10,Healthcare,0.136075
2023-07-11,Healthcare,0.08649809523809524
2023-07-12,Healthcare,-0.020589999999999997
2023-07-13,Healthcare,0.30056333333333335
2023-07-14,Healthcare,0.13564166666666663
2023-07-17,Healthcare,0.12890833333333335
2023-07-18,Healthcare,0.116944
2023-07-19,Healthcare,0.135495
2023-07-20,Healthcare,0.011896666666666667
2023-07-21,Healthcare,0.03673555555555559
2023-07-24,Healthcare,-0.030348484848484847
2023-07-25,Healthcare,0.13498
2023-07-26,Healthcare,0.07095566666666667
2023-07-27,Healthcare,0.008965999999999998
2023-07-28,Healthcare,0.23990589285714287
2023-07-31,Healthcare,0.019530333333333337
2023-08-01,Healthcare,0.17506133333333335
2023-08-02,Healthcare,0.3131791666666667
2023-08-03,Healthcare,0.19352
2023-08-04,Healthcare,0.20960288888888887
2023-08-07,Healthcare,0.04664466666666667
2023-08-08,Healthcare,0.15202066666666667
2023-08-09,Healthcare,0.2610226666666667
2023-08-10,Healthcare,0.329101
2023-08-11,Healthcare,0.20365066666666665
2023-08-14,Healthcare,0.068678
2023-08-15,Healthcare,0.21323733333333333
2023-08-16,Healthcare,0.03562333333333334
2023-08-17,Healthcare,-0.030329999999999996
2023-08-18,Healthcare,0.054075000000000005
2023-08-21,Healthcare,0.070885
2023-08-22,Healthcare,0.11230395238095237
2023-08-23,Healthcare,-0.041753333333333344
2023-08-24,Healthcare,0.13335123809523813
2023-08-25,Healthcare,0.16829333333333335
2023-08-28,Healthcare,0.100405
2023-08-29,Healthcare,0.07533217948717949
2023-08-30,Healthcare,0.11782333333333332
2023-08-31,Healthcare,0.07512
2023-09-01,Healthcare,0.12270666666666667
2023-09-05,Healthcare,0.08520000000000001
2023-09-06,Healthcare,0.016893214285714286
2023-09-07,Healthcare,0.18472
2023-09-08,Healthcare,-0.16786666666666666
2023-09-11,Healthcare,0.248734
2023-09-12,Healthcare,0.175444
2023-09-13,Healthcare,-0.015500000000000003
2023-09-14,Healthcare,0.120995
2023-09-15,Healthcare,0.07673333333333333
2023-09-18,Healthcare,0.01629033333333333
2023-09-19,Healthcare,0.14013466666666669
2023-09-20,Healthcare,0.08704
2023-09-21,Healthcare,-0.10481500000000002
2023-09-22,Healthcare,0.1236933333333333
2023-09-25,Healthcare,-0.08510000000000001
2023-09-26,Healthcare,0.09559333333333334
2023-09-27,Healthcare,0.1418857142857143
2023-09-28,Healthcare,0.14411666666666667
2023-09-29,Healthcare,0.22107333333333332
2023-10-02,Healthcare,0.22179000000000001
2023-10-03,Healthcare,0.11529199999999999
2023-10-04,Healthcare,0.23098999999999997
2023-10-05,Healthcare,0.2238733333333333
2023-10-06,Healthcare,0.036059999999999995
2023-10-09,Healthcare,0.13331599999999996
2023-10-10,Healthcare,0.39011
2023-10-11,Healthcare,0.02881866666666667
2023-10-12,Healthcare,0.09972571428571428
2023-10-13,Healthcare,0.11170190476190478
2023-10-16,Healthcare,0.09555166666666667
2023-10-17,Healthcare,0.15804199999999996
2023-10-18,Healthcare,0.159965
2023-10-19,Healthcare,0.10921409090909091
2023-10-20,Healthcare,0.2438297142857143
2023-10-23,Healthcare,0.13435142857142857
2023-10-24,Healthcare,0.095921
2023-10-25,Healthcare,0.178753
2023-10-26,Healthcare,0.11018666666666665
2023-10-27,Healthcare,0.2576013333333333
2023-10-30,Healthcare,0.21784772727272728
2023-10-31,Healthcare,0.068674
2023-11-01,Healthcare,0.14252893859649124
2023-11-02,Healthcare,0.065714
2023-11-03,Healthcare,0.23666923076923077
2023-11-06,Healthcare,0.0988842857142857
2023-11-07,Healthcare,0.15639633333333333
2023-11-08,Healthcare,0.1491205555555556
2023-11-09,Healthcare,0.066051
2023-11-10,Healthcare,0.16359757575757577
2023-11-13,Healthcare,0.09839966666666666
2023-11-14,Healthcare,0.13595666666666667
2023-11-15,Healthcare,0.12523800000000002
2023-11-16,Healthcare,0.14012
2023-11-17,Healthcare,0.047023333333333334
2023-11-20,Healthcare,0.06973333333333334
2023-11-21,Healthcare,0.17219
2023-11-22,Healthcare,0.088206
2023-11-24,Healthcare,0.14858
2023-11-27,Healthcare,0.10559999999999999
2023-11-28,Healthcare,0.24950333333333333
2023-11-29,Healthcare,0.17711333333333332
2023-11-30,Healthcare,0.11376166666666668
2023-12-01,Healthcare,0.08784166666666667
2023-12-04,Healthcare,-0.00344
2023-12-05,Healthcare,0.10544933333333333
2023-12-06,Healthcare,0.18315333333333333
2023-12-07,Healthcare,0.19753416666666665
2023-12-08,Healthcare,0.14163872727272725
2023-12-11,Healthcare,0.056075333333333345
2023-12-12,Healthcare,0.19597030303030302
2023-12-13,Healthcare,0.095669
2023-12-14,Healthcare,0.03968000000000001
2023-12-15,Healthcare,0.09551
2023-12-18,Healthcare,0.0
2023-12-19,Healthcare,0.19197571794871793
2023-12-20,Healthcare,0.0
2023-12-21,Healthcare,0.0
2023-12-22,Healthcare,0.0
2023-12-26,Healthcare,0.0
2023-12-27,Healthcare,0.0
2023-12-28,Healthcare,0.0
2023-12-29,Healthcare,0.0
2020-01-02,Industrials,0.0
2020-01-03,Industrials,0.078404
2020-01-06,Industrials,-0.12683999999999998
2020-01-07,Industrials,0.03617055555555555
2020-01-08,Industrials,0.019500000000000003
2020-01-09,Industrials,0.017539999999999997
2020-01-10,Industrials,0.055476666666666674
2020-01-13,Industrials,0.10056499999999999
2020-01-14,Industrials,0.04735666666666667
2020-01-15,Industrials,0.100061
2020-01-16,Industrials,-0.081615
2020-01-17,Industrials,0.11446
2020-01-21,Industrials,0.20989333333333335
2020-01-22,Industrials,0.12212171428571428
2020-01-23,Industrials,-0.01768142857142857
2020-01-24,Industrials,0.027335238095238096
2020-01-27,Industrials,0.044893333333333334
2020-01-28,Industrials,0.05834666666666666
2020-01-29,Industrials,0.003511666666666663
2020-01-30,Industrials,0.016057999999999996
2020-01-31,Industrials,0.11216666666666666
2020-02-03,Industrials,0.07263000000000001
2020-02-04,Industrials,0.10822733333333331
2020-02-05,Industrials,0.18288666666666667
2020-02-06,Industrials,0.08684200000000002
2020-02-07,Industrials,-0.012026666666666668
2020-02-10,Industrials,-0.0004520000000000013
2020-02-11,Industrials,0.04733333333333334
2020-02-12,Industrials,0.06977666666666667
2020-02-13,Industrials,0.0752
2020-02-14,Industrials,0.05311249999999999
2020-02-18,Industrials,0.21639
2020-02-19,Industrials,0.0012399999999999998
2020-02-20,Industrials,0.17185333333333333
2020-02-21,Industrials,0.06185
2020-02-24,Industrials,0.11166999999999998
2020-02-25,Industrials,0.07259
2020-02-26,Industrials,-0.01988666666666667
2020-02-27,Industrials,0.047143333333333336
2020-02-28,Industrials,0.11360833333333334
2020-03-02,Industrials,0.08103833333333332
2020-03-03,Industrials,0.08452
2020-03-04,Industrials,0.06648000000000001
2020-03-05,Industrials,0.1385917142857143
2020-03-06,Industrials,0.02204866666666667
2020-03-09,Industrials,0.07658
2020-03-10,Industrials,-0.12135199999999999
2020-03-11,Industrials,-0.076742
2020-03-12,Industrials,0.15569904761904763
2020-03-13,Industrials,-0.20168333333333335
2020-03-16,Industrials,0.08564000000000001
2020-03-17,Industrials,0.07342000000000001
2020-03-18,Industrials,0.03207111111111112
2020-03-19,Industrials,0.013665476190476195
2020-03-20,Industrials,0.010433333333333336
2020-03-23,Industrials,0.08895371428571429
2020-03-24,Industrials,0.017108333333333337
2020-03-25,Industrials,0.26123044444444443
2020-03-26,Industrials,0.09531750000000001
2020-03-27,Industrials,0.1238920634920635
2020-03-30,Industrials,0.06263787878787878
2020-03-31,Industrials,0.037810666666666666
2020-04-01,Industrials,0.03917916666666667
2020-04-02,Industrials,-0.07997733333333333
2020-04-03,Industrials,-0.019300666666666667
2020-04-06,Industrials,-0.2304206349206349
2020-04-07,Industrials,0.05866266666666668
2020-04-08,Industrials,0.29393499999999995
2020-04-09,Industrials,0.1726054761904762
2020-04-13,Industrials,0.01794178571428571
2020-04-14,Industrials,-0.003790404040404044
2020-04-15,Industrials,0.21026511111111112
2020-04-16,Industrials,0.010333333333333333
2020-04-17,Industrials,0.16602206060606062
2020-04-20,Industrials,-0.0026872727272727235
2020-04-21,Industrials,0.02826666666666667
2020-04-22,Industrials,-0.04819366666666667
2020-04-23,Industrials,0.07014666666666666
2020-04-24,Industrials,0.274288
2020-04-27,Industrials,0.11169588235294117
2020-04-28,Industrials,0.1009040707070707
2020-04-29,Industrials,0.08711657894736843
2020-04-30,Industrials,0.05352783068783068
2020-05-01,Industrials,-0.07698692307692308
2020-05-04,Industrials,-0.06385764285714286
2020-05-05,Industrials,0.08548666666666667
2020-05-06,Industrials,0.2907388888888889
2020-05-07,Industrials,0.044392
2020-05-08,Industrials,0.016765000000000002
2020-05-11,Industrials,0.00034250000000001223
2020-05-12,Industrials,0.28563666666666665
2020-05-13,Industrials,0.02337090909090909
2020-05-14,Industrials,0.012710666666666667
2020-05-15,Industrials,0.0018536666666666645
2020-05-18,Industrials,-0.016838666666666658
2020-05-19,Industrials,0.3360108484848485
2020-05-20,Industrials,0.12258583333333332
2020-05-21,Industrials,0.07063
2020-05-22,Industrials,0.08544333333333333
2020-05-26,Industrials,0.06462000000000001
2020-05-27,Industrials,0.18697999999999998
2020-05-28,Industrials,0.27466599999999997
2020-05-29,Industrials,0.20529511111111112
2020-06-01,Industrials,0.006305555555555548
2020-06-02,Industrials,0.20654500000000003
2020-06-03,Industrials,0.3886900000000001
2020-06-04,Industrials,0.2549560869565218
2020-06-05,Industrials,0.2781930476190476
2020-06-08,Industrials,0.17775809523809524
2020-06-09,Industrials,0.3068474509803922
2020-06-10,Industrials,0.16856949999999998
2020-06-11,Industrials,0.126862
2020-06-12,Industrials,0.03703964912280702
2020-06-15,Industrials,-0.014190000000000003
2020-06-16,Industrials,0.07315285714285714
2020-06-17,Industrials,0.19876833333333335
2020-06-18,Industrials,-0.00129
2020-06-19,Industrials,-0.03595
2020-06-22,Industrials,0.09066
2020-06-23,Industrials,0.09203333333333334
2020-06-24,Industrials,0.253816
2020-06-25,Industrials,-0.011433333333333334
2020-06-26,Industrials,-0.06345882352941176
2020-06-29,Industrials,0.00919
2020-06-30,Industrials,0.09840714285714286
2020-07-01,Industrials,0.026821333333333326
2020-07-02,Industrials,0.15747666666666665
2020-07-06,Industrials,0.0215425
2020-07-07,Industrials,0.13043181818181818
2020-07-08,Industrials,-0.027297142857142853
2020-07-09,Industrials,0.132295
2020-07-10,Industrials,-0.02947333333333333
2020-07-13,Industrials,-0.06764857142857142
2020-07-14,Industrials,0.18662666666666666
2020-07-15,Industrials,0.11383150000000002
2020-07-16,Industrials,0.16208
2020-07-17,Industrials,0.012284999999999996
2020-07-20,Industrials,0.06256
2020-07-21,Industrials,0.22457000000000002
2020-07-22,Industrials,0.05475714285714286
2020-07-23,Industrials,0.002346666666666675
2020-07-24,Industrials,0.31238249999999995
2020-07-27,Industrials,0.1829325
2020-07-28,Industrials,0.2262366666666667
2020-07-29,Industrials,0.15573526315789474
2020-07-30,Industrials,0.04920275641025641
2020-07-31,Industrials,0.07795042735042736
2020-08-03,Industrials,-0.011967999999999998
2020-08-04,Industrials,-0.092766
2020-08-05,Industrials,0.03858222222222222
2020-08-06,Industrials,0.11967749999999999
2020-08-07,Industrials,0.25355999999999995
2020-08-10,Industrials,-0.002003333333333335
2020-08-11,Industrials,0.11281733333333333
2020-08-12,Industrials,0.045040000000000004
2020-08-13,Industrials,-0.0073099999999999945
2020-08-14,Industrials,-0.03970800000000001
2020-08-17,Industrials,0.03311999999999999
2020-08-18,Industrials,0.10838199999999998
2020-08-19,Industrials,0.17914
2020-08-20,Industrials,0.123312
2020-08-21,Industrials,0.11079999999999998
2020-08-24,Industrials,-0.05013000000000001
2020-08-25,Industrials,0.284549
2020-08-26,Industrials,0.16040000000000001
2020-08-27,Industrials,-0.108595
2020-08-28,Industrials,0.053154999999999994
2020-08-31,Industrials,0.034588
2020-09-01,Industrials,0.34903399999999996
2020-09-02,Industrials,0.0256
2020-09-03,Industrials,0.1385366666666667
2020-09-04,Industrials,0.07749999999999999
2020-09-08,Industrials,0.059199999999999996
2020-09-09,Industrials,-0.036438
2020-09-10,Industrials,0.10925199999999999
2020-09-11,Industrials,0.008672000000000001
2020-09-14,Industrials,0.06902
2020-09-15,Industrials,0.03974
2020-09-16,Industrials,0.13782666666666668
2020-09-17,Industrials,0.22612242424242424
2020-09-18,Industrials,0.1489234090909091
2020-09-21,Industrials,0.20276666666666668
2020-09-22,Industrials,0.01369200000000001
2020-09-23,Industrials,0.125915
2020-09-24,Industrials,0.16063999999999998
2020-09-25,Industrials,0.03959333333333333
2020-09-28,Industrials,0.14460777777777778
2020-09-29,Industrials,0.12154941176470588
2020-09-30,Industrials,0.10128000000000001
2020-10-01,Industrials,0.19671366666666668
2020-10-02,Industrials,0.33946125
2020-10-05,Industrials,0.02313
2020-10-06,Industrials,0.1338875238095238
2020-10-07,Industrials,-0.004873333333333335
2020-10-08,Industrials,0.03143333333333333
2020-10-09,Industrials,0.09029499999999999
2020-10-12,Industrials,0.212176
2020-10-13,Industrials,0.1660680952380952
2020-10-14,Industrials,0.183012
2020-10-15,Industrials,0.14548
2020-10-16,Industrials,0.13508166666666666
2020-10-19,Industrials,0.10506820512820511
2020-10-20,Industrials,0.22597500000000004
2020-10-21,Industrials,0.13806333333333334
2020-10-22,Industrials,0.1605
2020-10-23,Industrials,0.003961428571428577
2020-10-26,Industrials,0.32006999999999997
2020-10-27,Industrials,0.21830444444444447
2020-10-28,Industrials,0.02638025641025641
2020-10-29,Industrials,0.16841745454545454
2020-10-30,Industrials,-0.06688633333333333
2020-11-02,Industrials,0.062802
2020-11-03,Industrials,0.1505955
2020-11-04,Industrials,0.20944066666666666
2020-11-05,Industrials,0.24175166666666667
2020-11-06,Industrials,0.08285000000000001
2020-11-09,Industrials,0.0012838095238095232
2020-11-10,Industrials,0.21891766666666665
2020-11-11,Industrials,0.07141644444444446
2020-11-12,Industrials,0.10106
2020-11-13,Industrials,0.025439999999999997
2020-11-16,Industrials,0.10024
2020-11-17,Industrials,0.12653809523809523
2020-11-18,Industrials,0.10719500000000001
2020-11-19,Industrials,-0.039523333333333334
2020-11-20,Industrials,0.039568571428571425
2020-11-23,Industrials,0.05201733333333334
2020-11-24,Industrials,0.17376942857142857
2020-11-25,Industrials,0.03551261904761905
2020-11-27,Industrials,0.251385
2020-11-30,Industrials,0.15774285714285713
2020-12-01,Industrials,0.14015714285714287
2020-12-02,Industrials,0.07268
2020-12-03,Industrials,0.018203333333333335
2020-12-04,Industrials,0.28701630252100835
2020-12-07,Industrials,0.12507
2020-12-08,Industrials,0.07847166666666668
2020-12-09,Industrials,-0.009668888888888883
2020-12-10,Industrials,0.059925555555555544
2020-12-11,Industrials,0.05287466666666667
2020-12-14,Industrials,-0.0031346666666666684
2020-12-15,Industrials,0.11203142857142856
2020-12-16,Industrials,0.18895
2020-12-17,Industrials,0.11649555555555555
2020-12-18,Industrials,0.16092
2020-12-21,Industrials,0.1701335
2020-12-22,Industrials,0.2587885
2020-12-23,Industrials,0.16935333333333333
2020-12-24,Industrials,0.3129666666666667
2020-12-28,Industrials,0.11982999999999999
2020-12-29,Industrials,0.19109142857142855
2020-12-30,Industrials,0.21191750000000004
2020-12-31,Industrials,0.08157400000000001
2021-01-04,Industrials,0.12504133333333334
2021-01-05,Industrials,0.05121944444444445
2021-01-06,Industrials,0.08607000000000001
2021-01-07,Industrials,0.16966933333333334
2021-01-08,Industrials,-0.08523333333333334
2021-01-11,Industrials,0.04227333333333332
2021-01-12,Industrials,0.18327625
2021-01-13,Industrials,0.06135111111111111
2021-01-14,Industrials,0.29730454545454543
2021-01-15,Industrials,0.19507333333333335
2021-01-19,Industrials,0.062995
2021-01-20,Industrials,0.12670666666666666
2021-01-21,Industrials,0.10558799999999999
2021-01-22,Industrials,0.006919999999999998
2021-01-25,Industrials,0.06331
2021-01-26,Industrials,0.284995
2021-01-27,Industrials,0.10116868079289135
2021-01-28,Industrials,0.07049681159420289
2021-01-29,Industrials,0.15733000000000003
2021-02-01,Industrials,0.10893
2021-02-02,Industrials,-0.05552
2021-02-03,Industrials,0.03515038461538462
2021-02-04,Industrials,0.06664999999999999
2021-02-05,Industrials,0.08715
2021-02-08,Industrials,-0.028349999999999997
2021-02-09,Industrials,0.1863885714285714
2021-02-10,Industrials,0.07062166666666667
2021-02-11,Industrials,0.08498666666666668
2021-02-12,Industrials,0.006530000000000003
2021-02-16,Industrials,0.17760000000000004
2021-02-17,Industrials,-0.1425642857142857
2021-02-18,Industrials,0.024108571428571427
2021-02-19,Industrials,0.08548428571428571
2021-02-22,Industrials,0.22278266666666666
2021-02-23,Industrials,0.10974833333333334
2021-02-24,Industrials,0.05692666666666666
2021-02-25,Industrials,-0.07685099999999999
2021-02-26,Industrials,0.1596222222222222
2021-03-01,Industrials,0.07841500000000001
2021-03-02,Industrials,-0.014346999999999999
2021-03-03,Industrials,0.063178
2021-03-04,Industrials,0.055279999999999996
2021-03-05,Industrials,0.30002000000000006
2021-03-08,Industrials,0.051728571428571436
2021-03-09,Industrials,0.14923666666666666
2021-03-10,Industrials,0.09796666666666667
2021-03-11,Industrials,0.09112910256410256
2021-03-12,Industrials,0.2510306666666667
2021-03-15,Industrials,0.14717666666666668
2021-03-16,Industrials,0.24850466666666665
2021-03-17,Industrials,0.010110000000000003
2021-03-18,Industrials,-0.01911000000000001
2021-03-19,Industrials,-0.10164499999999999
2021-03-22,Industrials,-0.03774999999999999
2021-03-23,Industrials,0.04185
2021-03-24,Industrials,0.11909
2021-03-25,Industrials,0.09235333333333333
2021-03-26,Industrials,-0.0516
2021-03-29,Industrials,0.07714714285714284
2021-03-30,Industrials,0.22382666666666667
2021-03-31,Industrials,0.17611666666666667
2021-04-01,Industrials,0.06174333333333333
2021-04-05,Industrials,0.11458666666666666
2021-04-06,Industrials,0.314639
2021-04-07,Industrials,0.02616999999999999
2021-04-08,Industrials,0.06057333333333333
2021-04-09,Industrials,0.06701333333333333
2021-04-12,Industrials,0.22172904761904766
2021-04-13,Industrials,0.11633
2021-04-14,Industrials,0.30208
2021-04-15,Industrials,0.08836666666666668
2021-04-16,Industrials,0.15356
2021-04-19,Industrials,0.05662333333333334
2021-04-20,Industrials,0.148983
2021-04-21,Industrials,-0.011000606060606054
2021-04-22,Industrials,0.07511666666666666
2021-04-23,Industrials,0.14251
2021-04-26,Industrials,0.04628000000000001
2021-04-27,Industrials,0.07238904761904762
2021-04-28,Industrials,0.12443900793650794
2021-04-29,Industrials,-0.013620421052631577
2021-04-30,Industrials,0.01788192307692308
2021-05-03,Industrials,0.066824
2021-05-04,Industrials,0.020557142857142857
2021-05-05,Industrials,0.093731
2021-05-06,Industrials,0.27970300000000003
2021-05-07,Industrials,0.18958999999999998
2021-05-10,Industrials,0.008882857142857147
2021-05-11,Industrials,0.16755333333333333
2021-05-12,Industrials,0.033285833333333334
2021-05-13,Industrials,0.1362085714285714
2021-05-14,Industrials,0.09984000000000001
2021-05-17,Industrials,0.028579999999999987
2021-05-18,Industrials,0.14574857142857142
2021-05-19,Industrials,0.003504
2021-05-20,Industrials,0.030210000000000004
2021-05-21,Industrials,0.13378
2021-05-24,Industrials,0.14435
2021-05-25,Industrials,0.159165
2021-05-26,Industrials,0.0
2021-05-27,Industrials,0.03583666666666666
2021-05-28,Industrials,0.07279333333333333
2021-06-01,Industrials,0.013360000000000006
2021-06-02,Industrials,0.148275
2021-06-03,Industrials,0.036660000000000005
2021-06-04,Industrials,0.19268833333333332
2021-06-07,Industrials,0.12844
2021-06-08,Industrials,0.223475
2021-06-09,Industrials,0.05502
2021-06-10,Industrials,0.1330833333333333
2021-06-11,Industrials,0.20859333333333333
2021-06-14,Industrials,0.30002
2021-06-15,Industrials,0.05848
2021-06-16,Industrials,-0.01774
2021-06-17,Industrials,0.190915
2021-06-18,Industrials,0.0
2021-06-21,Industrials,0.010860000000000003
2021-06-22,Industrials,0.12688333333333332
2021-06-23,Industrials,-0.11843000000000001
2021-06-24,Industrials,0.03699
2021-06-25,Industrials,0.015586666666666669
2021-06-28,Industrials,-0.04172000000000001
2021-06-29,Industrials,0.097975
2021-06-30,Industrials,0.17036
2021-07-01,Industrials,0.023626666666666664
2021-07-02,Industrials,0.14963500000000002
2021-07-06,Industrials,0.06974
2021-07-07,Industrials,-0.0030600000000000007
2021-07-08,Industrials,0.16198666666666667
2021-07-09,Industrials,0.10400666666666666
2021-07-12,Industrials,0.08185
2021-07-13,Industrials,0.16817
2021-07-14,Industrials,-0.01756
2021-07-15,Industrials,0.04019
2021-07-16,Industrials,0.05404
2021-07-19,Industrials,0.07506
2021-07-20,Industrials,0.08868428571428572
2021-07-21,Industrials,0.0
2021-07-22,Industrials,0.059250000000000004
2021-07-23,Industrials,0.053235
2021-07-26,Industrials,0.07321333333333332
2021-07-27,Industrials,-0.015423333333333336
2021-07-28,Industrials,0.05756914285714285
2021-07-29,Industrials,0.16763333333333336
2021-07-30,Industrials,0.12082333333333332
2021-08-02,Industrials,0.065085
2021-08-03,Industrials,0.08610984126984127
2021-08-04,Industrials,0.02023
2021-08-05,Industrials,0.08982
2021-08-06,Industrials,0.15173
2021-08-09,Industrials,-0.009479999999999997
2021-08-10,Industrials,0.17715333333333333
2021-08-11,Industrials,0.10021333333333333
2021-08-12,Industrials,-0.07970000000000001
2021-08-13,Industrials,0.14006000000000002
2021-08-16,Industrials,-0.054990000000000004
2021-08-17,Industrials,0.09918666666666665
2021-08-18,Industrials,0.09813999999999999
2021-08-19,Industrials,0.06666
2021-08-20,Industrials,0.04215
2021-08-23,Industrials,-0.12738
2021-08-24,Industrials,0.16968
2021-08-25,Industrials,0.23980999999999994
2021-08-26,Industrials,0.02888
2021-08-27,Industrials,0.0
2021-08-30,Industrials,0.11472333333333333
2021-08-31,Industrials,0.09057
2021-09-01,Industrials,0.18692999999999999
2021-09-02,Industrials,0.0
2021-09-03,Industrials,0.00044999999999999484
2021-09-07,Industrials,0.018293333333333335
2021-09-08,Industrials,0.1551
2021-09-09,Industrials,0.19114
2021-09-10,Industrials,-0.00516
2021-09-13,Industrials,-0.05314000000000001
2021-09-14,Industrials,0.10614666666666665
2021-09-15,Industrials,0.012853333333333333
2021-09-16,Industrials,0.009169999999999989
2021-09-17,Industrials,0.02507333333333333
2021-09-20,Industrials,0.0
2021-09-21,Industrials,-0.007619999999999999
2021-09-22,Industrials,-0.02263
2021-09-23,Industrials,0.025519999999999998
2021-09-24,Industrials,0.20219333333333336
2021-09-27,Industrials,0.007639999999999999
2021-09-28,Industrials,0.069446
2021-09-29,Industrials,0.05416666666666666
2021-09-30,Industrials,0.0843
2021-10-01,Industrials,0.11398666666666665
2021-10-04,Industrials,0.0843
2021-10-05,Industrials,0.136374
2021-10-06,Industrials,0.006833333333333333
2021-10-07,Industrials,-0.170879
2021-10-08,Industrials,0.0
2021-10-11,Industrials,0.04779
2021-10-12,Industrials,0.42532
2021-10-13,Industrials,0.0
2021-10-14,Industrials,0.10821999999999998
2021-10-15,Industrials,0.14547
2021-10-18,Industrials,0.10256999999999998
2021-10-19,Industrials,0.1456933333333333
2021-10-20,Industrials,0.0601
2021-10-21,Industrials,-0.028540000000000003
2021-10-22,Industrials,0.050159333333333334
2021-10-25,Industrials,0.06369
2021-10-26,Industrials,0.022516666666666678
2021-10-27,Industrials,0.09123200000000001
2021-10-28,Industrials,0.0075933333333333295
2021-10-29,Industrials,0.1440730909090909
2021-11-01,Industrials,0.012159999999999999
2021-11-02,Industrials,0.04166
2021-11-03,Industrials,0.014549999999999997
2021-11-04,Industrials,0.04907
2021-11-05,Industrials,0.00605
2021-11-08,Industrials,0.15702
2021-11-09,Industrials,0.011743333333333328
2021-11-10,Industrials,0.1309270833333333
2021-11-11,Industrials,-0.17337666666666665
2021-11-12,Industrials,0.13178
2021-11-15,Industrials,0.29388000000000003
2021-11-16,Industrials,0.226975
2021-11-17,Industrials,0.136544
2021-11-18,Industrials,0.05628000000000001
2021-11-19,Industrials,0.05247999999999999
2021-11-22,Industrials,-0.09433
2021-11-23,Industrials,0.088975
2021-11-24,Industrials,0.03544
2021-11-26,Industrials,-0.00258
2021-11-29,Industrials,0.065015
2021-11-30,Industrials,0.03334
2021-12-01,Industrials,0.03692
2021-12-02,Industrials,-0.09163
2021-12-03,Industrials,-0.00513
2021-12-06,Industrials,0.14496
2021-12-07,Industrials,0.12221733333333333
2021-12-08,Industrials,0.12643
2021-12-09,Industrials,0.015085000000000005
2021-12-10,Industrials,0.11737
2021-12-13,Industrials,0.06704666666666667
2021-12-14,Industrials,-0.009098333333333333
2021-12-15,Industrials,0.13351666666666664
2021-12-16,Industrials,0.026913333333333334
2021-12-17,Industrials,0.00026916666666666826
2021-12-20,Industrials,0.08448571428571429
2021-12-21,Industrials,0.009267499999999984
2021-12-22,Industrials,0.16665666666666668
2021-12-23,Industrials,0.312
2021-12-27,Industrials,0.029744000000000003
2021-12-28,Industrials,0.25327599999999995
2021-12-29,Industrials,0.012810000000000002
2021-12-30,Industrials,0.0924
2021-12-31,Industrials,0.19813999999999998
2022-01-03,Industrials,0.07914
2022-01-04,Industrials,0.2328466666666667
2022-01-05,Industrials,0.12042
2022-01-06,Industrials,0.06456666666666667
2022-01-07,Industrials,0.013735714285714287
2022-01-10,Industrials,0.046673000000000006
2022-01-11,Industrials,0.17292190476190475
2022-01-12,Industrials,0.09109199999999999
2022-01-13,Industrials,0.2680616666666667
2022-01-14,Industrials,0.0583
2022-01-18,Industrials,0.18807555555555555
2022-01-19,Industrials,0.06640461538461537
2022-01-20,Industrials,0.1268144761904762
2022-01-21,Industrials,0.1907306666666667
2022-01-24,Industrials,0.031394
2022-01-25,Industrials,0.12685552380952383
2022-01-26,Industrials,0.09480551533433887
2022-01-27,Industrials,0.10989898550724637
2022-01-28,Industrials,0.1724
2022-01-31,Industrials,0.17075866666666667
2022-02-01,Industrials,0.25522416666666664
2022-02-02,Industrials,0.06514666666666666
2022-02-03,Industrials,0.09663833333333334
2022-02-04,Industrials,0.14571
2022-02-07,Industrials,0.25928999999999996
2022-02-08,Industrials,0.3018885714285714
2022-02-09,Industrials,0.018113333333333332
2022-02-10,Industrials,0.09966
2022-02-11,Industrials,0.07534199999999999
2022-02-14,Industrials,0.13274666666666662
2022-02-15,Industrials,-0.033003333333333336
2022-02-16,Industrials,0.09820916666666665
2022-02-17,Industrials,0.10113428571428569
2022-02-18,Industrials,0.10085599999999999
2022-02-22,Industrials,-0.09084833333333334
2022-02-23,Industrials,0.07167749999999999
2022-02-24,Industrials,-0.04246
2022-02-25,Industrials,0.003456666666666669
2022-02-28,Industrials,0.06440666666666667
2022-03-01,Industrials,0.136078
2022-03-02,Industrials,0.14143866666666666
2022-03-03,Industrials,0.1319226666666667
2022-03-04,Industrials,0.13806083333333335
2022-03-07,Industrials,0.15086666666666665
2022-03-08,Industrials,0.12966
2022-03-09,Industrials,-0.012369999999999994
2022-03-10,Industrials,0.14657142857142857
2022-03-11,Industrials,-0.0004546666666666699
2022-03-14,Industrials,0.12564999999999998
2022-03-15,Industrials,0.27094999999999997
2022-03-16,Industrials,0.13512333333333335
2022-03-17,Industrials,-0.005950476190476195
2022-03-18,Industrials,0.13901999999999998
2022-03-21,Industrials,-0.010270000000000001
2022-03-22,Industrials,0.0560673333333333
2022-03-23,Industrials,-0.12022
2022-03-24,Industrials,0.034916666666666665
2022-03-25,Industrials,-0.04178
2022-03-28,Industrials,0.20953833333333333
2022-03-29,Industrials,0.190888
2022-03-30,Industrials,0.112066
2022-03-31,Industrials,0.2979488888888889
2022-04-01,Industrials,0.25028666666666666
2022-04-04,Industrials,-0.023163999999999997
2022-04-05,Industrials,0.17024666666666666
2022-04-06,Industrials,0.012123809523809531
2022-04-07,Industrials,0.10959699999999999
2022-04-08,Industrials,0.04245428571428571
2022-04-11,Industrials,0.105515
2022-04-12,Industrials,0.10451999999999999
2022-04-13,Industrials,0.10708266666666666
2022-04-14,Industrials,0.04053999999999999
2022-04-18,Industrials,0.0636
2022-04-19,Industrials,0.10749333333333333
2022-04-20,Industrials,0.118984
2022-04-21,Industrials,0.180855
2022-04-22,Industrials,0.24204499999999998
2022-04-25,Industrials,-0.09324
2022-04-26,Industrials,0.20746571428571428
2022-04-27,Industrials,0.012943350649350645
2022-04-28,Industrials,0.03482318181818182
2022-04-29,Industrials,0.07248714285714285
2022-05-02,Industrials,0.22782333333333332
2022-05-03,Industrials,0.05949533333333333
2022-05-04,Industrials,0.26568
2022-05-05,Industrials,0.1166
2022-05-06,Industrials,0.05740733333333333
2022-05-09,Industrials,0.0895
2022-05-10,Industrials,0.15890049999999997
2022-05-11,Industrials,0.04217333333333332
2022-05-12,Industrials,0.09641952380952382
2022-05-13,Industrials,0.10396666666666665
2022-05-16,Industrials,0.044242
2022-05-17,Industrials,0.210695
2022-05-18,Industrials,0.10123799999999998
2022-05-19,Industrials,0.011505833333333335
2022-05-20,Industrials,0.23044333333333333
2022-05-23,Industrials,0.10282777777777778
2022-05-24,Industrials,0.16652166666666668
2022-05-25,Industrials,0.295884
2022-05-26,Industrials,0.2512493333333333
2022-05-27,Industrials,0.053649999999999996
2022-05-31,Industrials,0.15288666666666667
2022-06-01,Industrials,0.333555
2022-06-02,Industrials,0.2275106666666667
2022-06-03,Industrials,0.038495333333333326
2022-06-06,Industrials,0.10868833333333332
2022-06-07,Industrials,0.08628
2022-06-08,Industrials,0.33882
2022-06-09,Industrials,0.021799999999999993
2022-06-10,Industrials,0.22349033333333335
2022-06-13,Industrials,0.03352
2022-06-14,Industrials,0.023258333333333332
2022-06-15,Industrials,0.1972573333333333
2022-06-16,Industrials,0.16829454545454545
2022-06-17,Industrials,0.07079200000000001
2022-06-21,Industrials,0.20011
2022-06-22,Industrials,0.25261666666666666
2022-06-23,Industrials,-0.05510055555555556
2022-06-24,Industrials,0.13340800000000003
2022-06-27,Industrials,-0.004553333333333331
2022-06-28,Industrials,0.1310414285714286
2022-06-29,Industrials,0.041801428571428566
2022-06-30,Industrials,0.200135
2022-07-01,Industrials,0.2540333333333334
2022-07-05,Industrials,0.044700000000000004
2022-07-06,Industrials,0.12219083333333333
2022-07-07,Industrials,0.15715
2022-07-08,Industrials,0.06171
2022-07-11,Industrials,0.1224
2022-07-12,Industrials,0.14137666666666665
2022-07-13,Industrials,0.047694
2022-07-14,Industrials,0.18142333333333333
2022-07-15,Industrials,0.2009733333333333
2022-07-18,Industrials,-0.017393333333333337
2022-07-19,Industrials,0.10672999999999999
2022-07-20,Industrials,0.13002666666666668
2022-07-21,Industrials,0.1269157142857143
2022-07-22,Industrials,0.017210000000000007
2022-07-25,Industrials,0.048470000000000006
2022-07-26,Industrials,0.02729485714285714
2022-07-27,Industrials,0.12930176587301587
2022-07-28,Industrials,0.0
2022-07-29,Industrials,0.03706190476190476
2022-08-01,Industrials,0.08038
2022-08-02,Industrials,0.165028
2022-08-03,Industrials,0.06032461538461538
2022-08-04,Industrials,0.06720666666666666
2022-08-05,Industrials,0.029599999999999998
2022-08-08,Industrials,0.11191
2022-08-09,Industrials,0.252586
2022-08-10,Industrials,0.02236
2022-08-11,Industrials,0.12373166666666666
2022-08-12,Industrials,0.02197
2022-08-15,Industrials,0.20854666666666666
2022-08-16,Industrials,0.28662
2022-08-17,Industrials,-0.07919999999999999
2022-08-18,Industrials,0.012410000000000001
2022-08-19,Industrials,0.026773333333333336
2022-08-22,Industrials,0.0573
2022-08-23,Industrials,0.1942214285714286
2022-08-24,Industrials,0.1807
2022-08-25,Industrials,0.09179000000000001
2022-08-26,Industrials,0.11196000000000002
2022-08-29,Industrials,-0.026403333333333334
2022-08-30,Industrials,0.03264933333333333
2022-08-31,Industrials,0.160535
2022-09-01,Industrials,0.11222666666666666
2022-09-02,Industrials,0.177052
2022-09-06,Industrials,0.12077666666666667
2022-09-07,Industrials,0.1969783333333333
2022-09-08,Industrials,0.07717
2022-09-09,Industrials,-0.01628999999999998
2022-09-12,Industrials,0.026816666666666666
2022-09-13,Industrials,0.05780300000000001
2022-09-14,Industrials,0.22388
2022-09-15,Industrials,0.08587333333333333
2022-09-16,Industrials,-0.015776666666666668
2022-09-19,Industrials,0.07894470588235293
2022-09-20,Industrials,0.19097238095238098
2022-09-21,Industrials,0.15324
2022-09-22,Industrials,0.0543
2022-09-23,Industrials,-0.02303933333333332
2022-09-26,Industrials,0.05716
2022-09-27,Industrials,0.018930000000000002
2022-09-28,Industrials,0.081235
2022-09-29,Industrials,0.010746666666666673
2022-09-30,Industrials,0.13198000000000001
2022-10-03,Industrials,0.08808
2022-10-04,Industrials,0.167708
2022-10-05,Industrials,0.019189999999999995
2022-10-06,Industrials,0.20737999999999998
2022-10-07,Industrials,0.0856
2022-10-10,Industrials,0.038799999999999994
2022-10-11,Industrials,0.19084
2022-10-12,Industrials,0.17250000000000001
2022-10-13,Industrials,0.25488
2022-10-14,Industrials,0.10632
2022-10-17,Industrials,0.09824
2022-10-18,Industrials,-0.0769
2022-10-19,Industrials,0.09568166666666666
2022-10-20,Industrials,0.011886666666666667
2022-10-21,Industrials,0.19086666666666666
2022-10-24,Industrials,0.09793333333333334
2022-10-25,Industrials,0.12943666666666667
2022-10-26,Industrials,0.03760803418803419
2022-10-27,Industrials,0.03261599999999999
2022-10-28,Industrials,0.3285911111111111
2022-10-31,Industrials,0.17967
2022-11-01,Industrials,0.13211
2022-11-02,Industrials,0.21635999999999997
2022-11-03,Industrials,0.07636
2022-11-04,Industrials,0.036553333333333334
2022-11-07,Industrials,0.18372
2022-11-08,Industrials,0.023160000000000004
2022-11-09,Industrials,0.057589999999999995
2022-11-10,Industrials,0.11978
2022-11-11,Industrials,0.12061999999999999
2022-11-14,Industrials,0.13563333333333333
2022-11-15,Industrials,0.04581666666666666
2022-11-16,Industrials,0.012490000000000001
2022-11-17,Industrials,0.10220333333333334
2022-11-18,Industrials,0.083615
2022-11-21,Industrials,-0.008533333333333334
2022-11-22,Industrials,0.08949666666666667
2022-11-23,Industrials,0.17962866666666666
2022-11-25,Industrials,0.0
2022-11-28,Industrials,0.0
2022-11-29,Industrials,0.04435599999999999
2022-11-30,Industrials,0.17238
2022-12-01,Industrials,0.13133666666666668
2022-12-02,Industrials,0.23220333333333332
2022-12-05,Industrials,-0.043168000000000005
2022-12-06,Industrials,0.10936833333333333
2022-12-07,Industrials,-0.11324666666666668
2022-12-08,Industrials,0.04588
2022-12-09,Industrials,0.13194999999999998
2022-12-12,Industrials,0.20192000000000002
2022-12-13,Industrials,-0.03945333333333333
2022-12-14,Industrials,0.22998666666666664
2022-12-15,Industrials,0.24455999999999997
2022-12-16,Industrials,0.12823800000000002
2022-12-19,Industrials,-0.026444000000000002
2022-12-20,Industrials,0.18181166666666668
2022-12-21,Industrials,0.08720499999999998
2022-12-22,Industrials,0.36391047619047623
2022-12-23,Industrials,0.13660333333333333
2022-12-27,Industrials,0.018090000000000002
2022-12-28,Industrials,0.1262552380952381
2022-12-29,Industrials,0.06881999999999999
2022-12-30,Industrials,0.07889166666666667
2023-01-03,Industrials,0.1682
2023-01-04,Industrials,0.08131
2023-01-05,Industrials,0.08207166666666668
2023-01-06,Industrials,0.12500999999999998
2023-01-09,Industrials,0.038425
2023-01-10,Industrials,0.19139166666666668
2023-01-11,Industrials,0.2166542857142857
2023-01-12,Industrials,0.06334
2023-01-13,Industrials,0.11928833333333336
2023-01-17,Industrials,0.03493466666666667
2023-01-18,Industrials,0.264885
2023-01-19,Industrials,-0.07767
2023-01-20,Industrials,0.08634
2023-01-23,Industrials,0.0020000000000000018
2023-01-24,Industrials,0.1831737142857143
2023-01-25,Industrials,0.05484248484848484
2023-01-26,Industrials,0.07214000000000001
2023-01-27,Industrials,0.051722571428571416
2023-01-30,Industrials,0.05470666666666667
2023-01-31,Industrials,0.012196
2023-02-01,Industrials,0.11332223529411767
2023-02-02,Industrials,0.06411
2023-02-03,Industrials,0.11155000000000001
2023-02-06,Industrials,0.22996
2023-02-07,Industrials,0.06851666666666667
2023-02-08,Industrials,-0.019285000000000004
2023-02-09,Industrials,0.15263333333333332
2023-02-10,Industrials,0.15912533333333334
2023-02-13,Industrials,0.028380000000000006
2023-02-14,Industrials,0.18478333333333335
2023-02-15,Industrials,0.06457199999999999
2023-02-16,Industrials,0.07175000000000001
2023-02-17,Industrials,0.1376716666666667
2023-02-21,Industrials,-0.006146666666666656
2023-02-22,Industrials,0.23930533333333331
2023-02-23,Industrials,0.11186
2023-02-24,Industrials,0.04884666666666666
2023-02-27,Industrials,0.00602
2023-02-28,Industrials,0.08419166666666666
2023-03-01,Industrials,0.135575
2023-03-02,Industrials,0.03307142857142857
2023-03-03,Industrials,0.23328
2023-03-06,Industrials,0.09308999999999998
2023-03-07,Industrials,0.16587333333333332
2023-03-08,Industrials,0.11738333333333333
2023-03-09,Industrials,0.1375066666666667
2023-03-10,Industrials,0.077485
2023-03-13,Industrials,0.13115095238095237
2023-03-14,Industrials,0.16465000000000002
2023-03-15,Industrials,0.15589666666666666
2023-03-16,Industrials,0.06476
2023-03-17,Industrials,0.21319
2023-03-20,Industrials,0.06691333333333334
2023-03-21,Industrials,0.08305666666666665
2023-03-22,Industrials,0.23059000000000002
2023-03-23,Industrials,0.20383
2023-03-24,Industrials,0.09524000000000002
2023-03-27,Industrials,0.07258666666666667
2023-03-28,Industrials,0.15515333333333334
2023-03-29,Industrials,0.04465499999999999
2023-03-30,Industrials,0.045895000000000005
2023-03-31,Industrials,0.20956999999999998
2023-04-03,Industrials,-0.03166666666666666
2023-04-04,Industrials,0.090195
2023-04-05,Industrials,0.08766380952380952
2023-04-06,Industrials,0.03911333333333334
2023-04-10,Industrials,0.06582666666666666
2023-04-11,Industrials,0.162524
2023-04-12,Industrials,-0.04926166666666666
2023-04-13,Industrials,0.08649133333333334
2023-04-14,Industrials,0.20773999999999998
2023-04-17,Industrials,0.17905166666666666
2023-04-18,Industrials,0.128042
2023-04-19,Industrials,0.10234833333333333
2023-04-20,Industrials,0.10991
2023-04-21,Industrials,0.10072400000000001
2023-04-24,Industrials,0.17743599999999998
2023-04-25,Industrials,0.10009583333333334
2023-04-26,Industrials,0.07517518925518925
2023-04-27,Industrials,0.11270517857142859
2023-04-28,Industrials,0.17253666666666664
2023-05-01,Industrials,0.07239166666666666
2023-05-02,Industrials,0.13206916666666668
2023-05-03,Industrials,0.10976
2023-05-04,Industrials,0.10726666666666666
2023-05-05,Industrials,0.3481783333333333
2023-05-08,Industrials,-0.17692000000000002
2023-05-09,Industrials,0.07587333333333333
2023-05-10,Industrials,0.18104333333333336
2023-05-11,Industrials,0.09179000000000001
2023-05-12,Industrials,0.07591333333333333
2023-05-15,Industrials,0.05514
2023-05-16,Industrials,0.15010666666666667
2023-05-17,Industrials,0.04750000000000001
2023-05-18,Industrials,0.08413999999999999
2023-05-19,Industrials,0.026813333333333335
2023-05-22,Industrials,0.07060000000000001
2023-05-23,Industrials,0.1519011904761905
2023-05-24,Industrials,0.08038
2023-05-25,Industrials,0.036937619047619046
2023-05-26,Industrials,0.12738
2023-05-30,Industrials,0.06163
2023-05-31,Industrials,0.07359833333333334
2023-06-01,Industrials,0.06751
2023-06-02,Industrials,0.101396
2023-06-05,Industrials,0.12346392857142856
2023-06-06,Industrials,0.05481657142857142
2023-06-07,Industrials,0.2119666666666667
2023-06-08,Industrials,0.11788666666666665
2023-06-09,Industrials,0.09703333333333333
2023-06-12,Industrials,-0.011733333333333335
2023-06-13,Industrials,0.12042500000000003
2023-06-14,Industrials,0.08228333333333333
2023-06-15,Industrials,0.145614
2023-06-16,Industrials,0.15735333333333335
2023-06-20,Industrials,0.16505
2023-06-21,Industrials,0.1039949090909091
2023-06-22,Industrials,-0.0659215238095238
2023-06-23,Industrials,0.03377
2023-06-26,Industrials,0.057730666666666666
2023-06-27,Industrials,0.14092714285714286
2023-06-28,Industrials,0.02010666666666667
2023-06-29,Industrials,0.05147
2023-06-30,Industrials,0.052669999999999995
2023-07-03,Industrials,0.2130933333333333
2023-07-05,Industrials,0.14804633333333334
2023-07-06,Industrials,0.2510605384615385
2023-07-07,Industrials,0.07499199999999999
2023-07-10,Industrials,-0.025924999999999993
2023-07-11,Industrials,0.06922
2023-07-12,Industrials,0.169696
2023-07-13,Industrials,0.012386666666666667
2023-07-14,Industrials,0.08571000000000001
2023-07-17,Industrials,0.036985000000000004
2023-07-18,Industrials,0.008677
2023-07-19,Industrials,0.22500333333333336
2023-07-20,Industrials,0.23504357142857146
2023-07-21,Industrials,-0.02336999999999999
2023-07-24,Industrials,0.076315
2023-07-25,Industrials,0.21147266666666664
2023-07-26,Industrials,0.02893128856624319
2023-07-27,Industrials,-0.06692583333333332
2023-07-28,Industrials,0.21703733333333336
2023-07-31,Industrials,-0.012196428571428577
2023-08-01,Industrials,0.07875704347826087
2023-08-02,Industrials,0.11657215384615385
2023-08-03,Industrials,0.038819352941176465
2023-08-04,Industrials,0.124376
2023-08-07,Industrials,0.22120666666666663
2023-08-08,Industrials,0.06578333333333333
2023-08-09,Industrials,0.02307875
2023-08-10,Industrials,0.10361333333333334
2023-08-11,Industrials,0.02775333333333333
2023-08-14,Industrials,0.08587399999999999
2023-08-15,Industrials,0.10095999999999998
2023-08-16,Industrials,0.135975
2023-08-17,Industrials,0.23384
2023-08-18,Industrials,0.08004
2023-08-21,Industrials,-0.05657333333333333
2023-08-22,Industrials,0.132396
2023-08-23,Industrials,0.17467166666666667
2023-08-24,Industrials,0.13108333333333333
2023-08-25,Industrials,0.12231499999999998
2023-08-28,Industrials,0.012586000000000005
2023-08-29,Industrials,0.00787921052631579
2023-08-30,Industrials,0.12351761904761904
2023-08-31,Industrials,0.03405400000000001
2023-09-01,Industrials,0.09203333333333333
2023-09-05,Industrials,0.19425833333333334
2023-09-06,Industrials,0.16620933333333335
2023-09-07,Industrials,0.10629
2023-09-08,Industrials,0.20267333333333334
2023-09-11,Industrials,0.05343666666666667
2023-09-12,Industrials,0.131423
2023-09-13,Industrials,0.161054
2023-09-14,Industrials,0.033198285714285715
2023-09-15,Industrials,0.106555
2023-09-18,Industrials,0.13021666666666665
2023-09-19,Industrials,0.13953166666666666
2023-09-20,Industrials,0.12898904761904764
2023-09-21,Industrials,0.05335444444444444
2023-09-22,Industrials,0.17942752380952381
2023-09-25,Industrials,0.2089666666666667
2023-09-26,Industrials,0.14823333333333333
2023-09-27,Industrials,0.13833166666666666
2023-09-28,Industrials,0.23785866666666666
2023-09-29,Industrials,0.03143333333333333
2023-10-02,Industrials,0.12545166666666668
2023-10-03,Industrials,0.17245257142857146
2023-10-04,Industrials,0.129442
2023-10-05,Industrials,0.07482333333333333
2023-10-06,Industrials,0.10799199999999998
2023-10-09,Industrials,0.005290000000000006
2023-10-10,Industrials,-0.02763600000000003
2023-10-11,Industrials,0.11657634920634921
2023-10-12,Industrials,0.20329466666666668
2023-10-13,Industrials,0.15383166666666664
2023-10-16,Industrials,0.08474692307692308
2023-10-17,Industrials,0.09481600000000001
2023-10-18,Industrials,0.05076666666666667
2023-10-19,Industrials,0.05618226190476192
2023-10-20,Industrials,0.12675714285714285
2023-10-23,Industrials,-0.005058000000000007
2023-10-24,Industrials,0.18427
2023-10-25,Industrials,0.283726652173913
2023-10-26,Industrials,0.138005
2023-10-27,Industrials,0.164075873015873
2023-10-30,Industrials,-0.06152666666666666
2023-10-31,Industrials,0.16635141025641026
2023-11-01,Industrials,0.11799523809523808
2023-11-02,Industrials,0.1311
2023-11-03,Industrials,0.23055833333333334
2023-11-06,Industrials,-0.031213333333333333
2023-11-07,Industrials,0.185475
2023-11-08,Industrials,0.05953733333333333
2023-11-09,Industrials,0.15096
2023-11-10,Industrials,0.23571
2023-11-13,Industrials,0.04338500000000001
2023-11-14,Industrials,0.028213333333333333
2023-11-15,Industrials,0.11039099999999999
2023-11-16,Industrials,0.10111238095238095
2023-11-17,Industrials,0.156157
2023-11-20,Industrials,0.22016799999999997
2023-11-21,Industrials,0.07629666666666667
2023-11-22,Industrials,0.08770533333333333
2023-11-24,Industrials,0.1947111904761905
2023-11-27,Industrials,0.17213636363636364
2023-11-28,Industrials,0.038449666666666674
2023-11-29,Industrials,0.0257575
2023-11-30,Industrials,0.11248222222222223
2023-12-01,Industrials,0.16619083333333334
2023-12-04,Industrials,0.038340000000000006
2023-12-05,Industrials,0.16463476190476192
2023-12-06,Industrials,-0.05318999999999998
2023-12-07,Industrials,0.07922066666666668
2023-12-08,Industrials,-0.0036191666666666677
2023-12-11,Industrials,0.0016533333333333335
2023-12-12,Industrials,0.0755235238095238
2023-12-13,Industrials,0.32430666666666663
2023-12-14,Industrials,0.1891727619047619
2023-12-15,Industrials,0.065245
2023-12-18,Industrials,0.10817999999999998
2023-12-19,Industrials,0.26911214285714286
2023-12-20,Industrials,0.0
2023-12-21,Industrials,0.0
2023-12-22,Industrials,0.0
2023-12-26,Industrials,0.0
2023-12-27,Industrials,0.0
2023-12-28,Industrials,0.0
2023-12-29,Industrials,0.0
2020-01-02,Materials,0.0
2020-01-03,Materials,0.11975
2020-01-06,Materials,0.00828
2020-01-07,Materials,-0.010731999999999997
2020-01-08,Materials,0.11954000000000001
2020-01-09,Materials,-0.03328500000000001
2020-01-10,Materials,0.04260666666666667
2020-01-13,Materials,-0.07854000000000001
2020-01-14,Materials,0.23278
2020-01-15,Materials,0.06658
2020-01-16,Materials,0.06612666666666667
2020-01-17,Materials,0.13696000000000003
2020-01-21,Materials,0.18836
2020-01-22,Materials,0.026161999999999998
2020-01-23,Materials,-0.06177999999999999
2020-01-24,Materials,0.07635
2020-01-27,Materials,0.091016
2020-01-28,Materials,-0.002785999999999999
2020-01-29,Materials,0.17942833333333336
2020-01-30,Materials,0.08020571428571428
2020-01-31,Materials,-0.05696815384615385
2020-02-03,Materials,0.010135333333333335
2020-02-04,Materials,0.1700266666666667
2020-02-05,Materials,0.04312
2020-02-06,Materials,-0.034012
2020-02-07,Materials,0.06065222222222222
2020-02-10,Materials,-0.016390000000000002
2020-02-11,Materials,0.23231333333333332
2020-02-12,Materials,0.11121866666666666
2020-02-13,Materials,0.05464
2020-02-14,Materials,0.04426952380952381
2020-02-18,Materials,-0.019575000000000002
2020-02-19,Materials,0.11336222222222223
2020-02-20,Materials,0.05399
2020-02-21,Materials,0.07510363636363636
2020-02-24,Materials,0.10113000000000001
2020-02-25,Materials,0.07214250000000001
2020-02-26,Materials,0.03358333333333333
2020-02-27,Materials,0.04302
2020-02-28,Materials,0.04830999999999999
2020-03-02,Materials,0.07119666666666666
2020-03-03,Materials,0.09138500000000001
2020-03-04,Materials,0.257096
2020-03-05,Materials,0.24809
2020-03-06,Materials,0.04507
2020-03-09,Materials,-0.01767333333333332
2020-03-10,Materials,0.04807366666666667
2020-03-11,Materials,0.046658333333333336
2020-03-12,Materials,0.0603411111111111
2020-03-13,Materials,-0.042182
2020-03-16,Materials,0.06758
2020-03-17,Materials,-0.012642666666666674
2020-03-18,Materials,0.12522166666666668
2020-03-19,Materials,-0.028200000000000003
2020-03-20,Materials,0.11588666666666665
2020-03-23,Materials,0.11066000000000001
2020-03-24,Materials,0.20171
2020-03-25,Materials,0.3733533333333333
2020-03-26,Materials,0.24974
2020-03-27,Materials,0.10618533333333335
2020-03-30,Materials,0.12936999999999999
2020-03-31,Materials,0.049370999999999984
2020-04-01,Materials,0.33361799999999997
2020-04-02,Materials,0.040621333333333336
2020-04-03,Materials,0.047830833333333336
2020-04-06,Materials,0.051539999999999996
2020-04-07,Materials,0.05956
2020-04-08,Materials,0.39931
2020-04-09,Materials,0.17632933333333334
2020-04-13,Materials,0.1414738888888889
2020-04-14,Materials,0.07109880952380952
2020-04-15,Materials,-0.008499999999999999
2020-04-16,Materials,-0.027952142857142852
2020-04-17,Materials,0.08432500000000001
2020-04-20,Materials,0.24861
2020-04-21,Materials,0.21776238095238093
2020-04-22,Materials,-0.007329999999999992
2020-04-23,Materials,0.16682500000000003
2020-04-24,Materials,0.14168228571428573
2020-04-27,Materials,-0.034766666666666675
2020-04-28,Materials,0.2543666666666667
2020-04-29,Materials,0.061656
2020-04-30,Materials,0.31232190476190475
2020-05-01,Materials,0.13508476190476187
2020-05-04,Materials,0.05694833333333334
2020-05-05,Materials,0.05540333333333334
2020-05-06,Materials,0.17501049999999999
2020-05-07,Materials,-0.033316000000000005
2020-05-08,Materials,0.08385600000000001
2020-05-11,Materials,0.08961583333333334
2020-05-12,Materials,0.122512
2020-05-13,Materials,0.036854000000000005
2020-05-14,Materials,0.14236171428571426
2020-05-15,Materials,0.15521000000000001
2020-05-18,Materials,0.1921211111111111
2020-05-19,Materials,0.033271999999999996
2020-05-20,Materials,0.16880666666666666
2020-05-21,Materials,0.05659466666666666
2020-05-22,Materials,0.18125833333333333
2020-05-26,Materials,0.11425999999999999
2020-05-27,Materials,0.021633333333333334
2020-05-28,Materials,0.09932666666666667
2020-05-29,Materials,0.08873
2020-06-01,Materials,0.068088
2020-06-02,Materials,0.05734399999999999
2020-06-03,Materials,0.22743333333333332
2020-06-04,Materials,0.07808666666666667
2020-06-05,Materials,0.21957
2020-06-08,Materials,0.13435999999999998
2020-06-09,Materials,0.17029
2020-06-10,Materials,0.16148
2020-06-11,Materials,0.16962
2020-06-12,Materials,0.10533999999999999
2020-06-15,Materials,0.07726999999999999
2020-06-16,Materials,0.05464
2020-06-17,Materials,0.0
2020-06-18,Materials,-0.12498000000000001
2020-06-19,Materials,0.0
2020-06-22,Materials,-0.04526
2020-06-23,Materials,0.04751999999999999
2020-06-24,Materials,0.03814
2020-06-25,Materials,0.0
2020-06-26,Materials,0.08038
2020-06-29,Materials,0.11148
2020-06-30,Materials,0.04526
2020-07-01,Materials,0.15012
2020-07-02,Materials,0.03558
2020-07-06,Materials,0.0
2020-07-07,Materials,-0.04997
2020-07-08,Materials,-0.00516
2020-07-09,Materials,0.11148
2020-07-10,Materials,0.0
2020-07-13,Materials,0.0
2020-07-14,Materials,0.0
2020-07-15,Materials,0.0
2020-07-16,Materials,0.0
2020-07-17,Materials,0.01544
2020-07-20,Materials,0.00516
2020-07-21,Materials,0.05464
2020-07-22,Materials,0.0
2020-07-23,Materials,0.11717999999999999
2020-07-24,Materials,0.13222399999999998
2020-07-27,Materials,0.12755
2020-07-28,Materials,0.021648
2020-07-29,Materials,0.1217125
2020-07-30,Materials,0.09076
2020-07-31,Materials,0.044289999999999996
2020-08-03,Materials,0.12248
2020-08-04,Materials,0.25258
2020-08-05,Materials,0.11839999999999999
2020-08-06,Materials,0.012629999999999999
2020-08-07,Materials,0.22898000000000002
2020-08-10,Materials,0.0
2020-08-11,Materials,0.1756
2020-08-12,Materials,0.0
2020-08-13,Materials,0.0
2020-08-14,Materials,0.0
2020-08-17,Materials,0.15095999999999998
2020-08-18,Materials,0.18291999999999997
2020-08-19,Materials,0.059199999999999996
2020-08-20,Materials,0.0
2020-08-21,Materials,0.0
2020-08-24,Materials,-0.03062
2020-08-25,Materials,0.15886
2020-08-26,Materials,-0.03558
2020-08-27,Materials,0.059199999999999996
2020-08-28,Materials,-0.01032
2020-08-31,Materials,-0.015086666666666668
2020-09-01,Materials,0.05464
2020-09-02,Materials,0.0
2020-09-03,Materials,-0.004559999999999997
2020-09-04,Materials,0.02294
2020-09-08,Materials,0.023829999999999997
2020-09-09,Materials,0.09878
2020-09-10,Materials,0.0
2020-09-11,Materials,0.06582
2020-09-14,Materials,-0.06364
2020-09-15,Materials,0.016225
2020-09-16,Materials,0.0
2020-09-17,Materials,0.0
2020-09-18,Materials,0.09331500000000001
2020-09-21,Materials,0.0
2020-09-22,Materials,0.15103000000000003
2020-09-23,Materials,0.0
2020-09-24,Materials,-0.00516
2020-09-25,Materials,0.12498000000000001
2020-09-28,Materials,0.0
2020-09-29,Materials,0.0021599999999999953
2020-09-30,Materials,0.0
2020-10-01,Materials,-0.00516
2020-10-02,Materials,0.0
2020-10-05,Materials,0.0
2020-10-06,Materials,0.05571
2020-10-07,Materials,0.0
2020-10-08,Materials,-0.00516
2020-10-09,Materials,0.0
2020-10-12,Materials,0.0
2020-10-13,Materials,0.08653
2020-10-14,Materials,0.00516
2020-10-15,Materials,0.11717999999999999
2020-10-16,Materials,0.11201999999999998
2020-10-19,Materials,0.12469999999999999
2020-10-20,Materials,0.25528
2020-10-21,Materials,0.0
2020-10-22,Materials,0.08621333333333334
2020-10-23,Materials,0.10346333333333332
2020-10-26,Materials,0.04588
2020-10-27,Materials,0.0
2020-10-28,Materials,0.023954999999999997
2020-10-29,Materials,0.0
2020-10-30,Materials,0.079936
2020-11-02,Materials,0.0
2020-11-03,Materials,0.10697999999999999
2020-11-04,Materials,0.09152
2020-11-05,Materials,0.0356
2020-11-06,Materials,0.0
2020-11-09,Materials,0.0886
2020-11-10,Materials,0.0
2020-11-11,Materials,-0.07224
2020-11-12,Materials,0.049333333333333326
2020-11-13,Materials,0.04404
2020-11-16,Materials,0.27964
2020-11-17,Materials,0.14301
2020-11-18,Materials,0.13894
2020-11-19,Materials,0.0
2020-11-20,Materials,0.08252000000000001
2020-11-23,Materials,0.0
2020-11-24,Materials,0.15886
2020-11-25,Materials,0.0843
2020-11-27,Materials,0.10717333333333331
2020-11-30,Materials,0.09176
2020-12-01,Materials,0.04046
2020-12-02,Materials,0.11988000000000001
2020-12-03,Materials,0.08636
2020-12-04,Materials,0.0
2020-12-07,Materials,0.0
2020-12-08,Materials,0.0
2020-12-09,Materials,-0.0033866666666666663
2020-12-10,Materials,0.10802666666666667
2020-12-11,Materials,0.059199999999999996
2020-12-14,Materials,0.0
2020-12-15,Materials,0.0
2020-12-16,Materials,0.02702
2020-12-17,Materials,0.0
2020-12-18,Materials,0.17984
2020-12-21,Materials,0.09179999999999999
2020-12-22,Materials,0.21821000000000002
2020-12-23,Materials,0.0
2020-12-24,Materials,0.0
2020-12-28,Materials,0.0
2020-12-29,Materials,0.06364
2020-12-30,Materials,0.13816
2020-12-31,Materials,0.059199999999999996
2021-01-04,Materials,0.08038
2021-01-05,Materials,0.18195999999999998
2021-01-06,Materials,0.12172000000000001
2021-01-07,Materials,0.0843
2021-01-08,Materials,-0.07248
2021-01-11,Materials,0.06453600000000001
2021-01-12,Materials,0.17145333333333332
2021-01-13,Materials,0.00516
2021-01-14,Materials,0.0
2021-01-15,Materials,0.0
2021-01-19,Materials,0.0
2021-01-20,Materials,-0.17012
2021-01-21,Materials,0.09176
2021-01-22,Materials,0.051019999999999996
2021-01-25,Materials,0.068
2021-01-26,Materials,-0.04976
2021-01-27,Materials,-0.008533333333333334
2021-01-28,Materials,0.0
2021-01-29,Materials,0.1450183333333333
2021-02-01,Materials,0.10533999999999999
2021-02-02,Materials,0.141828
2021-02-03,Materials,-0.00516
2021-02-04,Materials,0.03088
2021-02-05,Materials,0.0
2021-02-08,Materials,-0.0077399999999999995
2021-02-09,Materials,0.08928
2021-02-10,Materials,0.12714999999999999
2021-02-11,Materials,0.04588
2021-02-12,Materials,0.0
2021-02-16,Materials,0.0
2021-02-17,Materials,0.1748
2021-02-18,Materials,-0.03165
2021-02-19,Materials,0.131115
2021-02-22,Materials,0.12050999999999998
2021-02-23,Materials,0.05918000000000001
2021-02-24,Materials,0.0752
2021-02-25,Materials,0.0
2021-02-26,Materials,0.00516
2021-03-01,Materials,0.03818
2021-03-02,Materials,0.002249999999999994
2021-03-03,Materials,0.09176
2021-03-04,Materials,0.0
2021-03-05,Materials,0.059199999999999996
2021-03-08,Materials,0.068
2021-03-09,Materials,0.06430666666666666
2021-03-10,Materials,0.0
2021-03-11,Materials,0.03826
2021-03-12,Materials,0.12827
2021-03-15,Materials,0.05404
2021-03-16,Materials,-0.00516
2021-03-17,Materials,-0.00516
2021-03-18,Materials,0.02732
2021-03-19,Materials,0.0
2021-03-22,Materials,0.11148
2021-03-23,Materials,0.035300000000000005
2021-03-24,Materials,-0.05
2021-03-25,Materials,0.05464
2021-03-26,Materials,0.08049999999999999
2021-03-29,Materials,-0.12728
2021-03-30,Materials,0.0
2021-03-31,Materials,0.0
2021-04-01,Materials,0.059199999999999996
2021-04-05,Materials,-0.00516
2021-04-06,Materials,0.20750000000000002
2021-04-07,Materials,0.03062
2021-04-08,Materials,-0.06364
2021-04-09,Materials,0.13013999999999998
2021-04-12,Materials,0.0
2021-04-13,Materials,0.025460000000000003
2021-04-14,Materials,0.0
2021-04-15,Materials,0.11750000000000001
2021-04-16,Materials,0.0
2021-04-19,Materials,0.0
2021-04-20,Materials,0.18964
2021-04-21,Materials,-0.00516
2021-04-22,Materials,0.19048000000000004
2021-04-23,Materials,0.042165714285714286
2021-04-26,Materials,0.07032
2021-04-27,Materials,0.0
2021-04-28,Materials,0.07098
2021-04-29,Materials,0.11148
2021-04-30,Materials,0.019733333333333332
2021-05-03,Materials,-0.04526
2021-05-04,Materials,0.01958
2021-05-05,Materials,-0.0133275
2021-05-06,Materials,0.17182
2021-05-07,Materials,0.12252999999999999
2021-05-10,Materials,0.0
2021-05-11,Materials,0.14933000000000002
2021-05-12,Materials,0.06808
2021-05-13,Materials,0.09878
2021-05-14,Materials,0.029599999999999998
2021-05-17,Materials,0.05464
2021-05-18,Materials,0.10919599999999999
2021-05-19,Materials,0.06420000000000001
2021-05-20,Materials,-0.0843
2021-05-21,Materials,0.0
2021-05-24,Materials,0.03182
2021-05-25,Materials,0.08449999999999999
2021-05-26,Materials,0.08038
2021-05-27,Materials,0.0
2021-05-28,Materials,0.19722
2021-06-01,Materials,0.10677
2021-06-02,Materials,0.09179999999999999
2021-06-03,Materials,0.0
2021-06-04,Materials,0.15302
2021-06-07,Materials,-0.052669999999999995
2021-06-08,Materials,0.081195
2021-06-09,Materials,0.07455333333333333
2021-06-10,Materials,0.0
2021-06-11,Materials,0.0
2021-06-14,Materials,0.05464
2021-06-15,Materials,0.21574
2021-06-16,Materials,-0.00516
2021-06-17,Materials,0.0
2021-06-18,Materials,0.085488
2021-06-21,Materials,0.08879999999999999
2021-06-22,Materials,0.026973333333333332
2021-06-23,Materials,0.04019
2021-06-24,Materials,0.0
2021-06-25,Materials,0.07894
2021-06-28,Materials,0.028526666666666665
2021-06-29,Materials,0.0
2021-06-30,Materials,0.0
2021-07-01,Materials,0.0
2021-07-02,Materials,0.025460000000000003
2021-07-06,Materials,0.059199999999999996
2021-07-07,Materials,0.053290000000000004
2021-07-08,Materials,0.0
2021-07-09,Materials,-0.0392
2021-07-12,Materials,0.0
2021-07-13,Materials,0.11717999999999999
2021-07-14,Materials,0.0
2021-07-15,Materials,0.0
2021-07-16,Materials,0.07522
2021-07-19,Materials,0.11148
2021-07-20,Materials,-0.013869999999999999
2021-07-21,Materials,0.020660000000000005
2021-07-22,Materials,-0.02032666666666667
2021-07-23,Materials,0.10612000000000002
2021-07-26,Materials,0.09176
2021-07-27,Materials,0.06105000000000001
2021-07-28,Materials,0.10390666666666666
2021-07-29,Materials,0.0
2021-07-30,Materials,0.22942999999999997
2021-08-02,Materials,0.059199999999999996
2021-08-03,Materials,0.0
2021-08-04,Materials,0.11787333333333332
2021-08-05,Materials,-0.00516
2021-08-06,Materials,0.0
2021-08-09,Materials,0.0
2021-08-10,Materials,0.029246666666666664
2021-08-11,Materials,0.01366
2021-08-12,Materials,-0.10459555555555555
2021-08-13,Materials,0.22044000000000002
2021-08-16,Materials,0.09176
2021-08-17,Materials,0.08808
2021-08-18,Materials,0.14350000000000002
2021-08-19,Materials,0.12248
2021-08-20,Materials,-0.01789
2021-08-23,Materials,0.00411999999999999
2021-08-24,Materials,0.09695333333333334
2021-08-25,Materials,0.0
2021-08-26,Materials,-0.00258
2021-08-27,Materials,0.059199999999999996
2021-08-30,Materials,0.09878
2021-08-31,Materials,0.11148
2021-09-01,Materials,0.03443333333333333
2021-09-02,Materials,0.0
2021-09-03,Materials,0.0
2021-09-07,Materials,0.0
2021-09-08,Materials,0.03996
2021-09-09,Materials,-0.10632000000000001
2021-09-10,Materials,0.00935999999999999
2021-09-13,Materials,0.0
2021-09-14,Materials,0.10808333333333331
2021-09-15,Materials,0.0712
2021-09-16,Materials,0.0
2021-09-17,Materials,0.06262
2021-09-20,Materials,0.14599333333333334
2021-09-21,Materials,0.12529666666666667
2021-09-22,Materials,0.0
2021-09-23,Materials,0.06641999999999999
2021-09-24,Materials,0.0
2021-09-27,Materials,-0.00516
2021-09-28,Materials,0.05736
2021-09-29,Materials,0.01544
2021-09-30,Materials,0.0
2021-10-01,Materials,0.1484
2021-10-04,Materials,-0.04526
2021-10-05,Materials,0.0
2021-10-06,Materials,-0.00411999999999999
2021-10-07,Materials,0.0904857142857143
2021-10-08,Materials,0.12248
2021-10-11,Materials,0.148
2021-10-12,Materials,0.19819
2021-10-13,Materials,-0.08074
2021-10-14,Materials,-0.029649999999999992
2021-10-15,Materials,-0.021460000000000007
2021-10-18,Materials,0.059199999999999996
2021-10-19,Materials,0.09878
2021-10-20,Materials,0.0
2021-10-21,Materials,-0.01779
2021-10-22,Materials,0.11930333333333332
2021-10-25,Materials,0.08038
2021-10-26,Materials,0.06971000000000001
2021-10-27,Materials,0.023079999999999996
2021-10-28,Materials,0.10017999999999998
2021-10-29,Materials,0.03922666666666667
2021-11-01,Materials,0.0
2021-11-02,Materials,-0.00516
2021-11-03,Materials,-0.12565727272727273
2021-11-04,Materials,0.0
2021-11-05,Materials,0.0
2021-11-08,Materials,0.03761
2021-11-09,Materials,0.089444
2021-11-10,Materials,0.05464
2021-11-11,Materials,0.07924
2021-11-12,Materials,-0.02263
2021-11-15,Materials,0.11047333333333334
2021-11-16,Materials,0.12498000000000001
2021-11-17,Materials,0.13348000000000002
2021-11-18,Materials,-0.01788
2021-11-19,Materials,0.0
2021-11-22,Materials,0.0
2021-11-23,Materials,0.239775
2021-11-24,Materials,0.051019999999999996
2021-11-26,Materials,0.0
2021-11-29,Materials,0.0
2021-11-30,Materials,-0.0077399999999999995
2021-12-01,Materials,0.07577
2021-12-02,Materials,-0.03996
2021-12-03,Materials,-0.14392666666666667
2021-12-06,Materials,0.0009733333333333335
2021-12-07,Materials,0.12147999999999999
2021-12-08,Materials,0.0
2021-12-09,Materials,0.10212000000000002
2021-12-10,Materials,0.19876999999999997
2021-12-13,Materials,0.068
2021-12-14,Materials,-0.00258
2021-12-15,Materials,0.141985
2021-12-16,Materials,0.19498
2021-12-17,Materials,0.054380000000000005
2021-12-20,Materials,0.0
2021-12-21,Materials,0.02812
2021-12-22,Materials,0.0
2021-12-23,Materials,0.0
2021-12-27,Materials,0.17232
2021-12-28,Materials,0.03558
2021-12-29,Materials,0.193885
2021-12-30,Materials,0.12248
2021-12-31,Materials,0.04019
2022-01-03,Materials,0.0
2022-01-04,Materials,0.08292000000000001
2022-01-05,Materials,-0.00516
2022-01-06,Materials,0.018213333333333335
2022-01-07,Materials,0.13262000000000002
2022-01-10,Materials,0.03302
2022-01-11,Materials,0.13194
2022-01-12,Materials,0.0
2022-01-13,Materials,0.0
2022-01-14,Materials,0.11852666666666667
2022-01-18,Materials,0.10594666666666668
2022-01-19,Materials,0.014041333333333328
2022-01-20,Materials,0.10358666666666665
2022-01-21,Materials,0.027660000000000007
2022-01-24,Materials,0.016493333333333336
2022-01-25,Materials,0.16444619047619047
2022-01-26,Materials,0.10727
2022-01-27,Materials,0.04404
2022-01-28,Materials,0.14792
2022-01-31,Materials,0.0
2022-02-01,Materials,-0.03874
2022-02-02,Materials,0.14609333333333335
2022-02-03,Materials,0.05879000000000001
2022-02-04,Materials,-0.09176
2022-02-07,Materials,0.05574
2022-02-08,Materials,0.06364
2022-02-09,Materials,0.0984381818181818
2022-02-10,Materials,0.07636
2022-02-11,Materials,0.04612
2022-02-14,Materials,0.16572
2022-02-15,Materials,0.068
2022-02-16,Materials,-0.01032
2022-02-17,Materials,-0.021740000000000016
2022-02-18,Materials,0.03302
2022-02-22,Materials,-0.15892
2022-02-23,Materials,0.2334
2022-02-24,Materials,0.1341
2022-02-25,Materials,0.006275
2022-02-28,Materials,-0.00516
2022-03-01,Materials,-0.00516
2022-03-02,Materials,0.10728000000000001
2022-03-03,Materials,0.07606
2022-03-04,Materials,0.0
2022-03-07,Materials,-0.014499999999999994
2022-03-08,Materials,0.09474
2022-03-09,Materials,0.098685
2022-03-10,Materials,0.055900000000000005
2022-03-11,Materials,0.17041
2022-03-14,Materials,0.12578
2022-03-15,Materials,0.05
2022-03-16,Materials,0.11204
2022-03-17,Materials,0.12764999999999999
2022-03-18,Materials,0.014420000000000002
2022-03-21,Materials,0.05304
2022-03-22,Materials,0.11185666666666667
2022-03-23,Materials,0.07398
2022-03-24,Materials,0.0
2022-03-25,Materials,0.06637000000000001
2022-03-28,Materials,0.13361333333333333
2022-03-29,Materials,0.03615333333333333
2022-03-30,Materials,-0.05586
2022-03-31,Materials,0.06284000000000001
2022-04-01,Materials,0.24200999999999998
2022-04-04,Materials,0.19083999999999998
2022-04-05,Materials,0.03075
2022-04-06,Materials,0.15663
2022-04-07,Materials,0.18936666666666666
2022-04-08,Materials,0.06364
2022-04-11,Materials,0.01779
2022-04-12,Materials,0.17226666666666665
2022-04-13,Materials,0.14399699999999999
2022-04-14,Materials,0.26372666666666666
2022-04-18,Materials,0.17682666666666663
2022-04-19,Materials,0.15902500000000003
2022-04-20,Materials,0.04095
2022-04-21,Materials,0.05774066666666666
2022-04-22,Materials,0.10607644444444445
2022-04-25,Materials,0.091872
2022-04-26,Materials,0.2149408333333333
2022-04-27,Materials,0.1094375
2022-04-28,Materials,-0.04526
2022-04-29,Materials,0.04929666666666667
2022-05-02,Materials,0.0
2022-05-03,Materials,0.0
2022-05-04,Materials,-0.0028711111111111107
2022-05-05,Materials,0.08664000000000001
2022-05-06,Materials,0.17634
2022-05-09,Materials,0.047099999999999996
2022-05-10,Materials,0.0
2022-05-11,Materials,0.24576999999999996
2022-05-12,Materials,-0.00516
2022-05-13,Materials,0.26788666666666666
2022-05-16,Materials,0.0699
2022-05-17,Materials,0.01419
2022-05-18,Materials,0.09476000000000001
2022-05-19,Materials,0.059199999999999996
2022-05-20,Materials,0.12421333333333333
2022-05-23,Materials,0.15255999999999997
2022-05-24,Materials,0.19099500000000003
2022-05-25,Materials,-0.06192000000000001
2022-05-26,Materials,0.09712666666666667
2022-05-27,Materials,0.04242
2022-05-31,Materials,-0.07432
2022-06-01,Materials,0.11631
2022-06-02,Materials,0.06687333333333334
2022-06-03,Materials,0.0
2022-06-06,Materials,0.09534000000000001
2022-06-07,Materials,0.053570000000000007
2022-06-08,Materials,0.022640000000000014
2022-06-09,Materials,0.045090000000000005
2022-06-10,Materials,0.004299999999999993
2022-06-13,Materials,-0.11226666666666667
2022-06-14,Materials,0.04888
2022-06-15,Materials,0.17315999999999998
2022-06-16,Materials,0.17382400000000003
2022-06-17,Materials,0.08858
2022-06-21,Materials,0.009589999999999998
2022-06-22,Materials,0.08520000000000001
2022-06-23,Materials,0.07798333333333332
2022-06-24,Materials,0.14324333333333333
2022-06-27,Materials,0.059199999999999996
2022-06-28,Materials,0.22505733333333336
2022-06-29,Materials,0.2653
2022-06-30,Materials,0.03916
2022-07-01,Materials,0.055569999999999994
2022-07-05,Materials,0.13555999999999999
2022-07-06,Materials,0.21036000000000002
2022-07-07,Materials,0.20105999999999996
2022-07-08,Materials,-0.0429
2022-07-11,Materials,0.06597
2022-07-12,Materials,-0.028779999999999993
2022-07-13,Materials,0.0
2022-07-14,Materials,0.03658
2022-07-15,Materials,0.07383666666666666
2022-07-18,Materials,-0.09878
2022-07-19,Materials,0.07398000000000002
2022-07-20,Materials,0.07421999999999998
2022-07-21,Materials,0.034460000000000005
2022-07-22,Materials,0.1291257142857143
2022-07-25,Materials,-0.015229999999999999
2022-07-26,Materials,0.1400472549019608
2022-07-27,Materials,-0.009659999999999998
2022-07-28,Materials,0.08836571428571427
2022-07-29,Materials,0.19213
2022-08-01,Materials,0.0
2022-08-02,Materials,0.0
2022-08-03,Materials,0.06967799999999999
2022-08-04,Materials,0.11983999999999999
2022-08-05,Materials,0.14838
2022-08-08,Materials,0.10533999999999999
2022-08-09,Materials,0.16242
2022-08-10,Materials,0.0
2022-08-11,Materials,0.08038
2022-08-12,Materials,0.0
2022-08-15,Materials,0.0
2022-08-16,Materials,0.03615333333333333
2022-08-17,Materials,0.09532
2022-08-18,Materials,0.11655
2022-08-19,Materials,0.022629999999999997
2022-08-22,Materials,0.0
2022-08-23,Materials,0.07081000000000001
2022-08-24,Materials,0.04342666666666667
2022-08-25,Materials,0.0
2022-08-26,Materials,0.0077399999999999995
2022-08-29,Materials,0.09445
2022-08-30,Materials,0.001809999999999995
2022-08-31,Materials,0.01762
2022-09-01,Materials,0.0077399999999999995
2022-09-02,Materials,0.08595
2022-09-06,Materials,0.08636
2022-09-07,Materials,0.0
2022-09-08,Materials,0.020170000000000004
2022-09-09,Materials,0.14557
2022-09-12,Materials,0.10533999999999999
2022-09-13,Materials,-0.02681
2022-09-14,Materials,0.0256
2022-09-15,Materials,0.10632666666666668
2022-09-16,Materials,0.00968666666666667
2022-09-19,Materials,0.0
2022-09-20,Materials,-0.11249
2022-09-21,Materials,0.0
2022-09-22,Materials,0.05058
2022-09-23,Materials,0.18945666666666666
2022-09-26,Materials,0.14393666666666666
2022-09-27,Materials,0.14447333333333331
2022-09-28,Materials,0.024439999999999996
2022-09-29,Materials,-0.017159999999999995
2022-09-30,Materials,0.0
2022-10-03,Materials,-0.00516
2022-10-04,Materials,0.07099
2022-10-05,Materials,0.153
2022-10-06,Materials,0.10356000000000001
2022-10-07,Materials,-0.13477
2022-10-10,Materials,0.031099999999999996
2022-10-11,Materials,0.26877
2022-10-12,Materials,0.030440000000000002
2022-10-13,Materials,0.068
2022-10-14,Materials,0.022130000000000004
2022-10-17,Materials,0.0
2022-10-18,Materials,-0.04008
2022-10-19,Materials,0.08213999999999999
2022-10-20,Materials,0.0
2022-10-21,Materials,0.14656666666666668
2022-10-24,Materials,0.17958
2022-10-25,Materials,0.14250666666666667
2022-10-26,Materials,0.11032666666666668
2022-10-27,Materials,0.07522
2022-10-28,Materials,0.0778
2022-10-31,Materials,0.0
2022-11-01,Materials,0.05464
2022-11-02,Materials,-0.0732
2022-11-03,Materials,-0.03620666666666667
2022-11-04,Materials,0.07769999999999999
2022-11-07,Materials,0.0
2022-11-08,Materials,0.025460000000000003
2022-11-09,Materials,0.07381142857142857
2022-11-10,Materials,0.0948
2022-11-11,Materials,-0.00516
2022-11-14,Materials,0.07478
2022-11-15,Materials,0.09185000000000001
2022-11-16,Materials,0.22298999999999997
2022-11-17,Materials,0.0
2022-11-18,Materials,0.14192
2022-11-21,Materials,0.20844666666666667
2022-11-22,Materials,0.08584666666666667
2022-11-23,Materials,0.0
2022-11-25,Materials,0.029599999999999998
2022-11-28,Materials,0.0
2022-11-29,Materials,0.03558
2022-11-30,Materials,0.010929999999999999
2022-12-01,Materials,0.29710000000000003
2022-12-02,Materials,0.08606666666666667
2022-12-05,Materials,-0.068
2022-12-06,Materials,0.059199999999999996
2022-12-07,Materials,0.07366666666666667
2022-12-08,Materials,0.0
2022-12-09,Materials,0.068
2022-12-12,Materials,0.062490000000000004
2022-12-13,Materials,-0.07948
2022-12-14,Materials,0.11594
2022-12-15,Materials,0.09532
2022-12-16,Materials,0.02732
2022-12-19,Materials,-0.12498000000000001
2022-12-20,Materials,0.044700000000000004
2022-12-21,Materials,0.17390333333333333
2022-12-22,Materials,0.10696000000000001
2022-12-23,Materials,0.0
2022-12-27,Materials,-0.00516
2022-12-28,Materials,0.17012
2022-12-29,Materials,0.02732
2022-12-30,Materials,0.09295
2023-01-03,Materials,0.0
2023-01-04,Materials,0.09696000000000002
2023-01-05,Materials,0.04404
2023-01-06,Materials,0.12522000000000003
2023-01-09,Materials,-0.00172
2023-01-10,Materials,0.093095
2023-01-11,Materials,0.07636
2023-01-12,Materials,0.19226333333333331
2023-01-13,Materials,0.12391999999999999
2023-01-17,Materials,0.28044
2023-01-18,Materials,0.12643333333333334
2023-01-19,Materials,0.10283499999999998
2023-01-20,Materials,0.12845333333333334
2023-01-23,Materials,0.11008
2023-01-24,Materials,0.048681666666666665
2023-01-25,Materials,0.047165
2023-01-26,Materials,-0.147332
2023-01-27,Materials,0.12018178571428573
2023-01-30,Materials,0.15006999999999998
2023-01-31,Materials,0.12471499999999999
2023-02-01,Materials,0.05384
2023-02-02,Materials,0.0
2023-02-03,Materials,0.023924999999999995
2023-02-06,Materials,0.00033199999999999896
2023-02-07,Materials,0.07214857142857141
2023-02-08,Materials,-0.09189833333333333
2023-02-09,Materials,-0.019519999999999992
2023-02-10,Materials,-0.04826999999999999
2023-02-13,Materials,0.04662
2023-02-14,Materials,0.10311333333333332
2023-02-15,Materials,0.04526
2023-02-16,Materials,0.06776190476190477
2023-02-17,Materials,0.12883
2023-02-21,Materials,-0.004085
2023-02-22,Materials,-0.004730000000000003
2023-02-23,Materials,0.08584
2023-02-24,Materials,0.026488333333333336
2023-02-27,Materials,0.17510333333333333
2023-02-28,Materials,0.2504
2023-03-01,Materials,0.10212000000000002
2023-03-02,Materials,0.07117799999999999
2023-03-03,Materials,-0.036746666666666664
2023-03-06,Materials,0.018300000000000004
2023-03-07,Materials,0.05586
2023-03-08,Materials,0.052669999999999995
2023-03-09,Materials,0.13498666666666667
2023-03-10,Materials,-0.03658
2023-03-13,Materials,0.07668
2023-03-14,Materials,0.15964000000000003
2023-03-15,Materials,0.07667
2023-03-16,Materials,0.1495
2023-03-17,Materials,0.10192666666666668
2023-03-20,Materials,0.03232857142857143
2023-03-21,Materials,0.14053666666666667
2023-03-22,Materials,0.065427
2023-03-23,Materials,0.07820666666666667
2023-03-24,Materials,0.045075
2023-03-27,Materials,0.0
2023-03-28,Materials,0.03786
2023-03-29,Materials,0.14841
2023-03-30,Materials,0.13522666666666666
2023-03-31,Materials,0.13727
2023-04-03,Materials,0.021809999999999975
2023-04-04,Materials,-0.11846999999999999
2023-04-05,Materials,0.06972666666666667
2023-04-06,Materials,0.17963999999999997
2023-04-10,Materials,0.15709
2023-04-11,Materials,0.15984571428571429
2023-04-12,Materials,0.046054285714285714
2023-04-13,Materials,0.04588
2023-04-14,Materials,-0.017570000000000002
2023-04-17,Materials,0.04437
2023-04-18,Materials,0.12894
2023-04-19,Materials,0.13252
2023-04-20,Materials,0.012346666666666669
2023-04-21,Materials,0.17965614285714288
2023-04-24,Materials,0.0842
2023-04-25,Materials,0.06069
2023-04-26,Materials,0.09490476190476191
2023-04-27,Materials,-0.041176000000000004
2023-04-28,Materials,0.08510666666666666
2023-05-01,Materials,0.15958999999999998
2023-05-02,Materials,0.09593
2023-05-03,Materials,0.072992
2023-05-04,Materials,-0.11324000000000001
2023-05-05,Materials,-0.09779000000000002
2023-05-08,Materials,0.0
2023-05-09,Materials,0.126385
2023-05-10,Materials,0.059199999999999996
2023-05-11,Materials,0.04046
2023-05-12,Materials,0.1867366666666667
2023-05-15,Materials,0.09137999999999999
2023-05-16,Materials,0.09845
2023-05-17,Materials,0.09106666666666667
2023-05-18,Materials,0.06649999999999999
2023-05-19,Materials,0.040964999999999994
2023-05-22,Materials,0.026379999999999997
2023-05-23,Materials,0.10072600000000001
2023-05-24,Materials,0.08655199999999999
2023-05-25,Materials,0.02812
2023-05-26,Materials,0.049276
2023-05-30,Materials,0.03775333333333334
2023-05-31,Materials,0.12861466666666668
2023-06-01,Materials,0.10051000000000002
2023-06-02,Materials,-0.011766999999999996
2023-06-05,Materials,0.09754428571428571
2023-06-06,Materials,0.1113
2023-06-07,Materials,0.08532000000000002
2023-06-08,Materials,0.06148
2023-06-09,Materials,0.030080000000000003
2023-06-12,Materials,0.068
2023-06-13,Materials,0.031420000000000003
2023-06-14,Materials,0.2273
2023-06-15,Materials,0.2352
2023-06-16,Materials,0.09162
2023-06-20,Materials,0.14018999999999998
2023-06-21,Materials,0.041490000000000006
2023-06-22,Materials,0.13176000000000002
2023-06-23,Materials,0.045349999999999994
2023-06-26,Materials,0.01366
2023-06-27,Materials,0.028840000000000005
2023-06-28,Materials,0.18184
2023-06-29,Materials,0.18879
2023-06-30,Materials,0.04961333333333334
2023-07-03,Materials,-0.07432
2023-07-05,Materials,0.02266666666666667
2023-07-06,Materials,0.2013466666666667
2023-07-07,Materials,0.07986
2023-07-10,Materials,0.05377200000000001
2023-07-11,Materials,0.20202
2023-07-12,Materials,0.07749
2023-07-13,Materials,0.10139000000000001
2023-07-14,Materials,-0.00258
2023-07-17,Materials,0.0
2023-07-18,Materials,0.02460000000000001
2023-07-19,Materials,0.01256000000000001
2023-07-20,Materials,-0.0129
2023-07-21,Materials,0.11618833333333334
2023-07-24,Materials,-0.017709999999999997
2023-07-25,Materials,0.131385
2023-07-26,Materials,0.12340190476190475
2023-07-27,Materials,0.019242000000000002
2023-07-28,Materials,0.016654999999999996
2023-07-31,Materials,0.05464
2023-08-01,Materials,0.0
2023-08-02,Materials,0.23564
2023-08-03,Materials,0.04902933333333334
2023-08-04,Materials,0.061535000000000006
2023-08-07,Materials,0.0
2023-08-08,Materials,0.03062
2023-08-09,Materials,0.01544
2023-08-10,Materials,0.12584
2023-08-11,Materials,0.09808
2023-08-14,Materials,0.08282666666666666
2023-08-15,Materials,0.16476000000000002
2023-08-16,Materials,0.029339999999999998
2023-08-17,Materials,0.0
2023-08-18,Materials,0.13666499999999998
2023-08-21,Materials,0.06510999999999999
2023-08-22,Materials,0.007364761904761902
2023-08-23,Materials,0.01592666666666667
2023-08-24,Materials,-0.00516
2023-08-25,Materials,0.07636
2023-08-28,Materials,0.18418666666666667
2023-08-29,Materials,0.20564
2023-08-30,Materials,0.0
2023-08-31,Materials,0.20428666666666667
2023-09-01,Materials,0.18373
2023-09-05,Materials,0.2934
2023-09-06,Materials,0.05246000000000001
2023-09-07,Materials,0.12696000000000002
2023-09-08,Materials,0.09138
2023-09-11,Materials,0.12856666666666666
2023-09-12,Materials,0.15818
2023-09-13,Materials,0.04019
2023-09-14,Materials,0.02261
2023-09-15,Materials,0.04975999999999999
2023-09-18,Materials,-0.041995
2023-09-19,Materials,0.086968
2023-09-20,Materials,0.0
2023-09-21,Materials,0.02023
2023-09-22,Materials,0.07265333333333332
2023-09-25,Materials,0.05719
2023-09-26,Materials,0.0007949999999999902
2023-09-27,Materials,0.02474
2023-09-28,Materials,0.14061333333333334
2023-09-29,Materials,0.11465
2023-10-02,Materials,0.0
2023-10-03,Materials,0.18549
2023-10-04,Materials,0.20393142857142857
2023-10-05,Materials,-0.0027933333333333343
2023-10-06,Materials,0.12927333333333332
2023-10-09,Materials,0.087
2023-10-10,Materials,0.0909
2023-10-11,Materials,0.04019
2023-10-12,Materials,0.11669666666666667
2023-10-13,Materials,0.14748999999999998
2023-10-16,Materials,0.16711666666666666
2023-10-17,Materials,0.12672499999999998
2023-10-18,Materials,0.24114999999999998
2023-10-19,Materials,-0.021233333333333337
2023-10-20,Materials,0.08963000000000002
2023-10-23,Materials,-0.12298
2023-10-24,Materials,0.14600444444444444
2023-10-25,Materials,0.13587321428571428
2023-10-26,Materials,0.11454
2023-10-27,Materials,0.13943750000000002
2023-10-30,Materials,0.00258
2023-10-31,Materials,0.25948000000000004
2023-11-01,Materials,0.0
2023-11-02,Materials,0.27058
2023-11-03,Materials,0.10615999999999999
2023-11-06,Materials,0.12298999999999997
2023-11-07,Materials,0.16767
2023-11-08,Materials,0.04757666666666667
2023-11-09,Materials,0.00516
2023-11-10,Materials,-0.00172
2023-11-13,Materials,0.01578000000000001
2023-11-14,Materials,0.18322666666666665
2023-11-15,Materials,0.11362666666666668
2023-11-16,Materials,0.210535
2023-11-17,Materials,0.04019
2023-11-20,Materials,0.25393999999999994
2023-11-21,Materials,0.23647999999999997
2023-11-22,Materials,0.03503
2023-11-24,Materials,0.10771333333333333
2023-11-27,Materials,0.025044999999999994
2023-11-28,Materials,7.000000000000131e-05
2023-11-29,Materials,0.11642666666666668
2023-11-30,Materials,0.10469999999999999
2023-12-01,Materials,0.08038
2023-12-04,Materials,0.11468999999999999
2023-12-05,Materials,0.0
2023-12-06,Materials,-0.00516
2023-12-07,Materials,0.07636
2023-12-08,Materials,-0.00013166666666667438
2023-12-11,Materials,0.17116
2023-12-12,Materials,0.08619666666666667
2023-12-13,Materials,-0.04892
2023-12-14,Materials,0.35674833333333333
2023-12-15,Materials,0.05404
2023-12-18,Materials,-0.05464
2023-12-19,Materials,-0.10235000000000001
2023-12-20,Materials,0.0
2023-12-21,Materials,0.0
2023-12-22,Materials,0.0
2023-12-26,Materials,0.0
2023-12-27,Materials,0.0
2023-12-28,Materials,0.0
2023-12-29,Materials,0.0
2020-01-02,RealEstate,0.0
2020-01-03,RealEstate,0.06461
2020-01-06,RealEstate,-0.026273333333333336
2020-01-07,RealEstate,0.056979999999999996
2020-01-08,RealEstate,0.14192
2020-01-09,RealEstate,-0.040319999999999995
2020-01-10,RealEstate,0.0
2020-01-13,RealEstate,-0.07638000000000002
2020-01-14,RealEstate,0.0845
2020-01-15,RealEstate,0.029599999999999998
2020-01-16,RealEstate,0.06466000000000001
2020-01-17,RealEstate,0.1486
2020-01-21,RealEstate,0.12602
2020-01-22,RealEstate,0.14468666666666669
2020-01-23,RealEstate,0.041925000000000004
2020-01-24,RealEstate,0.18921000000000002
2020-01-27,RealEstate,0.03612
2020-01-28,RealEstate,0.06907333333333335
2020-01-29,RealEstate,0.13943
2020-01-30,RealEstate,0.10136
2020-01-31,RealEstate,0.10962000000000001
2020-02-03,RealEstate,0.1909
2020-02-04,RealEstate,0.034
2020-02-05,RealEstate,0.09269999999999999
2020-02-06,RealEstate,0.0
2020-02-07,RealEstate,0.24698000000000003
2020-02-10,RealEstate,0.00516
2020-02-11,RealEstate,0.10164000000000002
2020-02-12,RealEstate,0.10387333333333333
2020-02-13,RealEstate,0.20427333333333336
2020-02-14,RealEstate,0.138694
2020-02-18,RealEstate,0.18140799999999999
2020-02-19,RealEstate,0.10431333333333333
2020-02-20,RealEstate,0.12097
2020-02-21,RealEstate,0.102046
2020-02-24,RealEstate,0.11026
2020-02-25,RealEstate,0.05206500000000001
2020-02-26,RealEstate,0.030960714285714286
2020-02-27,RealEstate,0.008613999999999991
2020-02-28,RealEstate,0.10692466666666667
2020-03-02,RealEstate,-0.022099444444444442
2020-03-03,RealEstate,0.144296
2020-03-04,RealEstate,0.133235
2020-03-05,RealEstate,0.31123
2020-03-06,RealEstate,0.26086
2020-03-09,RealEstate,0.06611
2020-03-10,RealEstate,0.12085666666666668
2020-03-11,RealEstate,0.07974
2020-03-12,RealEstate,0.3028
2020-03-13,RealEstate,0.03025
2020-03-16,RealEstate,0.13887999999999998
2020-03-17,RealEstate,0.08457083333333333
2020-03-18,RealEstate,0.09998
2020-03-19,RealEstate,0.06067999999999999
2020-03-20,RealEstate,0.14898
2020-03-23,RealEstate,0.07618499999999999
2020-03-24,RealEstate,0.04189
2020-03-25,RealEstate,0.159825
2020-03-26,RealEstate,0.17972000000000002
2020-03-27,RealEstate,0.38709666666666664
2020-03-30,RealEstate,0.38852000000000003
2020-03-31,RealEstate,0.26586499999999996
2020-04-01,RealEstate,-0.10977
2020-04-02,RealEstate,-0.04217999999999998
2020-04-03,RealEstate,0.07127
2020-04-06,RealEstate,0.10751
2020-04-07,RealEstate,0.08108666666666667
2020-04-08,RealEstate,0.10429
2020-04-09,RealEstate,0.48799000000000003
2020-04-13,RealEstate,0.25810071428571424
2020-04-14,RealEstate,-0.024593333333333335
2020-04-15,RealEstate,0.3784133333333333
2020-04-16,RealEstate,-0.161365
2020-04-17,RealEstate,-0.02732
2020-04-20,RealEstate,0.34831333333333336
2020-04-21,RealEstate,0.04356
2020-04-22,RealEstate,0.07285000000000001
2020-04-23,RealEstate,0.168015
2020-04-24,RealEstate,0.12498000000000001
2020-04-27,RealEstate,0.07698
2020-04-28,RealEstate,0.11143666666666667
2020-04-29,RealEstate,-0.002242500000000014
2020-04-30,RealEstate,0.06557272727272727
2020-05-01,RealEstate,0.0482
2020-05-04,RealEstate,0.26070400000000005
2020-05-05,RealEstate,0.20384666666666668
2020-05-06,RealEstate,0.01577333333333333
2020-05-07,RealEstate,0.007700000000000001
2020-05-08,RealEstate,0.199192
2020-05-11,RealEstate,0.17351999999999998
2020-05-12,RealEstate,0.024915
2020-05-13,RealEstate,0.09004999999999999
2020-05-14,RealEstate,-0.13818999999999998
2020-05-15,RealEstate,0.16292666666666664
2020-05-18,RealEstate,0.02195
2020-05-19,RealEstate,0.11851333333333333
2020-05-20,RealEstate,0.37207999999999997
2020-05-21,RealEstate,0.09209
2020-05-22,RealEstate,0.00516
2020-05-26,RealEstate,0.0103
2020-05-27,RealEstate,0.24314
2020-05-28,RealEstate,0.17378
2020-05-29,RealEstate,0.20977
2020-06-01,RealEstate,0.025509999999999998
2020-06-02,RealEstate,0.07637999999999999
2020-06-03,RealEstate,0.08635499999999999
2020-06-04,RealEstate,0.00516
2020-06-05,RealEstate,0.12476000000000001
2020-06-08,RealEstate,0.0
2020-06-09,RealEstate,0.12752000000000002
2020-06-10,RealEstate,0.012879999999999999
2020-06-11,RealEstate,0.07510666666666667
2020-06-12,RealEstate,-0.00275
2020-06-15,RealEstate,0.09886999999999999
2020-06-16,RealEstate,0.03818
2020-06-17,RealEstate,0.10208999999999999
2020-06-18,RealEstate,-0.014409999999999996
2020-06-19,RealEstate,0.22898000000000002
2020-06-22,RealEstate,0.0
2020-06-23,RealEstate,0.0
2020-06-24,RealEstate,0.0
2020-06-25,RealEstate,-0.02054
2020-06-26,RealEstate,0.0
2020-06-29,RealEstate,0.0064
2020-06-30,RealEstate,-0.00516
2020-07-01,RealEstate,0.14436
2020-07-02,RealEstate,0.0
2020-07-06,RealEstate,0.03816
2020-07-07,RealEstate,-0.0688
2020-07-08,RealEstate,0.11578
2020-07-09,RealEstate,-0.11988000000000001
2020-07-10,RealEstate,0.0
2020-07-13,RealEstate,0.01544
2020-07-14,RealEstate,-0.01032
2020-07-15,RealEstate,0.059199999999999996
2020-07-16,RealEstate,0.038169999999999996
2020-07-17,RealEstate,0.0
2020-07-20,RealEstate,0.0
2020-07-21,RealEstate,-0.00516
2020-07-22,RealEstate,0.035831999999999996
2020-07-23,RealEstate,0.04364
2020-07-24,RealEstate,0.05404
2020-07-27,RealEstate,0.0
2020-07-28,RealEstate,0.12082000000000001
2020-07-29,RealEstate,0.0
2020-07-30,RealEstate,0.13396
2020-07-31,RealEstate,-0.06547
2020-08-03,RealEstate,0.11717999999999999
2020-08-04,RealEstate,0.12476000000000001
2020-08-05,RealEstate,-0.05736
2020-08-06,RealEstate,0.08353
2020-08-07,RealEstate,-0.00516
2020-08-10,RealEstate,0.31697
2020-08-11,RealEstate,-0.00516
2020-08-12,RealEstate,0.11988000000000001
2020-08-13,RealEstate,0.0
2020-08-14,RealEstate,-0.0019099999999999998
2020-08-17,RealEstate,0.08038
2020-08-18,RealEstate,0.12248
2020-08-19,RealEstate,0.11355
2020-08-20,RealEstate,0.05404
2020-08-21,RealEstate,0.0
2020-08-24,RealEstate,0.03240666666666667
2020-08-25,RealEstate,0.08982
2020-08-26,RealEstate,0.10212000000000002
2020-08-27,RealEstate,0.18314
2020-08-28,RealEstate,0.21817999999999999
2020-08-31,RealEstate,0.00516
2020-09-01,RealEstate,0.2693
2020-09-02,RealEstate,0.07837
2020-09-03,RealEstate,0.0
2020-09-04,RealEstate,0.09176
2020-09-08,RealEstate,0.09834666666666667
2020-09-09,RealEstate,0.0492
2020-09-10,RealEstate,-0.12248
2020-09-11,RealEstate,0.0
2020-09-14,RealEstate,0.0
2020-09-15,RealEstate,0.10466
2020-09-16,RealEstate,0.02776666666666667
2020-09-17,RealEstate,-0.01032
2020-09-18,RealEstate,-0.06784000000000001
2020-09-21,RealEstate,0.12630000000000002
2020-09-22,RealEstate,0.0
2020-09-23,RealEstate,0.07224
2020-09-24,RealEstate,0.0
2020-09-25,RealEstate,0.0
2020-09-28,RealEstate,0.0
2020-09-29,RealEstate,0.10329999999999999
2020-09-30,RealEstate,0.00516
2020-10-01,RealEstate,0.07636
2020-10-02,RealEstate,0.0
2020-10-05,RealEstate,0.0
2020-10-06,RealEstate,0.17801999999999998
2020-10-07,RealEstate,0.0843
2020-10-08,RealEstate,0.0
2020-10-09,RealEstate,0.0
2020-10-12,RealEstate,0.0
2020-10-13,RealEstate,0.0
2020-10-14,RealEstate,0.0
2020-10-15,RealEstate,0.07066
2020-10-16,RealEstate,0.0
2020-10-19,RealEstate,0.0
2020-10-20,RealEstate,0.0
2020-10-21,RealEstate,0.17731999999999998
2020-10-22,RealEstate,0.02732
2020-10-23,RealEstate,-0.11717999999999999
2020-10-26,RealEstate,0.059199999999999996
2020-10-27,RealEstate,0.21944000000000002
2020-10-28,RealEstate,0.0
2020-10-29,RealEstate,0.09152
2020-10-30,RealEstate,0.00516
2020-11-02,RealEstate,0.0
2020-11-03,RealEstate,0.06947
2020-11-04,RealEstate,0.00516
2020-11-05,RealEstate,0.00516
2020-11-06,RealEstate,0.020293333333333333
2020-11-09,RealEstate,0.09478
2020-11-10,RealEstate,0.1492
2020-11-11,RealEstate,0.0
2020-11-12,RealEstate,0.09557
2020-11-13,RealEstate,0.0
2020-11-16,RealEstate,0.1105
2020-11-17,RealEstate,0.0
2020-11-18,RealEstate,0.0
2020-11-19,RealEstate,0.09176
2020-11-20,RealEstate,0.0
2020-11-23,RealEstate,0.0
2020-11-24,RealEstate,0.05464
2020-11-25,RealEstate,0.09670999999999999
2020-11-27,RealEstate,0.0
2020-11-30,RealEstate,0.06606000000000001
2020-12-01,RealEstate,0.17722
2020-12-02,RealEstate,0.06364
2020-12-03,RealEstate,0.03761
2020-12-04,RealEstate,0.20356000000000002
2020-12-07,RealEstate,0.059199999999999996
2020-12-08,RealEstate,0.13816
2020-12-09,RealEstate,0.0
2020-12-10,RealEstate,0.058440000000000006
2020-12-11,RealEstate,0.0
2020-12-14,RealEstate,0.0
2020-12-15,RealEstate,0.0194
2020-12-16,RealEstate,0.15202
2020-12-17,RealEstate,0.16626
2020-12-18,RealEstate,0.00516
2020-12-21,RealEstate,0.04698
2020-12-22,RealEstate,0.029599999999999998
2020-12-23,RealEstate,0.0
2020-12-24,RealEstate,0.00516
2020-12-28,RealEstate,0.12498000000000001
2020-12-29,RealEstate,-0.02054
2020-12-30,RealEstate,-0.00516
2020-12-31,RealEstate,0.01032
2021-01-04,RealEstate,0.06774666666666666
2021-01-05,RealEstate,0.05464
2021-01-06,RealEstate,0.13402
2021-01-07,RealEstate,0.03818
2021-01-08,RealEstate,0.0
2021-01-11,RealEstate,0.05464
2021-01-12,RealEstate,0.20812
2021-01-13,RealEstate,0.016113333333333334
2021-01-14,RealEstate,0.12011333333333332
2021-01-15,RealEstate,-0.00516
2021-01-19,RealEstate,0.26354
2021-01-20,RealEstate,0.07522
2021-01-21,RealEstate,0.0025499999999999967
2021-01-22,RealEstate,0.0
2021-01-25,RealEstate,0.0
2021-01-26,RealEstate,0.12611999999999998
2021-01-27,RealEstate,0.015633333333333336
2021-01-28,RealEstate,0.16271999999999998
2021-01-29,RealEstate,0.00516
2021-02-01,RealEstate,0.05887
2021-02-02,RealEstate,0.11982
2021-02-03,RealEstate,0.10706
2021-02-04,RealEstate,0.1127
2021-02-05,RealEstate,0.03088
2021-02-08,RealEstate,0.07096
2021-02-09,RealEstate,0.25153
2021-02-10,RealEstate,-0.00516
2021-02-11,RealEstate,0.0
2021-02-12,RealEstate,0.09176
2021-02-16,RealEstate,0.46466
2021-02-17,RealEstate,0.10056000000000001
2021-02-18,RealEstate,0.00516
2021-02-19,RealEstate,0.0
2021-02-22,RealEstate,0.14453999999999997
2021-02-23,RealEstate,0.0843
2021-02-24,RealEstate,0.1105
2021-02-25,RealEstate,0.10132666666666665
2021-02-26,RealEstate,0.038627999999999996
2021-03-01,RealEstate,0.07034
2021-03-02,RealEstate,0.42704000000000003
2021-03-03,RealEstate,0.00516
2021-03-04,RealEstate,0.00172
2021-03-05,RealEstate,0.11148
2021-03-08,RealEstate,0.059199999999999996
2021-03-09,RealEstate,0.24900000000000003
2021-03-10,RealEstate,0.0
2021-03-11,RealEstate,0.03558
2021-03-12,RealEstate,0.0
2021-03-15,RealEstate,0.12469999999999999
2021-03-16,RealEstate,0.33089999999999997
2021-03-17,RealEstate,0.037206666666666666
2021-03-18,RealEstate,-0.00769
2021-03-19,RealEstate,0.27253999999999995
2021-03-22,RealEstate,0.0
2021-03-23,RealEstate,0.0
2021-03-24,RealEstate,0.00516
2021-03-25,RealEstate,0.0
2021-03-26,RealEstate,0.14009999999999997
2021-03-29,RealEstate,0.0
2021-03-30,RealEstate,0.08805
2021-03-31,RealEstate,0.14884000000000003
2021-04-01,RealEstate,0.0
2021-04-05,RealEstate,-0.05884
2021-04-06,RealEstate,-0.04327333333333334
2021-04-07,RealEstate,0.09534000000000001
2021-04-08,RealEstate,0.0843
2021-04-09,RealEstate,0.0
2021-04-12,RealEstate,0.0
2021-04-13,RealEstate,0.2412
2021-04-14,RealEstate,-0.00516
2021-04-15,RealEstate,0.059199999999999996
2021-04-16,RealEstate,0.09176
2021-04-19,RealEstate,0.0
2021-04-20,RealEstate,0.034025
2021-04-21,RealEstate,0.0
2021-04-22,RealEstate,0.03503
2021-04-23,RealEstate,0.0843
2021-04-26,RealEstate,0.15928
2021-04-27,RealEstate,0.08843999999999999
2021-04-28,RealEstate,0.0
2021-04-29,RealEstate,0.16536
2021-04-30,RealEstate,0.14645999999999998
2021-05-03,RealEstate,0.24721333333333334
2021-05-04,RealEstate,0.22847
2021-05-05,RealEstate,0.0
2021-05-06,RealEstate,0.00258
2021-05-07,RealEstate,-0.0121
2021-05-10,RealEstate,0.0
2021-05-11,RealEstate,0.0
2021-05-12,RealEstate,0.07636
2021-05-13,RealEstate,0.15674
2021-05-14,RealEstate,0.0
2021-05-17,RealEstate,0.0
2021-05-18,RealEstate,-0.00516
2021-05-19,RealEstate,0.0
2021-05-20,RealEstate,0.059199999999999996
2021-05-21,RealEstate,0.0
2021-05-24,RealEstate,0.0
2021-05-25,RealEstate,0.07586
2021-05-26,RealEstate,0.27938
2021-05-27,RealEstate,0.059199999999999996
2021-05-28,RealEstate,-0.00769
2021-06-01,RealEstate,0.19926
2021-06-02,RealEstate,0.11353999999999997
2021-06-03,RealEstate,0.14192
2021-06-04,RealEstate,0.11635999999999999
2021-06-07,RealEstate,0.059199999999999996
2021-06-08,RealEstate,0.09209
2021-06-09,RealEstate,0.0
2021-06-10,RealEstate,0.00516
2021-06-11,RealEstate,0.16962
2021-06-14,RealEstate,0.0
2021-06-15,RealEstate,-0.01544
2021-06-16,RealEstate,-0.059199999999999996
2021-06-17,RealEstate,0.13813333333333333
2021-06-18,RealEstate,0.13194
2021-06-21,RealEstate,0.1068
2021-06-22,RealEstate,0.0
2021-06-23,RealEstate,0.01544
2021-06-24,RealEstate,0.0
2021-06-25,RealEstate,-0.09098
2021-06-28,RealEstate,0.07506
2021-06-29,RealEstate,0.01754
2021-06-30,RealEstate,0.00516
2021-07-01,RealEstate,0.03182
2021-07-02,RealEstate,0.29494000000000004
2021-07-06,RealEstate,0.24758
2021-07-07,RealEstate,0.17759999999999998
2021-07-08,RealEstate,0.25488
2021-07-09,RealEstate,0.0
2021-07-12,RealEstate,-0.02474
2021-07-13,RealEstate,0.00516
2021-07-14,RealEstate,-0.00516
2021-07-15,RealEstate,0.07364
2021-07-16,RealEstate,0.00516
2021-07-19,RealEstate,0.0
2021-07-20,RealEstate,0.0017399999999999972
2021-07-21,RealEstate,0.0
2021-07-22,RealEstate,0.0
2021-07-23,RealEstate,0.059199999999999996
2021-07-26,RealEstate,0.0
2021-07-27,RealEstate,0.09694
2021-07-28,RealEstate,0.0
2021-07-29,RealEstate,0.11726
2021-07-30,RealEstate,-0.03604666666666668
2021-08-02,RealEstate,0.0
2021-08-03,RealEstate,0.059823333333333326
2021-08-04,RealEstate,0.06117
2021-08-05,RealEstate,0.0
2021-08-06,RealEstate,0.0
2021-08-09,RealEstate,0.12222
2021-08-10,RealEstate,-0.00547
2021-08-11,RealEstate,0.21936
2021-08-12,RealEstate,0.17572000000000002
2021-08-13,RealEstate,0.06364
2021-08-16,RealEstate,0.0
2021-08-17,RealEstate,0.08984
2021-08-18,RealEstate,0.059199999999999996
2021-08-19,RealEstate,0.32913000000000003
2021-08-20,RealEstate,0.10212000000000002
2021-08-23,RealEstate,0.06364
2021-08-24,RealEstate,-0.02054
2021-08-25,RealEstate,0.10212000000000002
2021-08-26,RealEstate,0.08424000000000001
2021-08-27,RealEstate,0.0
2021-08-30,RealEstate,0.04662
2021-08-31,RealEstate,-0.0024066666666666637
2021-09-01,RealEstate,0.06436
2021-09-02,RealEstate,0.14006000000000002
2021-09-03,RealEstate,0.0
2021-09-07,RealEstate,0.01544
2021-09-08,RealEstate,0.12954333333333334
2021-09-09,RealEstate,0.09437
2021-09-10,RealEstate,0.02054
2021-09-13,RealEstate,0.10369333333333333
2021-09-14,RealEstate,0.02702
2021-09-15,RealEstate,0.23288000000000003
2021-09-16,RealEstate,0.059199999999999996
2021-09-17,RealEstate,0.06539999999999999
2021-09-20,RealEstate,0.0765
2021-09-21,RealEstate,0.07676999999999999
2021-09-22,RealEstate,0.0636
2021-09-23,RealEstate,0.05079
2021-09-24,RealEstate,0.0
2021-09-27,RealEstate,0.0
2021-09-28,RealEstate,0.14004
2021-09-29,RealEstate,0.10533999999999999
2021-09-30,RealEstate,0.00258
2021-10-01,RealEstate,0.11596
2021-10-04,RealEstate,0.0
2021-10-05,RealEstate,0.0
2021-10-06,RealEstate,0.05464
2021-10-07,RealEstate,0.15272
2021-10-08,RealEstate,0.0
2021-10-11,RealEstate,0.22648000000000001
2021-10-12,RealEstate,0.1146
2021-10-13,RealEstate,-0.00516
2021-10-14,RealEstate,0.22109
2021-10-15,RealEstate,0.08231
2021-10-18,RealEstate,0.1303
2021-10-19,RealEstate,0.05464
2021-10-20,RealEstate,0.11717999999999999
2021-10-21,RealEstate,0.04526
2021-10-22,RealEstate,0.14042000000000002
2021-10-25,RealEstate,0.16040000000000001
2021-10-26,RealEstate,0.0433
2021-10-27,RealEstate,0.1775
2021-10-28,RealEstate,0.06069
2021-10-29,RealEstate,0.12258499999999999
2021-11-01,RealEstate,0.16539333333333334
2021-11-02,RealEstate,0.040106666666666665
2021-11-03,RealEstate,0.02024666666666667
2021-11-04,RealEstate,0.00258
2021-11-05,RealEstate,0.07069333333333333
2021-11-08,RealEstate,0.0
2021-11-09,RealEstate,0.0022200000000000006
2021-11-10,RealEstate,0.12902999999999998
2021-11-11,RealEstate,0.0
2021-11-12,RealEstate,0.26409
2021-11-15,RealEstate,0.12498000000000001
2021-11-16,RealEstate,0.08246
2021-11-17,RealEstate,-0.00258
2021-11-18,RealEstate,0.042115
2021-11-19,RealEstate,0.32433000000000006
2021-11-22,RealEstate,0.0
2021-11-23,RealEstate,0.29603999999999997
2021-11-24,RealEstate,0.0
2021-11-26,RealEstate,0.06364
2021-11-29,RealEstate,0.06765
2021-11-30,RealEstate,0.04682
2021-12-01,RealEstate,0.12222
2021-12-02,RealEstate,0.1464
2021-12-03,RealEstate,0.20153333333333334
2021-12-06,RealEstate,-0.08165999999999998
2021-12-07,RealEstate,0.00991
2021-12-08,RealEstate,-0.0129
2021-12-09,RealEstate,0.021719999999999996
2021-12-10,RealEstate,0.13194
2021-12-13,RealEstate,0.1496
2021-12-14,RealEstate,0.013486666666666666
2021-12-15,RealEstate,0.30655
2021-12-16,RealEstate,0.08895
2021-12-17,RealEstate,0.10228999999999999
2021-12-20,RealEstate,0.04403999999999999
2021-12-21,RealEstate,0.06569
2021-12-22,RealEstate,0.30322
2021-12-23,RealEstate,-0.011890000000000001
2021-12-27,RealEstate,0.05464
2021-12-28,RealEstate,0.05107999999999999
2021-12-29,RealEstate,0.04046
2021-12-30,RealEstate,0.11787
2021-12-31,RealEstate,0.13935
2022-01-03,RealEstate,0.018379999999999997
2022-01-04,RealEstate,0.06124
2022-01-05,RealEstate,0.13535999999999998
2022-01-06,RealEstate,0.1199
2022-01-07,RealEstate,0.16621000000000002
2022-01-10,RealEstate,0.04948
2022-01-11,RealEstate,0.1486
2022-01-12,RealEstate,-0.09163000000000002
2022-01-13,RealEstate,-0.035385
2022-01-14,RealEstate,0.068
2022-01-18,RealEstate,0.07899
2022-01-19,RealEstate,-0.02828
2022-01-20,RealEstate,0.21895000000000003
2022-01-21,RealEstate,0.30212000000000006
2022-01-24,RealEstate,0.22639
2022-01-25,RealEstate,0.19355833333333333
2022-01-26,RealEstate,0.21086999999999997
2022-01-27,RealEstate,0.0328
2022-01-28,RealEstate,0.35057
2022-01-31,RealEstate,-0.00343
2022-02-01,RealEstate,0.46719999999999995
2022-02-02,RealEstate,0.05574
2022-02-03,RealEstate,0.12764333333333336
2022-02-04,RealEstate,0.06999999999999999
2022-02-07,RealEstate,0.0
2022-02-08,RealEstate,0.08951
2022-02-09,RealEstate,0.13378
2022-02-10,RealEstate,0.08351
2022-02-11,RealEstate,0.19304000000000002
2022-02-14,RealEstate,-0.00258
2022-02-15,RealEstate,0.36496
2022-02-16,RealEstate,0.15666
2022-02-17,RealEstate,0.28845
2022-02-18,RealEstate,0.029200000000000004
2022-02-22,RealEstate,-0.020470000000000002
2022-02-23,RealEstate,0.24357299999999998
2022-02-24,RealEstate,0.08563000000000001
2022-02-25,RealEstate,0.22308000000000003
2022-02-28,RealEstate,0.22742666666666667
2022-03-01,RealEstate,0.00553
2022-03-02,RealEstate,0.02462
2022-03-03,RealEstate,0.07370999999999998
2022-03-04,RealEstate,0.21683499999999997
2022-03-07,RealEstate,0.23690333333333333
2022-03-08,RealEstate,0.11433333333333333
2022-03-09,RealEstate,0.06708
2022-03-10,RealEstate,0.020780000000000003
2022-03-11,RealEstate,0.021960000000000004
2022-03-14,RealEstate,0.14266
2022-03-15,RealEstate,0.11068
2022-03-16,RealEstate,0.29330666666666666
2022-03-17,RealEstate,0.13126666666666667
2022-03-18,RealEstate,0.0
2022-03-21,RealEstate,0.09609999999999999
2022-03-22,RealEstate,0.10969333333333334
2022-03-23,RealEstate,0.029920000000000002
2022-03-24,RealEstate,0.08808
2022-03-25,RealEstate,0.05782
2022-03-28,RealEstate,0.14801
2022-03-29,RealEstate,0.040255000000000006
2022-03-30,RealEstate,0.17305333333333334
2022-03-31,RealEstate,0.26908000000000004
2022-04-01,RealEstate,-0.04756
2022-04-04,RealEstate,0.17481
2022-04-05,RealEstate,0.104155
2022-04-06,RealEstate,0.11061066666666666
2022-04-07,RealEstate,0.10770666666666666
2022-04-08,RealEstate,0.14384000000000002
2022-04-11,RealEstate,0.04888
2022-04-12,RealEstate,0.05292333333333332
2022-04-13,RealEstate,0.29969999999999997
2022-04-14,RealEstate,0.037913333333333334
2022-04-18,RealEstate,0.1966533333333333
2022-04-19,RealEstate,0.05344
2022-04-20,RealEstate,0.02270000000000001
2022-04-21,RealEstate,-0.06838000000000001
2022-04-22,RealEstate,0.029505000000000014
2022-04-25,RealEstate,0.037880000000000004
2022-04-26,RealEstate,0.14220666666666668
2022-04-27,RealEstate,-0.00258
2022-04-28,RealEstate,0.10011833333333334
2022-04-29,RealEstate,0.12458
2022-05-02,RealEstate,0.14594000000000001
2022-05-03,RealEstate,0.1486
2022-05-04,RealEstate,0.0719
2022-05-05,RealEstate,0.019396666666666663
2022-05-06,RealEstate,0.02507333333333333
2022-05-09,RealEstate,0.049319999999999996
2022-05-10,RealEstate,0.14069000000000004
2022-05-11,RealEstate,0.1648
2022-05-12,RealEstate,0.03851
2022-05-13,RealEstate,0.20340666666666668
2022-05-16,RealEstate,0.18071
2022-05-17,RealEstate,0.09672333333333334
2022-05-18,RealEstate,0.3003033333333333
2022-05-19,RealEstate,0.06172999999999999
2022-05-20,RealEstate,0.09465
2022-05-23,RealEstate,0.09852399999999999
2022-05-24,RealEstate,0.166544
2022-05-25,RealEstate,0.22959999999999997
2022-05-26,RealEstate,0.21798
2022-05-27,RealEstate,0.13604
2022-05-31,RealEstate,0.19679
2022-06-01,RealEstate,0.065995
2022-06-02,RealEstate,0.12972
2022-06-03,RealEstate,0.10501999999999997
2022-06-06,RealEstate,0.18675
2022-06-07,RealEstate,0.05652
2022-06-08,RealEstate,0.003866666666666671
2022-06-09,RealEstate,0.07974
2022-06-10,RealEstate,0.14674
2022-06-13,RealEstate,0.14460499999999998
2022-06-14,RealEstate,0.20281599999999997
2022-06-15,RealEstate,0.12238999999999997
2022-06-16,RealEstate,0.007190000000000002
2022-06-17,RealEstate,0.08777
2022-06-21,RealEstate,0.24396199999999996
2022-06-22,RealEstate,0.25581
2022-06-23,RealEstate,0.14996666666666666
2022-06-24,RealEstate,0.20414
2022-06-27,RealEstate,-0.06276999999999999
2022-06-28,RealEstate,0.10482
2022-06-29,RealEstate,0.07388999999999998
2022-06-30,RealEstate,0.13573
2022-07-01,RealEstate,0.03658
2022-07-05,RealEstate,0.09706000000000001
2022-07-06,RealEstate,0.15979333333333332
2022-07-07,RealEstate,-0.017000000000000005
2022-07-08,RealEstate,0.07688666666666666
2022-07-11,RealEstate,0.18878999999999999
2022-07-12,RealEstate,0.35051999999999994
2022-07-13,RealEstate,0.0
2022-07-14,RealEstate,0.23396999999999996
2022-07-15,RealEstate,0.06642
2022-07-18,RealEstate,-0.18461200000000003
2022-07-19,RealEstate,0.22664750000000003
2022-07-20,RealEstate,-0.06087
2022-07-21,RealEstate,0.17704666666666666
2022-07-22,RealEstate,0.17581333333333332
2022-07-25,RealEstate,0.27576
2022-07-26,RealEstate,0.215048
2022-07-27,RealEstate,0.18204000000000004
2022-07-28,RealEstate,0.279912
2022-07-29,RealEstate,0.17120333333333332
2022-08-01,RealEstate,0.29056000000000004
2022-08-02,RealEstate,0.22357166666666664
2022-08-03,RealEstate,0.076825
2022-08-04,RealEstate,0.005636666666666667
2022-08-05,RealEstate,0.22290000000000001
2022-08-08,RealEstate,0.2251
2022-08-09,RealEstate,0.14897500000000002
2022-08-10,RealEstate,0.25385
2022-08-11,RealEstate,0.16492
2022-08-12,RealEstate,0.25112999999999996
2022-08-15,RealEstate,0.045309999999999996
2022-08-16,RealEstate,-0.004400000000000004
2022-08-17,RealEstate,0.2394
2022-08-18,RealEstate,0.22332000000000002
2022-08-19,RealEstate,0.0257
2022-08-22,RealEstate,0.28715999999999997
2022-08-23,RealEstate,0.27145600000000003
2022-08-24,RealEstate,0.13896999999999998
2022-08-25,RealEstate,0.25701999999999997
2022-08-26,RealEstate,0.21286999999999998
2022-08-29,RealEstate,0.1358
2022-08-30,RealEstate,0.11232500000000001
2022-08-31,RealEstate,0.10212000000000002
2022-09-01,RealEstate,0.27598
2022-09-02,RealEstate,0.068
2022-09-06,RealEstate,0.03576000000000001
2022-09-07,RealEstate,0.33721999999999996
2022-09-08,RealEstate,0.07402666666666666
2022-09-09,RealEstate,0.23437999999999998
2022-09-12,RealEstate,0.45266
2022-09-13,RealEstate,0.2159583333333333
2022-09-14,RealEstate,0.07665
2022-09-15,RealEstate,0.15453
2022-09-16,RealEstate,0.24298000000000003
2022-09-19,RealEstate,0.255494
2022-09-20,RealEstate,0.171184
2022-09-21,RealEstate,0.11749166666666666
2022-09-22,RealEstate,0.13836666666666667
2022-09-23,RealEstate,0.055299999999999995
2022-09-26,RealEstate,0.06916
2022-09-27,RealEstate,0.120025
2022-09-28,RealEstate,0.21432
2022-09-29,RealEstate,-0.01434333333333333
2022-09-30,RealEstate,-0.00516
2022-10-03,RealEstate,0.1611
2022-10-04,RealEstate,0.19336000000000003
2022-10-05,RealEstate,0.3400033333333333
2022-10-06,RealEstate,0.21719999999999998
2022-10-07,RealEstate,0.10464
2022-10-10,RealEstate,0.04328833333333333
2022-10-11,RealEstate,0.17538499999999999
2022-10-12,RealEstate,0.006680000000000008
2022-10-13,RealEstate,0.09209
2022-10-14,RealEstate,0.0
2022-10-17,RealEstate,0.04309999999999999
2022-10-18,RealEstate,0.17728800000000003
2022-10-19,RealEstate,0.0010850000000000005
2022-10-20,RealEstate,0.11909666666666667
2022-10-21,RealEstate,0.20158666666666666
2022-10-24,RealEstate,0.38309000000000004
2022-10-25,RealEstate,0.35708666666666666
2022-10-26,RealEstate,0.22505000000000003
2022-10-27,RealEstate,0.13254000000000002
2022-10-28,RealEstate,0.026471
2022-10-31,RealEstate,-0.00344
2022-11-01,RealEstate,0.19829
2022-11-02,RealEstate,0.2210233333333333
2022-11-03,RealEstate,0.09123933333333331
2022-11-04,RealEstate,0.10030666666666668
2022-11-07,RealEstate,-0.05464
2022-11-08,RealEstate,0.11767666666666665
2022-11-09,RealEstate,0.18963999999999998
2022-11-10,RealEstate,0.07006
2022-11-11,RealEstate,0.09603500000000001
2022-11-14,RealEstate,0.33918
2022-11-15,RealEstate,0.19151333333333334
2022-11-16,RealEstate,0.12972
2022-11-17,RealEstate,0.19699999999999998
2022-11-18,RealEstate,0.0
2022-11-21,RealEstate,0.03088
2022-11-22,RealEstate,0.19992000000000001
2022-11-23,RealEstate,-0.17915999999999999
2022-11-25,RealEstate,0.13986
2022-11-28,RealEstate,0.26014
2022-11-29,RealEstate,0.19383
2022-11-30,RealEstate,0.0
2022-12-01,RealEstate,0.15289000000000003
2022-12-02,RealEstate,0.210168
2022-12-05,RealEstate,0.18685999999999997
2022-12-06,RealEstate,0.15012
2022-12-07,RealEstate,0.0969
2022-12-08,RealEstate,0.277
2022-12-09,RealEstate,0.059199999999999996
2022-12-12,RealEstate,0.27205
2022-12-13,RealEstate,0.04046
2022-12-14,RealEstate,-0.01032
2022-12-15,RealEstate,0.10220666666666667
2022-12-16,RealEstate,0.052026666666666666
2022-12-19,RealEstate,0.19102000000000002
2022-12-20,RealEstate,0.147825
2022-12-21,RealEstate,0.022615000000000003
2022-12-22,RealEstate,-0.011493333333333324
2022-12-23,RealEstate,0.0
2022-12-27,RealEstate,0.0
2022-12-28,RealEstate,0.30677
2022-12-29,RealEstate,0.2288333333333333
2022-12-30,RealEstate,0.08535999999999999
2023-01-03,RealEstate,0.034
2023-01-04,RealEstate,0.17543000000000003
2023-01-05,RealEstate,0.11438
2023-01-06,RealEstate,0.08776666666666667
2023-01-09,RealEstate,0.042755
2023-01-10,RealEstate,-0.0031549999999999968
2023-01-11,RealEstate,0.15164
2023-01-12,RealEstate,0.15194000000000002
2023-01-13,RealEstate,0.035440000000000006
2023-01-17,RealEstate,0.01779
2023-01-18,RealEstate,0.12206000000000002
2023-01-19,RealEstate,0.12280666666666666
2023-01-20,RealEstate,0.09200666666666667
2023-01-23,RealEstate,0.03880666666666667
2023-01-24,RealEstate,0.11033833333333334
2023-01-25,RealEstate,0.26641
2023-01-26,RealEstate,0.14526666666666668
2023-01-27,RealEstate,0.02752
2023-01-30,RealEstate,0.1272
2023-01-31,RealEstate,0.22232833333333332
2023-02-01,RealEstate,0.1133233333333333
2023-02-02,RealEstate,0.26664
2023-02-03,RealEstate,0.16935000000000003
2023-02-06,RealEstate,0.06195666666666666
2023-02-07,RealEstate,0.20479333333333333
2023-02-08,RealEstate,0.04536000000000001
2023-02-09,RealEstate,0.00516
2023-02-10,RealEstate,0.21252666666666667
2023-02-13,RealEstate,0.28385
2023-02-14,RealEstate,0.39628166666666664
2023-02-15,RealEstate,0.20390000000000003
2023-02-16,RealEstate,0.021959999999999997
2023-02-17,RealEstate,0.0905
2023-02-21,RealEstate,-0.007774999999999999
2023-02-22,RealEstate,0.11845155555555556
2023-02-23,RealEstate,0.10774333333333334
2023-02-24,RealEstate,0.05695333333333334
2023-02-27,RealEstate,0.03347
2023-02-28,RealEstate,0.23033333333333333
2023-03-01,RealEstate,0.12502
2023-03-02,RealEstate,0.08322
2023-03-03,RealEstate,0.16641333333333336
2023-03-06,RealEstate,0.023745
2023-03-07,RealEstate,0.139225
2023-03-08,RealEstate,0.062490000000000004
2023-03-09,RealEstate,0.22111999999999998
2023-03-10,RealEstate,0.10466
2023-03-13,RealEstate,0.2560866666666667
2023-03-14,RealEstate,0.06330666666666666
2023-03-15,RealEstate,0.2942266666666667
2023-03-16,RealEstate,0.22464399999999998
2023-03-17,RealEstate,0.212975
2023-03-20,RealEstate,0.17628
2023-03-21,RealEstate,0.08002333333333334
2023-03-22,RealEstate,0.3674966666666667
2023-03-23,RealEstate,0.1951
2023-03-24,RealEstate,0.17514
2023-03-27,RealEstate,0.11148
2023-03-28,RealEstate,0.109206
2023-03-29,RealEstate,0.07636
2023-03-30,RealEstate,0.18538666666666667
2023-03-31,RealEstate,0.18063666666666667
2023-04-03,RealEstate,0.19432
2023-04-04,RealEstate,0.20960600000000001
2023-04-05,RealEstate,0.14830000000000002
2023-04-06,RealEstate,0.031625714285714285
2023-04-10,RealEstate,0.19343999999999997
2023-04-11,RealEstate,0.07823642857142857
2023-04-12,RealEstate,0.3402
2023-04-13,RealEstate,0.14065333333333335
2023-04-14,RealEstate,0.05205
2023-04-17,RealEstate,0.11439999999999999
2023-04-18,RealEstate,-0.0036699999999999953
2023-04-19,RealEstate,0.15938000000000002
2023-04-20,RealEstate,0.079898
2023-04-21,RealEstate,0.09971833333333333
2023-04-24,RealEstate,0.10626
2023-04-25,RealEstate,0.22299666666666668
2023-04-26,RealEstate,0.11946999999999999
2023-04-27,RealEstate,0.006679999999999994
2023-04-28,RealEstate,0.04233
2023-05-01,RealEstate,0.32632
2023-05-02,RealEstate,0.13721333333333335
2023-05-03,RealEstate,0.17182400000000003
2023-05-04,RealEstate,0.04494
2023-05-05,RealEstate,0.113683
2023-05-08,RealEstate,0.22593333333333337
2023-05-09,RealEstate,0.10738666666666666
2023-05-10,RealEstate,0.09176
2023-05-11,RealEstate,0.07426666666666668
2023-05-12,RealEstate,0.07949999999999999
2023-05-15,RealEstate,0.11155
2023-05-16,RealEstate,0.23991333333333334
2023-05-17,RealEstate,0.055709999999999996
2023-05-18,RealEstate,0.22821999999999995
2023-05-19,RealEstate,0.07749833333333334
2023-05-22,RealEstate,0.017159999999999998
2023-05-23,RealEstate,0.23617499999999997
2023-05-24,RealEstate,0.15760000000000002
2023-05-25,RealEstate,0.1123
2023-05-26,RealEstate,0.126304
2023-05-30,RealEstate,0.029599999999999998
2023-05-31,RealEstate,0.19787999999999997
2023-06-01,RealEstate,0.1744
2023-06-02,RealEstate,0.17603333333333335
2023-06-05,RealEstate,0.08646000000000001
2023-06-06,RealEstate,0.07978666666666666
2023-06-07,RealEstate,0.15444
2023-06-08,RealEstate,0.11988000000000001
2023-06-09,RealEstate,0.06490833333333333
2023-06-12,RealEstate,0.10866
2023-06-13,RealEstate,0.17919999999999997
2023-06-14,RealEstate,-0.00516
2023-06-15,RealEstate,0.080645
2023-06-16,RealEstate,0.18365
2023-06-20,RealEstate,-0.010246666666666664
2023-06-21,RealEstate,0.11212
2023-06-22,RealEstate,0.0
2023-06-23,RealEstate,0.10435000000000001
2023-06-26,RealEstate,0.12981
2023-06-27,RealEstate,0.15419
2023-06-28,RealEstate,0.26334
2023-06-29,RealEstate,0.120444
2023-06-30,RealEstate,0.261025
2023-07-03,RealEstate,0.03433
2023-07-05,RealEstate,0.347335
2023-07-06,RealEstate,0.1922666666666667
2023-07-07,RealEstate,0.11395333333333331
2023-07-10,RealEstate,0.01779
2023-07-11,RealEstate,0.20537999999999998
2023-07-12,RealEstate,0.03818
2023-07-13,RealEstate,0.20987333333333336
2023-07-14,RealEstate,0.10735666666666666
2023-07-17,RealEstate,0.02858
2023-07-18,RealEstate,0.300226
2023-07-19,RealEstate,0.14196533333333333
2023-07-20,RealEstate,0.21072800000000003
2023-07-21,RealEstate,0.11916104761904762
2023-07-24,RealEstate,0.10339000000000001
2023-07-25,RealEstate,0.31101000000000006
2023-07-26,RealEstate,0.05466
2023-07-27,RealEstate,0.050052
2023-07-28,RealEstate,0.17779333333333333
2023-07-31,RealEstate,0.4020066666666667
2023-08-01,RealEstate,0.193545
2023-08-02,RealEstate,0.18866666666666668
2023-08-03,RealEstate,0.16982
2023-08-04,RealEstate,0.06373000000000001
2023-08-07,RealEstate,0.017239999999999985
2023-08-08,RealEstate,0.07559333333333333
2023-08-09,RealEstate,-0.00344
2023-08-10,RealEstate,0.09432
2023-08-11,RealEstate,0.48180499999999993
2023-08-14,RealEstate,0.15689999999999998
2023-08-15,RealEstate,0.06871000000000001
2023-08-16,RealEstate,0.16584000000000002
2023-08-17,RealEstate,0.22407999999999997
2023-08-18,RealEstate,0.3230516666666666
2023-08-21,RealEstate,0.13248333333333334
2023-08-22,RealEstate,0.24254999999999996
2023-08-23,RealEstate,0.20034999999999997
2023-08-24,RealEstate,0.02732
2023-08-25,RealEstate,0.10948
2023-08-28,RealEstate,0.09876666666666667
2023-08-29,RealEstate,0.30805999999999994
2023-08-30,RealEstate,0.16714500000000002
2023-08-31,RealEstate,0.13313999999999998
2023-09-01,RealEstate,0.26652200000000004
2023-09-05,RealEstate,0.30842
2023-09-06,RealEstate,0.137928
2023-09-07,RealEstate,0.17942
2023-09-08,RealEstate,0.02408
2023-09-11,RealEstate,0.19963999999999998
2023-09-12,RealEstate,0.34107600000000005
2023-09-13,RealEstate,-0.07802
2023-09-14,RealEstate,0.07673333333333335
2023-09-15,RealEstate,0.09634000000000001
2023-09-18,RealEstate,0.2941733333333333
2023-09-19,RealEstate,0.12173
2023-09-20,RealEstate,0.2894
2023-09-21,RealEstate,0.40798000000000006
2023-09-22,RealEstate,0.22256666666666666
2023-09-25,RealEstate,0.04804666666666666
2023-09-26,RealEstate,0.11462666666666668
2023-09-27,RealEstate,0.12929
2023-09-28,RealEstate,0.16702599999999998
2023-09-29,RealEstate,0.324955
2023-10-02,RealEstate,0.17970000000000003
2023-10-03,RealEstate,0.377035
2023-10-04,RealEstate,0.20257
2023-10-05,RealEstate,0.08433
2023-10-06,RealEstate,0.1911
2023-10-09,RealEstate,0.20904000000000003
2023-10-10,RealEstate,0.15199166666666666
2023-10-11,RealEstate,0.20697000000000002
2023-10-12,RealEstate,0.059199999999999996
2023-10-13,RealEstate,0.3704833333333333
2023-10-16,RealEstate,0.10533999999999999
2023-10-17,RealEstate,0.154078
2023-10-18,RealEstate,-0.010654999999999994
2023-10-19,RealEstate,0.16662285714285713
2023-10-20,RealEstate,0.061366428571428565
2023-10-23,RealEstate,0.26370499999999997
2023-10-24,RealEstate,0.20734000000000002
2023-10-25,RealEstate,0.32075
2023-10-26,RealEstate,0.16647333333333333
2023-10-27,RealEstate,0.1438975
2023-10-30,RealEstate,0.115855
2023-10-31,RealEstate,0.25761090909090906
2023-11-01,RealEstate,0.09738000000000001
2023-11-02,RealEstate,0.0519
2023-11-03,RealEstate,0.19205066666666668
2023-11-06,RealEstate,0.25739999999999996
2023-11-07,RealEstate,0.21200999999999998
2023-11-08,RealEstate,0.20392000000000002
2023-11-09,RealEstate,-0.013624000000000002
2023-11-10,RealEstate,0.25354
2023-11-13,RealEstate,-0.02044
2023-11-14,RealEstate,0.18203
2023-11-15,RealEstate,0.12326666666666666
2023-11-16,RealEstate,0.22147999999999998
2023-11-17,RealEstate,0.079988
2023-11-20,RealEstate,-0.003475
2023-11-21,RealEstate,0.10670666666666666
2023-11-22,RealEstate,0.16324
2023-11-24,RealEstate,0.00043333333333333375
2023-11-27,RealEstate,0.040940000000000004
2023-11-28,RealEstate,0.07059358974358973
2023-11-29,RealEstate,0.12999
2023-11-30,RealEstate,0.112056
2023-12-01,RealEstate,0.10238
2023-12-04,RealEstate,0.16159199999999999
2023-12-05,RealEstate,0.237972
2023-12-06,RealEstate,0.16519
2023-12-07,RealEstate,0.15387499999999998
2023-12-08,RealEstate,0.07702
2023-12-11,RealEstate,0.07206666666666667
2023-12-12,RealEstate,0.14912333333333333
2023-12-13,RealEstate,0.17795333333333332
2023-12-14,RealEstate,0.28287000000000007
2023-12-15,RealEstate,0.08244399999999999
2023-12-18,RealEstate,0.07738333333333333
2023-12-19,RealEstate,0.17034333333333335
2023-12-20,RealEstate,0.0
2023-12-21,RealEstate,0.0
2023-12-22,RealEstate,0.0
2023-12-26,RealEstate,0.0
2023-12-27,RealEstate,0.0
2023-12-28,RealEstate,0.0
2023-12-29,RealEstate,0.0
2020-01-02,Tech,0.0
2020-01-03,Tech,0.0591471282051282
2020-01-06,Tech,0.07559642857142856
2020-01-07,Tech,-0.017916666666666657
2020-01-08,Tech,-0.0016784999999999981
2020-01-09,Tech,0.06638150000000001
2020-01-10,Tech,0.15890133333333334
2020-01-13,Tech,0.23846866666666666
2020-01-14,Tech,0.24915108333333333
2020-01-15,Tech,0.129662
2020-01-16,Tech,0.06555933333333333
2020-01-17,Tech,0.20077333333333333
2020-01-21,Tech,0.11022929237429238
2020-01-22,Tech,0.04232266666666669
2020-01-23,Tech,0.147498
2020-01-24,Tech,0.06561296296296296
2020-01-27,Tech,0.05090801075268817
2020-01-28,Tech,-0.16524783333333332
2020-01-29,Tech,0.06562923076923076
2020-01-30,Tech,0.11184079365079365
2020-01-31,Tech,-0.04403333333333333
2020-02-03,Tech,0.17091444444444445
2020-02-04,Tech,0.052629999999999996
2020-02-05,Tech,0.06280755555555555
2020-02-06,Tech,0.10700125
2020-02-07,Tech,0.28547805555555555
2020-02-10,Tech,0.1731557142857143
2020-02-11,Tech,0.19858583333333332
2020-02-12,Tech,0.08856233766233768
2020-02-13,Tech,0.05062899999999999
2020-02-14,Tech,-0.011323636363636362
2020-02-18,Tech,0.032237741935483864
2020-02-19,Tech,-0.05497142857142858
2020-02-20,Tech,0.015389761904761906
2020-02-21,Tech,0.01738680952380952
2020-02-24,Tech,-0.2646388571428572
2020-02-25,Tech,-0.025047272727272724
2020-02-26,Tech,0.005288333333333328
2020-02-27,Tech,0.20310416666666664
2020-02-28,Tech,-0.12474099999999999
2020-03-02,Tech,0.16994666666666666
2020-03-03,Tech,0.05706
2020-03-04,Tech,-0.004919666666666661
2020-03-05,Tech,0.3980002380952381
2020-03-06,Tech,0.02744599999999999
2020-03-09,Tech,0.035396384615384614
2020-03-10,Tech,-0.1061
2020-03-11,Tech,0.24414000000000002
2020-03-12,Tech,0.08189
2020-03-13,Tech,-0.04215428571428571
2020-03-16,Tech,0.04400482142857143
2020-03-17,Tech,-0.08472670995670996
2020-03-18,Tech,0.2573375
2020-03-19,Tech,-0.1166795238095238
2020-03-20,Tech,-0.04950333333333332
2020-03-23,Tech,0.18679666666666667
2020-03-24,Tech,0.29078
2020-03-25,Tech,0.3958043333333333
2020-03-26,Tech,0.200264
2020-03-27,Tech,0.31294177777777776
2020-03-30,Tech,0.35971333333333333
2020-03-31,Tech,0.2082066666666667
2020-04-01,Tech,0.018876000000000014
2020-04-02,Tech,0.07175000000000001
2020-04-03,Tech,0.128905
2020-04-06,Tech,-0.13284666666666664
2020-04-07,Tech,0.29373878787878793
2020-04-08,Tech,0.10377800000000001
2020-04-09,Tech,0.2328251428571429
2020-04-13,Tech,0.12934666666666667
2020-04-14,Tech,0.17033745098039216
2020-04-15,Tech,0.6084214285714287
2020-04-16,Tech,0.125342
2020-04-17,Tech,0.30399055555555554
2020-04-20,Tech,0.07361664285714287
2020-04-21,Tech,0.2364045833333333
2020-04-22,Tech,-0.30856
2020-04-23,Tech,0.30805714285714286
2020-04-24,Tech,0.2675130952380952
2020-04-27,Tech,0.07842193548387096
2020-04-28,Tech,0.14289196536796536
2020-04-29,Tech,0.0790295238095238
2020-04-30,Tech,0.23003671428571426
2020-05-01,Tech,0.062239
2020-05-04,Tech,0.00217095238095238
2020-05-05,Tech,0.3294785294117647
2020-05-06,Tech,0.17327749999999997
2020-05-07,Tech,0.09561533333333333
2020-05-08,Tech,0.3125353333333333
2020-05-11,Tech,0.451736
2020-05-12,Tech,0.12720677777777775
2020-05-13,Tech,-0.03328166666666667
2020-05-14,Tech,0.15656333333333333
2020-05-15,Tech,0.22667638095238093
2020-05-18,Tech,0.035257649122807024
2020-05-19,Tech,0.059252952380952385
2020-05-20,Tech,0.09942999999999999
2020-05-21,Tech,0.12873333333333334
2020-05-22,Tech,0.09411055555555557
2020-05-26,Tech,-0.15490900000000002
2020-05-27,Tech,0.11860038095238094
2020-05-28,Tech,-0.12808666666666668
2020-05-29,Tech,0.17627350000000003
2020-06-01,Tech,0.14805666666666667
2020-06-02,Tech,0.12365833333333334
2020-06-03,Tech,0.23928500000000003
2020-06-04,Tech,0.16237
2020-06-05,Tech,0.112073
2020-06-08,Tech,0.025
2020-06-09,Tech,0.12742599999999998
2020-06-10,Tech,0.12855142857142857
2020-06-11,Tech,0.12238457142857143
2020-06-12,Tech,0.23327833333333334
2020-06-15,Tech,0.09986666666666667
2020-06-16,Tech,0.14422666666666667
2020-06-17,Tech,0.23933
2020-06-18,Tech,0.04072
2020-06-19,Tech,0.21118
2020-06-22,Tech,-0.1341
2020-06-23,Tech,0.12016685714285713
2020-06-24,Tech,0.04987600000000001
2020-06-25,Tech,-0.25579666666666667
2020-06-26,Tech,-0.26137
2020-06-29,Tech,-0.028659999999999998
2020-06-30,Tech,0.07626
2020-07-01,Tech,0.160073
2020-07-02,Tech,0.10321
2020-07-06,Tech,0.11737500000000001
2020-07-07,Tech,0.09397766233766233
2020-07-08,Tech,0.14006000000000002
2020-07-09,Tech,0.018144000000000007
2020-07-10,Tech,0.10428476190476191
2020-07-13,Tech,0.02714666666666667
2020-07-14,Tech,0.25212
2020-07-15,Tech,0.076832
2020-07-16,Tech,0.09630999999999998
2020-07-17,Tech,0.004190666666666676
2020-07-20,Tech,-0.0010000000000000022
2020-07-21,Tech,0.12209415384615382
2020-07-22,Tech,0.19106
2020-07-23,Tech,0.13345666666666667
2020-07-24,Tech,0.1781
2020-07-27,Tech,0.11929671428571428
2020-07-28,Tech,0.1292142857142857
2020-07-29,Tech,0.05700964285714286
2020-07-30,Tech,0.20593483201581025
2020-07-31,Tech,0.02205343434343434
2020-08-03,Tech,0.17334
2020-08-04,Tech,0.09739133333333333
2020-08-05,Tech,0.09433309090909091
2020-08-06,Tech,0.07140500000000001
2020-08-07,Tech,0.037155
2020-08-10,Tech,0.1224
2020-08-11,Tech,0.09416666666666666
2020-08-12,Tech,0.145713
2020-08-13,Tech,-0.019106190476190478
2020-08-14,Tech,0.03897428571428572
2020-08-17,Tech,0.2253066666666667
2020-08-18,Tech,-0.00409466666666668
2020-08-19,Tech,-0.006009999999999988
2020-08-20,Tech,0.03924333333333333
2020-08-21,Tech,-0.06047
2020-08-24,Tech,0.05436800000000001
2020-08-25,Tech,0.03994333333333334
2020-08-26,Tech,0.03802399999999999
2020-08-27,Tech,0.10609333333333335
2020-08-28,Tech,0.08523166666666666
2020-08-31,Tech,0.19813333333333333
2020-09-01,Tech,0.09761047619047619
2020-09-02,Tech,0.020635000000000008
2020-09-03,Tech,0.1951390476190476
2020-09-04,Tech,0.04182
2020-09-08,Tech,0.22193999999999997
2020-09-09,Tech,0.11050166666666665
2020-09-10,Tech,0.06893166666666667
2020-09-11,Tech,0.06287833333333334
2020-09-14,Tech,0.06946666666666666
2020-09-15,Tech,0.049729499999999996
2020-09-16,Tech,-0.050685333333333325
2020-09-17,Tech,0.24323999999999996
2020-09-18,Tech,0.0916952380952381
2020-09-21,Tech,-0.00172
2020-09-22,Tech,0.06278
2020-09-23,Tech,0.03590333333333333
2020-09-24,Tech,-0.068
2020-09-25,Tech,0.12177
2020-09-28,Tech,-0.03608
2020-09-29,Tech,0.189175
2020-09-30,Tech,0.1382833333333333
2020-10-01,Tech,0.13921333333333336
2020-10-02,Tech,-0.07636
2020-10-05,Tech,0.06383866666666667
2020-10-06,Tech,0.09776
2020-10-07,Tech,-0.006226666666666663
2020-10-08,Tech,0.2567433333333333
2020-10-09,Tech,0.06021714285714286
2020-10-12,Tech,0.153504
2020-10-13,Tech,0.14388333333333334
2020-10-14,Tech,-0.01987666666666667
2020-10-15,Tech,0.00258
2020-10-16,Tech,0.203185
2020-10-19,Tech,0.07707333333333334
2020-10-20,Tech,0.014157499999999998
2020-10-21,Tech,0.030200000000000005
2020-10-22,Tech,0.13943
2020-10-23,Tech,0.026542500000000004
2020-10-26,Tech,0.0738509090909091
2020-10-27,Tech,0.04287857142857143
2020-10-28,Tech,0.1591258285714286
2020-10-29,Tech,0.05964809523809524
2020-10-30,Tech,0.11964000000000001
2020-11-02,Tech,0.07350999999999999
2020-11-03,Tech,0.002487499999999999
2020-11-04,Tech,0.07460000000000001
2020-11-05,Tech,0.123372
2020-11-06,Tech,0.08277076923076923
2020-11-09,Tech,0.16856
2020-11-10,Tech,-0.02263333333333333
2020-11-11,Tech,-0.023126666666666677
2020-11-12,Tech,0.1225752380952381
2020-11-13,Tech,0.18404
2020-11-16,Tech,0.004606666666666664
2020-11-17,Tech,0.2878566666666667
2020-11-18,Tech,0.22432333333333335
2020-11-19,Tech,0.21454500000000004
2020-11-20,Tech,-0.03602999999999999
2020-11-23,Tech,0.13671333333333333
2020-11-24,Tech,0.09834000000000001
2020-11-25,Tech,-0.01032
2020-11-27,Tech,0.06766666666666668
2020-11-30,Tech,0.20916
2020-12-01,Tech,0.028721666666666666
2020-12-02,Tech,0.04303333333333333
2020-12-03,Tech,0.16932
2020-12-04,Tech,0.04324333333333333
2020-12-07,Tech,0.16672666666666666
2020-12-08,Tech,0.10745888888888891
2020-12-09,Tech,0.09877666666666668
2020-12-10,Tech,0.214758
2020-12-11,Tech,0.25022833333333333
2020-12-14,Tech,0.07576433333333334
2020-12-15,Tech,0.07095833333333332
2020-12-16,Tech,0.05738
2020-12-17,Tech,0.03062
2020-12-18,Tech,0.21913428571428567
2020-12-21,Tech,0.2220416666666667
2020-12-22,Tech,0.07489257142857142
2020-12-23,Tech,0.16020666666666666
2020-12-24,Tech,0.11698000000000001
2020-12-28,Tech,0.10139333333333334
2020-12-29,Tech,0.13950666666666667
2020-12-30,Tech,-0.000962499999999994
2020-12-31,Tech,0.18780916666666667
2021-01-04,Tech,0.12261
2021-01-05,Tech,0.13189800000000002
2021-01-06,Tech,0.05549
2021-01-07,Tech,0.08866566666666667
2021-01-08,Tech,0.013478
2021-01-11,Tech,0.09574666666666667
2021-01-12,Tech,0.11568894444444444
2021-01-13,Tech,0.03826333333333333
2021-01-14,Tech,0.08821018633540374
2021-01-15,Tech,0.12059800000000001
2021-01-19,Tech,0.062148999999999996
2021-01-20,Tech,0.04691692307692308
2021-01-21,Tech,0.10940333333333334
2021-01-22,Tech,0.1923983333333333
2021-01-25,Tech,0.12941866666666665
2021-01-26,Tech,0.12944205128205127
2021-01-27,Tech,0.15829433333333337
2021-01-28,Tech,0.21995833333333334
2021-01-29,Tech,-0.08505777777777776
2021-02-01,Tech,0.099755
2021-02-02,Tech,0.22864914285714288
2021-02-03,Tech,0.34160999999999997
2021-02-04,Tech,0.14714750000000001
2021-02-05,Tech,0.08212450216450216
2021-02-08,Tech,0.16421333333333332
2021-02-09,Tech,0.075865
2021-02-10,Tech,0.028840000000000005
2021-02-11,Tech,-0.02892
2021-02-12,Tech,0.017759999999999998
2021-02-16,Tech,0.08957333333333334
2021-02-17,Tech,0.07570000000000002
2021-02-18,Tech,0.23345333333333335
2021-02-19,Tech,0.09872666666666666
2021-02-22,Tech,0.13979999999999998
2021-02-23,Tech,0.187616
2021-02-24,Tech,0.21551333333333336
2021-02-25,Tech,0.3059366666666667
2021-02-26,Tech,-0.011439999999999999
2021-03-01,Tech,0.076375
2021-03-02,Tech,0.05839333333333333
2021-03-03,Tech,-0.04601333333333334
2021-03-04,Tech,0.1341
2021-03-05,Tech,0.040175
2021-03-08,Tech,0.07377500000000001
2021-03-09,Tech,0.233962
2021-03-10,Tech,-0.004944999999999997
2021-03-11,Tech,0.11982
2021-03-12,Tech,0.09722114285714285
2021-03-15,Tech,0.12631
2021-03-16,Tech,0.023888
2021-03-17,Tech,-0.020688
2021-03-18,Tech,0.19311333333333333
2021-03-19,Tech,0.11353333333333333
2021-03-22,Tech,0.05404
2021-03-23,Tech,0.076918
2021-03-24,Tech,0.24672166666666667
2021-03-25,Tech,-0.012449705882352939
2021-03-26,Tech,-0.01377066666666665
2021-03-29,Tech,0.08791
2021-03-30,Tech,0.19492
2021-03-31,Tech,0.20515333333333335
2021-04-01,Tech,0.023289333333333335
2021-04-05,Tech,-0.008609999999999996
2021-04-06,Tech,0.12091615384615384
2021-04-07,Tech,-0.07171866666666667
2021-04-08,Tech,0.07943
2021-04-09,Tech,0.04944799999999999
2021-04-12,Tech,0.100505
2021-04-13,Tech,0.10741833333333335
2021-04-14,Tech,0.049223333333333355
2021-04-15,Tech,0.18132
2021-04-16,Tech,0.20884999999999998
2021-04-19,Tech,0.010510000000000002
2021-04-20,Tech,0.04427533333333333
2021-04-21,Tech,0.04172000000000001
2021-04-22,Tech,0.027980000000000005
2021-04-23,Tech,0.15734
2021-04-26,Tech,0.0894328205128205
2021-04-27,Tech,0.1416688888888889
2021-04-28,Tech,0.14256
2021-04-29,Tech,0.04435402597402597
2021-04-30,Tech,0.13364
2021-05-03,Tech,-0.006809999999999998
2021-05-04,Tech,0.023581666666666667
2021-05-05,Tech,-0.014295000000000006
2021-05-06,Tech,0.13859333333333335
2021-05-07,Tech,0.10342
2021-05-10,Tech,0.14754
2021-05-11,Tech,0.07794666666666666
2021-05-12,Tech,-0.012547999999999998
2021-05-13,Tech,0.13212000000000002
2021-05-14,Tech,-0.03055
2021-05-17,Tech,0.07786
2021-05-18,Tech,0.028786666666666665
2021-05-19,Tech,0.13660999999999998
2021-05-20,Tech,-0.13244857142857142
2021-05-21,Tech,0.147484
2021-05-24,Tech,0.22671999999999998
2021-05-25,Tech,0.19915
2021-05-26,Tech,-0.021451333333333333
2021-05-27,Tech,0.34734
2021-05-28,Tech,0.177582
2021-06-01,Tech,0.091
2021-06-02,Tech,0.053136
2021-06-03,Tech,0.11390666666666667
2021-06-04,Tech,0.04745666666666667
2021-06-07,Tech,0.095832
2021-06-08,Tech,0.20493199999999998
2021-06-09,Tech,0.15052000000000001
2021-06-10,Tech,0.13657
2021-06-11,Tech,0.11481250000000001
2021-06-14,Tech,-0.018605000000000007
2021-06-15,Tech,-0.023798000000000003
2021-06-16,Tech,-0.015479999999999999
2021-06-17,Tech,0.16186
2021-06-18,Tech,-0.011522888888888888
2021-06-21,Tech,0.08025
2021-06-22,Tech,0.098055
2021-06-23,Tech,0.030100000000000005
2021-06-24,Tech,0.044334
2021-06-25,Tech,0.20488166666666668
2021-06-28,Tech,0.31194
2021-06-29,Tech,0.07343166666666667
2021-06-30,Tech,0.2589016666666667
2021-07-01,Tech,0.05417666666666667
2021-07-02,Tech,0.10803333333333334
2021-07-06,Tech,-0.05025333333333333
2021-07-07,Tech,0.15174
2021-07-08,Tech,0.2028
2021-07-09,Tech,0.120435
2021-07-12,Tech,0.11337
2021-07-13,Tech,0.10967000000000002
2021-07-14,Tech,0.060260000000000015
2021-07-15,Tech,0.013752000000000004
2021-07-16,Tech,0.004941714285714285
2021-07-19,Tech,0.06690984615384615
2021-07-20,Tech,-0.034801428571428566
2021-07-21,Tech,0.09689
2021-07-22,Tech,0.07743142857142857
2021-07-23,Tech,0.004716666666666663
2021-07-26,Tech,-0.03109366666666666
2021-07-27,Tech,0.0851025
2021-07-28,Tech,0.005422323232323235
2021-07-29,Tech,0.09473714285714285
2021-07-30,Tech,0.13476833333333332
2021-08-02,Tech,0.14027
2021-08-03,Tech,0.05684476190476191
2021-08-04,Tech,0.06657416666666667
2021-08-05,Tech,-0.047705
2021-08-06,Tech,0.08951023809523809
2021-08-09,Tech,0.02662866666666667
2021-08-10,Tech,0.03134833333333333
2021-08-11,Tech,0.004736
2021-08-12,Tech,0.0
2021-08-13,Tech,0.12134
2021-08-16,Tech,0.009664999999999997
2021-08-17,Tech,0.03172199999999999
2021-08-18,Tech,-0.030626666666666663
2021-08-19,Tech,0.405708
2021-08-20,Tech,0.062411904761904766
2021-08-23,Tech,-0.066108
2021-08-24,Tech,0.09949045454545455
2021-08-25,Tech,0.03224031746031746
2021-08-26,Tech,-0.011245555555555556
2021-08-27,Tech,0.18821933333333335
2021-08-30,Tech,0.006733999999999997
2021-08-31,Tech,0.2619646666666667
2021-09-01,Tech,-0.03175
2021-09-02,Tech,-0.02835333333333333
2021-09-03,Tech,0.24546
2021-09-07,Tech,0.19002333333333335
2021-09-08,Tech,0.1861842857142857
2021-09-09,Tech,0.10623952380952381
2021-09-10,Tech,0.17690666666666668
2021-09-13,Tech,-0.13618333333333335
2021-09-14,Tech,0.04217966666666667
2021-09-15,Tech,0.22508
2021-09-16,Tech,0.1072947619047619
2021-09-17,Tech,0.2046133333333333
2021-09-20,Tech,-0.01253333333333333
2021-09-21,Tech,0.3112916666666667
2021-09-22,Tech,0.1178942857142857
2021-09-23,Tech,0.05151933333333333
2021-09-24,Tech,0.023375
2021-09-27,Tech,0.1709
2021-09-28,Tech,0.17953349999999996
2021-09-29,Tech,0.148513
2021-09-30,Tech,0.16585733333333336
2021-10-01,Tech,0.15581666666666666
2021-10-04,Tech,-0.183596
2021-10-05,Tech,0.15482107142857143
2021-10-06,Tech,0.15863
2021-10-07,Tech,0.07575616666666667
2021-10-08,Tech,-0.019854999999999994
2021-10-11,Tech,0.076588
2021-10-12,Tech,0.022899999999999997
2021-10-13,Tech,0.2192697777777778
2021-10-14,Tech,0.0987175
2021-10-15,Tech,0.020265333333333337
2021-10-18,Tech,0.12286
2021-10-19,Tech,0.08580740476190477
2021-10-20,Tech,0.2616466666666667
2021-10-21,Tech,0.3070733333333333
2021-10-22,Tech,0.07824800000000001
2021-10-25,Tech,0.15560133333333334
2021-10-26,Tech,-0.024864999999999995
2021-10-27,Tech,0.14070214285714283
2021-10-28,Tech,0.05198990476190475
2021-10-29,Tech,0.23485333333333336
2021-11-01,Tech,0.05538799999999999
2021-11-02,Tech,0.2653066666666667
2021-11-03,Tech,0.13429285714285716
2021-11-04,Tech,0.23881066666666667
2021-11-05,Tech,0.20421181134654817
2021-11-08,Tech,-0.014366666666666661
2021-11-09,Tech,0.09084566666666669
2021-11-10,Tech,0.08118266666666667
2021-11-11,Tech,0.006633888888888886
2021-11-12,Tech,0.1828830303030303
2021-11-15,Tech,0.067775
2021-11-16,Tech,0.13164
2021-11-17,Tech,0.09396151515151516
2021-11-18,Tech,0.05155568627450981
2021-11-19,Tech,0.0346335960591133
2021-11-22,Tech,0.10900035087719298
2021-11-23,Tech,0.19360936363636363
2021-11-24,Tech,0.326654
2021-11-26,Tech,-0.02727666666666666
2021-11-29,Tech,-0.027018000000000004
2021-11-30,Tech,0.12650619913419914
2021-12-01,Tech,0.01807244444444444
2021-12-02,Tech,-0.10520999999999998
2021-12-03,Tech,0.2300569696969697
2021-12-06,Tech,0.18335601190476192
2021-12-07,Tech,0.14762389898989897
2021-12-08,Tech,0.21132542609351432
2021-12-09,Tech,0.03895833333333333
2021-12-10,Tech,0.12676445454545454
2021-12-13,Tech,0.03591
2021-12-14,Tech,0.08252434848484849
2021-12-15,Tech,-0.0035066666666666675
2021-12-16,Tech,0.20815022222222224
2021-12-17,Tech,0.07384208333333334
2021-12-20,Tech,-0.07177285714285715
2021-12-21,Tech,0.086991
2021-12-22,Tech,0.1515577777777778
2021-12-23,Tech,0.56145
2021-12-27,Tech,0.119075
2021-12-28,Tech,0.07702200000000001
2021-12-29,Tech,0.21345045454545453
2021-12-30,Tech,0.06307433333333334
2021-12-31,Tech,0.0663
2022-01-03,Tech,0.24483414285714286
2022-01-04,Tech,0.2876611904761905
2022-01-05,Tech,0.0666914705882353
2022-01-06,Tech,0.16767190909090907
2022-01-07,Tech,0.144176
2022-01-10,Tech,0.009319000000000001
2022-01-11,Tech,0.06476583333333333
2022-01-12,Tech,0.120344
2022-01-13,Tech,0.173177
2022-01-14,Tech,0.2278346349206349
2022-01-18,Tech,0.18859238095238096
2022-01-19,Tech,0.16951292857142858
2022-01-20,Tech,0.14021414285714287
2022-01-21,Tech,0.2460587380952381
2022-01-24,Tech,0.08047530303030304
2022-01-25,Tech,0.13129522921522924
2022-01-26,Tech,0.05016133333333332
2022-01-27,Tech,0.12328047391205285
2022-01-28,Tech,0.14483142424242423
2022-01-31,Tech,0.20375276190476194
2022-02-01,Tech,0.09312666666666666
2022-02-02,Tech,0.13787666666666665
2022-02-03,Tech,0.19715346711798837
2022-02-04,Tech,0.193824
2022-02-07,Tech,0.02318666666666667
2022-02-08,Tech,0.08484285714285715
2022-02-09,Tech,0.2221595238095238
2022-02-10,Tech,0.17421599999999998
2022-02-11,Tech,0.0499225
2022-02-14,Tech,0.03906888888888889
2022-02-15,Tech,0.05080730769230768
2022-02-16,Tech,0.11418815686274511
2022-02-17,Tech,0.14881901960784316
2022-02-18,Tech,0.12420520000000002
2022-02-22,Tech,0.184468
2022-02-23,Tech,0.14623907142857143
2022-02-24,Tech,0.1996322222222222
2022-02-25,Tech,0.11158166666666665
2022-02-28,Tech,-0.023112857142857136
2022-03-01,Tech,0.1486489393939394
2022-03-02,Tech,0.16946833333333333
2022-03-03,Tech,0.15894
2022-03-04,Tech,0.09028590909090908
2022-03-07,Tech,0.06638495238095239
2022-03-08,Tech,0.02089876190476191
2022-03-09,Tech,0.12691151515151514
2022-03-10,Tech,0.07529857142857144
2022-03-11,Tech,0.27623348717948715
2022-03-14,Tech,0.077686
2022-03-15,Tech,0.25462711111111114
2022-03-16,Tech,0.10157467388167388
2022-03-17,Tech,0.1439813636363636
2022-03-18,Tech,0.07915083333333332
2022-03-21,Tech,0.14549466666666666
2022-03-22,Tech,0.09952466666666668
2022-03-23,Tech,0.11445704761904762
2022-03-24,Tech,0.07127179545454546
2022-03-25,Tech,0.114016675990676
2022-03-28,Tech,0.12828791666666667
2022-03-29,Tech,0.27133542857142856
2022-03-30,Tech,0.066052
2022-03-31,Tech,0.13311533333333334
2022-04-01,Tech,0.14186134920634924
2022-04-04,Tech,0.10561062470862473
2022-04-05,Tech,0.12266322744360902
2022-04-06,Tech,0.02090896153846154
2022-04-07,Tech,0.15272638095238095
2022-04-08,Tech,0.2292237142857143
2022-04-11,Tech,0.39554933333333336
2022-04-12,Tech,0.21640329953379953
2022-04-13,Tech,0.11354571428571429
2022-04-14,Tech,0.16027
2022-04-18,Tech,0.027848
2022-04-19,Tech,0.08625766666666665
2022-04-20,Tech,0.19214622222222222
2022-04-21,Tech,0.15961399999999998
2022-04-22,Tech,0.08362238095238093
2022-04-25,Tech,0.05658
2022-04-26,Tech,0.1517162380952381
2022-04-27,Tech,0.12469533333333334
2022-04-28,Tech,0.15562577777777778
2022-04-29,Tech,0.055843522727272735
2022-05-02,Tech,0.007836753246753243
2022-05-03,Tech,0.033153658008658014
2022-05-04,Tech,0.011902142857142865
2022-05-05,Tech,-0.02107275641025641
2022-05-06,Tech,0.26589561111111115
2022-05-09,Tech,0.06752607142857144
2022-05-10,Tech,0.08849193162393161
2022-05-11,Tech,0.24508717948717948
2022-05-12,Tech,0.10008857142857144
2022-05-13,Tech,0.027904523809523813
2022-05-16,Tech,0.10204484848484847
2022-05-17,Tech,0.020813777777777782
2022-05-18,Tech,0.1706768498168498
2022-05-19,Tech,0.26778
2022-05-20,Tech,0.15360931818181817
2022-05-23,Tech,0.2875333333333333
2022-05-24,Tech,0.16960784962406017
2022-05-25,Tech,0.2821866666666667
2022-05-26,Tech,0.04222262626262625
2022-05-27,Tech,0.24222280701754384
2022-05-31,Tech,-0.005778888888888889
2022-06-01,Tech,0.31268111111111113
2022-06-02,Tech,0.14415444444444442
2022-06-03,Tech,0.18177023809523812
2022-06-06,Tech,0.08181685714285714
2022-06-07,Tech,0.09169999999999998
2022-06-08,Tech,0.09815566666666665
2022-06-09,Tech,0.07391574999999999
2022-06-10,Tech,0.035761
2022-06-13,Tech,0.006100000000000006
2022-06-14,Tech,0.10984670634920635
2022-06-15,Tech,0.1285342857142857
2022-06-16,Tech,0.242489
2022-06-17,Tech,0.10816024242424241
2022-06-21,Tech,0.12068966666666667
2022-06-22,Tech,0.14872008974358975
2022-06-23,Tech,0.17807619047619047
2022-06-24,Tech,0.17520333333333332
2022-06-27,Tech,-0.02255500000000001
2022-06-28,Tech,0.24401195238095238
2022-06-29,Tech,0.06179785714285714
2022-06-30,Tech,0.15639111111111112
2022-07-01,Tech,0.12975355555555554
2022-07-05,Tech,0.17573333333333335
2022-07-06,Tech,0.12007905555555556
2022-07-07,Tech,0.11615
2022-07-08,Tech,0.07051057142857145
2022-07-11,Tech,0.12680933333333333
2022-07-12,Tech,0.23432033333333332
2022-07-13,Tech,0.17860428571428572
2022-07-14,Tech,0.04221619047619049
2022-07-15,Tech,0.20615214285714284
2022-07-18,Tech,0.20343785714285714
2022-07-19,Tech,0.23735042857142857
2022-07-20,Tech,0.097118
2022-07-21,Tech,0.1250275
2022-07-22,Tech,0.14727357142857142
2022-07-25,Tech,0.20520999999999998
2022-07-26,Tech,0.07510654545454545
2022-07-27,Tech,0.006745000000000001
2022-07-28,Tech,0.12910064935064935
2022-07-29,Tech,0.04419454545454545
2022-08-01,Tech,0.24338769005847954
2022-08-02,Tech,0.24083666666666667
2022-08-03,Tech,-0.02018440476190478
2022-08-04,Tech,0.107178
2022-08-05,Tech,0.052576666666666674
2022-08-08,Tech,0.10431333333333334
2022-08-09,Tech,0.0952575925925926
2022-08-10,Tech,0.05507264957264955
2022-08-11,Tech,0.0813415873015873
2022-08-12,Tech,0.10345415584415582
2022-08-15,Tech,0.3004433333333333
2022-08-16,Tech,0.16383238095238095
2022-08-17,Tech,0.18809466666666666
2022-08-18,Tech,0.016171111111111115
2022-08-19,Tech,0.097976
2022-08-22,Tech,0.17923999999999998
2022-08-23,Tech,0.26603790476190475
2022-08-24,Tech,0.195344
2022-08-25,Tech,0.14112747899159664
2022-08-26,Tech,0.15546066666666664
2022-08-29,Tech,0.16026076190476188
2022-08-30,Tech,0.11227214285714286
2022-08-31,Tech,0.1322515
2022-09-01,Tech,0.05872583333333333
2022-09-02,Tech,0.011514817927170873
2022-09-06,Tech,0.21450133333333335
2022-09-07,Tech,0.10383376811594203
2022-09-08,Tech,0.17255
2022-09-09,Tech,0.02506833333333335
2022-09-12,Tech,0.1458876666666667
2022-09-13,Tech,0.019029928571428566
2022-09-14,Tech,0.02728
2022-09-15,Tech,0.10783133333333335
2022-09-16,Tech,-0.013780478260869557
2022-09-19,Tech,0.08164400000000001
2022-09-20,Tech,0.09567866666666666
2022-09-21,Tech,0.0687069523809524
2022-09-22,Tech,0.021234102564102564
2022-09-23,Tech,0.12579128571428572
2022-09-26,Tech,0.025614428571428576
2022-09-27,Tech,0.07731047619047618
2022-09-28,Tech,0.18541092063492065
2022-09-29,Tech,0.08844055844155845
2022-09-30,Tech,0.09619204545454545
2022-10-03,Tech,-0.13865000000000002
2022-10-04,Tech,0.2915147619047619
2022-10-05,Tech,0.15072766233766233
2022-10-06,Tech,0.10736105555555556
2022-10-07,Tech,-0.08227200000000001
2022-10-10,Tech,0.05398485645933014
2022-10-11,Tech,0.08024206060606061
2022-10-12,Tech,-0.019070833333333332
2022-10-13,Tech,-0.07987833333333334
2022-10-14,Tech,-0.03263392857142857
2022-10-17,Tech,0.09176666666666668
2022-10-18,Tech,0.06292400000000001
2022-10-19,Tech,0.11959266666666668
2022-10-20,Tech,-0.10918666666666668
2022-10-21,Tech,0.25171
2022-10-24,Tech,0.013960999999999998
2022-10-25,Tech,-0.0037416666666666614
2022-10-26,Tech,-0.029127333333333328
2022-10-27,Tech,0.2643766666666666
2022-10-28,Tech,0.02526044444444444
2022-10-31,Tech,0.06477060606060606
2022-11-01,Tech,0.14291199999999998
2022-11-02,Tech,0.12235733333333335
2022-11-03,Tech,0.11598199999999999
2022-11-04,Tech,0.02595238095238095
2022-11-07,Tech,0.052705
2022-11-08,Tech,0.16783961904761907
2022-11-09,Tech,0.11167852380952381
2022-11-10,Tech,0.0021066666666666733
2022-11-11,Tech,0.06269923076923076
2022-11-14,Tech,0.18087857142857144
2022-11-15,Tech,0.07250393162393162
2022-11-16,Tech,0.100234
2022-11-17,Tech,-0.0313456111111111
2022-11-18,Tech,0.07105266666666668
2022-11-21,Tech,0.2421533333333333
2022-11-22,Tech,0.169508
2022-11-23,Tech,0.002671666666666661
2022-11-25,Tech,0.18206266666666665
2022-11-28,Tech,-0.00923199999999999
2022-11-29,Tech,0.11117192307692307
2022-11-30,Tech,-0.06521833333333334
2022-12-01,Tech,0.06830666666666665
2022-12-02,Tech,0.18864683333333335
2022-12-05,Tech,0.08867845238095237
2022-12-06,Tech,0.1182697619047619
2022-12-07,Tech,0.020258666666666668
2022-12-08,Tech,0.22214780952380955
2022-12-09,Tech,0.058491
2022-12-12,Tech,0.12584250000000002
2022-12-13,Tech,0.14401261904761906
2022-12-14,Tech,0.13666214285714284
2022-12-15,Tech,-0.008276666666666665
2022-12-16,Tech,-0.05762285714285714
2022-12-19,Tech,0.12422541666666667
2022-12-20,Tech,0.004991333333333334
2022-12-21,Tech,0.193175
2022-12-22,Tech,0.21014971428571427
2022-12-23,Tech,-0.10616873809523811
2022-12-27,Tech,0.053822499999999995
2022-12-28,Tech,-0.015680112554112557
2022-12-29,Tech,0.09746599999999998
2022-12-30,Tech,0.18009333333333333
2023-01-03,Tech,0.04390242857142858
2023-01-04,Tech,0.0981409653092006
2023-01-05,Tech,0.027340999999999994
2023-01-06,Tech,0.2548673333333333
2023-01-09,Tech,0.29100714285714285
2023-01-10,Tech,0.12538733333333332
2023-01-11,Tech,0.23980571428571426
2023-01-12,Tech,0.05511999999999999
2023-01-13,Tech,0.055438333333333346
2023-01-17,Tech,0.07661500000000002
2023-01-18,Tech,0.12410990476190475
2023-01-19,Tech,0.23364400000000002
2023-01-20,Tech,0.03114
2023-01-23,Tech,0.07124066666666666
2023-01-24,Tech,0.16770992481203006
2023-01-25,Tech,0.09438333333333333
2023-01-26,Tech,0.05336857142857143
2023-01-27,Tech,0.09604574603174601
2023-01-30,Tech,-0.03111913131313131
2023-01-31,Tech,0.09138871794871796
2023-02-01,Tech,-0.008246393939393932
2023-02-02,Tech,0.027679328756674292
2023-02-03,Tech,0.197635
2023-02-06,Tech,-0.0019050000000000067
2023-02-07,Tech,0.20592333333333332
2023-02-08,Tech,0.18808866666666665
2023-02-09,Tech,0.09593099999999999
2023-02-10,Tech,0.19657266666666667
2023-02-13,Tech,0.01741333333333334
2023-02-14,Tech,0.19463499159663866
2023-02-15,Tech,0.21800848484848484
2023-02-16,Tech,-0.017120000000000003
2023-02-17,Tech,0.18036807792207793
2023-02-21,Tech,0.08633909090909091
2023-02-22,Tech,0.1282780303030303
2023-02-23,Tech,0.16846999999999998
2023-02-24,Tech,-0.029225941056910554
2023-02-27,Tech,0.05495983333333333
2023-02-28,Tech,0.11185690476190475
2023-03-01,Tech,0.2456934285714286
2023-03-02,Tech,0.20040857142857144
2023-03-03,Tech,0.07779119047619047
2023-03-06,Tech,0.22158555555555556
2023-03-07,Tech,0.07782615384615384
2023-03-08,Tech,0.10666888888888888
2023-03-09,Tech,0.08818277777777776
2023-03-10,Tech,0.20382151515151517
2023-03-13,Tech,0.047801
2023-03-14,Tech,0.049275666666666676
2023-03-15,Tech,0.14365583333333334
2023-03-16,Tech,0.02206609523809524
2023-03-17,Tech,0.16110463636363637
2023-03-20,Tech,0.08101691666666666
2023-03-21,Tech,0.13296633333333335
2023-03-22,Tech,0.07887852380952382
2023-03-23,Tech,0.05660092481203007
2023-03-24,Tech,0.13554238095238094
2023-03-27,Tech,0.04968190476190476
2023-03-28,Tech,0.14763533333333334
2023-03-29,Tech,0.12762888888888888
2023-03-30,Tech,0.20086277777777778
2023-03-31,Tech,0.2812330476190476
2023-04-03,Tech,0.16425050000000002
2023-04-04,Tech,0.16276147110360903
2023-04-05,Tech,0.12917603896103896
2023-04-06,Tech,0.07656342105263159
2023-04-10,Tech,0.3115430769230769
2023-04-11,Tech,0.18814129747445535
2023-04-12,Tech,0.05955200000000001
2023-04-13,Tech,0.1520496666666667
2023-04-14,Tech,0.05086833730158731
2023-04-17,Tech,0.17652647619047618
2023-04-18,Tech,0.13824809523809523
2023-04-19,Tech,0.2224477380952381
2023-04-20,Tech,0.15354433333333334
2023-04-21,Tech,0.06004911111111113
2023-04-24,Tech,0.10814285714285717
2023-04-25,Tech,0.26150955555555555
2023-04-26,Tech,0.26413047619047625
2023-04-27,Tech,0.15451050000000002
2023-04-28,Tech,0.10309642857142857
2023-05-01,Tech,0.08164678571428569
2023-05-02,Tech,0.12506565079365078
2023-05-03,Tech,0.06573500000000002
2023-05-04,Tech,0.13033818769465827
2023-05-05,Tech,0.0601307380952381
2023-05-08,Tech,0.016181428571428572
2023-05-09,Tech,0.18701799999999996
2023-05-10,Tech,-0.01104707692307692
2023-05-11,Tech,0.137368
2023-05-12,Tech,0.0712515909090909
2023-05-15,Tech,0.09276999999999999
2023-05-16,Tech,0.20090772727272727
2023-05-17,Tech,0.10348733333333335
2023-05-18,Tech,0.15083445454545455
2023-05-19,Tech,0.10323777777777779
2023-05-22,Tech,0.27809441176470584
2023-05-23,Tech,0.012380465201465204
2023-05-24,Tech,0.2326037142857143
2023-05-25,Tech,0.049232333333333336
2023-05-26,Tech,0.21005128205128204
2023-05-30,Tech,0.13803398373983738
2023-05-31,Tech,0.10624734542796388
2023-06-01,Tech,0.08418798996655519
2023-06-02,Tech,0.20056519519519522
2023-06-05,Tech,0.08336
2023-06-06,Tech,0.08772548701298702
2023-06-07,Tech,0.024076476190476183
2023-06-08,Tech,0.15710733333333332
2023-06-09,Tech,0.09630837229437231
2023-06-12,Tech,0.08105735087719299
2023-06-13,Tech,0.13094705555555558
2023-06-14,Tech,0.10218560784313727
2023-06-15,Tech,0.21899588677576295
2023-06-16,Tech,0.15664539065772937
2023-06-20,Tech,0.15690141304347827
2023-06-21,Tech,0.09135363475177305
2023-06-22,Tech,0.0015935555555555703
2023-06-23,Tech,0.08610095238095238
2023-06-26,Tech,0.13422515873015872
2023-06-27,Tech,0.167956886002886
2023-06-28,Tech,0.1843688888888889
2023-06-29,Tech,0.04374526577439777
2023-06-30,Tech,0.09166496428571429
2023-07-03,Tech,0.08432582795698926
2023-07-05,Tech,0.30109800000000003
2023-07-06,Tech,0.14857695238095237
2023-07-07,Tech,0.03968513375513376
2023-07-10,Tech,-0.009489166666666665
2023-07-11,Tech,0.12588124189261032
2023-07-12,Tech,0.08374382051282053
2023-07-13,Tech,0.12625331216931218
2023-07-14,Tech,0.16609888888888888
2023-07-17,Tech,0.13115657692307695
2023-07-18,Tech,0.1388876043956044
2023-07-19,Tech,0.2730859420289855
2023-07-20,Tech,0.20270208333333334
2023-07-21,Tech,0.061353314685314686
2023-07-24,Tech,0.07449216161616161
2023-07-25,Tech,0.17200590909090907
2023-07-26,Tech,0.03225666666666667
2023-07-27,Tech,0.09763680769230769
2023-07-28,Tech,0.14125486628734
2023-07-31,Tech,0.2550631514913658
2023-08-01,Tech,0.20770340277777777
2023-08-02,Tech,0.24063915686274512
2023-08-03,Tech,0.02243408354646207
2023-08-04,Tech,0.07339265993265993
2023-08-07,Tech,0.07711483333333334
2023-08-08,Tech,0.033655476190476194
2023-08-09,Tech,0.13904333333333332
2023-08-10,Tech,0.13300033333333333
2023-08-11,Tech,0.0408415294117647
2023-08-14,Tech,0.15160999999999997
2023-08-15,Tech,0.16256621933621934
2023-08-16,Tech,0.15424557142857145
2023-08-17,Tech,0.11779747474747478
2023-08-18,Tech,0.07150522181522181
2023-08-21,Tech,0.17453366666666667
2023-08-22,Tech,0.034053342175066316
2023-08-23,Tech,0.08179440476190475
2023-08-24,Tech,0.19434324675324674
2023-08-25,Tech,0.13640984840119624
2023-08-28,Tech,0.0778331914893617
2023-08-29,Tech,0.17413623137146544
2023-08-30,Tech,0.1579212857142857
2023-08-31,Tech,0.1424726050420168
2023-09-01,Tech,0.08118600000000001
2023-09-05,Tech,0.19261142857142854
2023-09-06,Tech,0.21569096190476192
2023-09-07,Tech,0.10027040000000001
2023-09-08,Tech,0.14428054166666665
2023-09-11,Tech,0.08380878010878011
2023-09-12,Tech,0.23530767598343685
2023-09-13,Tech,0.0496238
2023-09-14,Tech,0.3605480952380952
2023-09-15,Tech,0.18598128703703704
2023-09-18,Tech,0.001314663978494629
2023-09-19,Tech,0.15333518584863412
2023-09-20,Tech,0.10618083333333332
2023-09-21,Tech,0.02530825396825397
2023-09-22,Tech,0.17043945833333332
2023-09-25,Tech,0.082155
2023-09-26,Tech,0.0731880647130647
2023-09-27,Tech,0.029903333333333348
2023-09-28,Tech,0.12218346666666666
2023-09-29,Tech,0.0017047179487179487
2023-10-02,Tech,0.05941240259740259
2023-10-03,Tech,0.21096989876789873
2023-10-04,Tech,0.2262712393162393
2023-10-05,Tech,0.0974832923076923
2023-10-06,Tech,0.23226358974358977
2023-10-09,Tech,0.05176802197802198
2023-10-10,Tech,0.11928142477405637
2023-10-11,Tech,0.13420573626373627
2023-10-12,Tech,0.20971361327561328
2023-10-13,Tech,0.09035119999999999
2023-10-16,Tech,0.17067235714285717
2023-10-17,Tech,0.12818219047619048
2023-10-18,Tech,0.09961687897551365
2023-10-19,Tech,0.03752709600477042
2023-10-20,Tech,0.10296429487179486
2023-10-23,Tech,0.12929288647342996
2023-10-24,Tech,0.14168733796296296
2023-10-25,Tech,0.1754365034965035
2023-10-26,Tech,0.14396690935672513
2023-10-27,Tech,0.19421578151260502
2023-10-30,Tech,0.1918405553067622
2023-10-31,Tech,0.047011827505827504
2023-11-01,Tech,0.11588184819734344
2023-11-02,Tech,0.12064029330572809
2023-11-03,Tech,0.2189452444444444
2023-11-06,Tech,0.20967133333333332
2023-11-07,Tech,0.20005931168831168
2023-11-08,Tech,0.39508959595959603
2023-11-09,Tech,0.06565369047619049
2023-11-10,Tech,0.28133314285714284
2023-11-13,Tech,0.27096864492753625
2023-11-14,Tech,0.1644005925925926
2023-11-15,Tech,0.26603498798328107
2023-11-16,Tech,0.07132245310245311
2023-11-17,Tech,0.11535285714285715
2023-11-20,Tech,0.1649718666666667
2023-11-21,Tech,0.22976037825059104
2023-11-22,Tech,0.17416795321637427
2023-11-24,Tech,0.12066582352941177
2023-11-27,Tech,0.10089526936026935
2023-11-28,Tech,0.17366743464052287
2023-11-29,Tech,0.16208500000000003
2023-11-30,Tech,0.21714964285714283
2023-12-01,Tech,0.10492709523809522
2023-12-04,Tech,0.07688925490196079
2023-12-05,Tech,0.17758182913165266
2023-12-06,Tech,0.1491254901960784
2023-12-07,Tech,0.1921096111111111
2023-12-08,Tech,0.13430732380952382
2023-12-11,Tech,0.18942704796816084
2023-12-12,Tech,0.126104306122449
2023-12-13,Tech,0.11417313492063492
2023-12-14,Tech,0.17863942156862744
2023-12-15,Tech,0.14098675
2023-12-18,Tech,0.10634741414141413
2023-12-19,Tech,0.11083775510204083
2023-12-20,Tech,0.037713333333333335
2023-12-21,Tech,-0.013716
2023-12-22,Tech,0.0314725
2023-12-26,Tech,0.033412
2023-12-27,Tech,0.038876
2023-12-28,Tech,0.032965
2023-12-29,Tech,0.01626
2020-01-02,Utilities,0.0
2020-01-03,Utilities,0.15012
2020-01-06,Utilities,0.12046000000000001
2020-01-07,Utilities,0.06309000000000001
2020-01-08,Utilities,0.1486
2020-01-09,Utilities,0.16784000000000002
2020-01-10,Utilities,0.08728
2020-01-13,Utilities,0.21029666666666666
2020-01-14,Utilities,0.01984666666666667
2020-01-15,Utilities,0.17139000000000001
2020-01-16,Utilities,0.07705999999999999
2020-01-17,Utilities,0.09728833333333334
2020-01-21,Utilities,0.14199911111111113
2020-01-22,Utilities,0.22716250000000002
2020-01-23,Utilities,0.12403166666666668
2020-01-24,Utilities,0.00344
2020-01-27,Utilities,0.2465130980392157
2020-01-28,Utilities,-0.023980317460317455
2020-01-29,Utilities,0.08054399999999999
2020-01-30,Utilities,0.132215
2020-01-31,Utilities,0.182388
2020-02-03,Utilities,0.12404666666666667
2020-02-04,Utilities,0.2244166666666667
2020-02-05,Utilities,0.16967000000000002
2020-02-06,Utilities,0.025580000000000002
2020-02-07,Utilities,0.16854666666666668
2020-02-10,Utilities,0.15867
2020-02-11,Utilities,0.16246166666666667
2020-02-12,Utilities,0.16846285714285714
2020-02-13,Utilities,0.2905877777777778
2020-02-14,Utilities,0.20865133333333336
2020-02-18,Utilities,0.169568
2020-02-19,Utilities,0.24701111111111107
2020-02-20,Utilities,0.10590363636363635
2020-02-21,Utilities,0.16279158974358973
2020-02-24,Utilities,0.172392
2020-02-25,Utilities,0.065248
2020-02-26,Utilities,0.20769166666666666
2020-02-27,Utilities,0.13225
2020-02-28,Utilities,0.33334
2020-03-02,Utilities,-0.06817833333333331
2020-03-03,Utilities,0.2860853333333333
2020-03-04,Utilities,0.05112
2020-03-05,Utilities,0.46804933333333326
2020-03-06,Utilities,0.11803333333333332
2020-03-09,Utilities,0.12304000000000001
2020-03-10,Utilities,-0.16273833333333335
2020-03-11,Utilities,0.24793000000000004
2020-03-12,Utilities,-0.010433333333333333
2020-03-13,Utilities,-0.00854030952380952
2020-03-16,Utilities,0.23210999999999998
2020-03-17,Utilities,0.19378285714285717
2020-03-18,Utilities,0.16800333333333334
2020-03-19,Utilities,0.30300000000000005
2020-03-20,Utilities,0.19024
2020-03-23,Utilities,0.09774666666666666
2020-03-24,Utilities,0.08009028571428571
2020-03-25,Utilities,0.15579333333333334
2020-03-26,Utilities,0.33977666666666667
2020-03-27,Utilities,0.191635
2020-03-30,Utilities,0.30649533333333323
2020-03-31,Utilities,0.2569171428571429
2020-04-01,Utilities,-0.146975
2020-04-02,Utilities,-0.08232500000000001
2020-04-03,Utilities,0.09021
2020-04-06,Utilities,0.22052
2020-04-07,Utilities,0.35153333333333336
2020-04-08,Utilities,0.17898966666666666
2020-04-09,Utilities,0.05085333333333333
2020-04-13,Utilities,0.43423999999999996
2020-04-14,Utilities,0.05603142857142858
2020-04-15,Utilities,0.17246742857142855
2020-04-16,Utilities,0.034515
2020-04-17,Utilities,0.23085499999999998
2020-04-20,Utilities,0.3043692857142857
2020-04-21,Utilities,0.05669533333333334
2020-04-22,Utilities,-0.11553
2020-04-23,Utilities,0.017228717948717946
2020-04-24,Utilities,0.149288
2020-04-27,Utilities,-0.01965
2020-04-28,Utilities,0.21622
2020-04-29,Utilities,0.17693
2020-04-30,Utilities,0.05631333333333334
2020-05-01,Utilities,0.10707200000000001
2020-05-04,Utilities,0.11097749999999999
2020-05-05,Utilities,0.186185
2020-05-06,Utilities,0.24600249999999999
2020-05-07,Utilities,0.122976
2020-05-08,Utilities,0.18297000000000002
2020-05-11,Utilities,0.07975145454545454
2020-05-12,Utilities,0.141925
2020-05-13,Utilities,0.1561261111111111
2020-05-14,Utilities,0.2223066666666667
2020-05-15,Utilities,0.154555
2020-05-18,Utilities,0.30162500000000003
2020-05-19,Utilities,0.10943833333333335
2020-05-20,Utilities,0.5587599999999999
2020-05-21,Utilities,-0.10533999999999999
2020-05-22,Utilities,0.3237493333333334
2020-05-26,Utilities,0.022758333333333335
2020-05-27,Utilities,0.20335
2020-05-28,Utilities,0.11778
2020-05-29,Utilities,0.188388
2020-06-01,Utilities,0.16656333333333334
2020-06-02,Utilities,0.09531333333333335
2020-06-03,Utilities,0.130425
2020-06-04,Utilities,0.0
2020-06-05,Utilities,-0.027303999999999995
2020-06-08,Utilities,0.10462
2020-06-09,Utilities,0.05464
2020-06-10,Utilities,0.31132
2020-06-11,Utilities,0.11782
2020-06-12,Utilities,0.0
2020-06-15,Utilities,0.09289
2020-06-16,Utilities,0.21332
2020-06-17,Utilities,0.16722
2020-06-18,Utilities,-0.05832
2020-06-19,Utilities,0.09851
2020-06-22,Utilities,0.25393999999999994
2020-06-23,Utilities,0.02151000000000001
2020-06-24,Utilities,0.05722000000000001
2020-06-25,Utilities,0.03558
2020-06-26,Utilities,0.06809
2020-06-29,Utilities,0.11148
2020-06-30,Utilities,0.05464
2020-07-01,Utilities,0.03182
2020-07-02,Utilities,0.20373999999999998
2020-07-06,Utilities,0.32296
2020-07-07,Utilities,0.16999536231884058
2020-07-08,Utilities,-0.012640000000000007
2020-07-09,Utilities,-0.07251333333333335
2020-07-10,Utilities,0.10533999999999999
2020-07-13,Utilities,0.19276
2020-07-14,Utilities,0.020560000000000005
2020-07-15,Utilities,0.10928
2020-07-16,Utilities,0.32816999999999996
2020-07-17,Utilities,0.27852
2020-07-20,Utilities,0.21832000000000001
2020-07-21,Utilities,0.028043333333333326
2020-07-22,Utilities,0.05516
2020-07-23,Utilities,0.0
2020-07-24,Utilities,0.06386
2020-07-27,Utilities,0.1691133333333333
2020-07-28,Utilities,-0.015360000000000002
2020-07-29,Utilities,0.03469
2020-07-30,Utilities,0.10754
2020-07-31,Utilities,0.08253999999999999
2020-08-03,Utilities,0.08049333333333333
2020-08-04,Utilities,0.15765333333333334
2020-08-05,Utilities,0.23076999999999998
2020-08-06,Utilities,0.03558
2020-08-07,Utilities,0.029740000000000006
2020-08-10,Utilities,0.0
2020-08-11,Utilities,0.030903333333333328
2020-08-12,Utilities,0.17962
2020-08-13,Utilities,0.11735999999999998
2020-08-14,Utilities,0.0
2020-08-17,Utilities,0.24996000000000002
2020-08-18,Utilities,0.22233999999999998
2020-08-19,Utilities,0.09152
2020-08-20,Utilities,0.0
2020-08-21,Utilities,0.18508
2020-08-24,Utilities,0.14897
2020-08-25,Utilities,-0.010460000000000002
2020-08-26,Utilities,0.12264
2020-08-27,Utilities,0.275312
2020-08-28,Utilities,0.0866
2020-08-31,Utilities,0.0
2020-09-01,Utilities,0.042833333333333334
2020-09-02,Utilities,0.0
2020-09-03,Utilities,0.35184000000000004
2020-09-04,Utilities,0.13613
2020-09-08,Utilities,0.08808
2020-09-09,Utilities,-0.16480571428571428
2020-09-10,Utilities,0.1486
2020-09-11,Utilities,-0.00516
2020-09-14,Utilities,0.09176
2020-09-15,Utilities,0.103805
2020-09-16,Utilities,0.006906666666666667
2020-09-17,Utilities,0.047685
2020-09-18,Utilities,0.0
2020-09-21,Utilities,-0.01032
2020-09-22,Utilities,0.10846
2020-09-23,Utilities,0.12498000000000001
2020-09-24,Utilities,0.0
2020-09-25,Utilities,-0.00516
2020-09-28,Utilities,0.0
2020-09-29,Utilities,0.07046
2020-09-30,Utilities,0.09878
2020-10-01,Utilities,0.23742000000000002
2020-10-02,Utilities,0.17616
2020-10-05,Utilities,0.29968000000000006
2020-10-06,Utilities,0.24354499999999998
2020-10-07,Utilities,0.19534
2020-10-08,Utilities,0.18553999999999998
2020-10-09,Utilities,-0.01032
2020-10-12,Utilities,0.07116
2020-10-13,Utilities,0.19068000000000002
2020-10-14,Utilities,-0.009199999999999996
2020-10-15,Utilities,0.16392
2020-10-16,Utilities,0.11148
2020-10-19,Utilities,0.0
2020-10-20,Utilities,0.096545
2020-10-21,Utilities,-0.0077399999999999995
2020-10-22,Utilities,0.13585
2020-10-23,Utilities,0.09413999999999999
2020-10-26,Utilities,0.10312333333333334
2020-10-27,Utilities,0.02161
2020-10-28,Utilities,0.09478
2020-10-29,Utilities,-0.00516
2020-10-30,Utilities,0.08317
2020-11-02,Utilities,0.07938
2020-11-03,Utilities,-0.016522499999999996
2020-11-04,Utilities,0.05574
2020-11-05,Utilities,0.050144999999999995
2020-11-06,Utilities,0.32872
2020-11-09,Utilities,0.14980000000000002
2020-11-10,Utilities,0.0675542857142857
2020-11-11,Utilities,0.05
2020-11-12,Utilities,0.05616
2020-11-13,Utilities,0.20187999999999998
2020-11-16,Utilities,0.0
2020-11-17,Utilities,-0.08994
2020-11-18,Utilities,0.0
2020-11-19,Utilities,0.12498000000000001
2020-11-20,Utilities,0.0089
2020-11-23,Utilities,0.016293333333333333
2020-11-24,Utilities,0.12288666666666667
2020-11-25,Utilities,0.10533999999999999
2020-11-27,Utilities,0.15036666666666668
2020-11-30,Utilities,0.13616
2020-12-01,Utilities,0.1437
2020-12-02,Utilities,0.05464
2020-12-03,Utilities,0.22031
2020-12-04,Utilities,0.0
2020-12-07,Utilities,0.13334000000000001
2020-12-08,Utilities,0.05
2020-12-09,Utilities,0.27548000000000006
2020-12-10,Utilities,0.16132
2020-12-11,Utilities,0.06106666666666667
2020-12-14,Utilities,0.028099999999999997
2020-12-15,Utilities,0.07838
2020-12-16,Utilities,0.0
2020-12-17,Utilities,0.0
2020-12-18,Utilities,0.16032
2020-12-21,Utilities,0.05464
2020-12-22,Utilities,0.21322999999999998
2020-12-23,Utilities,0.02732
2020-12-24,Utilities,0.10464
2020-12-28,Utilities,0.0
2020-12-29,Utilities,0.28163
2020-12-30,Utilities,0.0
2020-12-31,Utilities,0.00516
2021-01-04,Utilities,0.0843
2021-01-05,Utilities,0.03476
2021-01-06,Utilities,0.18142
2021-01-07,Utilities,0.0
2021-01-08,Utilities,0.05464
2021-01-11,Utilities,0.10117000000000001
2021-01-12,Utilities,0.13816
2021-01-13,Utilities,0.24503
2021-01-14,Utilities,0.13841333333333333
2021-01-15,Utilities,-0.08038
2021-01-19,Utilities,0.08808
2021-01-20,Utilities,0.025
2021-01-21,Utilities,0.09694
2021-01-22,Utilities,-0.00516
2021-01-25,Utilities,0.09478
2021-01-26,Utilities,0.14407999999999999
2021-01-27,Utilities,0.056735
2021-01-28,Utilities,0.31038000000000004
2021-01-29,Utilities,0.22772
2021-02-01,Utilities,0.18858000000000003
2021-02-02,Utilities,0.0993
2021-02-03,Utilities,0.05464
2021-02-04,Utilities,0.08618333333333332
2021-02-05,Utilities,0.054459999999999995
2021-02-08,Utilities,0.06764
2021-02-09,Utilities,0.08591
2021-02-10,Utilities,0.05464
2021-02-11,Utilities,0.12961
2021-02-12,Utilities,-0.014700000000000001
2021-02-16,Utilities,0.118112
2021-02-17,Utilities,0.371086
2021-02-18,Utilities,0.28409999999999996
2021-02-19,Utilities,0.21747333333333332
2021-02-22,Utilities,0.2403
2021-02-23,Utilities,0.15154666666666666
2021-02-24,Utilities,0.16279333333333335
2021-02-25,Utilities,-0.03632
2021-02-26,Utilities,0.0
2021-03-01,Utilities,-0.06952
2021-03-02,Utilities,-0.008600000000000007
2021-03-03,Utilities,-0.06648
2021-03-04,Utilities,0.03558
2021-03-05,Utilities,0.10826
2021-03-08,Utilities,0.04066
2021-03-09,Utilities,0.012490000000000001
2021-03-10,Utilities,-0.049019999999999994
2021-03-11,Utilities,0.15676
2021-03-12,Utilities,0.0
2021-03-15,Utilities,0.21971999999999997
2021-03-16,Utilities,0.22546
2021-03-17,Utilities,0.06704
2021-03-18,Utilities,0.0
2021-03-19,Utilities,0.06364
2021-03-22,Utilities,0.0
2021-03-23,Utilities,0.0
2021-03-24,Utilities,0.02732
2021-03-25,Utilities,0.0
2021-03-26,Utilities,0.20174666666666666
2021-03-29,Utilities,0.059199999999999996
2021-03-30,Utilities,0.234035
2021-03-31,Utilities,0.07636
2021-04-01,Utilities,0.05
2021-04-05,Utilities,0.045733333333333334
2021-04-06,Utilities,0.09157333333333333
2021-04-07,Utilities,0.0
2021-04-08,Utilities,0.05464
2021-04-09,Utilities,0.22876
2021-04-12,Utilities,0.05464
2021-04-13,Utilities,0.3184
2021-04-14,Utilities,0.05433333333333333
2021-04-15,Utilities,0.36255
2021-04-16,Utilities,0.07419
2021-04-19,Utilities,0.0
2021-04-20,Utilities,0.029764000000000006
2021-04-21,Utilities,0.1928
2021-04-22,Utilities,0.14244857142857142
2021-04-23,Utilities,0.16732
2021-04-26,Utilities,0.10404
2021-04-27,Utilities,0.11042
2021-04-28,Utilities,0.17175
2021-04-29,Utilities,0.12439
2021-04-30,Utilities,0.04019
2021-05-03,Utilities,0.21949000000000002
2021-05-04,Utilities,0.14422000000000001
2021-05-05,Utilities,0.25087000000000004
2021-05-06,Utilities,0.042519999999999995
2021-05-07,Utilities,0.0
2021-05-10,Utilities,0.13888
2021-05-11,Utilities,0.36039714285714286
2021-05-12,Utilities,0.0
2021-05-13,Utilities,0.23815999999999998
2021-05-14,Utilities,0.11438
2021-05-17,Utilities,0.09878
2021-05-18,Utilities,0.05682
2021-05-19,Utilities,0.068
2021-05-20,Utilities,0.13816
2021-05-21,Utilities,0.21022
2021-05-24,Utilities,0.17902
2021-05-25,Utilities,0.15552666666666667
2021-05-26,Utilities,0.05
2021-05-27,Utilities,0.08176
2021-05-28,Utilities,0.13506
2021-06-01,Utilities,0.05464
2021-06-02,Utilities,0.12061
2021-06-03,Utilities,0.28832
2021-06-04,Utilities,0.0
2021-06-07,Utilities,0.12362999999999999
2021-06-08,Utilities,0.0
2021-06-09,Utilities,0.1353
2021-06-10,Utilities,0.05
2021-06-11,Utilities,0.0
2021-06-14,Utilities,0.0
2021-06-15,Utilities,0.161145
2021-06-16,Utilities,0.12498000000000001
2021-06-17,Utilities,0.0
2021-06-18,Utilities,0.08038
2021-06-21,Utilities,0.0
2021-06-22,Utilities,0.128155
2021-06-23,Utilities,0.0
2021-06-24,Utilities,-0.05519
2021-06-25,Utilities,0.21696
2021-06-28,Utilities,0.15928
2021-06-29,Utilities,0.27283
2021-06-30,Utilities,0.17564000000000002
2021-07-01,Utilities,0.06111
2021-07-02,Utilities,0.022420000000000002
2021-07-06,Utilities,0.05
2021-07-07,Utilities,0.08856
2021-07-08,Utilities,0.07636
2021-07-09,Utilities,0.12457
2021-07-12,Utilities,0.02732
2021-07-13,Utilities,0.06646
2021-07-14,Utilities,0.06456
2021-07-15,Utilities,0.068
2021-07-16,Utilities,-0.06364
2021-07-19,Utilities,0.1984766666666667
2021-07-20,Utilities,0.02894
2021-07-21,Utilities,0.11383999999999998
2021-07-22,Utilities,-0.03698
2021-07-23,Utilities,0.040834999999999996
2021-07-26,Utilities,0.10084000000000001
2021-07-27,Utilities,0.3434433333333334
2021-07-28,Utilities,0.0
2021-07-29,Utilities,0.0
2021-07-30,Utilities,0.13552999999999998
2021-08-02,Utilities,0.059199999999999996
2021-08-03,Utilities,-0.05227
2021-08-04,Utilities,0.068
2021-08-05,Utilities,0.04939
2021-08-06,Utilities,0.2583133333333333
2021-08-09,Utilities,0.069015
2021-08-10,Utilities,0.15547
2021-08-11,Utilities,0.14616
2021-08-12,Utilities,0.02732
2021-08-13,Utilities,0.02188
2021-08-16,Utilities,0.14579999999999999
2021-08-17,Utilities,0.1863466666666667
2021-08-18,Utilities,0.07636
2021-08-19,Utilities,0.0
2021-08-20,Utilities,0.0
2021-08-23,Utilities,0.30866
2021-08-24,Utilities,-0.009660000000000002
2021-08-25,Utilities,-0.05409333333333333
2021-08-26,Utilities,0.00464
2021-08-27,Utilities,0.0
2021-08-30,Utilities,0.0
2021-08-31,Utilities,0.21960000000000002
2021-09-01,Utilities,-0.08183
2021-09-02,Utilities,0.09932
2021-09-03,Utilities,0.12264
2021-09-07,Utilities,0.0
2021-09-08,Utilities,0.07617
2021-09-09,Utilities,0.0
2021-09-10,Utilities,0.0
2021-09-13,Utilities,0.14972000000000002
2021-09-14,Utilities,0.05855333333333333
2021-09-15,Utilities,0.0433
2021-09-16,Utilities,0.43908
2021-09-17,Utilities,0.09696000000000002
2021-09-20,Utilities,-0.06364
2021-09-21,Utilities,0.09749
2021-09-22,Utilities,0.08223
2021-09-23,Utilities,0.14781
2021-09-24,Utilities,0.14817
2021-09-27,Utilities,0.0
2021-09-28,Utilities,0.270855
2021-09-29,Utilities,-0.039080000000000004
2021-09-30,Utilities,0.052669999999999995
2021-10-01,Utilities,-0.11401333333333333
2021-10-04,Utilities,0.0
2021-10-05,Utilities,-0.04310666666666666
2021-10-06,Utilities,0.004865
2021-10-07,Utilities,0.0
2021-10-08,Utilities,0.09534000000000001
2021-10-11,Utilities,0.0
2021-10-12,Utilities,0.16117333333333334
2021-10-13,Utilities,0.0
2021-10-14,Utilities,-0.0843
2021-10-15,Utilities,-0.012869999999999998
2021-10-18,Utilities,0.22462
2021-10-19,Utilities,0.058510000000000006
2021-10-20,Utilities,0.09532
2021-10-21,Utilities,0.18948800000000002
2021-10-22,Utilities,0.0
2021-10-25,Utilities,0.14152
2021-10-26,Utilities,0.13560666666666668
2021-10-27,Utilities,0.04432
2021-10-28,Utilities,0.04215
2021-10-29,Utilities,-0.09315
2021-11-01,Utilities,0.05
2021-11-02,Utilities,0.17616
2021-11-03,Utilities,0.0
2021-11-04,Utilities,0.012880000000000008
2021-11-05,Utilities,0.12441499999999998
2021-11-08,Utilities,0.10458
2021-11-09,Utilities,0.05464
2021-11-10,Utilities,-0.021679999999999994
2021-11-11,Utilities,0.0
2021-11-12,Utilities,-0.00516
2021-11-15,Utilities,0.0843
2021-11-16,Utilities,0.31252
2021-11-17,Utilities,0.04046
2021-11-18,Utilities,0.15012
2021-11-19,Utilities,0.059199999999999996
2021-11-22,Utilities,0.14368
2021-11-23,Utilities,0.14478666666666667
2021-11-24,Utilities,0.0
2021-11-26,Utilities,0.059199999999999996
2021-11-29,Utilities,0.0
2021-11-30,Utilities,0.047409999999999994
2021-12-01,Utilities,0.13795000000000002
2021-12-02,Utilities,0.02732
2021-12-03,Utilities,-0.00516
2021-12-06,Utilities,0.17164
2021-12-07,Utilities,0.18444
2021-12-08,Utilities,0.16999
2021-12-09,Utilities,-0.05464
2021-12-10,Utilities,0.0
2021-12-13,Utilities,0.059199999999999996
2021-12-14,Utilities,0.13398000000000002
2021-12-15,Utilities,0.11326
2021-12-16,Utilities,0.05464
2021-12-17,Utilities,0.01544
2021-12-20,Utilities,0.0
2021-12-21,Utilities,0.17284000000000002
2021-12-22,Utilities,0.22972
2021-12-23,Utilities,-0.00516
2021-12-27,Utilities,0.09152
2021-12-28,Utilities,-0.02023
2021-12-29,Utilities,0.0
2021-12-30,Utilities,0.13727
2021-12-31,Utilities,0.16917
2022-01-03,Utilities,0.04948
2022-01-04,Utilities,0.04637
2022-01-05,Utilities,0.20901999999999998
2022-01-06,Utilities,0.08479999999999999
2022-01-07,Utilities,0.06364
2022-01-10,Utilities,0.09372
2022-01-11,Utilities,0.36970000000000003
2022-01-12,Utilities,0.05848
2022-01-13,Utilities,0.0
2022-01-14,Utilities,0.16050999999999999
2022-01-18,Utilities,0.12938
2022-01-19,Utilities,0.3940133333333333
2022-01-20,Utilities,0.20731666666666665
2022-01-21,Utilities,0.29667
2022-01-24,Utilities,0.16798333333333332
2022-01-25,Utilities,0.12165
2022-01-26,Utilities,0.26056666666666667
2022-01-27,Utilities,0.20264000000000001
2022-01-28,Utilities,0.3231066666666667
2022-01-31,Utilities,0.23550666666666667
2022-02-01,Utilities,0.17548000000000002
2022-02-02,Utilities,0.33189
2022-02-03,Utilities,0.16293
2022-02-04,Utilities,0.27824
2022-02-07,Utilities,0.27756000000000003
2022-02-08,Utilities,0.13826
2022-02-09,Utilities,0.14592999999999998
2022-02-10,Utilities,0.21778
2022-02-11,Utilities,0.24888199999999996
2022-02-14,Utilities,0.16396799999999997
2022-02-15,Utilities,0.31188
2022-02-16,Utilities,0.29472
2022-02-17,Utilities,0.11064666666666667
2022-02-18,Utilities,0.14516333333333337
2022-02-22,Utilities,0.04971
2022-02-23,Utilities,0.06724
2022-02-24,Utilities,0.06254333333333333
2022-02-25,Utilities,0.09406666666666666
2022-02-28,Utilities,0.068
2022-03-01,Utilities,0.1865666666666667
2022-03-02,Utilities,0.29245666666666664
2022-03-03,Utilities,0.0
2022-03-04,Utilities,0.03558
2022-03-07,Utilities,0.13472333333333333
2022-03-08,Utilities,0.16214
2022-03-09,Utilities,0.023079999999999996
2022-03-10,Utilities,0.00469
2022-03-11,Utilities,0.0598
2022-03-14,Utilities,0.11148
2022-03-15,Utilities,0.054746666666666666
2022-03-16,Utilities,0.0951
2022-03-17,Utilities,0.12
2022-03-18,Utilities,0.03066
2022-03-21,Utilities,0.07636
2022-03-22,Utilities,0.06537
2022-03-23,Utilities,0.20556999999999997
2022-03-24,Utilities,0.05464
2022-03-25,Utilities,0.1
2022-03-28,Utilities,0.032189999999999996
2022-03-29,Utilities,0.24204799999999999
2022-03-30,Utilities,0.043547999999999996
2022-03-31,Utilities,0.33781999999999995
2022-04-01,Utilities,0.22201999999999997
2022-04-04,Utilities,0.07669333333333332
2022-04-05,Utilities,0.11148
2022-04-06,Utilities,0.10846
2022-04-07,Utilities,0.23459
2022-04-08,Utilities,0.12603999999999999
2022-04-11,Utilities,0.0
2022-04-12,Utilities,0.15800999999999998
2022-04-13,Utilities,0.28575999999999996
2022-04-14,Utilities,0.08038
2022-04-18,Utilities,0.08062
2022-04-19,Utilities,0.10678000000000001
2022-04-20,Utilities,0.2023
2022-04-21,Utilities,-0.02054
2022-04-22,Utilities,0.17084833333333332
2022-04-25,Utilities,0.15325066666666665
2022-04-26,Utilities,0.30218999999999996
2022-04-27,Utilities,0.32748
2022-04-28,Utilities,0.03858
2022-04-29,Utilities,0.24204166666666665
2022-05-02,Utilities,0.18314333333333335
2022-05-03,Utilities,0.11354899999999998
2022-05-04,Utilities,0.37367999999999996
2022-05-05,Utilities,0.11011523809523809
2022-05-06,Utilities,0.20894166666666666
2022-05-09,Utilities,0.091612
2022-05-10,Utilities,0.09391000000000001
2022-05-11,Utilities,0.0
2022-05-12,Utilities,0.10275999999999999
2022-05-13,Utilities,0.055055
2022-05-16,Utilities,0.13191999999999998
2022-05-17,Utilities,0.10464
2022-05-18,Utilities,0.3266
2022-05-19,Utilities,-0.01032
2022-05-20,Utilities,0.12344999999999999
2022-05-23,Utilities,0.03753333333333333
2022-05-24,Utilities,0.14992999999999998
2022-05-25,Utilities,0.088445
2022-05-26,Utilities,0.0999
2022-05-27,Utilities,0.0629
2022-05-31,Utilities,0.11438
2022-06-01,Utilities,0.21702666666666665
2022-06-02,Utilities,0.34697
2022-06-03,Utilities,0.21355
2022-06-06,Utilities,0.10629
2022-06-07,Utilities,0.08158666666666667
2022-06-08,Utilities,0.16079
2022-06-09,Utilities,0.20766
2022-06-10,Utilities,0.10476666666666667
2022-06-13,Utilities,0.23271000000000003
2022-06-14,Utilities,0.10102999999999998
2022-06-15,Utilities,0.10708500000000001
2022-06-16,Utilities,-0.00258
2022-06-17,Utilities,0.011319999999999983
2022-06-21,Utilities,0.16540000000000002
2022-06-22,Utilities,0.09759599999999999
2022-06-23,Utilities,0.4196533333333334
2022-06-24,Utilities,0.20303333333333332
2022-06-27,Utilities,0.04887999999999999
2022-06-28,Utilities,0.06938
2022-06-29,Utilities,0.18100666666666665
2022-06-30,Utilities,0.13638
2022-07-01,Utilities,0.13214
2022-07-05,Utilities,-0.038409999999999986
2022-07-06,Utilities,0.14653
2022-07-07,Utilities,0.24192
2022-07-08,Utilities,0.24919000000000002
2022-07-11,Utilities,0.12507000000000001
2022-07-12,Utilities,0.12365999999999999
2022-07-13,Utilities,0.0
2022-07-14,Utilities,0.08038
2022-07-15,Utilities,0.09498999999999999
2022-07-18,Utilities,0.17445399999999997
2022-07-19,Utilities,0.21675733333333333
2022-07-20,Utilities,0.2639633333333333
2022-07-21,Utilities,0.12219
2022-07-22,Utilities,0.08420000000000001
2022-07-25,Utilities,0.24652000000000002
2022-07-26,Utilities,0.104985
2022-07-27,Utilities,0.24182399999999998
2022-07-28,Utilities,0.296895
2022-07-29,Utilities,0.32587333333333335
2022-08-01,Utilities,0.316605
2022-08-02,Utilities,0.10137333333333334
2022-08-03,Utilities,0.069035
2022-08-04,Utilities,0.16822199999999998
2022-08-05,Utilities,0.3299923809523809
2022-08-08,Utilities,0.1519
2022-08-09,Utilities,0.19648433333333332
2022-08-10,Utilities,0.12124399999999999
2022-08-11,Utilities,0.28262
2022-08-12,Utilities,0.0024200000000000007
2022-08-15,Utilities,0.0951
2022-08-16,Utilities,0.17071
2022-08-17,Utilities,0.10172833333333331
2022-08-18,Utilities,0.22562
2022-08-19,Utilities,0.21475
2022-08-22,Utilities,0.06098
2022-08-23,Utilities,0.25887333333333334
2022-08-24,Utilities,0.04431999999999999
2022-08-25,Utilities,0.15181
2022-08-26,Utilities,0.10207999999999999
2022-08-29,Utilities,0.06531
2022-08-30,Utilities,0.28273000000000004
2022-08-31,Utilities,0.042785
2022-09-01,Utilities,0.13006
2022-09-02,Utilities,0.11444000000000001
2022-09-06,Utilities,0.07278
2022-09-07,Utilities,0.22901
2022-09-08,Utilities,0.1744
2022-09-09,Utilities,0.15871666666666667
2022-09-12,Utilities,0.23964999999999997
2022-09-13,Utilities,0.18836333333333333
2022-09-14,Utilities,0.015479999999999999
2022-09-15,Utilities,0.22635999999999998
2022-09-16,Utilities,0.2967366666666667
2022-09-19,Utilities,0.44486333333333333
2022-09-20,Utilities,0.15964399999999998
2022-09-21,Utilities,0.10763
2022-09-22,Utilities,0.20806
2022-09-23,Utilities,0.10939833333333333
2022-09-26,Utilities,0.11701999999999999
2022-09-27,Utilities,0.573846
2022-09-28,Utilities,0.11860333333333332
2022-09-29,Utilities,-0.05166666666666664
2022-09-30,Utilities,0.11438
2022-10-03,Utilities,0.01014
2022-10-04,Utilities,0.10052666666666668
2022-10-05,Utilities,0.09644000000000001
2022-10-06,Utilities,0.22468000000000005
2022-10-07,Utilities,0.1099
2022-10-10,Utilities,0.39336000000000004
2022-10-11,Utilities,0.20990000000000003
2022-10-12,Utilities,0.15818
2022-10-13,Utilities,0.011315
2022-10-14,Utilities,0.05464
2022-10-17,Utilities,0.22376666666666667
2022-10-18,Utilities,-0.09599
2022-10-19,Utilities,0.27172
2022-10-20,Utilities,0.04854
2022-10-21,Utilities,0.10788666666666666
2022-10-24,Utilities,0.15411499999999997
2022-10-25,Utilities,0.24379333333333336
2022-10-26,Utilities,0.2094933333333333
2022-10-27,Utilities,0.1501666666666667
2022-10-28,Utilities,0.02143533333333334
2022-10-31,Utilities,0.16589777777777778
2022-11-01,Utilities,0.4497766666666667
2022-11-02,Utilities,0.22283999999999998
2022-11-03,Utilities,0.23074
2022-11-04,Utilities,0.18716833333333333
2022-11-07,Utilities,0.22751599999999997
2022-11-08,Utilities,-0.08789999999999999
2022-11-09,Utilities,0.10464
2022-11-10,Utilities,0.10036
2022-11-11,Utilities,0.18967
2022-11-14,Utilities,0.10951999999999999
2022-11-15,Utilities,0.092765
2022-11-16,Utilities,0.059640000000000006
2022-11-17,Utilities,0.17495
2022-11-18,Utilities,0.0
2022-11-21,Utilities,0.059914999999999996
2022-11-22,Utilities,0.10149
2022-11-23,Utilities,0.02702
2022-11-25,Utilities,0.21939000000000003
2022-11-28,Utilities,0.16486
2022-11-29,Utilities,0.10921999999999998
2022-11-30,Utilities,0.09354
2022-12-01,Utilities,0.1212
2022-12-02,Utilities,0.19726000000000002
2022-12-05,Utilities,0.23506
2022-12-06,Utilities,0.18548499999999998
2022-12-07,Utilities,-0.01779
2022-12-08,Utilities,0.21692
2022-12-09,Utilities,-0.05
2022-12-12,Utilities,0.07700666666666667
2022-12-13,Utilities,0.26291000000000003
2022-12-14,Utilities,0.131915
2022-12-15,Utilities,0.0
2022-12-16,Utilities,0.32448
2022-12-19,Utilities,0.126895
2022-12-20,Utilities,0.16282333333333332
2022-12-21,Utilities,0.36794
2022-12-22,Utilities,0.20324
2022-12-23,Utilities,0.0
2022-12-27,Utilities,0.18114000000000002
2022-12-28,Utilities,0.09902133333333334
2022-12-29,Utilities,0.08196
2022-12-30,Utilities,-0.002079999999999993
2023-01-03,Utilities,0.07731999999999999
2023-01-04,Utilities,0.10846
2023-01-05,Utilities,0.18805999999999998
2023-01-06,Utilities,0.16146
2023-01-09,Utilities,0.009000000000000003
2023-01-10,Utilities,0.060270000000000004
2023-01-11,Utilities,-0.025
2023-01-12,Utilities,0.04752000000000001
2023-01-13,Utilities,0.13152000000000003
2023-01-17,Utilities,0.19360000000000002
2023-01-18,Utilities,0.17017
2023-01-19,Utilities,0.21461999999999998
2023-01-20,Utilities,0.16392
2023-01-23,Utilities,0.09038333333333333
2023-01-24,Utilities,0.22474333333333335
2023-01-25,Utilities,0.21930333333333332
2023-01-26,Utilities,0.259382
2023-01-27,Utilities,0.1838766666666667
2023-01-30,Utilities,0.22261999999999998
2023-01-31,Utilities,0.09622
2023-02-01,Utilities,0.21393666666666666
2023-02-02,Utilities,-0.02065
2023-02-03,Utilities,0.16215333333333332
2023-02-06,Utilities,0.3350533333333333
2023-02-07,Utilities,0.14066333333333333
2023-02-08,Utilities,0.19844
2023-02-09,Utilities,0.1706590909090909
2023-02-10,Utilities,0.23028749999999998
2023-02-13,Utilities,0.07186000000000001
2023-02-14,Utilities,0.17339166666666667
2023-02-15,Utilities,0.217674
2023-02-16,Utilities,0.17463
2023-02-17,Utilities,0.22902750000000002
2023-02-21,Utilities,0.20362
2023-02-22,Utilities,0.11854777777777778
2023-02-23,Utilities,0.11123000000000001
2023-02-24,Utilities,0.152248
2023-02-27,Utilities,0.148304
2023-02-28,Utilities,0.1946
2023-03-01,Utilities,0.18641999999999997
2023-03-02,Utilities,0.20476
2023-03-03,Utilities,0.05464
2023-03-06,Utilities,0.011400000000000004
2023-03-07,Utilities,0.12594
2023-03-08,Utilities,0.07814000000000002
2023-03-09,Utilities,-0.012954999999999994
2023-03-10,Utilities,0.029599999999999998
2023-03-13,Utilities,0.3015166666666667
2023-03-14,Utilities,0.129635
2023-03-15,Utilities,-0.002426666666666666
2023-03-16,Utilities,0.24762500000000004
2023-03-17,Utilities,0.1459
2023-03-20,Utilities,0.20077333333333333
2023-03-21,Utilities,0.12678666666666666
2023-03-22,Utilities,0.23293
2023-03-23,Utilities,0.05616
2023-03-24,Utilities,0.08629
2023-03-27,Utilities,0.13816
2023-03-28,Utilities,0.22311500000000004
2023-03-29,Utilities,0.341055
2023-03-30,Utilities,0.07731000000000002
2023-03-31,Utilities,0.22420999999999996
2023-04-03,Utilities,0.08037333333333332
2023-04-04,Utilities,0.24812000000000003
2023-04-05,Utilities,0.14489666666666667
2023-04-06,Utilities,0.08481666666666668
2023-04-10,Utilities,0.38079999999999997
2023-04-11,Utilities,0.21044800000000002
2023-04-12,Utilities,0.11091
2023-04-13,Utilities,0.1857066666666667
2023-04-14,Utilities,0.13490200000000002
2023-04-17,Utilities,0.14517000000000002
2023-04-18,Utilities,0.08454500000000001
2023-04-19,Utilities,0.12920466666666666
2023-04-20,Utilities,0.32321333333333335
2023-04-21,Utilities,0.14425733333333332
2023-04-24,Utilities,0.0086
2023-04-25,Utilities,0.0691523076923077
2023-04-26,Utilities,0.14513714285714285
2023-04-27,Utilities,0.27617619047619046
2023-04-28,Utilities,0.23340999999999998
2023-05-01,Utilities,0.13263333333333333
2023-05-02,Utilities,0.05027999999999999
2023-05-03,Utilities,0.16172666666666666
2023-05-04,Utilities,0.3149666666666667
2023-05-05,Utilities,0.076742
2023-05-08,Utilities,0.21693
2023-05-09,Utilities,0.25822
2023-05-10,Utilities,0.10794809523809523
2023-05-11,Utilities,0.22659333333333334
2023-05-12,Utilities,0.2777266666666667
2023-05-15,Utilities,0.15787500000000002
2023-05-16,Utilities,0.23837999999999998
2023-05-17,Utilities,0.14941
2023-05-18,Utilities,0.049640000000000004
2023-05-19,Utilities,0.10533999999999999
2023-05-22,Utilities,0.13228
2023-05-23,Utilities,0.1113
2023-05-24,Utilities,-0.07224
2023-05-25,Utilities,0.13824
2023-05-26,Utilities,0.03818
2023-05-30,Utilities,0.13244
2023-05-31,Utilities,0.11658666666666666
2023-06-01,Utilities,0.07782
2023-06-02,Utilities,0.19994
2023-06-05,Utilities,0.17678
2023-06-06,Utilities,0.18847666666666668
2023-06-07,Utilities,0.0
2023-06-08,Utilities,0.23113999999999998
2023-06-09,Utilities,0.12667199999999998
2023-06-12,Utilities,0.22108833333333333
2023-06-13,Utilities,0.12461000000000003
2023-06-14,Utilities,0.06226133333333335
2023-06-15,Utilities,0.17525000000000002
2023-06-16,Utilities,0.022670000000000003
2023-06-20,Utilities,0.24855999999999998
2023-06-21,Utilities,-0.041125
2023-06-22,Utilities,0.14594833333333335
2023-06-23,Utilities,0.23759333333333332
2023-06-26,Utilities,0.09684333333333332
2023-06-27,Utilities,0.18180933333333335
2023-06-28,Utilities,0.24093500000000004
2023-06-29,Utilities,0.016293333333333333
2023-06-30,Utilities,0.1977
2023-07-03,Utilities,0.22722666666666663
2023-07-05,Utilities,0.10708333333333334
2023-07-06,Utilities,0.1510333333333333
2023-07-07,Utilities,0.2971653333333334
2023-07-10,Utilities,0.14570666666666668
2023-07-11,Utilities,0.13566799999999998
2023-07-12,Utilities,0.18474533333333332
2023-07-13,Utilities,0.04948
2023-07-14,Utilities,0.06525333333333333
2023-07-17,Utilities,0.11890999999999999
2023-07-18,Utilities,0.03515
2023-07-19,Utilities,0.18948
2023-07-20,Utilities,-0.003539999999999999
2023-07-21,Utilities,0.22275999999999999
2023-07-24,Utilities,0.156955
2023-07-25,Utilities,0.209368
2023-07-26,Utilities,0.19590133333333332
2023-07-27,Utilities,0.33886000000000005
2023-07-28,Utilities,0.05200357142857143
2023-07-31,Utilities,0.17497333333333334
2023-08-01,Utilities,0.30707
2023-08-02,Utilities,0.051851999999999995
2023-08-03,Utilities,0.15159999999999998
2023-08-04,Utilities,0.18617666666666666
2023-08-07,Utilities,0.12257566666666667
2023-08-08,Utilities,0.21212499999999998
2023-08-09,Utilities,-0.019803333333333333
2023-08-10,Utilities,0.15806
2023-08-11,Utilities,0.12776
2023-08-14,Utilities,0.12215000000000001
2023-08-15,Utilities,0.1984
2023-08-16,Utilities,0.04218
2023-08-17,Utilities,0.13023
2023-08-18,Utilities,0.2677333333333333
2023-08-21,Utilities,0.10532
2023-08-22,Utilities,-0.07602
2023-08-23,Utilities,0.05464
2023-08-24,Utilities,0.131135
2023-08-25,Utilities,0.08196166666666667
2023-08-28,Utilities,0.17621333333333333
2023-08-29,Utilities,0.024046666666666668
2023-08-30,Utilities,0.247355
2023-08-31,Utilities,0.11127000000000001
2023-09-01,Utilities,0.14444500000000002
2023-09-05,Utilities,0.25931000000000004
2023-09-06,Utilities,0.16976333333333332
2023-09-07,Utilities,0.31291454545454545
2023-09-08,Utilities,0.34632000000000007
2023-09-11,Utilities,0.18077666666666664
2023-09-12,Utilities,-0.12017
2023-09-13,Utilities,0.09796000000000002
2023-09-14,Utilities,0.19257333333333332
2023-09-15,Utilities,0.2904
2023-09-18,Utilities,0.17004000000000002
2023-09-19,Utilities,0.23425333333333334
2023-09-20,Utilities,0.23426
2023-09-21,Utilities,0.06931666666666667
2023-09-22,Utilities,0.01501333333333332
2023-09-25,Utilities,0.011229999999999997
2023-09-26,Utilities,0.1546066666666667
2023-09-27,Utilities,0.24354666666666666
2023-09-28,Utilities,0.12746933333333332
2023-09-29,Utilities,0.042626666666666674
2023-10-02,Utilities,0.47291
2023-10-03,Utilities,0.27253
2023-10-04,Utilities,0.31016
2023-10-05,Utilities,0.15362
2023-10-06,Utilities,0.17760499999999999
2023-10-09,Utilities,0.17972533333333335
2023-10-10,Utilities,-0.015043333333333336
2023-10-11,Utilities,0.19535599999999997
2023-10-12,Utilities,0.043239999999999994
2023-10-13,Utilities,0.05669500000000001
2023-10-16,Utilities,0.4607433333333333
2023-10-17,Utilities,0.11388333333333334
2023-10-18,Utilities,0.16264333333333336
2023-10-19,Utilities,0.0646
2023-10-20,Utilities,0.07574
2023-10-23,Utilities,0.07499
2023-10-24,Utilities,-0.084785
2023-10-25,Utilities,0.071
2023-10-26,Utilities,0.09286333333333333
2023-10-27,Utilities,0.306291
2023-10-30,Utilities,0.18574190476190475
2023-10-31,Utilities,0.04640999999999999
2023-11-01,Utilities,0.06958
2023-11-02,Utilities,0.12102666666666666
2023-11-03,Utilities,0.3015645714285714
2023-11-06,Utilities,0.10741142857142857
2023-11-07,Utilities,0.1711325
2023-11-08,Utilities,0.24189999999999995
2023-11-09,Utilities,0.08683199999999999
2023-11-10,Utilities,0.23007999999999998
2023-11-13,Utilities,0.174335
2023-11-14,Utilities,0.11735333333333334
2023-11-15,Utilities,0.15672000000000003
2023-11-16,Utilities,0.059199999999999996
2023-11-17,Utilities,0.3209683333333333
2023-11-20,Utilities,0.2043333333333333
2023-11-21,Utilities,0.02732
2023-11-22,Utilities,0.07757499999999999
2023-11-24,Utilities,0.17085999999999998
2023-11-27,Utilities,0.13010666666666668
2023-11-28,Utilities,0.104935
2023-11-29,Utilities,0.05464
2023-11-30,Utilities,0.120635
2023-12-01,Utilities,0.22420666666666672
2023-12-04,Utilities,0.15577000000000002
2023-12-05,Utilities,0.255315
2023-12-06,Utilities,0.1044
2023-12-07,Utilities,0.19886666666666666
2023-12-08,Utilities,0.16187500000000002
2023-12-11,Utilities,0.01984
2023-12-12,Utilities,0.14608933333333332
2023-12-13,Utilities,0.11986666666666665
2023-12-14,Utilities,0.15557
2023-12-15,Utilities,0.16000533333333333
2023-12-18,Utilities,0.1242
2023-12-19,Utilities,0.25378
2023-12-20,Utilities,0.0
2023-12-21,Utilities,0.0
2023-12-22,Utilities,0.0
2023-12-26,Utilities,0.0
2023-12-27,Utilities,0.0
2023-12-28,Utilities,0.0
2023-12-29,Utilities,0.0
2020-01-02,market,0.0
2020-01-03,market,0.09856465805860806
2020-01-06,market,0.006354476190476191
2020-01-07,market,0.1041635862150921
2020-01-08,market,0.11053421666666667
2020-01-09,market,0.08230315158730159
2020-01-10,market,0.1434381746031746
2020-01-13,market,0.08590586666666666
2020-01-14,market,0.11828347499999999
2020-01-15,market,0.10578351428571428
2020-01-16,market,0.0665973634920635
2020-01-17,market,0.13508009999999998
2020-01-21,market,0.1273048625707626
2020-01-22,market,0.10510701847041848
2020-01-23,market,0.06796005
2020-01-24,market,0.07605327724867725
2020-01-27,market,0.09990977474865426
2020-01-28,market,0.03544849603174603
2020-01-29,market,0.11323896593406593
2020-01-30,market,0.10642132698412698
2020-01-31,market,0.0643622672993673
2020-02-03,market,0.07751976320346321
2020-02-04,market,0.1243936578738466
2020-02-05,market,0.14009320764790764
2020-02-06,market,0.07098886785714287
2020-02-07,market,0.17371950054945057
2020-02-10,market,0.10456535854978355
2020-02-11,market,0.11349234523809523
2020-02-12,market,0.09106152249172397
2020-02-13,market,0.1283026320261438
2020-02-14,market,0.0817688628342246
2020-02-18,market,0.11260625752688172
2020-02-19,market,0.09956734052287583
2020-02-20,market,0.12159259696969696
2020-02-21,market,0.09708434245199245
2020-02-24,market,0.07566077539682539
2020-02-25,market,0.032096854379933794
2020-02-26,market,0.09980042142857141
2020-02-27,market,0.11358937324929971
2020-02-28,market,0.10241857777777778
2020-03-02,market,0.024608593650793657
2020-03-03,market,0.12366414478021978
2020-03-04,market,0.10654761282051281
2020-03-05,market,0.26468805079365076
2020-03-06,market,0.11027297474192474
2020-03-09,market,0.03203352544122544
2020-03-10,market,0.005079403746545852
2020-03-11,market,0.07467553696750111
2020-03-12,market,0.09951206468253967
2020-03-13,market,-0.03144349922305764
2020-03-16,market,0.08502356393557423
2020-03-17,market,0.018015016538328116
2020-03-18,market,0.11779754682539682
2020-03-19,market,0.012054897366522372
2020-03-20,market,0.018566016666666667
2020-03-23,market,0.05239200285547785
2020-03-24,market,0.09420160790320789
2020-03-25,market,0.2741950957264957
2020-03-26,market,0.2030375642857143
2020-03-27,market,0.21533190533910532
2020-03-30,market,0.23184862524142522
2020-03-31,market,0.1207486215538847
2020-04-01,market,0.03232701190476191
2020-04-02,market,0.02522056825396827
2020-04-03,market,0.035673805494505495
2020-04-06,market,0.04913137698412699
2020-04-07,market,0.20605467856728202
2020-04-08,market,0.2029706323536113
2020-04-09,market,0.16187488252677149
2020-04-13,market,0.14929996666666667
2020-04-14,market,0.05090758900968313
2020-04-15,market,0.21608784184704186
2020-04-16,market,0.03759714150849151
2020-04-17,market,0.14804520747372382
2020-04-20,market,0.15999824657850353
2020-04-21,market,0.06840526436390466
2020-04-22,market,-0.06632656936936937
2020-04-23,market,0.1431181790346908
2020-04-24,market,0.17024401114718615
2020-04-27,market,0.01693203741138684
2020-04-28,market,0.11234042777777778
2020-04-29,market,0.11124020210941106
2020-04-30,market,0.119911894230227
2020-05-01,market,0.06082143731823732
2020-05-04,market,0.04131076354092779
2020-05-05,market,0.12414592882085236
2020-05-06,market,0.1555417153000594
2020-05-07,market,0.0697946532212885
2020-05-08,market,0.12546693333333334
2020-05-11,market,0.13128340894660895
2020-05-12,market,0.11407373231538993
2020-05-13,market,0.045719462020202016
2020-05-14,market,0.0693150265012765
2020-05-15,market,0.1168249648926237
2020-05-18,market,0.10819505168476748
2020-05-19,market,0.13927034919524922
2020-05-20,market,0.17286884560439558
2020-05-21,market,0.06823111821805647
2020-05-22,market,0.10188397676767677
2020-05-26,market,0.013699433333333334
2020-05-27,market,0.15358551785714286
2020-05-28,market,0.13922449105339105
2020-05-29,market,0.10480524444444446
2020-06-01,market,0.09069694761904763
2020-06-02,market,0.10832381517429938
2020-06-03,market,0.14211618412698415
2020-06-04,market,0.13570658488612836
2020-06-05,market,0.1555814380952381
2020-06-08,market,0.11419710952380953
2020-06-09,market,0.20127999033613447
2020-06-10,market,0.08798253679653681
2020-06-11,market,0.11501806106442578
2020-06-12,market,0.0756397030075188
2020-06-15,market,0.0718043
2020-06-16,market,0.09332122871572872
2020-06-17,market,0.11697863888888889
2020-06-18,market,0.01228048333333334
2020-06-19,market,0.0847936761904762
2020-06-22,market,0.05783957142857142
2020-06-23,market,0.0916004634920635
2020-06-24,market,0.10930996666666667
2020-06-25,market,-0.0239964158008658
2020-06-26,market,0.02509046621848739
2020-06-29,market,0.05255839327731093
2020-06-30,market,0.08163899633699634
2020-07-01,market,0.10624840952380951
2020-07-02,market,0.045742543001442995
2020-07-06,market,0.10755764999999999
2020-07-07,market,0.07150870809335592
2020-07-08,market,0.04733267316017316
2020-07-09,market,0.05972862619047618
2020-07-10,market,0.0705646984126984
2020-07-13,market,0.06243937229437228
2020-07-14,market,0.09626196428571429
2020-07-15,market,0.06680864603174604
2020-07-16,market,0.11842118695652173
2020-07-17,market,0.09199870721500722
2020-07-20,market,0.027930420634920634
2020-07-21,market,0.09217688796758797
2020-07-22,market,0.14267952430854172
2020-07-23,market,0.11377603333333335
2020-07-24,market,0.08125309871794872
2020-07-27,market,0.11389954450549451
2020-07-28,market,0.08831988015873016
2020-07-29,market,0.07540890726817043
2020-07-30,market,0.12243790884260666
2020-07-31,market,0.0645586806138306
2020-08-03,market,0.07660459413919414
2020-08-04,market,0.11180054887955185
2020-08-05,market,0.07886769370629369
2020-08-06,market,0.057022993137254896
2020-08-07,market,0.10054721904761905
2020-08-10,market,0.09481193736263735
2020-08-11,market,0.13620896046176045
2020-08-12,market,0.1046595642857143
2020-08-13,market,0.04410815873015873
2020-08-14,market,-0.006844776190476196
2020-08-17,market,0.09716983333333333
2020-08-18,market,0.13138141481481483
2020-08-19,market,0.0716896011904762
2020-08-20,market,0.06422447272727272
2020-08-21,market,0.08228912142857142
2020-08-24,market,0.06566483333333333
2020-08-25,market,0.12311474285714288
2020-08-26,market,0.08221819999999999
2020-08-27,market,0.11223360952380954
2020-08-28,market,0.05039361102756892
2020-08-31,market,0.02211277521367521
2020-09-01,market,0.1262050862745098
2020-09-02,market,0.05770354761904761
2020-09-03,market,0.09221527142857142
2020-09-04,market,0.08709852380952379
2020-09-08,market,0.06808001904761905
2020-09-09,market,0.04059249913419913
2020-09-10,market,0.04599407878787879
2020-09-11,market,0.049692866666666675
2020-09-14,market,0.030862333333333332
2020-09-15,market,0.04977507908902691
2020-09-16,market,0.04476146666666667
2020-09-17,market,0.06562674242424242
2020-09-18,market,0.09929653138528138
2020-09-21,market,0.04383659523809525
2020-09-22,market,0.019996310000000003
2020-09-23,market,0.15919878632478635
2020-09-24,market,0.0485426
2020-09-25,market,0.07747211666666666
2020-09-28,market,0.03185777777777778
2020-09-29,market,0.10885024521687463
2020-09-30,market,0.09487784126984126
2020-10-01,market,0.12190812207792208
2020-10-02,market,0.0831214361111111
2020-10-05,market,0.05459262857142858
2020-10-06,market,0.1356470849206349
2020-10-07,market,0.0675931111111111
2020-10-08,market,0.09875074761904763
2020-10-09,market,0.057213022619047614
2020-10-12,market,0.07843023333333332
2020-10-13,market,0.12712204098124097
2020-10-14,market,-0.007547077151211362
2020-10-15,market,0.12410852298136646
2020-10-16,market,0.15762304242424244
2020-10-19,market,0.12059106517094018
2020-10-20,market,0.1634937248917749
2020-10-21,market,0.099694
2020-10-22,market,0.09242569523809523
2020-10-23,market,0.03988577957393484
2020-10-26,market,0.14342522424242424
2020-10-27,market,0.09072083650793651
2020-10-28,market,0.04962303706959707
2020-10-29,market,0.05793927878787878
2020-10-30,market,0.06752309523809523
2020-11-02,market,0.08234237575757576
2020-11-03,market,0.07200941825396825
2020-11-04,market,0.09470072619047619
2020-11-05,market,0.09424760952380953
2020-11-06,market,0.10018099597069596
2020-11-09,market,0.08743598984593838
2020-11-10,market,0.10300316904761905
2020-11-11,market,0.05655390000000001
2020-11-12,market,0.06301468571428571
2020-11-13,market,0.11941295527805529
2020-11-16,market,0.12312917184265011
2020-11-17,market,0.12782140396825398
2020-11-18,market,0.09105124912280702
2020-11-19,market,0.09231746666666665
2020-11-20,market,0.05656133095238095
2020-11-23,market,0.039332928571428574
2020-11-24,market,0.10639738937728938
2020-11-25,market,0.06828842857142856
2020-11-27,market,0.09998188333333333
2020-11-30,market,0.12679473571428573
2020-12-01,market,0.11471896190476191
2020-12-02,market,0.105572
2020-12-03,market,0.09083196666666667
2020-12-04,market,0.09753589215686273
2020-12-07,market,0.08124066594516595
2020-12-08,market,0.06509376825396826
2020-12-09,market,0.07537661616161617
2020-12-10,market,0.11354329343434344
2020-12-11,market,0.1386633325396825
2020-12-14,market,0.05661410927318296
2020-12-15,market,0.08006572142857143
2020-12-16,market,0.13847335714285716
2020-12-17,market,0.1053271888888889
2020-12-18,market,0.15213132857142855
2020-12-21,market,0.10979571666666668
2020-12-22,market,0.1454469240601504
2020-12-23,market,0.06897846666666667
2020-12-24,market,0.11086454444444446
2020-12-28,market,0.11300284285714284
2020-12-29,market,0.15604162922077922
2020-12-30,market,0.03513315555555557
2020-12-31,market,0.10437281666666667
2021-01-04,market,0.14026082857142858
2021-01-05,market,0.10712682222222221
2021-01-06,market,0.11837909999999999
2021-01-07,market,0.07874684523809523
2021-01-08,market,0.032326057142857134
2021-01-11,market,0.0783916857142857
2021-01-12,market,0.12571438900966184
2021-01-13,market,0.06252627777777778
2021-01-14,market,0.1114406898456616
2021-01-15,market,0.06023689047619048
2021-01-19,market,0.12317515657675657
2021-01-20,market,0.074929160994561
2021-01-21,market,0.055665999439775904
2021-01-22,market,0.008075666666666665
2021-01-25,market,0.05947516666666667
2021-01-26,market,0.12375029560439561
2021-01-27,market,0.1041351474443685
2021-01-28,market,0.11552070973084887
2021-01-29,market,0.11587602142857142
2021-02-01,market,0.07308804444444446
2021-02-02,market,0.1468428067099567
2021-02-03,market,0.12291347004048583
2021-02-04,market,0.08836880555555554
2021-02-05,market,0.09035699264069262
2021-02-08,market,0.05964790000000001
2021-02-09,market,0.10461201190476188
2021-02-10,market,0.058265166666666666
2021-02-11,market,0.047226895238095236
2021-02-12,market,0.061286277777777766
2021-02-16,market,0.10967073333333335
2021-02-17,market,0.10482885930735933
2021-02-18,market,0.0927574085137085
2021-02-19,market,0.12191474761904761
2021-02-22,market,0.1637046
2021-02-23,market,0.11098925238095239
2021-02-24,market,0.11171701587301586
2021-02-25,market,0.04783532857142857
2021-02-26,market,0.08117473571428571
2021-03-01,market,0.048127249999999996
2021-03-02,market,0.10462376904761905
2021-03-03,market,0.05571426666666666
2021-03-04,market,0.06335065627705627
2021-03-05,market,0.08993511363636364
2021-03-08,market,0.07680517380952381
2021-03-09,market,0.11608254444444444
2021-03-10,market,0.01882127142857143
2021-03-11,market,0.1123627080919081
2021-03-12,market,0.09569808571428572
2021-03-15,market,0.112578
2021-03-16,market,0.16571515317460314
2021-03-17,market,0.045705633333333336
2021-03-18,market,0.06743391666666668
2021-03-19,market,0.07229441666666667
2021-03-22,market,0.06606378333333333
2021-03-23,market,0.0636785
2021-03-24,market,0.07014572222222222
2021-03-25,market,0.0697025385026738
2021-03-26,market,0.07246230476190477
2021-03-29,market,0.053025996825396826
2021-03-30,market,0.17907893852813853
2021-03-31,market,0.11672316410256411
2021-04-01,market,0.06460250476190477
2021-04-05,market,0.007666066666666664
2021-04-06,market,0.15704055997335997
2021-04-07,market,0.042066706349206354
2021-04-08,market,0.049340300000000004
2021-04-09,market,0.12547175238095237
2021-04-12,market,0.06950674285714285
2021-04-13,market,0.1322057111111111
2021-04-14,market,0.11179693846153846
2021-04-15,market,0.12838366661779083
2021-04-16,market,0.0817554984126984
2021-04-19,market,0.05822690952380953
2021-04-20,market,0.07499935658263306
2021-04-21,market,0.08477902193362193
2021-04-22,market,0.11257374603174604
2021-04-23,market,0.10294830476190475
2021-04-26,market,0.09680529871794873
2021-04-27,market,0.10320043286647991
2021-04-28,market,0.10594106746031746
2021-04-29,market,0.1347858152540442
2021-04-30,market,0.12064684468864469
2021-05-03,market,0.11551958543956045
2021-05-04,market,0.12511469047619048
2021-05-05,market,0.11089687857142856
2021-05-06,market,0.12319775
2021-05-07,market,0.08532179999999999
2021-05-10,market,0.04517821904761905
2021-05-11,market,0.1007285142857143
2021-05-12,market,0.04804878333333333
2021-05-13,market,0.1344535238095238
2021-05-14,market,0.0473904
2021-05-17,market,0.0491161268115942
2021-05-18,market,0.10387227382369953
2021-05-19,market,0.05988586666666666
2021-05-20,market,0.02011547619047619
2021-05-21,market,0.10648063333333332
2021-05-24,market,0.13325945238095238
2021-05-25,market,0.12656844444444443
2021-05-26,market,0.12693495555555556
2021-05-27,market,0.10523840367965369
2021-05-28,market,0.12595323333333333
2021-06-01,market,0.14645806666666666
2021-06-02,market,0.13226468363858362
2021-06-03,market,0.13097115714285718
2021-06-04,market,0.12291816666666663
2021-06-07,market,0.10650506666666666
2021-06-08,market,0.10047148174603174
2021-06-09,market,0.11924063333333332
2021-06-10,market,0.06560261515151515
2021-06-11,market,0.09568664047619047
2021-06-14,market,0.08010616666666667
2021-06-15,market,0.10979424126984128
2021-06-16,market,0.08564566666666665
2021-06-17,market,0.10464499523809523
2021-06-18,market,0.08320264444444445
2021-06-21,market,0.09285108333333333
2021-06-22,market,0.09766471507936507
2021-06-23,market,0.0125056
2021-06-24,market,0.09570029999999999
2021-06-25,market,0.09976597619047618
2021-06-28,market,0.08382419523809523
2021-06-29,market,0.09540252380952381
2021-06-30,market,0.13734890952380954
2021-07-01,market,0.06700559422799422
2021-07-02,market,0.10680110606060608
2021-07-06,market,0.1619681666666667
2021-07-07,market,0.05326464999999999
2021-07-08,market,0.11514194047619049
2021-07-09,market,0.08070459444444443
2021-07-12,market,0.08195648571428571
2021-07-13,market,0.11110349206349206
2021-07-14,market,0.05843532264957265
2021-07-15,market,0.07067942820512821
2021-07-16,market,0.020832082539682537
2021-07-19,market,0.0956268608058608
2021-07-20,market,0.03920660606060606
2021-07-21,market,0.10296178484848484
2021-07-22,market,0.09111683928571429
2021-07-23,market,0.08413024761904761
2021-07-26,market,0.08252615555555556
2021-07-27,market,0.08817095476190477
2021-07-28,market,0.05243882914862915
2021-07-29,market,0.0953914142857143
2021-07-30,market,0.1382046595238095
2021-08-02,market,0.05634828831168831
2021-08-03,market,0.10834522243867242
2021-08-04,market,0.1146027261904762
2021-08-05,market,0.041563833333333335
2021-08-06,market,0.09116559047619048
2021-08-09,market,0.0625067
2021-08-10,market,0.09103850757575757
2021-08-11,market,0.0738861380952381
2021-08-12,market,0.03778137777777778
2021-08-13,market,0.13083897023809524
2021-08-16,market,0.08756093859649124
2021-08-17,market,0.07892978370927319
2021-08-18,market,0.0667450984126984
2021-08-19,market,0.14527981666666664
2021-08-20,market,0.05879387619047618
2021-08-23,market,0.02434833333333333
2021-08-24,market,0.08619400974025973
2021-08-25,market,0.07351660317460317
2021-08-26,market,0.04930861111111111
2021-08-27,market,0.05988515
2021-08-30,market,0.09925701515151515
2021-08-31,market,0.12883519761904763
2021-09-01,market,0.044346395238095235
2021-09-02,market,0.06009909047619048
2021-09-03,market,0.0923013205128205
2021-09-07,market,0.08234127619047618
2021-09-08,market,0.1476469023809524
2021-09-09,market,0.07398713636363637
2021-09-10,market,0.047568204761904764
2021-09-13,market,0.016463899999999997
2021-09-14,market,0.12214158823953825
2021-09-15,market,0.10678169999999998
2021-09-16,market,0.1038878
2021-09-17,market,0.07642126666666667
2021-09-20,market,0.06278952857142858
2021-09-21,market,0.11099766190476193
2021-09-22,market,0.06192804126984127
2021-09-23,market,0.07812247857142857
2021-09-24,market,0.1059580380952381
2021-09-27,market,0.0387633380952381
2021-09-28,market,0.1466416873015873
2021-09-29,market,0.09564382857142856
2021-09-30,market,0.06961516666666667
2021-10-01,market,0.08459037142857143
2021-10-04,market,0.03798449365079365
2021-10-05,market,0.08927670142857143
2021-10-06,market,0.05055275714285715
2021-10-07,market,0.06347754206349207
2021-10-08,market,0.07552292380952381
2021-10-11,market,0.07960995476190477
2021-10-12,market,0.15067396053946053
2021-10-13,market,0.08281305158730158
2021-10-14,market,0.05718374444444444
2021-10-15,market,0.08753043095238094
2021-10-18,market,0.17272055079365078
2021-10-19,market,0.09728137900432901
2021-10-20,market,0.06722216666666667
2021-10-21,market,0.0838915
2021-10-22,market,0.0723967238095238
2021-10-25,market,0.10871262857142858
2021-10-26,market,0.08757234444444445
2021-10-27,market,0.09762620952380953
2021-10-28,market,0.08303816904761906
2021-10-29,market,0.08878556934731935
2021-11-01,market,0.10766039327731092
2021-11-02,market,0.12172918333333335
2021-11-03,market,0.0722783116161616
2021-11-04,market,0.09539135952380953
2021-11-05,market,0.11370636425153793
2021-11-08,market,0.1297238888888889
2021-11-09,market,0.047952017948717965
2021-11-10,market,0.07135720833333332
2021-11-11,market,-0.017334643162393158
2021-11-12,market,0.10546569636363634
2021-11-15,market,0.08607926190476192
2021-11-16,market,0.1348421328320802
2021-11-17,market,0.0820721800865801
2021-11-18,market,0.08282251273772669
2021-11-19,market,0.09142412151067324
2021-11-22,market,0.07518606365914787
2021-11-23,market,0.13526048398268398
2021-11-24,market,0.10987468333333332
2021-11-26,market,0.03592649999999999
2021-11-29,market,0.006635933333333341
2021-11-30,market,0.02417601058941059
2021-12-01,market,0.08100743044733046
2021-12-02,market,0.025754700000000002
2021-12-03,market,0.038971993001443
2021-12-06,market,0.08741196785714286
2021-12-07,market,0.10886250894660894
2021-12-08,market,0.08267543149824032
2021-12-09,market,0.05249319047619048
2021-12-10,market,0.09367587878787878
2021-12-13,market,0.08105843333333335
2021-12-14,market,0.09334954437229438
2021-12-15,market,0.11032716666666667
2021-12-16,market,0.11332275555555557
2021-12-17,market,0.07875842499999999
2021-12-20,market,0.05205978095238094
2021-12-21,market,0.06296929403537639
2021-12-22,market,0.13695027439431912
2021-12-23,market,0.12632041666666666
2021-12-27,market,0.09474141764705883
2021-12-28,market,0.12003071666666665
2021-12-29,market,0.07548702878787879
2021-12-30,market,0.08384051666666667
2021-12-31,market,0.13065705952380952
2022-01-03,market,0.09305444761904762
2022-01-04,market,0.11481220677655679
2022-01-05,market,0.09492556372549019
2022-01-06,market,0.09660692424242423
2022-01-07,market,0.12604990476190475
2022-01-10,market,0.07900396666666668
2022-01-11,market,0.17370638452380951
2022-01-12,market,0.07330093333333332
2022-01-13,market,0.1145752303030303
2022-01-14,market,0.14981637777777776
2022-01-18,market,0.12824167295482297
2022-01-19,market,0.11755715166887763
2022-01-20,market,0.1457513476729153
2022-01-21,market,0.1746242985569986
2022-01-24,market,0.11790381153552332
2022-01-25,market,0.12453384196914197
2022-01-26,market,0.11409910629533863
2022-01-27,market,0.12754029561513253
2022-01-28,market,0.1895058568931069
2022-01-31,market,0.09820178922466424
2022-02-01,market,0.16289481428571426
2022-02-02,market,0.09309012721240113
2022-02-03,market,0.12817839433084646
2022-02-04,market,0.15370856666666666
2022-02-07,market,0.07837432857142858
2022-02-08,market,0.14739492784992786
2022-02-09,market,0.14621080187590185
2022-02-10,market,0.16646470000000002
2022-02-11,market,0.12088183923395446
2022-02-14,market,0.08480263888888888
2022-02-15,market,0.12056639743589743
2022-02-16,market,0.1282417299719888
2022-02-17,market,0.11704294164332399
2022-02-18,market,0.09299182562770562
2022-02-22,market,0.04135064047619048
2022-02-23,market,0.1050875869047619
2022-02-24,market,0.040616805555555566
2022-02-25,market,0.0786389007936508
2022-02-28,market,0.06463752967032968
2022-03-01,market,0.09756815505050506
2022-03-02,market,0.08988779987468672
2022-03-03,market,0.1003258523809524
2022-03-04,market,0.09071011197136196
2022-03-07,market,0.10213267857142858
2022-03-08,market,0.09140737747252747
2022-03-09,market,0.06325314834054833
2022-03-10,market,0.08130288095238095
2022-03-11,market,0.07734492967032966
2022-03-14,market,0.10656824047619047
2022-03-15,market,0.15835269682539682
2022-03-16,market,0.11361546659451657
2022-03-17,market,0.1015763155844156
2022-03-18,market,0.05408107135642136
2022-03-21,market,0.10674186666666667
2022-03-22,market,0.12787093246753245
2022-03-23,market,0.045129167532467526
2022-03-24,market,0.08692326287878788
2022-03-25,market,0.06215392547452547
2022-03-28,market,0.13028164166666664
2022-03-29,market,0.1245040253968254
2022-03-30,market,0.05684990151515153
2022-03-31,market,0.17121799365079365
2022-04-01,market,0.10855043492063492
2022-04-04,market,0.1192866577089577
2022-04-05,market,0.09362377872367571
2022-04-06,market,0.07675281520146521
2022-04-07,market,0.11020667142857143
2022-04-08,market,0.09178090555555556
2022-04-11,market,0.14088870980392157
2022-04-12,market,0.13417092035954242
2022-04-13,market,0.1505724948051948
2022-04-14,market,0.11472387777777777
2022-04-18,market,0.11266227238095239
2022-04-19,market,0.13264086637806638
2022-04-20,market,0.1133118507936508
2022-04-21,market,0.09859535
2022-04-22,market,0.11981780622389304
2022-04-25,market,0.09805476666666667
2022-04-26,market,0.1830609764213564
2022-04-27,market,0.11832736681096681
2022-04-28,market,0.0875843911976912
2022-04-29,market,0.12934211417748917
2022-05-02,market,0.10791421851851853
2022-05-03,market,0.11708591635031636
2022-05-04,market,0.13704410317460317
2022-05-05,market,0.05978850324096193
2022-05-06,market,0.13795255396825395
2022-05-09,market,0.0734647738095238
2022-05-10,market,0.07624605614940616
2022-05-11,market,0.12622897747252745
2022-05-12,market,0.07114050952380954
2022-05-13,market,0.09229595546218486
2022-05-16,market,0.09537996580086579
2022-05-17,market,0.07471918812576313
2022-05-18,market,0.11531063159487571
2022-05-19,market,0.07242979358974358
2022-05-20,market,0.13223589848484849
2022-05-23,market,0.132068737405107
2022-05-24,market,0.12316991539718862
2022-05-25,market,0.17224644444444442
2022-05-26,market,0.1073010911976912
2022-05-27,market,0.14335830927318297
2022-05-31,market,0.09191391111111112
2022-06-01,market,0.19681120360195364
2022-06-02,market,0.12931973968253968
2022-06-03,market,0.0908780238095238
2022-06-06,market,0.08789971904761905
2022-06-07,market,0.10042104468864468
2022-06-08,market,0.13254853452380952
2022-06-09,market,0.12292072420634918
2022-06-10,market,0.07252138095238095
2022-06-13,market,0.059789545454545456
2022-06-14,market,0.12962202792207791
2022-06-15,market,0.10904078333333334
2022-06-16,market,0.09097505454545454
2022-06-17,market,0.08244000202020202
2022-06-21,market,0.15357679999999999
2022-06-22,market,0.12926159448557978
2022-06-23,market,0.11985970995670996
2022-06-24,market,0.12372398055555558
2022-06-27,market,0.052747883333333336
2022-06-28,market,0.15029953291316528
2022-06-29,market,0.12667762678018576
2022-06-30,market,0.12339073781773782
2022-07-01,market,0.11998631654456655
2022-07-05,market,0.11649353516483515
2022-07-06,market,0.1406070394078144
2022-07-07,market,0.11244821904761904
2022-07-08,market,0.08692442063492063
2022-07-11,market,0.10595029999999998
2022-07-12,market,0.138953378021978
2022-07-13,market,0.08510788160173162
2022-07-14,market,0.10372184615384616
2022-07-15,market,0.09223417857142856
2022-07-18,market,0.04339995086580086
2022-07-19,market,0.16753151120448176
2022-07-20,market,0.14218758095238096
2022-07-21,market,0.11797126601731603
2022-07-22,market,0.10502695714285715
2022-07-25,market,0.16475790216450217
2022-07-26,market,0.12096637858154917
2022-07-27,market,0.08173083281918565
2022-07-28,market,0.1401451966810967
2022-07-29,market,0.1330524662337662
2022-08-01,market,0.16899629226592122
2022-08-02,market,0.1440240424963925
2022-08-03,market,0.08200212026862026
2022-08-04,market,0.1274104775146422
2022-08-05,market,0.11856893809523812
2022-08-08,market,0.15740156666666666
2022-08-09,market,0.09726365925925926
2022-08-10,market,0.09478949352869354
2022-08-11,market,0.1491731873015873
2022-08-12,market,0.07742801188071188
2022-08-15,market,0.12778072857142858
2022-08-16,market,0.11787787388167388
2022-08-17,market,0.10064869285714284
2022-08-18,market,0.10508542753623189
2022-08-19,market,0.0768754
2022-08-22,market,0.05748759999999999
2022-08-23,market,0.1882294777777778
2022-08-24,market,0.15197458730158728
2022-08-25,market,0.09135428123249299
2022-08-26,market,0.09520796666666667
2022-08-29,market,0.07128909047619046
2022-08-30,market,0.13869957936507937
2022-08-31,market,0.05894910238095238
2022-09-01,market,0.09163372272727273
2022-09-02,market,0.12485369845938377
2022-09-06,market,0.10203617619047618
2022-09-07,market,0.1613705101449275
2022-09-08,market,0.10664739047619047
2022-09-09,market,0.17126598095238094
2022-09-12,market,0.1450521833333333
2022-09-13,market,0.12184495000000002
2022-09-14,market,0.10930389999999998
2022-09-15,market,0.11891438333333333
2022-09-16,market,0.11592199185645273
2022-09-19,market,0.18523787058823532
2022-09-20,market,0.10208405800865801
2022-09-21,market,0.0750336476190476
2022-09-22,market,0.09017154358974358
2022-09-23,market,0.09420891904761905
2022-09-26,market,0.06223025952380952
2022-09-27,market,0.1453765238095238
2022-09-28,market,0.09938005555555554
2022-09-29,market,0.07055569076479076
2022-09-30,market,0.09544993787878789
2022-10-03,market,0.09380165800865801
2022-10-04,market,0.16471405293040292
2022-10-05,market,0.12707100432900434
2022-10-06,market,0.15752606111111112
2022-10-07,market,0.04735941746031746
2022-10-10,market,0.1204234761221235
2022-10-11,market,0.1735782632034632
2022-10-12,market,0.06147328333333333
2022-10-13,market,0.09697331575091575
2022-10-14,market,0.010636790476190481
2022-10-17,market,0.0930424246162633
2022-10-18,market,0.08304992976190476
2022-10-19,market,0.09242826018062397
2022-10-20,market,0.05314599047619047
2022-10-21,market,0.13258617777777776
2022-10-24,market,0.12323613968253969
2022-10-25,market,0.12660344444444444
2022-10-26,market,0.1105684200854701
2022-10-27,market,0.09700248636363636
2022-10-28,market,0.12773687287157284
2022-10-31,market,0.09054224632034633
2022-11-01,market,0.18716421666666666
2022-11-02,market,0.13574537727272726
2022-11-03,market,0.11689759047619049
2022-11-04,market,0.08266030476190475
2022-11-07,market,0.08325636750700278
2022-11-08,market,0.04234644523809524
2022-11-09,market,0.08934025805860805
2022-11-10,market,0.058134200000000004
2022-11-11,market,0.09166653894993895
2022-11-14,market,0.1580518380952381
2022-11-15,market,0.16565078920164802
2022-11-16,market,0.11354551269841269
2022-11-17,market,0.11865240555555556
2022-11-18,market,0.09218096666666666
2022-11-21,market,0.07602253333333334
2022-11-22,market,0.16626754126984128
2022-11-23,market,0.043990723809523805
2022-11-25,market,0.1344260507936508
2022-11-28,market,0.13092101904761905
2022-11-29,market,0.10737319478021976
2022-11-30,market,0.10336147474747473
2022-12-01,market,0.14147334761904762
2022-12-02,market,0.1382076976190476
2022-12-05,market,0.11531992099567098
2022-12-06,market,0.11831312936507936
2022-12-07,market,0.05446620909090909
2022-12-08,market,0.09751440793650794
2022-12-09,market,0.09087114358974359
2022-12-12,market,0.1215139642857143
2022-12-13,market,0.10893271269841272
2022-12-14,market,0.10392815714285715
2022-12-15,market,0.07013633333333333
2022-12-16,market,0.1155672976190476
2022-12-19,market,0.049937108333333334
2022-12-20,market,0.0978208967032967
2022-12-21,market,0.19291536183261182
2022-12-22,market,0.10301537186147187
2022-12-23,market,0.07860167063492064
2022-12-27,market,0.07016075
2022-12-28,market,0.15990794708624706
2022-12-29,market,0.09651984285714285
2022-12-30,market,0.09040375079365079
2023-01-03,market,0.08290943333333332
2023-01-04,market,0.14940249494361849
2023-01-05,market,0.12109513809523809
2023-01-06,market,0.16070847777777778
2023-01-09,market,0.11357413095238093
2023-01-10,market,0.1443792492063492
2023-01-11,market,0.12125406190476191
2023-01-12,market,0.12319615873015874
2023-01-13,market,0.08252535641025642
2023-01-17,market,0.12930634878454877
2023-01-18,market,0.1770427394447232
2023-01-19,market,0.13721194603174602
2023-01-20,market,0.06548550238095238
2023-01-23,market,0.06740894194139194
2023-01-24,market,0.15612249226475278
2023-01-25,market,0.13535575324675325
2023-01-26,market,0.07007192138188609
2023-01-27,market,0.1378391180874681
2023-01-30,market,0.11510434163059162
2023-01-31,market,0.12228363882228883
2023-02-01,market,0.08312227778626602
2023-02-02,market,0.05462373619457073
2023-02-03,market,0.16325425714285716
2023-02-06,market,0.09532036904761904
2023-02-07,market,0.09265808492063492
2023-02-08,market,0.11234026428571431
2023-02-09,market,0.07945421861471862
2023-02-10,market,0.11845974261083744
2023-02-13,market,0.10790051666666667
2023-02-14,market,0.187775187290977
2023-02-15,market,0.1154285393939394
2023-02-16,market,0.06517994047619047
2023-02-17,market,0.11021589747474747
2023-02-21,market,0.12040433766233767
2023-02-22,market,0.11135023929773931
2023-02-23,market,0.12141527619047618
2023-02-24,market,0.08254401541811847
2023-02-27,market,0.07504068333333333
2023-02-28,market,0.11832773571428574
2023-03-01,market,0.13196353578643577
2023-03-02,market,0.09018631666666668
2023-03-03,market,0.1553625183982684
2023-03-06,market,0.05662688888888888
2023-03-07,market,0.08268709713064712
2023-03-08,market,0.12772735555555556
2023-03-09,market,0.11344678412698413
2023-03-10,market,0.10885768484848486
2023-03-13,market,0.13449102857142856
2023-03-14,market,0.0940322489177489
2023-03-15,market,0.1069938904761905
2023-03-16,market,0.11241266031746033
2023-03-17,market,0.08777240014430014
2023-03-20,market,0.0663285869047619
2023-03-21,market,0.13218356984126983
2023-03-22,market,0.15535588095238095
2023-03-23,market,0.09105557105263158
2023-03-24,market,0.11159850476190476
2023-03-27,market,0.081740741991342
2023-03-28,market,0.12266533968253968
2023-03-29,market,0.1744733888888889
2023-03-30,market,0.09538348333333332
2023-03-31,market,0.17564598058608058
2023-04-03,market,0.11593886428571429
2023-04-04,market,0.10127090901512281
2023-04-05,market,0.12070210865800865
2023-04-06,market,0.07087232046024151
2023-04-10,market,0.18418797264957262
2023-04-11,market,0.13104935998387576
2023-04-12,market,0.07345096031746032
2023-04-13,market,0.10820923333333335
2023-04-14,market,0.049820017940685045
2023-04-17,market,0.11843142236652238
2023-04-18,market,0.09620428621848738
2023-04-19,market,0.11093775014430016
2023-04-20,market,0.149844118767507
2023-04-21,market,0.11031290915750916
2023-04-24,market,0.13332053270063268
2023-04-25,market,0.12817187449217451
2023-04-26,market,0.11716210615495617
2023-04-27,market,0.12371041432178931
2023-04-28,market,0.1271121884920635
2023-05-01,market,0.13523215758273985
2023-05-02,market,0.06958788182957393
2023-05-03,market,0.08742155238095238
2023-05-04,market,0.08136569495994202
2023-05-05,market,0.08159313095238094
2023-05-08,market,0.12011014285714287
2023-05-09,market,0.12304543249299718
2023-05-10,market,0.09303383040293041
2023-05-11,market,0.10066695482295482
2023-05-12,market,0.16644641623376624
2023-05-15,market,0.08570992727272728
2023-05-16,market,0.11723804187479188
2023-05-17,market,0.07540570887445888
2023-05-18,market,0.056736577777777776
2023-05-19,market,0.08774961249999999
2023-05-22,market,0.10435859087481145
2023-05-23,market,0.09297562148407149
2023-05-24,market,0.0878855619047619
2023-05-25,market,0.05790619682539683
2023-05-26,market,0.09542560598290598
2023-05-30,market,0.11358668726287262
2023-05-31,market,0.12123224738550924
2023-06-01,market,0.11554553232998885
2023-06-02,market,0.11469415112125111
2023-06-05,market,0.0644498084082584
2023-06-06,market,0.09020615883560883
2023-06-07,market,0.12041266984126983
2023-06-08,market,0.15804586666666665
2023-06-09,market,0.10127654357864357
2023-06-12,market,0.09372975759854181
2023-06-13,market,0.11451148333333336
2023-06-14,market,0.10787926987522282
2023-06-15,market,0.1401284608997985
2023-06-16,market,0.10411656287529673
2023-06-20,market,0.12409088416149068
2023-06-21,market,0.07593929637561021
2023-06-22,market,0.07870209365079366
2023-06-23,market,0.11011996681096681
2023-06-26,market,0.0704377349206349
2023-06-27,market,0.12762117236652237
2023-06-28,market,0.16358292222222223
2023-06-29,market,0.07114734172895493
2023-06-30,market,0.10986268876956376
2023-07-03,market,0.06415717785064397
2023-07-05,market,0.152791924963925
2023-07-06,market,0.1760115637973138
2023-07-07,market,0.13073431813741815
2023-07-10,market,0.05913639761904762
2023-07-11,market,0.09852040037973722
2023-07-12,market,0.09163876776556776
2023-07-13,market,0.12245407147667146
2023-07-14,market,0.10554384072039072
2023-07-17,market,0.0791409879907674
2023-07-18,market,0.0855947181344971
2023-07-19,market,0.1339999513457557
2023-07-20,market,0.11400716449579831
2023-07-21,market,0.10221256083361083
2023-07-24,market,0.06545230235585671
2023-07-25,market,0.158587083982684
2023-07-26,market,0.08104525266614812
2023-07-27,market,0.11004327638326586
2023-07-28,market,0.12862384258111498
2023-07-31,market,0.1531704913396128
2023-08-01,market,0.15784031154479577
2023-08-02,market,0.1883251286899375
2023-08-03,market,0.09139697936304957
2023-08-04,market,0.10524171202501202
2023-08-07,market,0.06971098333333334
2023-08-08,market,0.07361558095238095
2023-08-09,market,0.07695082579365078
2023-08-10,market,0.10901507443609024
2023-08-11,market,0.13404825770308124
2023-08-14,market,0.12333238058608058
2023-08-15,market,0.14216648115218114
2023-08-16,market,0.06630764577644578
2023-08-17,market,0.09729580797894917
2023-08-18,market,0.11809917862507861
2023-08-21,market,0.1017083119047619
2023-08-22,market,0.08545660683655423
2023-08-23,market,0.055175435714285716
2023-08-24,market,0.12300977983405484
2023-08-25,market,0.08802120605224084
2023-08-28,market,0.08271238581560283
2023-08-29,market,0.13773793161901554
2023-08-30,market,0.10084248517316016
2023-08-31,market,0.1093601065359477
2023-09-01,market,0.1538502238095238
2023-09-05,market,0.18853347619047622
2023-09-06,market,0.13979448556221558
2023-09-07,market,0.19222680406926407
2023-09-08,market,0.12302537400793652
2023-09-11,market,0.14288057404262405
2023-09-12,market,0.13381604287306897
2023-09-13,market,0.06833863476190476
2023-09-14,market,0.1147695880952381
2023-09-15,market,0.12440574125781625
2023-09-18,market,0.08774341401689707
2023-09-19,market,0.13573144109568594
2023-09-20,market,0.10926943131868132
2023-09-21,market,0.06608401010101012
2023-09-22,market,0.11417631011904761
2023-09-25,market,0.08282789444444444
2023-09-26,market,0.08630767075702075
2023-09-27,market,0.1378124
2023-09-28,market,0.12006396571428572
2023-09-29,market,0.12693481587301586
2023-10-02,market,0.19266720968329915
2023-10-03,market,0.22618946801531803
2023-10-04,market,0.2237364501221001
2023-10-05,market,0.12033549416583418
2023-10-06,market,0.14405211611721613
2023-10-09,market,0.12163583739593739
2023-10-10,market,0.09954355069141385
2023-10-11,market,0.11679589108669108
2023-10-12,market,0.10433258368780976
2023-10-13,market,0.15046923370851367
2023-10-16,market,0.12543975883430297
2023-10-17,market,0.12523706015873015
2023-10-18,market,0.10243787890284237
2023-10-19,market,0.06457476212196989
2023-10-20,market,0.14337003706293705
2023-10-23,market,0.09244788623980901
2023-10-24,market,0.09039437004060755
2023-10-25,market,0.17038457985275593
2023-10-26,market,0.13011989937723095
2023-10-27,market,0.1754962605688429
2023-10-30,market,0.09698464927601134
2023-10-31,market,0.14332413092463092
2023-11-01,market,0.11596027629843109
2023-11-02,market,0.13099918806073152
2023-11-03,market,0.1811740765596495
2023-11-06,market,0.13061397619047618
2023-11-07,market,0.1417240224386724
2023-11-08,market,0.1783111373737374
2023-11-09,market,0.06662295
2023-11-10,market,0.1759246775309486
2023-11-13,market,0.10416831600790515
2023-11-14,market,0.1291115792197336
2023-11-15,market,0.15027275911578844
2023-11-16,market,0.12839156887556885
2023-11-17,market,0.07017100238095238
2023-11-20,market,0.12388529619047617
2023-11-21,market,0.10945137765189891
2023-11-22,market,0.09144662508354218
2023-11-24,market,0.08510543502249386
2023-11-27,market,0.07815949345839347
2023-11-28,market,0.10651525005745888
2023-11-29,market,0.09188426666666667
2023-11-30,market,0.10486229285714285
2023-12-01,market,0.12793872619047617
2023-12-04,market,0.07373355406162466
2023-12-05,market,0.11970103789152024
2023-12-06,market,0.08553325414781296
2023-12-07,market,0.12560181593406594
2023-12-08,market,0.0901291551082251
2023-12-11,market,0.07792102384443512
2023-12-12,market,0.1244736865090605
2023-12-13,market,0.1128757965201465
2023-12-14,market,0.17777959056956116
2023-12-15,market,0.09880174166666666
2023-12-18,market,0.07354222346542347
2023-12-19,market,0.1573299949241235
2023-12-20,market,0.0037713333333333336
2023-12-21,market,-0.0013716000000000002
2023-12-22,market,0.00314725
2023-12-26,market,0.0033412
2023-12-27,market,0.0038876
2023-12-28,market,0.0032965
2023-12-29,market,0.001626
